# Blender 5.0.0
# www.blender.org
mtllib cartoon_ship.mtl
o Cube.003_0
v -1.248545 0.377475 -0.223235
v -1.250055 0.378616 -0.224810
v -1.249363 0.377943 -0.224039
v -1.250970 0.380471 -0.226144
v -1.250601 0.379468 -0.225523
v -1.251153 0.382758 -0.227035
v -1.251161 0.381580 -0.226657
v -1.250576 0.385131 -0.227348
v -1.250958 0.383955 -0.227269
v -1.249322 0.387226 -0.227032
v -1.250023 0.386236 -0.227267
v -1.247586 0.388729 -0.226137
v -1.248501 0.388070 -0.226652
v -1.245632 0.389406 -0.224801
v -1.246620 0.389180 -0.225515
v -1.243758 0.389154 -0.223226
v -1.244669 0.389395 -0.224030
v -1.242247 0.388016 -0.221651
v -1.242941 0.388686 -0.222421
v -1.241329 0.386160 -0.220314
v -1.241703 0.387161 -0.220938
v -1.241147 0.383870 -0.219423
v -1.241143 0.385049 -0.219803
v -1.241727 0.381498 -0.219112
v -1.241346 0.382674 -0.219191
v -1.242979 0.379402 -0.219426
v -1.242281 0.380393 -0.219193
v -1.244714 0.377902 -0.220320
v -1.243803 0.378559 -0.219808
v -1.246670 0.377226 -0.221659
v -1.245683 0.377449 -0.220946
v -1.247635 0.377233 -0.222430
v -0.319947 0.221418 -0.542565
v -0.293051 0.210375 -0.517530
v -0.307215 0.214148 -0.530048
v -0.262628 0.213759 -0.494386
v -0.277994 0.210242 -0.505486
v -0.233319 0.231058 -0.476664
v -0.247544 0.220785 -0.484654
v -0.209581 0.259632 -0.467056
v -0.220499 0.244174 -0.470720
v -0.195029 0.295137 -0.467028
v -0.200981 0.276839 -0.465810
v -0.191880 0.332165 -0.476585
v -0.191955 0.313817 -0.470666
v -0.200608 0.365081 -0.494268
v -0.194801 0.349473 -0.484554
v -0.219892 0.388874 -0.517391
v -0.209081 0.378382 -0.505356
v -0.246789 0.399917 -0.542426
v -0.232624 0.396143 -0.529907
v -0.277211 0.396533 -0.565570
v -0.261847 0.400046 -0.554470
v -0.306521 0.379234 -0.583292
v -0.292297 0.389503 -0.575302
v -0.330259 0.350660 -0.592900
v -0.319341 0.366118 -0.589236
v -0.344811 0.315154 -0.592927
v -0.338860 0.333449 -0.594146
v -0.347960 0.278127 -0.583371
v -0.347884 0.296475 -0.589290
v -0.339231 0.245211 -0.565688
v -0.345040 0.260815 -0.575402
v -0.330760 0.231906 -0.554600
v -0.509774 -0.241739 -0.542924
v -0.482878 -0.252782 -0.517889
v -0.497042 -0.249009 -0.530408
v -0.452455 -0.249398 -0.494745
v -0.467821 -0.252916 -0.505845
v -0.423146 -0.232100 -0.477023
v -0.437371 -0.242372 -0.485013
v -0.399408 -0.203525 -0.467415
v -0.410326 -0.218984 -0.471079
v -0.384856 -0.168020 -0.467388
v -0.390808 -0.186318 -0.466169
v -0.381707 -0.130992 -0.476945
v -0.381782 -0.149341 -0.471025
v -0.390435 -0.098076 -0.494628
v -0.384628 -0.113684 -0.484913
v -0.409719 -0.074284 -0.517750
v -0.398908 -0.084776 -0.505715
v -0.436616 -0.063240 -0.542785
v -0.422451 -0.067014 -0.530267
v -0.467038 -0.066625 -0.565929
v -0.451674 -0.063111 -0.554829
v -0.496348 -0.083923 -0.583651
v -0.482124 -0.073655 -0.575661
v -0.520086 -0.112498 -0.593259
v -0.509168 -0.097039 -0.589595
v -0.534638 -0.148003 -0.593287
v -0.528687 -0.129708 -0.594506
v -0.537787 -0.185031 -0.583730
v -0.537711 -0.166682 -0.589649
v -0.529058 -0.217947 -0.566047
v -0.534867 -0.202343 -0.575761
v -0.520585 -0.231247 -0.554959
v -0.690213 -0.259292 -0.003315
v -0.209824 -0.456095 -0.114438
v -0.462232 -0.352895 0.208888
v -0.278007 -0.427835 -0.520516
v -0.076385 -0.510616 -0.332847
v -0.238139 -0.444468 -0.142365
v -0.777597 -0.223846 0.472317
v -0.833667 -0.200825 0.420127
v -0.676885 -0.265132 0.483849
v -0.714053 -0.249936 0.531464
v -0.517462 -0.330314 0.279633
v -0.576964 -0.305883 0.222449
v -0.720309 -0.247300 0.439270
v -0.896408 0.153058 0.324861
v -0.818385 0.121024 0.397484
v -0.723255 0.082252 0.116676
v -0.955963 0.007752 0.324748
v -0.782809 -0.063054 0.116563
v -0.877940 -0.024282 0.397371
v -0.576964 -0.305883 0.222449
v -0.455017 -0.345903 0.336270
v -0.573438 -0.297280 0.222456
v -0.517462 -0.330314 0.279633
v -0.458543 -0.354506 0.336264
v 0.005925 -0.538501 -0.243901
v -0.077351 -0.504310 -0.321413
v -0.054919 -0.519430 -0.312867
v 0.010374 -0.546238 -0.252093
v -0.147966 -0.481495 -0.053422
v -0.225673 -0.443656 -0.146746
v -0.139268 -0.479135 -0.061725
v -0.081865 -0.502474 -0.303217
v -0.077677 -0.516160 -0.281613
v -0.088530 -0.511704 -0.291715
v -0.004323 -0.534311 -0.231042
v -0.014836 -0.541961 -0.223122
v -0.621495 -0.287878 0.540722
v -0.716783 -0.238697 0.439277
v -0.617969 -0.279275 0.540728
v -0.676885 -0.265132 0.483849
v -0.720309 -0.247300 0.439270
v -0.575936 -0.296274 0.245805
v -0.535182 -0.326888 0.303661
v -0.581806 -0.307744 0.259017
v -0.466529 -0.341196 0.350715
v -0.477740 -0.350474 0.358666
v -0.032957 -0.528169 -0.651046
v 0.107223 -0.585723 -0.520567
v 0.335095 -0.272731 1.250806
v 0.333586 -0.271589 1.249231
v 0.334278 -0.272262 1.250002
v 0.332667 -0.269733 1.247894
v 0.333040 -0.270738 1.248518
v 0.332484 -0.267446 1.247003
v 0.332479 -0.268626 1.247384
v 0.333064 -0.265074 1.246692
v 0.332683 -0.266250 1.246772
v 0.334315 -0.262978 1.247007
v 0.333618 -0.263969 1.246773
v 0.336052 -0.261475 1.247901
v 0.335140 -0.262135 1.247389
v 0.338008 -0.260799 1.249239
v 0.337020 -0.261025 1.248526
v 0.339882 -0.261051 1.250815
v 0.338971 -0.260810 1.250011
v 0.341393 -0.262189 1.252390
v 0.340699 -0.261519 1.251619
v 0.342308 -0.264044 1.253724
v 0.341937 -0.263044 1.253103
v 0.342490 -0.266334 1.254615
v 0.342498 -0.265156 1.254238
v 0.341913 -0.268707 1.254929
v 0.342294 -0.267532 1.254850
v 0.340659 -0.270802 1.254612
v 0.341359 -0.269813 1.254848
v 0.338924 -0.272302 1.253718
v 0.339837 -0.271647 1.254233
v 0.336971 -0.272979 1.252382
v 0.337957 -0.272756 1.253095
v 0.336006 -0.272972 1.251610
v 0.580195 -0.148159 0.295281
v 0.610618 -0.144775 0.318425
v 0.595252 -0.148292 0.307325
v 0.639927 -0.127476 0.336147
v 0.625702 -0.137749 0.328157
v 0.663665 -0.098902 0.345755
v 0.652747 -0.114360 0.342091
v 0.678217 -0.063397 0.345782
v 0.672265 -0.081695 0.347001
v 0.681366 -0.026369 0.336226
v 0.681290 -0.044717 0.342145
v 0.672638 0.006547 0.318543
v 0.678445 -0.009061 0.328257
v 0.653354 0.030340 0.295420
v 0.664164 0.019848 0.307455
v 0.626457 0.041383 0.270385
v 0.640622 0.037609 0.282904
v 0.596034 0.037999 0.247241
v 0.611399 0.041512 0.258341
v 0.566725 0.020700 0.229519
v 0.580949 0.030968 0.237509
v 0.542987 -0.007874 0.219911
v 0.553905 0.007584 0.223575
v 0.528435 -0.043380 0.219883
v 0.534386 -0.025085 0.218665
v 0.525286 -0.080408 0.229440
v 0.525362 -0.062059 0.223521
v 0.534014 -0.113324 0.247123
v 0.528206 -0.097719 0.237409
v 0.553299 -0.137116 0.270246
v 0.542486 -0.126628 0.258211
v 0.566030 -0.144386 0.282762
v 0.390368 -0.611317 0.294922
v 0.420791 -0.607932 0.318066
v 0.405426 -0.611446 0.306965
v 0.450100 -0.590634 0.335788
v 0.435875 -0.600906 0.327798
v 0.473838 -0.562059 0.345396
v 0.462920 -0.577518 0.341731
v 0.488390 -0.526554 0.345423
v 0.482438 -0.544852 0.346642
v 0.491539 -0.489526 0.335866
v 0.491463 -0.507875 0.341785
v 0.482811 -0.456610 0.318183
v 0.488618 -0.472218 0.327898
v 0.463527 -0.432818 0.295060
v 0.474337 -0.443310 0.307096
v 0.436630 -0.421775 0.270025
v 0.450795 -0.425548 0.282544
v 0.406207 -0.425159 0.246881
v 0.421572 -0.421645 0.257982
v 0.376898 -0.442457 0.229159
v 0.391122 -0.432189 0.237149
v 0.353160 -0.471032 0.219552
v 0.364078 -0.455573 0.223216
v 0.338608 -0.506537 0.219524
v 0.344559 -0.488243 0.218305
v 0.335459 -0.543565 0.229081
v 0.335535 -0.525216 0.223162
v 0.344187 -0.576481 0.246764
v 0.338379 -0.560877 0.237050
v 0.363472 -0.600273 0.269887
v 0.352659 -0.589785 0.257852
v 0.376203 -0.607543 0.282403
v -0.113452 -0.496096 0.533530
v 0.097133 -0.581859 -0.171339
v 0.298755 -0.664640 0.016330
v -0.341433 -0.402493 0.321327
v -0.082961 -0.508182 0.003645
v -0.053208 -0.520397 0.029768
v -0.397987 -0.379368 0.390840
v -0.599305 -0.297049 0.638270
v -0.561240 -0.312613 0.591490
v -0.514010 -0.332002 0.631292
v -0.336838 -0.404473 0.445957
v -0.535761 -0.323138 0.697416
v -0.479690 -0.346159 0.749606
v -0.250817 -0.112006 0.925773
v -0.085966 -0.179404 0.709860
v -0.328840 -0.079972 0.853150
v -0.310371 -0.257312 0.925660
v -0.388394 -0.225278 0.853037
v -0.145520 -0.324710 0.709747
v -0.336838 -0.404473 0.445957
v -0.397987 -0.379368 0.390840
v -0.333312 -0.395870 0.445963
v 0.089200 -0.572692 -0.166388
v -0.048657 -0.516334 0.018018
v 0.073218 -0.566148 -0.158867
v 0.058857 -0.572218 -0.154528
v -0.514010 -0.332002 0.631292
v -0.561240 -0.312613 0.591490
v -0.510484 -0.323399 0.631298
v -0.354309 -0.387269 0.452093
v -0.371125 -0.394245 0.455118
v -0.418890 -0.374635 0.411905
v 0.241705 -0.640939 -0.395392
v 0.075667 -0.573045 -0.191318
v 0.381886 -0.698493 -0.264913
v -1.338268 0.068935 -0.262939
v -1.075570 -0.038477 -0.592549
v -1.028629 -0.050983 -0.551062
v -1.291327 0.056430 -0.221452
v -0.978746 -0.051417 -0.511163
v -1.241443 0.055995 -0.181553
v -0.927833 -0.039769 -0.474382
v -1.190531 0.067643 -0.144772
v -0.877849 -0.016486 -0.442132
v -1.140547 0.090927 -0.112522
v -1.140547 0.090927 -0.112522
v -0.877849 -0.016486 -0.442132
v -0.830711 0.017541 -0.415652
v -1.093409 0.124954 -0.086042
v -0.788237 0.061002 -0.395964
v -1.050935 0.168414 -0.066354
v -0.752057 0.112230 -0.383822
v -1.014755 0.219642 -0.054212
v -0.723557 0.169248 -0.379689
v -0.986255 0.276660 -0.050079
v -0.572747 0.170860 -0.589411
v -0.593869 0.184302 -0.579005
v -0.446574 0.123826 -0.441904
v -0.433784 0.113805 -0.460065
v -0.966537 0.337289 -0.054121
v -0.703839 0.229877 -0.383731
v -0.693655 0.291773 -0.395785
v -0.956352 0.399185 -0.066175
v -0.693399 0.352567 -0.415393
v -0.956097 0.459979 -0.085782
v -0.703083 0.409924 -0.441802
v -0.965781 0.517336 -0.112191
v -0.965781 0.517336 -0.112191
v -0.703083 0.409924 -0.441802
v -0.722330 0.461637 -0.473994
v -0.985028 0.569049 -0.144383
v -0.750403 0.505714 -0.510731
v -1.013101 0.613126 -0.181121
v -0.786223 0.540463 -0.550603
v -1.048920 0.647875 -0.220993
v -0.828414 0.564558 -0.592081
v -1.091112 0.671970 -0.262471
v -0.875354 0.577058 -0.633566
v -1.138052 0.684470 -0.303956
v -0.925238 0.577498 -0.673467
v -1.187936 0.684910 -0.343857
v -0.976152 0.565846 -0.710248
v -1.238850 0.673258 -0.380638
v -1.026137 0.542562 -0.742498
v -1.288835 0.649974 -0.412888
v -1.288835 0.649974 -0.412888
v -1.026137 0.542562 -0.742498
v -1.073272 0.508534 -0.768975
v -1.335969 0.615946 -0.439365
v -1.115746 0.465074 -0.788664
v -1.378443 0.572486 -0.459054
v -1.151928 0.413847 -0.800808
v -1.414626 0.521259 -0.471198
v -0.985330 0.340257 -0.973440
v -0.776450 0.254850 -1.235524
v -0.620803 0.332348 -1.524219
v -0.829683 0.417755 -1.262135
v -1.443123 0.464239 -0.475328
v -1.180425 0.356827 -0.804938
v -1.200145 0.296204 -0.800899
v -1.462843 0.403616 -0.471289
v -1.210328 0.234302 -0.788843
v -1.473026 0.341714 -0.459233
v -1.210584 0.173508 -0.769235
v -1.473281 0.280920 -0.439625
v -1.200903 0.116153 -0.742829
v -1.463600 0.223565 -0.413218
v -1.463600 0.223565 -0.413218
v -1.200903 0.116153 -0.742829
v -1.181654 0.064443 -0.710637
v -1.444352 0.171856 -0.381027
v -1.153581 0.020366 -0.673899
v -1.416279 0.127778 -0.344289
v -1.115746 0.465074 -0.788664
v -1.073272 0.508534 -0.768975
v -1.062250 0.497321 -0.771545
v -1.103271 0.455348 -0.790561
v -1.117760 -0.014387 -0.634025
v -1.380458 0.093025 -0.304414
v -0.992335 0.345817 -0.037132
v -1.011471 0.286982 -0.033210
v -0.992335 0.345817 -0.037132
v -0.982454 0.405882 -0.048831
v -1.016240 0.407365 -0.054224
v -1.025186 0.352978 -0.043630
v -1.207186 0.683153 -0.318297
v -1.158776 0.682728 -0.279576
v -1.484091 0.291115 -0.411233
v -1.483843 0.350113 -0.430261
v -1.115457 0.139762 -0.068111
v -1.161197 0.106741 -0.093805
v -1.037523 0.613493 -0.160376
v -1.010280 0.570718 -0.124724
v -1.427169 0.524345 -0.441871
v -1.392058 0.574056 -0.430088
v -1.307517 0.073266 -0.199513
v -1.353070 0.085402 -0.239773
v -1.394012 0.108778 -0.280021
v -0.982454 0.405882 -0.048831
v -1.256594 0.671849 -0.353991
v -1.474696 0.235456 -0.385607
v -1.074238 0.181939 -0.049004
v -1.072282 0.647215 -0.199068
v -1.454823 0.469012 -0.445879
v -1.259111 0.072842 -0.160795
v -0.982206 0.464880 -0.067859
v -1.305099 0.649253 -0.385287
v -1.456017 0.185277 -0.354368
v -1.474696 0.235456 -0.385607
v -1.039127 0.231650 -0.037221
v -1.113225 0.670596 -0.239319
v -1.473960 0.410182 -0.441960
v -1.209703 0.084146 -0.125101
v -0.991601 0.520538 -0.093484
v -1.350840 0.616232 -0.410981
v -1.305099 0.649253 -0.385287
v -1.428774 0.142502 -0.318716
v -1.161197 0.106741 -0.093805
v -0.991601 0.520538 -0.093484
v -1.024520 0.511179 -0.094653
v -1.041432 0.556613 -0.122938
v -1.067123 0.545548 -0.120680
v -1.051632 0.503926 -0.094770
v -1.427169 0.524345 -0.441871
v -1.454823 0.469012 -0.445879
v -1.443936 0.464525 -0.413722
v -1.418898 0.514627 -0.410095
v -0.982206 0.464880 -0.067859
v -1.016013 0.460785 -0.071451
v -1.473960 0.410182 -0.441960
v -1.461265 0.411258 -0.410175
v -0.991601 0.520538 -0.093484
v -1.483843 0.350113 -0.430261
v -1.470210 0.356870 -0.399581
v -1.010280 0.570718 -0.124724
v -1.484091 0.291115 -0.411233
v -1.470436 0.303454 -0.382353
v -1.037523 0.613493 -0.160376
v -1.066101 0.595341 -0.155220
v -1.353070 0.085402 -0.239773
v -1.307517 0.073266 -0.199513
v -1.310564 0.106204 -0.190657
v -1.351806 0.117193 -0.227108
v -1.474696 0.235456 -0.385607
v -1.461926 0.253059 -0.359149
v -1.072282 0.647215 -0.199068
v -1.097573 0.625878 -0.190254
v -1.259111 0.072842 -0.160795
v -1.266733 0.105823 -0.155600
v -1.456017 0.185277 -0.354368
v -1.445016 0.207621 -0.330864
v -1.113225 0.670596 -0.239319
v -1.134643 0.647046 -0.226697
v -1.209703 0.084146 -0.125101
v -1.221996 0.116055 -0.123279
v -1.428774 0.142502 -0.318716
v -1.420349 0.168894 -0.298585
v -1.158776 0.682728 -0.279576
v -1.175887 0.658032 -0.263148
v -1.161197 0.106741 -0.093805
v -1.178077 0.136517 -0.094944
v -1.394012 0.108778 -0.280021
v -1.388878 0.138357 -0.263551
v -1.207186 0.683153 -0.318297
v -1.219718 0.658413 -0.298205
v -1.115457 0.139762 -0.068111
v -1.136662 0.166415 -0.071680
v -1.256594 0.671849 -0.353991
v -1.264451 0.648180 -0.330523
v -1.074238 0.181939 -0.049004
v -1.099344 0.204601 -0.054381
v -1.305099 0.649253 -0.385287
v -1.308369 0.627721 -0.358858
v -1.039127 0.231650 -0.037221
v -1.067552 0.249609 -0.043710
v -1.350840 0.616232 -0.410981
v -1.349787 0.597825 -0.382125
v -1.011471 0.286982 -0.033210
v -1.042512 0.299709 -0.040080
v -1.392058 0.574056 -0.430088
v -1.387107 0.559634 -0.399424
v -1.118554 0.608996 -0.182346
v -1.152512 0.628387 -0.215730
v -1.156799 0.617926 -0.215738
v -1.124303 0.599369 -0.183791
v -1.460117 0.313635 -0.358320
v -1.459912 0.362568 -0.374102
v -1.089721 0.581026 -0.150252
v -1.313666 0.132944 -0.182715
v -1.351447 0.143007 -0.216106
v -1.452327 0.267469 -0.337067
v -1.118554 0.608996 -0.182346
v -1.273513 0.132594 -0.150600
v -1.436832 0.225849 -0.311154
v -1.152512 0.628387 -0.215730
v -1.232531 0.141968 -0.120993
v -1.414237 0.190372 -0.281584
v -1.190293 0.638450 -0.249121
v -1.192301 0.160708 -0.095036
v -1.385405 0.162399 -0.249490
v -1.230445 0.638804 -0.281237
v -1.154360 0.188099 -0.073723
v -1.271423 0.629429 -0.310841
v -1.120173 0.223079 -0.057876
v -1.311658 0.610686 -0.336800
v -1.091052 0.264311 -0.048103
v -1.349595 0.583298 -0.358111
v -1.068114 0.310206 -0.044778
v -1.383783 0.548314 -0.373958
v -1.052243 0.359003 -0.048030
v -1.412907 0.507083 -0.383733
v -1.044044 0.408825 -0.057732
v -1.435845 0.461188 -0.387059
v -1.043837 0.457762 -0.073514
v -1.451716 0.412391 -0.383807
v -1.158569 0.196618 -0.079854
v -1.125855 0.230087 -0.064688
v -1.129142 0.235703 -0.073274
v -1.160510 0.203604 -0.087814
v -1.273513 0.132594 -0.150600
v -1.232531 0.141968 -0.120993
v -1.233370 0.152473 -0.125085
v -1.272583 0.143504 -0.153414
v -1.436832 0.225849 -0.311154
v -1.414237 0.190372 -0.281584
v -1.407241 0.198791 -0.278752
v -1.428864 0.232738 -0.307049
v -1.190293 0.638450 -0.249121
v -1.192952 0.627554 -0.247689
v -1.192301 0.160708 -0.095036
v -1.194871 0.170408 -0.100246
v -1.385405 0.162399 -0.249490
v -1.379653 0.172024 -0.248042
v -1.230445 0.638804 -0.281237
v -1.231374 0.627894 -0.278422
v -1.154360 0.188099 -0.073723
v -1.351447 0.143007 -0.216106
v -1.347160 0.153468 -0.216098
v -1.271423 0.629429 -0.310841
v -1.270586 0.618920 -0.306749
v -1.120173 0.223079 -0.057876
v -1.311658 0.610686 -0.336800
v -1.309085 0.600985 -0.331588
v -1.091052 0.264311 -0.048103
v -1.097989 0.269545 -0.055337
v -1.349595 0.583298 -0.358111
v -1.345388 0.574781 -0.351982
v -1.068114 0.310206 -0.044778
v -1.076039 0.313460 -0.052154
v -1.383783 0.548314 -0.373958
v -1.378101 0.541306 -0.367145
v -1.052243 0.359003 -0.048030
v -1.060852 0.360157 -0.055267
v -1.412907 0.507083 -0.383733
v -1.405968 0.501853 -0.376499
v -1.044044 0.408825 -0.057732
v -1.053007 0.407830 -0.064550
v -1.435845 0.461188 -0.387059
v -1.427920 0.457934 -0.379682
v -1.043837 0.457762 -0.073514
v -1.052811 0.454656 -0.079654
v -1.451716 0.412391 -0.383807
v -1.443106 0.411242 -0.376569
v -1.051632 0.503926 -0.094770
v -1.060266 0.498830 -0.099991
v -1.459912 0.362568 -0.374102
v -1.450949 0.363563 -0.367283
v -1.067123 0.545548 -0.120680
v -1.075092 0.538655 -0.124785
v -1.460117 0.313635 -0.358320
v -1.451146 0.316743 -0.352182
v -1.089721 0.581026 -0.150252
v -1.096714 0.572606 -0.153081
v -1.313666 0.132944 -0.182715
v -1.311004 0.143839 -0.184145
v -1.452327 0.267469 -0.337067
v -1.443688 0.272567 -0.331843
v -1.081368 0.315651 -0.061251
v -1.066804 0.360428 -0.064236
v -1.077272 0.361045 -0.079002
v -1.090781 0.319521 -0.076236
v -1.304846 0.591376 -0.329215
v -1.267929 0.608574 -0.305396
v -1.102417 0.273537 -0.064303
v -1.339660 0.566241 -0.348770
v -1.371031 0.534143 -0.363313
v -1.397756 0.496310 -0.372284
v -1.059284 0.406148 -0.073142
v -1.418802 0.454194 -0.375333
v -1.059094 0.451048 -0.087622
v -1.433369 0.409418 -0.372351
v -1.066243 0.493412 -0.107125
v -1.440889 0.363699 -0.363445
v -1.080462 0.531604 -0.130903
v -1.441076 0.318797 -0.348962
v -1.101196 0.564156 -0.158037
v -1.306689 0.152995 -0.187826
v -1.341358 0.162230 -0.218466
v -1.433925 0.276437 -0.329459
v -1.127652 0.589826 -0.187487
v -1.269845 0.152672 -0.158356
v -1.419709 0.238246 -0.305684
v -1.158813 0.607621 -0.218121
v -1.232242 0.161277 -0.131191
v -1.398976 0.205690 -0.278550
v -1.193482 0.616855 -0.248761
v -1.195322 0.178473 -0.107370
v -1.372521 0.180020 -0.249100
v -1.230328 0.617175 -0.278231
v -1.070124 0.445082 -0.100690
v -1.076757 0.484363 -0.118777
v -1.083489 0.475921 -0.131167
v -1.077289 0.439222 -0.114267
v -1.384176 0.487053 -0.364665
v -1.359397 0.522137 -0.356349
v -1.070300 0.403441 -0.087260
v -1.403697 0.447997 -0.367496
v -1.417201 0.406475 -0.364728
v -1.424178 0.364077 -0.356472
v -1.089938 0.519780 -0.140824
v -1.424353 0.322440 -0.343042
v -1.109167 0.549970 -0.165988
v -1.299728 0.168682 -0.193611
v -1.331880 0.177244 -0.222026
v -1.417721 0.283155 -0.324955
v -1.133699 0.573774 -0.193296
v -1.265563 0.168382 -0.166284
v -1.404537 0.247736 -0.302905
v -1.162598 0.590273 -0.221706
v -1.230690 0.176359 -0.141090
v -1.385311 0.217548 -0.277744
v -1.194746 0.598839 -0.250119
v -1.196457 0.192309 -0.119004
v -1.360775 0.193746 -0.250433
v -1.228915 0.599136 -0.277448
v -1.164172 0.215616 -0.100868
v -1.263785 0.591158 -0.302639
v -1.135082 0.245381 -0.087383
v -1.298022 0.575209 -0.324728
v -1.110298 0.280468 -0.079064
v -1.330305 0.551906 -0.342864
v -1.113766 0.537218 -0.175274
v -1.136689 0.559455 -0.200789
v -1.137030 0.543353 -0.212108
v -1.115793 0.522751 -0.188468
v -1.408073 0.363540 -0.353237
v -1.401559 0.403151 -0.360954
v -1.095801 0.509013 -0.151764
v -1.408236 0.324640 -0.340690
v -1.291806 0.180987 -0.201083
v -1.321843 0.188988 -0.227630
v -1.402041 0.287938 -0.323793
v -1.259882 0.180710 -0.175550
v -1.389724 0.254849 -0.303193
v -1.163687 0.574871 -0.227330
v -1.227303 0.188163 -0.152013
v -1.371759 0.226644 -0.279684
v -1.193724 0.582872 -0.253877
v -1.195320 0.203064 -0.131379
v -1.348841 0.204404 -0.254171
v -1.225645 0.583153 -0.279410
v -1.165155 0.224837 -0.114433
v -1.258222 0.575699 -0.302944
v -1.137976 0.252649 -0.101834
v -1.290209 0.560795 -0.323581
v -1.114826 0.285425 -0.094065
v -1.320369 0.539025 -0.340524
v -1.096589 0.321913 -0.091421
v -1.347549 0.511213 -0.353123
v -1.083971 0.360708 -0.094006
v -1.370704 0.478434 -0.360895
v -1.077453 0.400318 -0.101720
v -1.388940 0.441946 -0.363539
v -1.189873 0.565049 -0.261294
v -1.219447 0.565309 -0.284949
v -1.150371 0.466954 -0.361363
v -1.131544 0.466793 -0.346306
v -1.251168 0.192452 -0.188725
v -1.280742 0.192712 -0.212380
v -1.371464 0.261143 -0.306985
v -1.382874 0.291799 -0.326069
v -1.162043 0.557638 -0.236698
v -1.220984 0.199359 -0.166919
v -1.354819 0.235008 -0.285202
v -1.189873 0.565049 -0.261294
v -1.191351 0.213164 -0.147801
v -1.333585 0.214408 -0.261566
v -1.219447 0.565309 -0.284949
v -1.163407 0.233335 -0.132103
v -1.308572 0.200123 -0.236975
v -1.249632 0.558402 -0.306755
v -1.138225 0.259101 -0.120429
v -1.279264 0.544597 -0.325873
v -1.116776 0.289471 -0.113231
v -1.307208 0.524425 -0.341571
v -1.099878 0.323276 -0.110780
v -1.320369 0.539025 -0.340524
v -1.347549 0.511213 -0.353123
v -1.332390 0.498660 -0.353244
v -1.307208 0.524425 -0.341571
v -1.088189 0.359220 -0.113177
v -1.370704 0.478434 -0.360895
v -1.353839 0.468290 -0.360442
v -1.082150 0.395917 -0.120323
v -1.388940 0.441946 -0.363539
v -1.370737 0.434484 -0.362893
v -1.082000 0.431960 -0.131949
v -1.401559 0.403151 -0.360954
v -1.382426 0.398541 -0.360497
v -1.087741 0.465962 -0.147604
v -1.408073 0.363540 -0.353237
v -1.388465 0.361843 -0.353350
v -1.099151 0.496618 -0.166688
v -1.408236 0.324640 -0.340690
v -1.388615 0.325800 -0.341725
v -1.388615 0.325800 -0.341725
v -1.191351 0.213164 -0.147801
v -1.163407 0.233335 -0.132103
v -1.114699 0.255631 -0.264067
v -1.132485 0.242791 -0.274058
v -1.333585 0.214408 -0.261566
v -1.308572 0.200123 -0.236975
v -1.207106 0.234490 -0.330826
v -1.223028 0.243582 -0.346479
v -1.249632 0.558402 -0.306755
v -1.169587 0.462558 -0.375245
v -1.138225 0.259101 -0.120429
v -1.098668 0.272035 -0.256637
v -1.279264 0.544597 -0.325873
v -1.188451 0.453773 -0.387417
v -1.116776 0.289471 -0.113231
v -1.085012 0.291365 -0.252052
v -1.279264 0.544597 -0.325873
v -1.206238 0.440929 -0.397408
v -1.188451 0.453773 -0.387417
v -1.099878 0.323276 -0.110780
v -1.074260 0.312885 -0.250495
v -1.222268 0.424529 -0.404839
v -1.088189 0.359220 -0.113177
v -1.066815 0.335763 -0.252017
v -1.235923 0.405195 -0.409421
v -1.082150 0.395917 -0.120323
v -1.062973 0.359127 -0.256569
v -1.246678 0.383676 -0.410981
v -1.082000 0.431960 -0.131949
v -1.062878 0.382069 -0.263969
v -1.254120 0.360796 -0.409456
v -1.087741 0.465962 -0.147604
v -1.066529 0.403715 -0.273934
v -1.257962 0.337437 -0.404906
v -1.087741 0.465962 -0.147604
v -1.099151 0.496618 -0.166688
v -1.073796 0.423228 -0.286083
v -1.066529 0.403715 -0.273934
v -1.258060 0.314491 -0.397506
v -1.115793 0.522751 -0.188468
v -1.084389 0.439863 -0.299947
v -1.280742 0.192712 -0.212380
v -1.189391 0.229771 -0.315170
v -1.382874 0.291799 -0.326069
v -1.254405 0.292844 -0.387539
v -1.137030 0.543353 -0.212108
v -1.097908 0.452982 -0.314997
v -1.251168 0.192452 -0.188725
v -1.170564 0.229606 -0.300110
v -1.382874 0.291799 -0.326069
v -1.371464 0.261143 -0.306985
v -1.247142 0.273332 -0.375392
v -1.254405 0.292844 -0.387539
v -1.162043 0.557638 -0.236698
v -1.113831 0.462071 -0.330650
v -1.220984 0.199359 -0.166919
v -1.151351 0.234002 -0.286230
v -1.354819 0.235008 -0.285202
v -1.236546 0.256696 -0.361526
v -1.191351 0.213164 -0.147801
v -1.132485 0.242791 -0.274058
v -1.217532 0.391325 -0.390244
v -1.225667 0.375049 -0.391424
v -1.252666 0.386060 -0.321082
v -1.246615 0.398169 -0.320205
v -1.259016 0.360040 -0.317663
v -1.259070 0.347127 -0.313498
v -1.263752 0.354460 -0.293717
v -1.263707 0.365682 -0.297338
v -1.086734 0.356483 -0.274645
v -1.086661 0.373834 -0.280241
v -1.149237 0.385157 -0.238355
v -1.149291 0.372244 -0.234190
v -1.231294 0.357748 -0.390270
v -1.256854 0.373187 -0.320224
v -1.089426 0.390203 -0.287779
v -1.151290 0.397337 -0.243960
v -1.234199 0.340080 -0.386828
v -1.089426 0.390203 -0.287779
v -1.094918 0.404963 -0.296966
v -1.155380 0.408316 -0.250798
v -1.151290 0.397337 -0.243960
v -1.234273 0.322725 -0.381232
v -1.102931 0.417544 -0.307451
v -1.161342 0.417678 -0.258601
v -1.195740 0.262223 -0.330805
v -1.182341 0.258654 -0.318963
v -1.220430 0.299453 -0.267167
v -1.230398 0.302108 -0.275976
v -1.231511 0.306357 -0.373697
v -1.257012 0.334949 -0.307890
v -1.113155 0.427460 -0.318832
v -1.168950 0.425060 -0.267069
v -1.168102 0.258532 -0.307575
v -1.209835 0.299361 -0.258693
v -1.231511 0.306357 -0.373697
v -1.226018 0.291601 -0.364510
v -1.252927 0.323968 -0.301055
v -1.257012 0.334949 -0.307890
v -1.125198 0.434337 -0.330671
v -1.177908 0.430176 -0.275877
v -1.153571 0.261856 -0.297077
v -1.199021 0.301835 -0.250880
v -1.218002 0.279019 -0.354021
v -1.246964 0.314605 -0.293252
v -1.138594 0.437905 -0.342510
v -1.187876 0.432831 -0.284686
v -1.139307 0.268500 -0.287873
v -1.188405 0.306781 -0.244031
v -1.207780 0.269099 -0.342641
v -1.239357 0.307224 -0.284784
v -1.152831 0.438031 -0.353898
v -1.198471 0.432923 -0.293160
v -1.139307 0.268500 -0.287873
v -1.125853 0.278210 -0.280315
v -1.178398 0.314005 -0.238410
v -1.188405 0.306781 -0.244031
v -1.167365 0.434708 -0.364399
v -1.209285 0.430449 -0.300973
v -1.113729 0.290618 -0.274696
v -1.169377 0.323236 -0.234228
v -1.181631 0.428060 -0.373602
v -1.219897 0.425506 -0.307819
v -1.103404 0.305239 -0.271231
v -1.161692 0.334115 -0.231648
v -1.181631 0.428060 -0.373602
v -1.195081 0.418349 -0.381158
v -1.229908 0.418279 -0.313443
v -1.219897 0.425506 -0.307819
v -1.095271 0.321511 -0.270052
v -1.155640 0.346223 -0.230771
v -1.207204 0.405945 -0.386777
v -1.238930 0.409047 -0.317625
v -1.089642 0.338816 -0.271205
v -1.151453 0.359097 -0.231629
v -1.220947 0.312928 -0.246067
v -1.211545 0.315080 -0.239275
v -1.221135 0.327945 -0.231776
v -1.228978 0.326151 -0.237443
v -1.178786 0.415795 -0.245988
v -1.173601 0.407659 -0.239204
v -1.230158 0.313010 -0.253436
v -1.238825 0.315319 -0.261095
v -1.261967 0.343868 -0.288843
v -1.185400 0.422215 -0.253351
v -1.258410 0.334322 -0.282897
v -1.261967 0.343868 -0.288843
v -1.193191 0.426660 -0.261009
v -1.253230 0.326183 -0.276116
v -1.201856 0.428972 -0.268668
v -1.202318 0.319378 -0.233322
v -1.246614 0.319767 -0.268753
v -1.211069 0.429050 -0.276036
v -1.193613 0.325662 -0.228432
v -1.202318 0.319378 -0.233322
v -1.220466 0.426901 -0.282826
v -1.185773 0.333685 -0.224798
v -1.229698 0.422600 -0.288782
v -1.179090 0.343143 -0.222554
v -1.238399 0.416319 -0.293669
v -1.229698 0.422600 -0.288782
v -1.173831 0.353672 -0.221794
v -1.246243 0.408294 -0.297305
v -1.170188 0.364864 -0.222537
v -1.252923 0.398834 -0.299547
v -1.168309 0.376296 -0.224765
v -1.258185 0.388306 -0.300310
v -1.168260 0.387521 -0.228384
v -1.261825 0.377113 -0.299564
v -1.170050 0.398110 -0.233261
v -1.170050 0.398110 -0.233261
v -1.206168 0.336777 -0.222726
v -1.199622 0.343472 -0.219690
v -1.216693 0.356302 -0.215672
v -1.221399 0.351490 -0.217854
v -1.255922 0.337214 -0.262522
v -1.260247 0.344004 -0.268182
v -1.213048 0.422997 -0.256307
v -1.205814 0.421071 -0.249913
v -1.213431 0.331531 -0.226805
v -1.250402 0.331857 -0.256377
v -1.220734 0.423067 -0.262455
v -1.213431 0.331531 -0.226805
v -1.243901 0.328143 -0.249985
v -1.228579 0.421270 -0.268122
v -1.236283 0.417683 -0.273093
v -1.194048 0.351367 -0.217821
v -1.243546 0.412437 -0.277172
v -1.236283 0.417683 -0.273093
v -1.189655 0.360154 -0.217184
v -1.250089 0.405742 -0.280205
v -1.186617 0.369498 -0.217807
v -1.255666 0.397848 -0.282077
v -1.185046 0.379036 -0.219663
v -1.260059 0.389060 -0.282715
v -1.185009 0.388403 -0.222686
v -1.263097 0.379717 -0.282091
v -1.186499 0.397243 -0.226754
v -1.264665 0.370177 -0.280233
v -1.189467 0.405211 -0.231716
v -1.186499 0.397243 -0.226754
v -1.264705 0.360812 -0.277212
v -1.193791 0.412005 -0.237376
v -1.236666 0.326217 -0.243592
v -1.263215 0.351972 -0.273144
v -1.199312 0.417358 -0.243521
v -1.263215 0.351972 -0.273144
v -1.209529 0.368297 -0.213871
v -1.207342 0.375014 -0.214317
v -1.228265 0.379801 -0.216751
v -1.229363 0.376428 -0.216527
v -1.228579 0.421270 -0.268122
v -1.236283 0.417683 -0.273093
v -1.243052 0.409658 -0.254067
v -1.237512 0.412237 -0.250493
v -1.212684 0.361978 -0.214327
v -1.243546 0.412437 -0.277172
v -1.248274 0.405886 -0.257000
v -1.209529 0.368297 -0.213871
v -1.250089 0.405742 -0.280205
v -1.252977 0.401072 -0.259180
v -1.207342 0.375014 -0.214317
v -1.255666 0.397848 -0.282077
v -1.256986 0.395397 -0.260525
v -1.206213 0.381872 -0.215652
v -1.260144 0.389079 -0.260984
v -1.256986 0.395397 -0.260525
v -1.206187 0.388606 -0.217826
v -1.262329 0.382361 -0.260536
v -1.207259 0.394962 -0.220751
v -1.263097 0.379717 -0.282091
v -1.264665 0.370177 -0.280233
v -1.263457 0.375502 -0.259200
v -1.262329 0.382361 -0.260536
v -1.189467 0.405211 -0.231716
v -1.209393 0.400692 -0.224319
v -1.264705 0.360812 -0.277212
v -1.263487 0.368770 -0.257029
v -1.212501 0.405576 -0.228388
v -1.209393 0.400692 -0.224319
v -1.243326 0.343899 -0.232857
v -1.248528 0.345283 -0.237453
v -1.263215 0.351972 -0.273144
v -1.262415 0.362414 -0.254104
v -1.216470 0.409426 -0.232806
v -1.237799 0.343850 -0.228436
v -1.260247 0.344004 -0.268182
v -1.260281 0.356684 -0.250536
v -1.221146 0.412092 -0.237402
v -1.232161 0.345139 -0.224362
v -1.257171 0.351804 -0.246467
v -1.260281 0.356684 -0.250536
v -1.226346 0.413481 -0.241998
v -1.221135 0.327945 -0.231776
v -1.226622 0.347718 -0.220788
v -1.232161 0.345139 -0.224362
v -1.253202 0.347953 -0.242049
v -1.231873 0.413530 -0.246419
v -1.220734 0.423067 -0.262455
v -1.231873 0.413530 -0.246419
v -1.227686 0.386623 -0.218512
v -1.228223 0.389816 -0.219981
v -1.253190 0.390034 -0.239951
v -1.251176 0.392884 -0.239274
v -1.206213 0.381872 -0.215652
v -1.227700 0.383246 -0.217423
v -1.260144 0.389079 -0.260984
v -1.254775 0.386862 -0.240180
v -1.206187 0.388606 -0.217826
v -1.255873 0.383489 -0.239956
v -1.207259 0.394962 -0.220751
v -1.256436 0.380048 -0.239284
v -1.209393 0.400692 -0.224319
v -1.229295 0.392692 -0.221773
v -1.256452 0.376666 -0.238194
v -1.212501 0.405576 -0.228388
v -1.230855 0.395141 -0.223814
v -1.248528 0.345283 -0.237453
v -1.243326 0.343899 -0.232857
v -1.246331 0.364177 -0.226058
v -1.248942 0.364874 -0.228366
v -1.255910 0.373477 -0.236723
v -1.216470 0.409426 -0.232806
v -1.232848 0.397076 -0.226033
v -1.237799 0.343850 -0.228436
v -1.243555 0.364155 -0.223838
v -1.254843 0.370598 -0.234934
v -1.221146 0.412092 -0.237402
v -1.235195 0.398416 -0.228340
v -1.232161 0.345139 -0.224362
v -1.240726 0.364802 -0.221794
v -1.257171 0.351804 -0.246467
v -1.253280 0.368147 -0.232890
v -1.226346 0.413481 -0.241998
v -1.237806 0.399112 -0.230648
v -1.226622 0.347718 -0.220788
v -1.237943 0.366100 -0.219999
v -1.253202 0.347953 -0.242049
v -1.251290 0.366213 -0.230674
v -1.240580 0.399134 -0.232866
v -1.221399 0.351490 -0.217854
v -1.235322 0.367991 -0.218527
v -1.243412 0.398488 -0.234912
v -1.216693 0.356302 -0.215672
v -1.232961 0.370410 -0.217433
v -1.246190 0.397193 -0.236705
v -1.212684 0.361978 -0.214327
v -1.230948 0.373255 -0.216756
v -1.248816 0.395299 -0.238180
v -0.919286 0.563920 -0.679307
v -0.871108 0.563499 -0.640771
v -0.863275 0.515266 -0.657765
v -0.904945 0.515630 -0.691094
v -1.117760 -0.014387 -0.634025
v -1.153581 0.020366 -0.673899
v -1.139811 0.025864 -0.679724
v -1.105216 -0.007699 -0.641214
v -0.363867 0.085453 -0.851495
v -0.212336 0.023259 -0.737920
v -0.925238 0.577498 -0.673467
v -0.875354 0.577058 -0.633566
v -1.210584 0.173508 -0.769235
v -1.210328 0.234302 -0.788843
v -1.194616 0.232478 -0.790734
v -1.194862 0.173764 -0.771796
v -0.830711 0.017541 -0.415652
v -0.877849 -0.016486 -0.442132
v -0.873516 -0.009722 -0.455891
v -0.827998 0.023138 -0.430322
v -0.750403 0.505714 -0.510731
v -0.722330 0.461637 -0.473994
v -0.723325 0.452025 -0.486662
v -0.750437 0.494595 -0.522143
v -1.151928 0.413847 -0.800808
v -1.115746 0.465074 -0.788664
v -1.103271 0.455348 -0.790561
v -1.138214 0.405879 -0.802289
v -1.028629 -0.050983 -0.551062
v -1.075570 -0.038477 -0.592549
v -1.064470 -0.030962 -0.601160
v -1.019135 -0.043037 -0.561093
v -0.693655 0.291773 -0.395785
v -0.703839 0.229877 -0.383731
v -0.702888 0.234493 -0.399485
v -0.695632 0.287981 -0.411134
v -0.976152 0.565846 -0.710248
v -0.968457 0.552670 -0.714830
v -1.200903 0.116153 -0.742829
v -1.185509 0.118375 -0.746292
v -0.788237 0.061002 -0.395964
v -0.786977 0.065111 -0.411306
v -0.786223 0.540463 -0.550603
v -0.785029 0.528157 -0.560650
v -1.180425 0.356827 -0.804938
v -1.165735 0.350807 -0.806277
v -0.978746 -0.051417 -0.511163
v -0.970962 -0.043461 -0.522560
v -0.693399 0.352567 -0.415393
v -0.695386 0.346696 -0.430071
v -1.026137 0.542562 -0.742498
v -1.016729 0.530181 -0.745973
v -1.181654 0.064443 -0.710637
v -1.166923 0.068435 -0.715205
v -0.752057 0.112230 -0.383822
v -0.752033 0.114585 -0.399578
v -0.828414 0.564558 -0.592081
v -0.825778 0.551422 -0.600708
v -1.200145 0.296204 -0.800899
v -1.184778 0.292260 -0.802374
v -0.927833 -0.039769 -0.474382
v -0.921791 -0.032211 -0.487038
v -0.703083 0.409924 -0.441802
v -0.704734 0.402088 -0.455572
v -0.723557 0.169248 -0.379689
v -0.725912 0.166238 -0.395593
v -0.875354 0.577058 -0.633566
v -0.828414 0.564558 -0.592081
v -0.825778 0.551422 -0.600708
v -0.871108 0.563499 -0.640771
v -1.210328 0.234302 -0.788843
v -1.194616 0.232478 -0.790734
v -1.028610 0.458022 -0.770881
v -0.989234 0.486449 -0.748763
v -0.973803 0.461342 -0.749780
v -1.009624 0.435485 -0.769903
v -0.865357 0.019431 -0.497843
v -0.825982 0.047859 -0.475725
v -1.065773 0.021184 -0.658145
v -1.030530 0.001059 -0.623498
v -0.947477 0.505899 -0.721821
v -0.790498 0.084166 -0.459277
v -0.760273 0.126959 -0.449133
v -0.737866 0.171177 -0.445684
v -1.064091 0.421718 -0.787329
v -0.590904 0.115039 -0.585691
v -0.382024 0.029632 -0.847776
v -0.234534 -0.030902 -0.737961
v -0.455983 0.059644 -0.460107
v -1.138214 0.405879 -0.802289
v -1.094317 0.378925 -0.797473
v -0.717415 0.231527 -0.449052
v -0.711486 0.276947 -0.459127
v -1.165735 0.350807 -0.806277
v -1.118124 0.331290 -0.800925
v -0.711274 0.327731 -0.475508
v -1.184778 0.292260 -0.802374
v -1.134598 0.280643 -0.797550
v -0.719361 0.375645 -0.497567
v -1.143103 0.228937 -0.787479
v -0.735442 0.418842 -0.524460
v -1.143317 0.178149 -0.771098
v -0.758891 0.455664 -0.555148
v -0.991316 -0.009386 -0.588841
v -1.135230 0.130235 -0.749039
v -0.788815 0.484695 -0.588458
v -0.949643 -0.009751 -0.555509
v -1.119149 0.087038 -0.722146
v -0.824061 0.504821 -0.623108
v -0.907114 -0.000019 -0.524785
v -1.095697 0.050215 -0.691455
v -0.765516 0.134307 -0.477203
v -0.740854 0.184966 -0.474057
v -1.041901 0.402454 -0.784864
v -0.665940 0.154351 -0.588183
v -0.636186 0.129603 -0.575353
v -0.480802 0.065806 -0.430723
v -0.485073 0.080091 -0.419834
v -1.069397 0.363527 -0.794093
v -0.728872 0.223715 -0.477134
v -0.721131 0.270754 -0.486293
v -1.091057 0.320193 -0.797234
v -0.720937 0.316958 -0.501196
v -1.106042 0.274119 -0.794162
v -0.728297 0.360543 -0.521265
v -1.113780 0.227079 -0.785000
v -0.742922 0.399841 -0.545728
v -1.113976 0.180877 -0.770101
v -0.764257 0.433341 -0.573648
v -1.011371 0.019776 -0.635826
v -0.975697 0.010276 -0.604298
v -1.106617 0.137291 -0.750032
v -0.791479 0.459747 -0.603949
v -0.937788 0.009945 -0.573977
v -1.091988 0.097992 -0.725566
v -0.823542 0.478058 -0.635470
v -0.899096 0.018794 -0.546023
v -1.070654 0.064497 -0.697648
v -0.859216 0.487558 -0.666998
v -0.861111 0.036492 -0.521516
v -1.043431 0.038086 -0.667344
v -0.897124 0.487893 -0.697320
v -0.825290 0.062349 -0.501393
v -0.935817 0.479040 -0.725273
v -0.793009 0.095378 -0.486429
v -1.019421 0.150091 -0.868517
v -1.019238 0.193840 -0.882628
v -1.039384 0.187090 -0.915434
v -1.039597 0.136557 -0.899136
v -0.966537 0.337289 -0.054121
v -0.986255 0.276660 -0.050079
v -0.869435 0.228697 0.058657
v -0.845325 0.287522 0.058702
v -0.992217 0.009267 -0.819894
v -1.015551 0.045904 -0.850430
v -1.018634 0.031841 -0.867857
v -0.993827 -0.007104 -0.835395
v -0.688261 0.389158 -0.682491
v -0.668059 0.357438 -0.656053
v -0.633767 0.376044 -0.653735
v -0.657102 0.412681 -0.684271
v -0.888482 -0.011461 -0.711514
v -0.922261 -0.002459 -0.741369
v -0.927375 -0.039641 -0.752277
v -0.888359 -0.050037 -0.717794
v -1.012453 0.108818 -0.849514
v -1.031550 0.088884 -0.877187
v -0.714037 0.414165 -0.711184
v -0.686873 0.441567 -0.717413
v -0.852583 -0.011772 -0.682801
v -0.846896 -0.050398 -0.684631
v -0.998602 0.071606 -0.826349
v -0.744400 0.431503 -0.741033
v -0.721942 0.461593 -0.751888
v -0.815946 -0.003389 -0.656333
v -0.804578 -0.040716 -0.654058
v -0.978401 0.039886 -0.799911
v -0.778178 0.440499 -0.770886
v -0.760959 0.471985 -0.786371
v -0.779973 0.013367 -0.633123
v -0.763031 -0.021363 -0.627252
v -0.952623 0.014874 -0.771216
v -0.962442 -0.019620 -0.786749
v -0.814078 0.440816 -0.799601
v -0.802422 0.472346 -0.819534
v -0.746053 0.037853 -0.614069
v -0.723853 0.006921 -0.605245
v -0.850716 0.432433 -0.826069
v -0.844740 0.462664 -0.850107
v -0.715487 0.069128 -0.599900
v -0.688549 0.043045 -0.588879
v -0.886686 0.415675 -0.849276
v -0.886287 0.443311 -0.876913
v -0.689450 0.105994 -0.591162
v -0.658475 0.085621 -0.578785
v -0.920607 0.391186 -0.868330
v -0.925465 0.415027 -0.898920
v -0.665940 0.154351 -0.588183
v -0.636186 0.129603 -0.575353
v -0.951173 0.359911 -0.882499
v -0.960769 0.378903 -0.915285
v -0.737866 0.171177 -0.445684
v -0.740854 0.184966 -0.474057
v -0.569198 0.114488 -0.314281
v -0.583439 0.107772 -0.301944
v -0.977211 0.323050 -0.891240
v -0.990843 0.336327 -0.925380
v -0.647422 0.235198 -0.599771
v -0.654751 0.190656 -0.591096
v -0.615818 0.189700 -0.578704
v -0.609934 0.234858 -0.588731
v -0.997718 0.282013 -0.894211
v -1.014529 0.288930 -0.928812
v -0.647239 0.278948 -0.613882
v -0.609721 0.285390 -0.605029
v -1.011910 0.238388 -0.891306
v -1.030922 0.238539 -0.925455
v -0.654206 0.320225 -0.632885
v -0.617768 0.333064 -0.626977
v -0.881220 0.454296 -0.896006
v -0.837057 0.474869 -0.867513
v -0.823485 0.480214 -0.890058
v -0.869508 0.458775 -0.919752
v -0.706520 0.473729 -0.763104
v -0.747994 0.484777 -0.799759
v -0.794364 -0.060239 -0.659108
v -0.750196 -0.039663 -0.630612
v -0.962178 -0.037809 -0.800165
v -0.792071 0.485159 -0.835013
v -0.723853 0.006921 -0.605245
v -0.763031 -0.021363 -0.627252
v -0.750196 -0.039663 -0.630612
v -0.708551 -0.009599 -0.607218
v -0.924900 -0.059095 -0.763517
v -0.837057 0.474869 -0.867513
v -0.688549 0.043045 -0.588879
v -0.671023 0.028804 -0.589822
v -0.881220 0.454296 -0.896006
v -0.658475 0.085621 -0.578785
v -0.639051 0.074062 -0.579090
v -0.922870 0.424229 -0.919403
v -0.636186 0.129603 -0.575353
v -0.615271 0.121031 -0.575443
v -0.960398 0.385826 -0.936799
v -0.702888 0.234493 -0.399485
v -0.703839 0.229877 -0.383731
v -0.582627 0.180110 -0.270908
v -0.574006 0.181577 -0.279523
v -0.992366 0.340566 -0.947528
v -0.609934 0.234858 -0.588731
v -0.615818 0.189700 -0.578704
v -0.593869 0.184302 -0.579005
v -0.587453 0.232704 -0.589664
v -1.017546 0.290184 -0.951178
v -0.609721 0.285390 -0.605029
v -0.587226 0.286421 -0.606988
v -1.034970 0.236617 -0.947609
v -0.587226 0.286421 -0.606988
v -0.595779 0.337100 -0.630320
v -1.043968 0.181926 -0.936957
v -0.612787 0.382789 -0.658764
v -1.044195 0.128208 -0.919633
v -0.637594 0.421734 -0.691226
v -0.883425 -0.070143 -0.726862
v -1.035638 0.077532 -0.896298
v -0.669241 0.452443 -0.726456
v -0.839349 -0.070529 -0.691608
v -0.985330 0.340257 -0.973440
v -0.952018 0.387424 -0.962261
v -0.743138 0.302017 -1.224346
v -0.776450 0.254850 -1.235524
v -0.650459 0.015371 -0.600676
v -0.617144 0.062537 -0.589495
v -0.922870 0.424229 -0.919403
v -0.881220 0.454296 -0.896006
v -0.869508 0.458775 -0.919752
v -0.912908 0.427444 -0.944132
v -0.590904 0.115039 -0.585691
v -0.960398 0.385826 -0.936799
v -0.986255 0.276660 -0.050079
v -0.723557 0.169248 -0.379689
v -0.606737 0.121284 -0.270954
v -0.869435 0.228697 0.058657
v -0.992366 0.340566 -0.947528
v -0.572747 0.170860 -0.589411
v -0.563371 0.227855 -0.600511
v -1.017546 0.290184 -0.951178
v -1.011573 0.287756 -0.977246
v -0.563136 0.283836 -0.618566
v -1.034970 0.236617 -0.947609
v -1.029727 0.231934 -0.973524
v -0.595779 0.337100 -0.630320
v -0.572050 0.336645 -0.642880
v -1.043968 0.181926 -0.936957
v -1.039106 0.174940 -0.962426
v -0.612787 0.382789 -0.658764
v -0.595779 0.337100 -0.630320
v -0.572050 0.336645 -0.642880
v -0.589772 0.384257 -0.672521
v -1.044195 0.128208 -0.919633
v -1.039341 0.118960 -0.944371
v -0.637594 0.421734 -0.691226
v -0.615623 0.424844 -0.706350
v -0.883425 -0.070143 -0.726862
v -0.924900 -0.059095 -0.763517
v -0.915025 -0.076229 -0.781684
v -0.871804 -0.087739 -0.743486
v -1.035638 0.077532 -0.896298
v -1.030424 0.066149 -0.920054
v -0.669241 0.452443 -0.726456
v -0.648605 0.456843 -0.743064
v -0.839349 -0.070529 -0.691608
v -0.825873 -0.088144 -0.706748
v -1.018634 0.031841 -0.867857
v -1.035638 0.077532 -0.896298
v -1.030424 0.066149 -0.920054
v -1.012701 0.018537 -0.890414
v -0.706520 0.473729 -0.763104
v -0.687452 0.479025 -0.781253
v -0.794364 -0.060239 -0.659108
v -0.778992 -0.077419 -0.672879
v -0.993827 -0.007104 -0.835395
v -0.986854 -0.022049 -0.856587
v -0.747994 0.484777 -0.799759
v -0.730672 0.490538 -0.819451
v -0.750196 -0.039663 -0.630612
v -0.732969 -0.055979 -0.643185
v -0.962178 -0.037809 -0.800165
v -0.953871 -0.054044 -0.819874
v -0.792071 0.485159 -0.835013
v -0.776604 0.490939 -0.856189
v -0.732969 -0.055979 -0.643185
v -0.689567 -0.024645 -0.618806
v -0.830225 0.089533 -1.224510
v -0.820847 0.146527 -1.235608
v -0.790001 0.139753 -1.229857
v -0.798505 0.088051 -1.219786
v -0.363867 0.085453 -0.851495
v -0.354491 0.142448 -0.862596
v -1.414626 0.521259 -0.471198
v -1.151928 0.413847 -0.800808
v -1.369840 0.658466 -0.603473
v -1.632538 0.765878 -0.273863
v -0.354256 0.198428 -0.880651
v -0.802693 0.202349 -1.239331
v -0.820847 0.146527 -1.235608
v -0.363170 0.251238 -0.904965
v -0.830225 0.089533 -1.224510
v -0.363170 0.251238 -0.904965
v -0.380892 0.298850 -0.934605
v -0.830461 0.033553 -1.206456
v -0.406743 0.339437 -0.968434
v -0.706145 -0.161637 -1.043769
v -0.662924 -0.173146 -1.005571
v -0.821544 -0.019258 -1.182139
v -0.439724 0.371436 -1.005148
v -0.616993 -0.173551 -0.968832
v -0.821544 -0.019258 -1.182139
v -0.803821 -0.066870 -1.152498
v -0.478572 0.393618 -1.043338
v -0.570112 -0.162826 -0.934963
v -0.777974 -0.107456 -1.118672
v -0.521791 0.405131 -1.081536
v -0.524089 -0.141386 -0.905269
v -0.744991 -0.139451 -1.081958
v -0.567724 0.405532 -1.118274
v -0.524089 -0.141386 -0.905269
v -0.480689 -0.110056 -0.880890
v -0.614604 0.394807 -1.152143
v -0.441578 -0.070036 -0.862761
v -0.660628 0.373367 -1.181837
v -0.408264 -0.022870 -0.851579
v -0.660628 0.373367 -1.181837
v -0.704028 0.342037 -1.206216
v -0.382024 0.029632 -0.847776
v -0.615271 0.121031 -0.575443
v -0.471854 0.062147 -0.441952
v -0.414351 0.314747 -0.987491
v -0.390903 0.277930 -0.956806
v -0.406675 0.262475 -0.967459
v -0.428020 0.295992 -0.995393
v -0.380892 0.298850 -0.934605
v -0.363170 0.251238 -0.904965
v -0.374827 0.234740 -0.929918
v -0.830461 0.033553 -1.206456
v -0.798719 0.037272 -1.203408
v -0.406743 0.339437 -0.968434
v -0.662924 -0.173146 -1.005571
v -0.706145 -0.161637 -1.043769
v -0.685947 -0.139788 -1.055830
v -0.646741 -0.150235 -1.021179
v -0.821544 -0.019258 -1.182139
v -0.790631 -0.010633 -1.181352
v -0.439724 0.371436 -1.005148
v -0.444269 0.343775 -1.020796
v -0.616993 -0.173551 -0.968832
v -0.605074 -0.150598 -0.987852
v -0.803821 -0.066870 -1.152498
v -0.774555 -0.053823 -1.154464
v -0.478572 0.393618 -1.043338
v -0.479509 0.363899 -1.055440
v -0.570112 -0.162826 -0.934963
v -0.562549 -0.140868 -0.957131
v -0.777974 -0.107456 -1.118672
v -0.751107 -0.090640 -1.123779
v -0.521791 0.405131 -1.081536
v -0.518717 0.374342 -1.090091
v -0.524089 -0.141386 -0.905269
v -0.520800 -0.121419 -0.930195
v -0.744991 -0.139451 -1.081958
v -0.721189 -0.119669 -1.090474
v -0.567724 0.405532 -1.118274
v -0.560384 0.374704 -1.123418
v -0.480689 -0.110056 -0.880890
v -0.481431 -0.092999 -0.908079
v -0.614604 0.394807 -1.152143
v -0.602909 0.364975 -1.154139
v -0.441578 -0.070036 -0.862761
v -0.445954 -0.056698 -0.891634
v -0.660628 0.373367 -1.181837
v -0.644658 0.345526 -1.181075
v -0.408264 -0.022870 -0.851579
v -0.415732 -0.013913 -0.881490
v -0.704028 0.342037 -1.206216
v -0.684027 0.317106 -1.203191
v -0.382024 0.029632 -0.847776
v -0.391927 0.033715 -0.878038
v -0.743138 0.302017 -1.224346
v -0.719504 0.280805 -1.219637
v -0.363867 0.085453 -0.851495
v -0.375457 0.084353 -0.881413
v -0.776450 0.254850 -1.235524
v -0.749726 0.238019 -1.229781
v -0.354491 0.142448 -0.862596
v -0.366953 0.136055 -0.891484
v -0.802693 0.202349 -1.239331
v -0.773528 0.190391 -1.233229
v -0.354256 0.198428 -0.880651
v -0.366740 0.186835 -0.907862
v -0.523028 0.350243 -1.088793
v -0.487336 0.340736 -1.057248
v -0.491331 0.330988 -1.057256
v -0.525505 0.340093 -1.087460
v -0.639574 -0.127300 -1.026060
v -0.601645 -0.127634 -0.995722
v -0.777926 0.043394 -1.191951
v -0.770562 -0.000216 -1.171870
v -0.455255 0.322418 -1.025711
v -0.562932 -0.118776 -0.967754
v -0.755928 -0.039536 -1.147394
v -0.524923 -0.101070 -0.943231
v -0.734583 -0.073053 -1.119459
v -0.489085 -0.075197 -0.923099
v -0.707347 -0.099474 -1.089142
v -0.456787 -0.042151 -0.908127
v -0.560958 0.350574 -1.119131
v -0.675266 -0.117793 -1.057604
v -0.599671 0.341715 -1.147098
v -0.637676 0.324012 -1.171619
v -0.429276 -0.003203 -0.898893
v -0.673519 0.298136 -1.191753
v -0.407606 0.040154 -0.895752
v -0.705816 0.265091 -1.206725
v -0.392612 0.086252 -0.898824
v -0.733325 0.226141 -1.215957
v -0.384870 0.133318 -0.907991
v -0.754994 0.182784 -1.219098
v -0.384678 0.179545 -0.922902
v -0.769988 0.136686 -1.216026
v -0.392036 0.223158 -0.942979
v -0.777733 0.089621 -1.206861
v -0.635282 0.314975 -1.166765
v -0.598891 0.331930 -1.143287
v -0.599790 0.321137 -1.136513
v -0.634276 0.305071 -1.158763
v -0.563711 -0.108987 -0.971565
v -0.527322 -0.092035 -0.948087
v -0.728065 -0.065207 -1.116821
v -0.701988 -0.090506 -1.087794
v -0.561826 0.340408 -1.116509
v -0.493004 -0.067264 -0.928808
v -0.671272 -0.108049 -1.057596
v -0.462082 -0.035619 -0.914476
v -0.435739 0.001671 -0.905633
v -0.669596 0.290202 -1.186041
v -0.414991 0.043186 -0.902625
v -0.700520 0.258562 -1.200377
v -0.400633 0.087325 -0.905566
v -0.726862 0.221267 -1.209217
v -0.393222 0.132392 -0.914345
v -0.747612 0.179753 -1.212227
v -0.393034 0.176652 -0.928619
v -0.761967 0.135613 -1.209283
v -0.400085 0.218408 -0.947846
v -0.769382 0.090547 -1.200507
v -0.414096 0.256058 -0.971282
v -0.769567 0.046286 -1.186231
v -0.434535 0.288145 -0.998028
v -0.637096 -0.117150 -1.027393
v -0.762518 0.004531 -1.167006
v -0.460613 0.313450 -1.027058
v -0.600778 -0.117468 -0.998343
v -0.748506 -0.033114 -1.143571
v -0.721068 0.216266 -1.198996
v -0.696103 0.251608 -1.190616
v -0.694641 0.244843 -1.174105
v -0.717954 0.211840 -1.181930
v -0.470135 -0.027182 -0.919669
v -0.445173 0.008161 -0.911292
v -0.666797 0.281596 -1.177032
v -0.425510 0.047502 -0.908441
v -0.411905 0.089331 -0.911229
v -0.404878 0.132037 -0.919545
v -0.740731 0.176924 -1.201847
v -0.404704 0.173986 -0.933077
v -0.754336 0.135096 -1.199059
v -0.411385 0.213557 -0.951297
v -0.761360 0.092388 -1.190740
v -0.424662 0.249238 -0.973507
v -0.761537 0.050440 -1.177211
v -0.444033 0.279651 -0.998855
v -0.668385 -0.095822 -1.055305
v -0.635998 -0.104448 -1.026682
v -0.754856 0.010869 -1.158991
v -0.468747 0.303626 -1.026366
v -0.601580 -0.104747 -0.999154
v -0.741577 -0.024808 -1.136781
v -0.497856 0.320248 -1.054983
v -0.566451 -0.096711 -0.973775
v -0.722207 -0.055220 -1.111432
v -0.530243 0.328875 -1.083605
v -0.531965 -0.080645 -0.951525
v -0.697494 -0.079200 -1.083922
v -0.564661 0.329174 -1.111134
v -0.499444 -0.057169 -0.933256
v -0.755580 0.096159 -1.174220
v -0.749021 0.136040 -1.181989
v -0.741355 0.137366 -1.157648
v -0.747254 0.101526 -1.150670
v -0.429249 0.093305 -0.913206
v -0.422690 0.133186 -0.920975
v -0.736314 0.175101 -1.184591
v -0.422523 0.172359 -0.933607
v -0.428761 0.209312 -0.950621
v -0.441162 0.242628 -0.971361
v -0.755745 0.056990 -1.161588
v -0.459252 0.271026 -0.995034
v -0.668756 -0.079594 -1.047748
v -0.638513 -0.087652 -1.021019
v -0.749505 0.020036 -1.144572
v -0.482330 0.293419 -1.020723
v -0.606372 -0.087931 -0.995312
v -0.737105 -0.013284 -1.123831
v -0.509514 0.308939 -1.047447
v -0.573568 -0.080428 -0.971612
v -0.719018 -0.041681 -1.100162
v -0.539757 0.316997 -1.074176
v -0.541362 -0.065423 -0.950834
v -0.695940 -0.064074 -1.074472
v -0.571898 0.317276 -1.099883
v -0.510993 -0.043499 -0.933775
v -0.604699 0.309772 -1.123581
v -0.483629 -0.015498 -0.921090
v -0.636904 0.294770 -1.144359
v -0.460316 0.017505 -0.913265
v -0.667275 0.272848 -1.161421
v -0.441956 0.054244 -0.910604
v -0.613166 -0.063905 -0.989892
v -0.642049 -0.063650 -1.012995
v -0.646772 -0.042206 -1.003966
v -0.620708 -0.042431 -0.983119
v -0.453560 0.203211 -0.949734
v -0.464701 0.233152 -0.968370
v -0.747398 0.066328 -1.139314
v -0.480956 0.258673 -0.989642
v -0.669228 -0.056410 -1.037015
v -0.741794 0.033120 -1.124026
v -0.501696 0.278795 -1.012729
v -0.730650 0.003177 -1.105387
v -0.526125 0.292745 -1.036744
v -0.583686 -0.057158 -0.968595
v -0.714395 -0.022344 -1.084115
v -0.553303 0.299984 -1.060765
v -0.554748 -0.043677 -0.949925
v -0.693656 -0.042461 -1.061031
v -0.582187 0.300236 -1.083867
v -0.527455 -0.023975 -0.934593
v -0.611663 0.293491 -1.105162
v -0.502863 0.001190 -0.923194
v -0.640606 0.280007 -1.123834
v -0.481914 0.030845 -0.916162
v -0.667897 0.260310 -1.139167
v -0.465413 0.063861 -0.913770
v -0.692490 0.235145 -1.150566
v -0.453995 0.098963 -0.916109
v -0.713437 0.205484 -1.157595
v -0.448100 0.134804 -0.923090
v -0.729938 0.172468 -1.159988
v -0.447951 0.170005 -0.934442
v -0.543363 -0.006401 -0.933217
v -0.567992 -0.024179 -0.947052
v -0.575881 0.005562 -0.963032
v -0.556267 0.019722 -0.952014
v -0.736782 0.045122 -1.104161
v -0.726725 0.018103 -1.087341
v -0.520117 0.266819 -1.003726
v -0.542163 0.279405 -1.025398
v -0.594108 -0.036346 -0.963902
v -0.712057 -0.004925 -1.068147
v -0.566689 0.285940 -1.047075
v -0.567992 -0.024179 -0.947052
v -0.693341 -0.023086 -1.047311
v -0.592751 0.286169 -1.067921
v -0.543363 -0.006401 -0.933217
v -0.671298 -0.035671 -1.025642
v -0.619353 0.280080 -1.087138
v -0.521170 0.016305 -0.922928
v -0.645469 0.267913 -1.103988
v -0.502267 0.043069 -0.916585
v -0.670098 0.250135 -1.117823
v -0.487377 0.072863 -0.914427
v -0.692289 0.227427 -1.128109
v -0.477073 0.104540 -0.916537
v -0.711194 0.200665 -1.134456
v -0.471751 0.136880 -0.922835
v -0.726084 0.170871 -1.136613
v -0.471620 0.168645 -0.933081
v -0.736388 0.139194 -1.134503
v -0.476680 0.198612 -0.946879
v -0.741707 0.106853 -1.128203
v -0.486736 0.225631 -0.963699
v -0.741841 0.075089 -1.117959
v -0.501402 0.248663 -0.982894
v -0.671298 -0.035671 -1.025642
v -0.693341 -0.023086 -1.047311
v -0.675701 0.006435 -1.042873
v -0.658149 -0.003587 -1.025617
v -0.619353 0.280080 -1.087138
v -0.592751 0.286169 -1.067921
v -0.595597 0.252707 -1.059285
v -0.616781 0.247861 -1.074589
v -0.521170 0.016305 -0.922928
v -0.538594 0.037805 -0.943822
v -0.645469 0.267913 -1.103988
v -0.637581 0.238172 -1.088009
v -0.502267 0.043069 -0.916585
v -0.523542 0.059117 -0.938771
v -0.670098 0.250135 -1.117823
v -0.657194 0.224012 -1.099026
v -0.487377 0.072863 -0.914427
v -0.511684 0.082843 -0.937052
v -0.692289 0.227427 -1.128109
v -0.674865 0.205933 -1.107218
v -0.477073 0.104540 -0.916537
v -0.503479 0.108069 -0.938733
v -0.711194 0.200665 -1.134456
v -0.689919 0.184617 -1.112270
v -0.471751 0.136880 -0.922835
v -0.499240 0.133825 -0.943747
v -0.726084 0.170871 -1.136613
v -0.701777 0.160891 -1.113989
v -0.471620 0.168645 -0.933081
v -0.499134 0.159121 -0.951906
v -0.736388 0.139194 -1.134503
v -0.709982 0.135665 -1.112308
v -0.476680 0.198612 -0.946879
v -0.503164 0.182983 -0.962894
v -0.741707 0.106853 -1.128203
v -0.714220 0.109913 -1.107293
v -0.486736 0.225631 -0.963699
v -0.511170 0.204499 -0.976287
v -0.741841 0.075089 -1.117959
v -0.714326 0.084617 -1.099134
v -0.501402 0.248663 -0.982894
v -0.522851 0.222839 -0.991573
v -0.646772 -0.042206 -1.003966
v -0.638617 -0.008791 -1.008355
v -0.736782 0.045122 -1.104161
v -0.710297 0.060751 -1.088146
v -0.520117 0.266819 -1.003726
v -0.537757 0.237297 -1.008165
v -0.620708 -0.042431 -0.983119
v -0.617861 -0.008974 -0.991753
v -0.726725 0.018103 -1.087341
v -0.702288 0.039234 -1.074751
v -0.542163 0.279405 -1.025398
v -0.555313 0.247321 -1.025423
v -0.594108 -0.036346 -0.963902
v -0.596677 -0.004128 -0.976449
v -0.712057 -0.004925 -1.068147
v -0.690607 0.020893 -1.059465
v -0.566689 0.285940 -1.047075
v -0.574844 0.252525 -1.042685
v -0.234534 -0.030902 -0.737961
v -0.212336 0.023259 -0.737920
v -0.175412 0.008099 -0.703551
v -0.197610 -0.046063 -0.703593
v -0.421678 0.041569 -0.424210
v -0.425947 0.055853 -0.413324
v -0.387447 0.099588 -0.435393
v -0.374657 0.089567 -0.453555
v -0.559321 0.166618 -0.301899
v -0.574006 0.181577 -0.279523
v -0.514879 0.157339 -0.273013
v -0.500194 0.142379 -0.295388
v -0.845325 0.287522 0.058702
v -0.869435 0.228697 0.058657
v -0.810308 0.204458 0.065167
v -0.786198 0.263284 0.065212
v -0.396856 0.035405 -0.453597
v -0.412727 0.037909 -0.435441
v -0.601267 0.115062 -0.279575
v -0.583439 0.107772 -0.301944
v -0.524312 0.083534 -0.295434
v -0.542140 0.090824 -0.273064
v -0.470725 0.115099 -0.419807
v -0.553879 0.151867 -0.314252
v -0.494754 0.127630 -0.307739
v -0.411599 0.090860 -0.413296
v -0.547610 0.097046 -0.264443
v -0.810308 0.204458 0.065167
v -0.740854 0.184966 -0.474057
v -0.665940 0.154351 -0.588183
v -0.485073 0.080091 -0.419834
v -0.569198 0.114488 -0.314281
v -0.615818 0.189700 -0.578704
v -0.654751 0.190656 -0.591096
v -0.470725 0.115099 -0.419807
v -0.456786 0.124404 -0.430678
v -0.728872 0.223715 -0.477134
v -0.717415 0.231527 -0.449052
v -0.553879 0.151867 -0.314252
v -0.966537 0.337289 -0.054121
v -0.845325 0.287522 0.058702
v -0.725912 0.166238 -0.395593
v -0.737866 0.171177 -0.445684
v -0.636186 0.129603 -0.575353
v -0.480802 0.065806 -0.430723
v -0.382024 0.029632 -0.847776
v -0.363867 0.085453 -0.851495
v -0.702888 0.234493 -0.399485
v -0.615818 0.189700 -0.578704
v -0.456786 0.124404 -0.430678
v -0.437636 0.104222 -0.310551
v -0.354483 0.067454 -0.416106
v -0.490495 0.073639 -0.267253
v -0.753192 0.181051 0.062357
v -0.510074 0.090251 -0.307768
v -0.425947 0.055853 -0.413324
v -0.368831 0.032446 -0.416133
v -0.452956 0.066843 -0.310580
v -0.397661 0.100167 -0.424165
v -0.340543 0.076759 -0.426977
v -0.330332 0.076181 -0.438203
v -0.514879 0.157339 -0.273013
v -0.523500 0.155871 -0.264398
v -0.466385 0.132465 -0.267207
v -0.457763 0.133932 -0.275822
v -0.421678 0.041569 -0.424210
v -0.355611 0.014502 -0.438251
v -0.364560 0.018161 -0.427023
v -0.485025 0.067417 -0.275874
v -0.197610 -0.046063 -0.703593
v -0.166105 -0.058998 -0.674268
v -0.339740 0.011999 -0.456406
v -0.494754 0.127630 -0.307739
v -0.443079 0.118972 -0.298198
v -0.437636 0.104222 -0.310551
v -0.786198 0.263284 0.065212
v -0.411599 0.090860 -0.413296
v -0.397661 0.100167 -0.424165
v -0.510074 0.090251 -0.307768
v -0.524312 0.083534 -0.295434
v -0.175412 0.008099 -0.703551
v -0.143907 -0.004836 -0.674226
v -0.317542 0.066160 -0.456364
v -0.267535 0.045669 -0.462279
v -0.128991 -0.010979 -0.636112
v -0.467197 0.060127 -0.298243
v -0.452956 0.066843 -0.310580
v -0.402950 0.046352 -0.316495
v -0.417188 0.039635 -0.304161
v -0.340543 0.076759 -0.426977
v -0.354483 0.067454 -0.416106
v -0.304477 0.046963 -0.422021
v -0.290537 0.056268 -0.432892
v -0.729083 0.239877 0.062403
v -0.679076 0.219386 0.056488
v -0.416376 0.111973 -0.273125
v -0.166105 -0.058998 -0.674268
v -0.143907 -0.004836 -0.674226
v -0.128991 -0.010979 -0.636112
v -0.151190 -0.065140 -0.636154
v -0.368831 0.032446 -0.416133
v -0.364560 0.018161 -0.427023
v -0.314554 -0.002330 -0.432938
v -0.318825 0.011955 -0.422048
v -0.330332 0.076181 -0.438203
v -0.280323 0.055689 -0.444121
v -0.457763 0.133932 -0.275822
v -0.407754 0.113440 -0.281740
v -0.393070 0.098480 -0.304116
v -0.729083 0.239877 0.062403
v -0.753192 0.181051 0.062357
v -0.703186 0.160560 0.056443
v -0.679076 0.219386 0.056488
v -0.467197 0.060127 -0.298243
v -0.364560 0.018161 -0.427023
v -0.368831 0.032446 -0.416133
v -0.397661 0.100167 -0.424165
v -0.411599 0.090860 -0.413296
v -0.367724 0.097005 -0.244481
v -0.353040 0.082045 -0.266856
v -0.532650 0.090764 -0.070045
v -0.508540 0.149589 -0.070000
v -0.305602 -0.005990 -0.444169
v -0.289734 -0.008492 -0.462321
v -0.249704 -0.024928 -0.425062
v -0.264173 -0.019011 -0.406907
v -0.435016 0.046925 -0.281792
v -0.377158 0.023200 -0.266902
v -0.394986 0.030490 -0.244532
v -0.304477 0.046963 -0.422021
v -0.387630 0.083731 -0.316466
v -0.347600 0.067296 -0.279207
v -0.264447 0.030528 -0.384761
v -0.703186 0.160560 0.056443
v -0.440486 0.053147 -0.273171
v -0.400456 0.036712 -0.235911
v -0.532650 0.090764 -0.070045
v -0.318825 0.011955 -0.422048
v -0.281797 -0.011805 -0.384794
v -0.365922 0.022592 -0.279241
v -0.290537 0.056268 -0.432892
v -0.253085 0.033542 -0.395637
v -0.242871 0.032963 -0.406866
v -0.407754 0.113440 -0.281740
v -0.376346 0.095537 -0.235866
v -0.367724 0.097005 -0.244481
v -0.387630 0.083731 -0.316466
v -0.151190 -0.065140 -0.636154
v -0.314554 -0.002330 -0.432938
v -0.400456 0.036712 -0.235911
v -0.376346 0.095537 -0.235866
v -0.394986 0.030490 -0.244532
v -0.367724 0.097005 -0.244481
v -0.377158 0.023200 -0.266902
v -0.353040 0.082045 -0.266856
v -0.365922 0.022592 -0.279241
v -0.347600 0.067296 -0.279207
v -0.281797 -0.011805 -0.384794
v -0.264447 0.030528 -0.384761
v -0.273125 -0.015351 -0.395675
v -0.253085 0.033542 -0.395637
v -0.264173 -0.019011 -0.406907
v -0.242871 0.032963 -0.406866
v -0.249704 -0.024928 -0.425062
v -0.227506 0.029234 -0.425020
v -0.111160 -0.081576 -0.598894
v -0.088962 -0.027414 -0.598852
v -0.227506 0.029234 -0.425020
v -0.273125 -0.015351 -0.395675
v -0.088962 -0.027414 -0.598852
v -0.111160 -0.081576 -0.598894
v -0.508540 0.149589 -0.070000
v -0.304477 0.046963 -0.422021
v -0.264447 0.030528 -0.384761
v -0.088962 -0.027414 -0.598852
v -0.387630 0.083731 -0.316466
v -0.347600 0.067296 -0.279207
v -0.111160 -0.081576 -0.598894
v -1.373214 0.734270 -0.623844
v -1.635911 0.841682 -0.294234
v -0.633390 0.405351 -1.551020
v -0.842270 0.490759 -1.288936
v -1.180425 0.356827 -0.804938
v -1.443123 0.464239 -0.475328
v -1.679774 0.732120 -0.300508
v -1.417076 0.624708 -0.630119
v -1.443123 0.464239 -0.475328
v -1.414626 0.521259 -0.471198
v -1.632538 0.765878 -0.273863
v -1.679774 0.732120 -0.300508
v -0.802693 0.202349 -1.239331
v -1.011573 0.287756 -0.977246
v -0.873175 0.386673 -1.286669
v -0.664295 0.301266 -1.548753
v -0.829683 0.417755 -1.262135
v -0.873175 0.386673 -1.286669
v -0.776450 0.254850 -1.235524
v -0.802693 0.202349 -1.239331
v -0.664295 0.301266 -1.548753
v -0.620803 0.332348 -1.524219
v -1.417076 0.624708 -0.630119
v -1.369840 0.658466 -0.603473
v -1.346014 0.806609 -0.626941
v -1.608714 0.914022 -0.297328
v -0.612958 0.478985 -1.559934
v -0.821838 0.564392 -1.297849
v -0.889036 0.483691 -1.323905
v -1.424001 0.726591 -0.661819
v -1.392486 0.820506 -0.668507
v -0.864627 0.577194 -1.336123
v -0.680156 0.398283 -1.585989
v -0.620803 0.332348 -1.524219
v -0.664295 0.301266 -1.548753
v -0.680156 0.398283 -1.585989
v -0.633390 0.405351 -1.551020
v -1.686699 0.834004 -0.332208
v -1.679774 0.732120 -0.300508
v -1.632538 0.765878 -0.273863
v -1.635911 0.841682 -0.294234
v -1.686699 0.834004 -0.332208
v -0.655747 0.491787 -1.598208
v -0.655747 0.491787 -1.598208
v -0.612958 0.478985 -1.559934
v -1.655186 0.927919 -0.338894
v -1.608714 0.914022 -0.297328
v -1.655186 0.927919 -0.338894
v -0.579190 0.547258 -1.556398
v -0.612581 0.578674 -1.593248
v -0.592039 0.601432 -1.585232
v -0.569837 0.557393 -1.553186
v -0.612581 0.578674 -1.593248
v -0.821461 0.664081 -1.331164
v -0.760191 0.721739 -1.302055
v -0.592039 0.601432 -1.585232
v -1.306642 0.870593 -0.617542
v -0.788070 0.632665 -1.294314
v -0.737989 0.677701 -1.270009
v -1.253380 0.910110 -0.588904
v -0.704985 0.769534 -1.274626
v -0.571361 0.619642 -1.575681
v -0.682780 0.725494 -1.242577
v -1.198174 0.957905 -0.561475
v -1.550147 0.988332 -0.276933
v -1.540623 0.996982 -0.273157
v -1.342908 0.904710 -0.657564
v -1.605606 1.012122 -0.327954
v -1.574264 1.036160 -0.311741
v -1.277496 0.957943 -0.623711
v -1.605606 1.012122 -0.327954
v -1.569340 0.978006 -0.287932
v -1.550147 0.988332 -0.276933
v -1.574264 1.036160 -0.311741
v -0.579190 0.547258 -1.556398
v -0.569837 0.557393 -1.553186
v -1.569340 0.978006 -0.287932
v -1.540623 0.996982 -0.273157
v -1.198174 0.957905 -0.561475
v -1.222287 1.005736 -0.596280
v -1.564736 1.044814 -0.307962
v -0.704985 0.769534 -1.274626
v -0.682780 0.725494 -1.242577
v -0.549156 0.575602 -1.543632
v -0.571361 0.619642 -1.575681
v -0.571361 0.619642 -1.575681
v -0.549156 0.575602 -1.543632
v -1.564736 1.044814 -0.307962
v -1.222287 1.005736 -0.596280
v -1.540623 0.996982 -0.273157
v -1.564736 1.044814 -0.307962
v -0.549156 0.575602 -1.543632
v -0.539451 0.256914 -0.261682
v -0.558440 0.267756 -0.280349
v -0.381295 0.195324 -0.502616
v -0.362306 0.184483 -0.483948
v -0.574559 0.283394 -0.298292
v -0.397414 0.210963 -0.520558
v -0.587193 0.303234 -0.314827
v -0.410048 0.230802 -0.537093
v -0.595856 0.326507 -0.329316
v -0.418711 0.254076 -0.551582
v -0.595856 0.326507 -0.329316
v -0.600215 0.352318 -0.341201
v -0.423070 0.279886 -0.563467
v -0.418711 0.254076 -0.551582
v -0.600099 0.379679 -0.350024
v -0.422954 0.307248 -0.572290
v -0.595515 0.407537 -0.355449
v -0.418370 0.335106 -0.577715
v -0.586643 0.434820 -0.357269
v -0.409498 0.362389 -0.579536
v -0.573815 0.460483 -0.355408
v -0.396670 0.388052 -0.577674
v -0.557532 0.483538 -0.349944
v -0.380387 0.411106 -0.572210
v -0.538417 0.503099 -0.341084
v -0.361272 0.430668 -0.563350
v -0.517204 0.518410 -0.329167
v -0.340059 0.445979 -0.551433
v -0.517204 0.518410 -0.329167
v -0.494707 0.528890 -0.314652
v -0.317562 0.456459 -0.536918
v -0.340059 0.445979 -0.551433
v -0.471794 0.534130 -0.298098
v -0.294648 0.461699 -0.520364
v -0.449341 0.533937 -0.280140
v -0.272196 0.461506 -0.502407
v -0.428218 0.528309 -0.261471
v -0.251073 0.455878 -0.483737
v -0.409228 0.517467 -0.242803
v -0.232083 0.445036 -0.465070
v -0.393109 0.501824 -0.224858
v -0.215963 0.429393 -0.447124
v -0.380476 0.481989 -0.208326
v -0.203331 0.409558 -0.430592
v -0.371813 0.458716 -0.193837
v -0.194667 0.386285 -0.416104
v -0.371813 0.458716 -0.193837
v -0.367454 0.432905 -0.181952
v -0.190308 0.360474 -0.404218
v -0.194667 0.386285 -0.416104
v -0.367570 0.405544 -0.173129
v -0.190425 0.333113 -0.395395
v -0.372154 0.377686 -0.167704
v -0.195009 0.305255 -0.389970
v -0.381027 0.350399 -0.165883
v -0.203882 0.277968 -0.388150
v -0.393854 0.324740 -0.167745
v -0.216709 0.252308 -0.390011
v -0.410137 0.301685 -0.173209
v -0.232992 0.229254 -0.395476
v -0.429252 0.282124 -0.182069
v -0.252107 0.209693 -0.404335
v -0.450465 0.266813 -0.193986
v -0.273320 0.194381 -0.416252
v -0.450465 0.266813 -0.193986
v -0.472962 0.256333 -0.208501
v -0.295817 0.183902 -0.430768
v -0.273320 0.194381 -0.416252
v -0.495877 0.251089 -0.225055
v -0.318732 0.178658 -0.447322
v -0.236560 0.209987 -0.435008
v -0.218887 0.228070 -0.426816
v -0.518327 0.251286 -0.243013
v -0.341182 0.178855 -0.465279
v -0.494707 0.528890 -0.314652
v -0.504010 0.511312 -0.292163
v -0.484812 0.515706 -0.278294
v -0.471794 0.534130 -0.298098
v -0.540629 0.489702 -0.314306
v -0.537785 0.474564 -0.294418
v -0.523373 0.484970 -0.286323
v -0.522854 0.502533 -0.304321
v -0.539451 0.256914 -0.261682
v -0.541495 0.283445 -0.247782
v -0.557403 0.292531 -0.263421
v -0.558440 0.267756 -0.280349
v -0.367570 0.405544 -0.173129
v -0.397492 0.407970 -0.173592
v -0.401331 0.384628 -0.169045
v -0.372154 0.377686 -0.167704
v -0.518327 0.251286 -0.243013
v -0.523795 0.278733 -0.232140
v -0.573815 0.460483 -0.355408
v -0.570287 0.453998 -0.326308
v -0.556643 0.473314 -0.321729
v -0.557532 0.483538 -0.349944
v -0.393109 0.501824 -0.224858
v -0.418886 0.488638 -0.216931
v -0.408302 0.472017 -0.203078
v -0.380476 0.481989 -0.208326
v -0.429252 0.282124 -0.182069
v -0.449168 0.304569 -0.181081
v -0.466943 0.291738 -0.191067
v -0.450465 0.266813 -0.193986
v -0.600215 0.352318 -0.341201
v -0.592404 0.363378 -0.314404
v -0.592306 0.386301 -0.321796
v -0.600099 0.379679 -0.350024
v -0.466002 0.515538 -0.263248
v -0.449341 0.533937 -0.280140
v -0.408768 0.361770 -0.167523
v -0.381027 0.350399 -0.165883
v -0.570911 0.305633 -0.278457
v -0.574559 0.283394 -0.298292
v -0.538417 0.503099 -0.341084
v -0.401045 0.452521 -0.190942
v -0.371813 0.458716 -0.193837
v -0.485788 0.282959 -0.203225
v -0.472962 0.256333 -0.208501
v -0.588468 0.409639 -0.326343
v -0.595515 0.407537 -0.355449
v -0.448302 0.510826 -0.247606
v -0.428218 0.528309 -0.261471
v -0.419512 0.340269 -0.169079
v -0.393854 0.324740 -0.167745
v -0.581496 0.322255 -0.292309
v -0.587193 0.303234 -0.314827
v -0.517204 0.518410 -0.329167
v -0.397394 0.430893 -0.180983
v -0.367454 0.432905 -0.181952
v -0.504986 0.278565 -0.217094
v -0.495877 0.251089 -0.225055
v -0.581032 0.432497 -0.327865
v -0.586643 0.434820 -0.357269
v -0.432395 0.501740 -0.231967
v -0.409228 0.517467 -0.242803
v -0.433155 0.320957 -0.173659
v -0.410137 0.301685 -0.173209
v -0.588752 0.341750 -0.304446
v -0.595856 0.326507 -0.329316
v -0.367454 0.432905 -0.181952
v -0.397394 0.430893 -0.180983
v -0.449168 0.304569 -0.181081
v -0.429252 0.282124 -0.182069
v -0.492528 0.495649 -0.265219
v -0.501658 0.480241 -0.250963
v -0.489342 0.480134 -0.241112
v -0.477276 0.495518 -0.253021
v -0.419512 0.340269 -0.169079
v -0.439580 0.353403 -0.176665
v -0.450640 0.337742 -0.180376
v -0.433155 0.320957 -0.173659
v -0.508092 0.492089 -0.276463
v -0.463628 0.324452 -0.186397
v -0.538488 0.307325 -0.240479
v -0.551389 0.314691 -0.253161
v -0.478039 0.314050 -0.194492
v -0.562339 0.325318 -0.265351
v -0.493320 0.306931 -0.204352
v -0.462924 0.491695 -0.240336
v -0.570921 0.338792 -0.276582
v -0.508884 0.303371 -0.215596
v -0.450023 0.484329 -0.227654
v -0.576806 0.354601 -0.286424
v -0.524136 0.303502 -0.227794
v -0.439073 0.473702 -0.215464
v -0.579766 0.372136 -0.294497
v -0.430491 0.460228 -0.204233
v -0.579688 0.390726 -0.300493
v -0.424606 0.444419 -0.194391
v -0.576574 0.409649 -0.304178
v -0.421648 0.426881 -0.186318
v -0.570546 0.428182 -0.305413
v -0.421724 0.408294 -0.180322
v -0.397492 0.407970 -0.173592
v -0.561832 0.445617 -0.304150
v -0.424838 0.389371 -0.176637
v -0.401331 0.384628 -0.169045
v -0.550772 0.461278 -0.300439
v -0.430868 0.370834 -0.175402
v -0.408768 0.361770 -0.167523
v -0.549193 0.334103 -0.241225
v -0.558037 0.342683 -0.251069
v -0.489958 0.333583 -0.193845
v -0.502298 0.327834 -0.201807
v -0.477751 0.477046 -0.230868
v -0.564969 0.353565 -0.260141
v -0.514868 0.324959 -0.210888
v -0.467333 0.471097 -0.220626
v -0.569720 0.366332 -0.268088
v -0.527184 0.325066 -0.220739
v -0.458490 0.462517 -0.210782
v -0.572109 0.380495 -0.274607
v -0.538775 0.328154 -0.230983
v -0.451557 0.451634 -0.201711
v -0.572048 0.395507 -0.279451
v -0.446806 0.438868 -0.193763
v -0.569535 0.410789 -0.282427
v -0.444417 0.424705 -0.187244
v -0.564667 0.425756 -0.283425
v -0.444478 0.409693 -0.182401
v -0.557630 0.439836 -0.282405
v -0.446992 0.394410 -0.179424
v -0.548696 0.452483 -0.279406
v -0.451861 0.379440 -0.178426
v -0.538207 0.463213 -0.274543
v -0.458896 0.365364 -0.179446
v -0.526569 0.471617 -0.268006
v -0.467831 0.352713 -0.182445
v -0.514229 0.477366 -0.260044
v -0.478319 0.341987 -0.187308
v -0.708401 0.545830 0.134463
v -0.696211 0.559660 0.154194
v -0.693087 0.541161 0.162712
v -0.706012 0.531666 0.140983
v -0.696453 0.501580 0.172927
v -0.692068 0.503096 0.192619
v -0.699387 0.480601 0.194116
v -0.702818 0.482023 0.174228
v -0.831127 0.517750 0.045802
v -0.856556 0.522977 0.038354
v -0.850193 0.542531 0.037053
v -0.826259 0.532716 0.044805
v -0.693171 0.521547 0.169036
v -0.706073 0.516654 0.145826
v -0.841001 0.560928 0.038383
v -0.819222 0.546796 0.045825
v -0.708587 0.501372 0.148803
v -0.829328 0.577450 0.042302
v -0.810292 0.559444 0.048820
v -0.713456 0.486402 0.149801
v -0.815626 0.591473 0.048653
v -0.799802 0.570174 0.053684
v -0.712008 0.463629 0.172898
v -0.720491 0.472325 0.148781
v -0.800423 0.602447 0.057194
v -0.788164 0.578578 0.060221
v -0.723681 0.447107 0.168978
v -0.729426 0.459675 0.145782
v -0.784297 0.609961 0.067598
v -0.775824 0.584327 0.068182
v -0.737383 0.433085 0.162628
v -0.739914 0.448948 0.140919
v -0.767875 0.613718 0.079462
v -0.763253 0.587202 0.077264
v -0.800370 0.435115 0.097243
v -0.816369 0.415014 0.105565
v -0.829977 0.422786 0.092187
v -0.810788 0.441064 0.087002
v -0.752586 0.422110 0.154087
v -0.751553 0.440544 0.134382
v -0.751781 0.613576 0.092335
v -0.750937 0.587095 0.087115
v -0.841534 0.433996 0.079322
v -0.819632 0.449645 0.077157
v -0.768712 0.414597 0.143683
v -0.763893 0.434795 0.126420
v -0.736640 0.609543 0.105716
v -0.739346 0.584007 0.097359
v -0.850590 0.448213 0.067472
v -0.826564 0.460527 0.068086
v -0.785134 0.410840 0.131819
v -0.776463 0.431921 0.117338
v -0.723029 0.601771 0.119097
v -0.728928 0.578059 0.107601
v -0.856798 0.464898 0.057087
v -0.831315 0.473293 0.060139
v -0.801228 0.410982 0.118946
v -0.788779 0.432028 0.107487
v -0.711475 0.590561 0.131958
v -0.720085 0.569478 0.117445
v -0.859922 0.483397 0.048569
v -0.833704 0.487456 0.053620
v -0.702421 0.576340 0.143808
v -0.713153 0.558596 0.126516
v -0.859838 0.503010 0.042245
v -0.833643 0.502468 0.048776
v -0.723386 0.440439 0.188077
v -0.968206 0.540542 0.495257
v -0.983964 0.524415 0.487954
v -0.739143 0.424312 0.180774
v -0.844901 0.590365 0.042373
v -0.829144 0.606492 0.049676
v -0.709958 0.459446 0.192585
v -0.811655 0.619116 0.059501
v -0.723386 0.440439 0.188077
v -0.793107 0.627755 0.071468
v -0.739143 0.424312 0.180774
v -0.774216 0.632078 0.085116
v -0.829996 0.403526 0.115138
v -0.845651 0.412468 0.099748
v -0.756632 0.411689 0.170949
v -0.755709 0.631916 0.099918
v -0.858940 0.425360 0.084955
v -0.775180 0.403049 0.158982
v -0.738291 0.627278 0.115312
v -0.869356 0.441716 0.071324
v -0.794071 0.398726 0.145334
v -0.722636 0.618337 0.130702
v -0.876499 0.460903 0.059378
v -0.812578 0.398889 0.130532
v -0.709347 0.605445 0.145495
v -0.880093 0.482182 0.049580
v -0.698931 0.589089 0.159126
v -0.879995 0.504739 0.042306
v -0.691788 0.569901 0.171072
v -0.876218 0.527709 0.037831
v -0.688194 0.548622 0.180871
v -0.868901 0.550200 0.036334
v -0.688291 0.526065 0.188144
v -0.858328 0.571358 0.037865
v -1.020001 0.503152 0.466162
v -1.032195 0.518373 0.476284
v -1.049307 0.514455 0.463923
v -1.038892 0.498829 0.452514
v -0.793107 0.627755 0.071468
v -1.037928 0.727858 0.378648
v -1.019036 0.732181 0.392295
v -0.774216 0.632078 0.085116
v -0.829996 0.403526 0.115138
v -1.074817 0.503629 0.422318
v -1.090472 0.512570 0.406928
v -0.845651 0.412468 0.099748
v -1.001453 0.511791 0.478129
v -0.756632 0.411689 0.170949
v -1.000530 0.732018 0.407098
v -0.755709 0.631916 0.099918
v -1.103761 0.525462 0.392135
v -0.858940 0.425360 0.084955
v -0.756632 0.411689 0.170949
v -1.001453 0.511791 0.478129
v -1.020001 0.503152 0.466162
v -0.775180 0.403049 0.158982
v -0.983111 0.727381 0.422492
v -0.738291 0.627278 0.115312
v -1.114177 0.541818 0.378503
v -0.869356 0.441716 0.071324
v -1.038892 0.498829 0.452514
v -0.794071 0.398726 0.145334
v -0.967457 0.718440 0.437882
v -0.722636 0.618337 0.130702
v -1.121320 0.561006 0.366558
v -0.876499 0.460903 0.059378
v -1.057399 0.498991 0.437712
v -0.812578 0.398889 0.130532
v -0.954168 0.705547 0.452675
v -0.709347 0.605445 0.145495
v -0.876499 0.460903 0.059378
v -1.121320 0.561006 0.366558
v -1.124910 0.582284 0.356762
v -0.880093 0.482182 0.049580
v -0.943752 0.689191 0.466306
v -0.698931 0.589089 0.159126
v -1.124816 0.604842 0.349486
v -0.879995 0.504739 0.042306
v -0.936609 0.670004 0.478252
v -0.691788 0.569901 0.171072
v -1.121039 0.627811 0.345011
v -0.876218 0.527709 0.037831
v -0.691788 0.569901 0.171072
v -0.936609 0.670004 0.478252
v -0.933015 0.648725 0.488050
v -0.688194 0.548622 0.180871
v -1.113722 0.650302 0.343513
v -0.868901 0.550200 0.036334
v -0.933112 0.626168 0.495324
v -0.688291 0.526065 0.188144
v -1.103149 0.671461 0.345045
v -0.858328 0.571358 0.037865
v -0.936889 0.603198 0.499799
v -0.692068 0.503096 0.192619
v -1.089722 0.690468 0.349552
v -0.844901 0.590365 0.042373
v -0.944208 0.580704 0.501296
v -0.699387 0.480601 0.194116
v -1.073961 0.706594 0.356858
v -0.829144 0.606492 0.049676
v -0.954779 0.559549 0.499765
v -0.709958 0.459446 0.192585
v -1.056476 0.719218 0.366681
v -0.811655 0.619116 0.059501
v -0.811655 0.619116 0.059501
v -1.056476 0.719218 0.366681
v -0.963126 0.686893 0.476415
v -0.994819 0.677340 0.484900
v -0.989831 0.663941 0.493242
v -0.956656 0.669516 0.487234
v -0.983111 0.727381 0.422492
v -0.998780 0.721487 0.436725
v -0.984601 0.713389 0.450665
v -0.967457 0.718440 0.437882
v -1.114177 0.541818 0.378503
v -1.117504 0.553399 0.396879
v -1.123974 0.570776 0.386060
v -1.121320 0.561006 0.366558
v -1.066074 0.514604 0.450511
v -1.057399 0.498991 0.437712
v -0.972560 0.701710 0.464068
v -0.954168 0.705547 0.452675
v -1.121320 0.561006 0.366558
v -1.123974 0.570776 0.386060
v -1.127229 0.590053 0.377183
v -1.124910 0.582284 0.356762
v -1.081850 0.518805 0.436568
v -1.074817 0.503629 0.422318
v -0.963126 0.686893 0.476415
v -0.943752 0.689191 0.466306
v -1.127141 0.610489 0.370594
v -1.124816 0.604842 0.349486
v -0.956656 0.669516 0.487234
v -0.936609 0.670004 0.478252
v -1.123718 0.631291 0.366543
v -1.121039 0.627811 0.345011
v -0.936609 0.670004 0.478252
v -0.956656 0.669516 0.487234
v -0.953402 0.650235 0.496111
v -0.933015 0.648725 0.488050
v -1.117092 0.651666 0.365185
v -1.113722 0.650302 0.343513
v -0.953489 0.629803 0.502700
v -0.933112 0.626168 0.495324
v -1.107512 0.670834 0.366574
v -1.103149 0.671461 0.345045
v -0.956909 0.609000 0.506754
v -0.936889 0.603198 0.499799
v -1.095353 0.688049 0.370654
v -1.089722 0.690468 0.349552
v -0.963540 0.588622 0.508109
v -0.944208 0.580704 0.501296
v -1.081079 0.702656 0.377270
v -1.073961 0.706594 0.356858
v -0.973116 0.569457 0.506723
v -0.954779 0.559549 0.499765
v -1.065234 0.714095 0.386171
v -1.056476 0.719218 0.366681
v -0.985277 0.552243 0.502640
v -0.968206 0.540542 0.495257
v -1.056476 0.719218 0.366681
v -1.065234 0.714095 0.386171
v -1.048435 0.721919 0.397009
v -1.037928 0.727858 0.378648
v -0.999553 0.537632 0.496023
v -0.983964 0.524415 0.487954
v -1.031323 0.725837 0.409371
v -1.019036 0.732181 0.392295
v -1.096029 0.526903 0.422629
v -1.090472 0.512570 0.406928
v -1.015396 0.526197 0.487123
v -1.001453 0.511791 0.478129
v -1.014556 0.725688 0.422783
v -1.000530 0.732018 0.407098
v -1.108070 0.538582 0.409226
v -1.103761 0.525462 0.392135
v -1.001453 0.511791 0.478129
v -1.015396 0.526197 0.487123
v -0.987390 0.633323 0.505165
v -1.007224 0.633765 0.500331
v -1.009281 0.621257 0.502768
v -0.990026 0.617284 0.508290
v -1.127141 0.610489 0.370594
v -1.121280 0.618430 0.403309
v -1.118642 0.634472 0.400183
v -1.123718 0.631291 0.366543
v -0.989831 0.663941 0.493242
v -0.987323 0.649078 0.500084
v -1.113532 0.650181 0.399137
v -1.117092 0.651666 0.365185
v -0.987390 0.633323 0.505165
v -1.106146 0.664960 0.400207
v -1.107512 0.670834 0.366574
v -0.990026 0.617284 0.508290
v -1.096770 0.678231 0.403355
v -1.095353 0.688049 0.370654
v -0.995138 0.601571 0.509337
v -1.085763 0.689496 0.408457
v -1.081079 0.702656 0.377270
v -1.002522 0.586796 0.508267
v -1.073549 0.698314 0.415318
v -1.065234 0.714095 0.386171
v -1.011900 0.573521 0.505118
v -1.060597 0.704347 0.423675
v -1.048435 0.721919 0.397009
v -1.022905 0.562261 0.500017
v -1.047401 0.707368 0.433207
v -1.031323 0.725837 0.409371
v -1.081850 0.518805 0.436568
v -1.086358 0.547744 0.454176
v -1.097291 0.553986 0.443429
v -1.096029 0.526903 0.422629
v -1.035119 0.553443 0.493156
v -1.034474 0.707252 0.443548
v -1.014556 0.725688 0.422783
v -1.106574 0.562990 0.433095
v -1.108070 0.538582 0.409226
v -1.015396 0.526197 0.487123
v -1.035119 0.553443 0.493156
v -1.048074 0.547406 0.484799
v -1.032195 0.518373 0.476284
v -1.022311 0.704012 0.454298
v -0.998780 0.721487 0.436725
v -1.113851 0.574412 0.423574
v -1.117504 0.553399 0.396879
v -1.061268 0.544389 0.475266
v -1.049307 0.514455 0.463923
v -1.011378 0.697770 0.465045
v -0.984601 0.713389 0.450665
v -1.118837 0.587815 0.415232
v -1.123974 0.570776 0.386060
v -1.074195 0.544504 0.464926
v -1.066074 0.514604 0.450511
v -1.002094 0.688766 0.475378
v -0.972560 0.701710 0.464068
v -1.121346 0.602678 0.408390
v -1.127229 0.590053 0.377183
v -1.019023 0.597486 0.502750
v -1.018765 0.598996 0.491687
v -1.025230 0.589841 0.489518
v -1.026335 0.587136 0.500295
v -1.099822 0.658431 0.418493
v -1.092510 0.668781 0.420948
v -1.013268 0.609006 0.503583
v -0.995138 0.601571 0.509337
v -1.083930 0.677562 0.424925
v -1.019023 0.597486 0.502750
v -1.002522 0.586796 0.508267
v -1.074403 0.684438 0.430277
v -1.026335 0.587136 0.500295
v -1.011900 0.573521 0.505118
v -1.064305 0.689143 0.436792
v -1.034917 0.578352 0.496318
v -1.022905 0.562261 0.500017
v -1.054015 0.691498 0.444226
v -1.084393 0.567034 0.460574
v -1.092916 0.571903 0.452195
v -1.044440 0.571478 0.490968
v -1.043936 0.691408 0.452288
v -1.100154 0.578922 0.444138
v -1.054541 0.566774 0.484451
v -1.034453 0.688883 0.460669
v -1.105827 0.587832 0.436713
v -1.064828 0.564418 0.477020
v -1.025927 0.684013 0.469050
v -1.109715 0.598279 0.430210
v -1.074906 0.564509 0.468958
v -1.018688 0.676994 0.477107
v -1.111675 0.609867 0.424872
v -1.013018 0.668086 0.484529
v -1.111621 0.622153 0.420912
v -1.009127 0.657637 0.491035
v -1.109565 0.634660 0.418474
v -1.007172 0.646047 0.496370
v -0.987323 0.649078 0.500084
v -1.105579 0.646907 0.417660
v -1.084112 0.576369 0.446979
v -0.987065 0.536689 0.325213
v -0.993464 0.542896 0.318090
v -1.090511 0.582577 0.439856
v -1.074403 0.684438 0.430277
v -1.067739 0.675886 0.427598
v -1.058807 0.680049 0.433360
v -1.064305 0.689143 0.436792
v -1.032819 0.582073 0.486000
v -1.034917 0.578352 0.496318
v -1.064305 0.689143 0.436792
v -1.058807 0.680049 0.433360
v -1.049709 0.682128 0.439933
v -1.054015 0.691498 0.444226
v -1.084393 0.567034 0.460574
v -1.076572 0.572065 0.454391
v -1.084112 0.576369 0.446979
v -1.092916 0.571903 0.452195
v -1.041243 0.575994 0.481268
v -1.044440 0.571478 0.490968
v -1.040796 0.682054 0.447061
v -1.043936 0.691408 0.452288
v -1.090511 0.582577 0.439856
v -1.100154 0.578922 0.444138
v -1.050173 0.571835 0.475505
v -1.054541 0.566774 0.484451
v -1.032408 0.679819 0.454474
v -1.034453 0.688883 0.460669
v -1.095527 0.590456 0.433290
v -1.105827 0.587832 0.436713
v -1.059270 0.569750 0.468935
v -1.064828 0.564418 0.477020
v -1.024869 0.675515 0.461886
v -1.025927 0.684013 0.469050
v -1.105827 0.587832 0.436713
v -1.095527 0.590456 0.433290
v -1.098967 0.599694 0.427538
v -1.109715 0.598279 0.430210
v -1.064828 0.564418 0.477020
v -1.059270 0.569750 0.468935
v -1.068184 0.569830 0.461804
v -1.074906 0.564509 0.468958
v -1.018468 0.669302 0.469012
v -1.018688 0.676994 0.477107
v -1.100699 0.609943 0.422819
v -1.111675 0.609867 0.424872
v -1.018688 0.676994 0.477107
v -1.018468 0.669302 0.469012
v -1.013453 0.661427 0.475575
v -1.013018 0.668086 0.484529
v -1.100651 0.620807 0.419316
v -1.111621 0.622153 0.420912
v -1.010015 0.652186 0.481327
v -1.009127 0.657637 0.491035
v -1.098831 0.631869 0.417162
v -1.109565 0.634660 0.418474
v -1.008284 0.641937 0.486047
v -1.007172 0.646047 0.496370
v -1.095308 0.642698 0.416441
v -1.105579 0.646907 0.417660
v -1.008329 0.631077 0.489550
v -1.007224 0.633765 0.500331
v -1.090216 0.652888 0.417179
v -1.099822 0.658431 0.418493
v -1.010150 0.620015 0.491703
v -1.009281 0.621257 0.502768
v -1.083751 0.662043 0.419348
v -1.092510 0.668781 0.420948
v -1.013674 0.609182 0.492425
v -1.013268 0.609006 0.503583
v -1.076163 0.669807 0.422865
v -1.083930 0.677562 0.424925
v -1.041243 0.575994 0.481268
v -0.944196 0.536313 0.359502
v -0.953126 0.532155 0.353740
v -1.050173 0.571835 0.475505
v -1.040796 0.682054 0.447061
v -0.943749 0.642374 0.325295
v -0.935362 0.640139 0.332709
v -1.032408 0.679819 0.454474
v -0.998480 0.550776 0.311525
v -1.095527 0.590456 0.433290
v -0.962223 0.530070 0.347169
v -1.059270 0.569750 0.468935
v -0.927822 0.635834 0.340121
v -1.024869 0.675515 0.461886
v -1.001920 0.560013 0.305773
v -1.098967 0.599694 0.427538
v -0.971137 0.530149 0.340039
v -1.068184 0.569830 0.461804
v -0.921422 0.629621 0.347246
v -1.018468 0.669302 0.469012
v -1.098967 0.599694 0.427538
v -1.001920 0.560013 0.305773
v -1.003652 0.570262 0.301053
v -1.100699 0.609943 0.422819
v -0.979525 0.532384 0.332625
v -1.076572 0.572065 0.454391
v -0.916407 0.621747 0.353809
v -1.013453 0.661427 0.475575
v -1.003605 0.581127 0.297550
v -1.100651 0.620807 0.419316
v -0.912968 0.612505 0.359561
v -1.010015 0.652186 0.481327
v -1.001784 0.592188 0.295396
v -1.098831 0.631869 0.417162
v -1.010015 0.652186 0.481327
v -0.912968 0.612505 0.359561
v -0.911237 0.602257 0.364281
v -1.008284 0.641937 0.486047
v -0.998261 0.603018 0.294675
v -1.095308 0.642698 0.416441
v -0.911282 0.591396 0.367784
v -1.008329 0.631077 0.489550
v -0.993169 0.613208 0.295413
v -1.090216 0.652888 0.417179
v -0.913103 0.580335 0.369937
v -1.010150 0.620015 0.491703
v -0.986704 0.622362 0.297582
v -1.083751 0.662043 0.419348
v -0.916628 0.569501 0.370659
v -1.013674 0.609182 0.492425
v -0.979116 0.630126 0.301099
v -1.076163 0.669807 0.422865
v -0.921718 0.559315 0.369921
v -1.018765 0.598996 0.491687
v -0.970693 0.636206 0.305832
v -1.067739 0.675886 0.427598
v -0.928183 0.550160 0.367752
v -1.025230 0.589841 0.489518
v -1.067739 0.675886 0.427598
v -0.970693 0.636206 0.305832
v -0.961761 0.640368 0.311594
v -1.058807 0.680049 0.433360
v -0.935772 0.542392 0.364235
v -1.032819 0.582073 0.486000
v -0.952662 0.642448 0.318168
v -1.049709 0.682128 0.439933
v -0.944196 0.536313 0.359502
v -1.041243 0.575994 0.481268
v -0.179423 0.349394 -0.434900
v -0.181806 0.339897 -0.458790
v -0.185315 0.360688 -0.468362
v -0.183454 0.373257 -0.445888
v -0.394625 0.274885 -0.582134
v -0.390596 0.251018 -0.571145
v -0.275893 0.442983 -0.542284
v -0.297077 0.438136 -0.557588
v -0.183767 0.298338 -0.421724
v -0.179531 0.324094 -0.426741
v -0.356000 0.196703 -0.525873
v -0.338445 0.186679 -0.508614
v -0.318913 0.181476 -0.491352
v -0.355163 0.396205 -0.590218
v -0.370219 0.374890 -0.595272
v -0.191463 0.394774 -0.459284
v -0.203144 0.413114 -0.474570
v -0.256174 0.195828 -0.446026
v -0.394519 0.300181 -0.590292
v -0.255135 0.442803 -0.525682
v -0.191973 0.273111 -0.420043
v -0.370906 0.211161 -0.542464
v -0.337488 0.414292 -0.582026
v -0.183454 0.373257 -0.445888
v -0.276971 0.186143 -0.459445
v -0.256174 0.195828 -0.446026
v -0.390283 0.325938 -0.595310
v -0.235604 0.437600 -0.508420
v -0.203831 0.249385 -0.421762
v -0.382585 0.229505 -0.557750
v -0.317876 0.428447 -0.571008
v -0.179423 0.349394 -0.434900
v -0.183454 0.373257 -0.445888
v -0.298157 0.181292 -0.474750
v -0.382077 0.351164 -0.596991
v -0.218048 0.427576 -0.491161
v -0.390596 0.251018 -0.571145
v -0.317876 0.428447 -0.571008
v -0.302420 0.408769 -0.577363
v -0.319507 0.396434 -0.586961
v -0.358347 0.341440 -0.599995
v -0.365494 0.319465 -0.598531
v -0.179531 0.324094 -0.426741
v -0.181898 0.317860 -0.451682
v -0.348015 0.362112 -0.598498
v -0.183767 0.298338 -0.421724
v -0.185592 0.295424 -0.447315
v -0.334900 0.380679 -0.594095
v -0.191973 0.273111 -0.420043
v -0.192740 0.273446 -0.445850
v -0.319507 0.396434 -0.586961
v -0.203831 0.249385 -0.421762
v -0.203070 0.252778 -0.447348
v -0.317876 0.428447 -0.571008
v -0.337488 0.414292 -0.582026
v -0.218887 0.228070 -0.426816
v -0.216183 0.234210 -0.451747
v -0.297077 0.438136 -0.557588
v -0.284301 0.417209 -0.565673
v -0.236560 0.209987 -0.435008
v -0.231579 0.218456 -0.458884
v -0.275893 0.442983 -0.542284
v -0.265846 0.421432 -0.552340
v -0.335631 0.206881 -0.538041
v -0.320339 0.198148 -0.523007
v -0.256174 0.195828 -0.446026
v -0.248665 0.206121 -0.468482
v -0.247761 0.421273 -0.537875
v -0.265846 0.421432 -0.552340
v -0.348617 0.219480 -0.552497
v -0.276971 0.186143 -0.459445
v -0.266784 0.197681 -0.480173
v -0.230747 0.416742 -0.522838
v -0.382585 0.229505 -0.557750
v -0.358793 0.235457 -0.565814
v -0.348617 0.219480 -0.552497
v -0.370906 0.211161 -0.542464
v -0.298157 0.181292 -0.474750
v -0.285239 0.193458 -0.493505
v -0.215455 0.408009 -0.507804
v -0.390596 0.251018 -0.571145
v -0.365771 0.254202 -0.577483
v -0.318913 0.181476 -0.491352
v -0.303324 0.193617 -0.507970
v -0.202468 0.395410 -0.493349
v -0.394625 0.274885 -0.582134
v -0.369280 0.274993 -0.587055
v -0.303324 0.193617 -0.507970
v -0.191463 0.394774 -0.459284
v -0.192293 0.379433 -0.480032
v -0.202468 0.395410 -0.493349
v -0.203144 0.413114 -0.474570
v -0.369185 0.297028 -0.594160
v -0.369280 0.274993 -0.587055
v -0.335631 0.206881 -0.538041
v -0.320339 0.198148 -0.523007
v -0.247761 0.421273 -0.537875
v -0.230747 0.416742 -0.522838
v -0.215455 0.408009 -0.507804
v -0.369185 0.297028 -0.594160
v -0.365494 0.319465 -0.598531
v -0.358347 0.341440 -0.599995
v -0.348015 0.362112 -0.598498
v -0.334900 0.380679 -0.594095
v -0.729278 -0.206243 -0.262041
v -0.748267 -0.195402 -0.280709
v -0.571122 -0.267833 -0.502975
v -0.552133 -0.278675 -0.484307
v -0.764386 -0.179763 -0.298651
v -0.587241 -0.252195 -0.520917
v -0.777020 -0.159924 -0.315186
v -0.599875 -0.232355 -0.537452
v -0.785683 -0.136650 -0.329675
v -0.608538 -0.209081 -0.551941
v -0.785683 -0.136650 -0.329675
v -0.790042 -0.110840 -0.341560
v -0.612897 -0.183271 -0.563826
v -0.608538 -0.209081 -0.551941
v -0.789926 -0.083478 -0.350383
v -0.612781 -0.155910 -0.572650
v -0.785342 -0.055620 -0.355808
v -0.608197 -0.128052 -0.578075
v -0.776470 -0.028337 -0.357629
v -0.599325 -0.100769 -0.579895
v -0.763642 -0.002674 -0.355767
v -0.586497 -0.075105 -0.578034
v -0.747359 0.020381 -0.350303
v -0.570214 -0.052051 -0.572569
v -0.728244 0.039942 -0.341443
v -0.551099 -0.032490 -0.563709
v -0.707031 0.055253 -0.329526
v -0.529886 -0.017178 -0.551792
v -0.707031 0.055253 -0.329526
v -0.684534 0.065733 -0.315011
v -0.507389 -0.006699 -0.537277
v -0.529886 -0.017178 -0.551792
v -0.661621 0.070973 -0.298457
v -0.484475 -0.001458 -0.520723
v -0.639168 0.070780 -0.280499
v -0.462023 -0.001652 -0.502766
v -0.618045 0.065152 -0.261830
v -0.440900 -0.007279 -0.484097
v -0.599055 0.054310 -0.243163
v -0.421910 -0.018121 -0.465429
v -0.582936 0.038667 -0.225217
v -0.405790 -0.033765 -0.447484
v -0.570303 0.018832 -0.208685
v -0.393158 -0.053599 -0.430952
v -0.561640 -0.004441 -0.194197
v -0.384494 -0.076873 -0.416463
v -0.561640 -0.004441 -0.194197
v -0.557280 -0.030252 -0.182311
v -0.380135 -0.102683 -0.404578
v -0.384494 -0.076873 -0.416463
v -0.557397 -0.057613 -0.173488
v -0.380252 -0.130045 -0.395754
v -0.561981 -0.085471 -0.168063
v -0.384836 -0.157902 -0.390329
v -0.570854 -0.112758 -0.166243
v -0.393709 -0.185190 -0.388509
v -0.583681 -0.138418 -0.168104
v -0.406536 -0.210849 -0.390370
v -0.599964 -0.161472 -0.173569
v -0.422819 -0.233903 -0.395835
v -0.619079 -0.181033 -0.182428
v -0.441934 -0.253465 -0.404695
v -0.640292 -0.196344 -0.194345
v -0.463147 -0.268776 -0.416612
v -0.640292 -0.196344 -0.194345
v -0.662789 -0.206824 -0.208860
v -0.485644 -0.279256 -0.431127
v -0.463147 -0.268776 -0.416612
v -0.685704 -0.212068 -0.225415
v -0.508559 -0.284500 -0.447681
v -0.426387 -0.253170 -0.435367
v -0.408714 -0.235087 -0.427175
v -0.708154 -0.211871 -0.243372
v -0.531009 -0.284303 -0.465638
v -0.684534 0.065733 -0.315011
v -0.693837 0.048155 -0.292522
v -0.674639 0.052549 -0.278653
v -0.661621 0.070973 -0.298457
v -0.730456 0.026545 -0.314665
v -0.727611 0.011410 -0.294777
v -0.713200 0.021813 -0.286682
v -0.712681 0.039376 -0.304680
v -0.729278 -0.206243 -0.262041
v -0.731322 -0.179712 -0.248141
v -0.747230 -0.170626 -0.263780
v -0.748267 -0.195402 -0.280709
v -0.557397 -0.057613 -0.173488
v -0.587319 -0.055187 -0.173951
v -0.591158 -0.078529 -0.169404
v -0.561981 -0.085471 -0.168063
v -0.708154 -0.211871 -0.243372
v -0.713622 -0.184424 -0.232499
v -0.763642 -0.002674 -0.355767
v -0.760114 -0.009159 -0.326668
v -0.746470 0.010157 -0.322088
v -0.747359 0.020381 -0.350303
v -0.582936 0.038667 -0.225217
v -0.608713 0.025481 -0.217290
v -0.598129 0.008859 -0.203437
v -0.570303 0.018832 -0.208685
v -0.619079 -0.181033 -0.182428
v -0.638995 -0.158589 -0.181441
v -0.656770 -0.171419 -0.191426
v -0.640292 -0.196344 -0.194345
v -0.790042 -0.110840 -0.341560
v -0.782231 -0.099779 -0.314763
v -0.782133 -0.076857 -0.322155
v -0.789926 -0.083478 -0.350383
v -0.655829 0.052381 -0.263607
v -0.639168 0.070780 -0.280499
v -0.598595 -0.101388 -0.167882
v -0.570854 -0.112758 -0.166243
v -0.760738 -0.157525 -0.278816
v -0.764386 -0.179763 -0.298651
v -0.728244 0.039942 -0.341443
v -0.590872 -0.010636 -0.191301
v -0.561640 -0.004441 -0.194197
v -0.675615 -0.180198 -0.203584
v -0.662789 -0.206824 -0.208860
v -0.778295 -0.053519 -0.326702
v -0.785342 -0.055620 -0.355808
v -0.638129 0.047669 -0.247965
v -0.618045 0.065152 -0.261830
v -0.609339 -0.122888 -0.169439
v -0.583681 -0.138418 -0.168104
v -0.771323 -0.140903 -0.292669
v -0.777020 -0.159924 -0.315186
v -0.707031 0.055253 -0.329526
v -0.587221 -0.032264 -0.181343
v -0.557280 -0.030252 -0.182311
v -0.694813 -0.184592 -0.217453
v -0.685704 -0.212068 -0.225415
v -0.770859 -0.030660 -0.328224
v -0.776470 -0.028337 -0.357629
v -0.622222 0.038583 -0.232326
v -0.599055 0.054310 -0.243163
v -0.622981 -0.142200 -0.174018
v -0.599964 -0.161472 -0.173569
v -0.778579 -0.121408 -0.304805
v -0.785683 -0.136650 -0.329675
v -0.557280 -0.030252 -0.182311
v -0.587221 -0.032264 -0.181343
v -0.638995 -0.158589 -0.181441
v -0.619079 -0.181033 -0.182428
v -0.682355 0.032492 -0.265578
v -0.691485 0.017083 -0.251322
v -0.679169 0.016976 -0.241471
v -0.667103 0.032361 -0.253380
v -0.609339 -0.122888 -0.169439
v -0.629407 -0.109755 -0.177024
v -0.640467 -0.125415 -0.180735
v -0.622981 -0.142200 -0.174018
v -0.697919 0.028932 -0.276823
v -0.653455 -0.138705 -0.186757
v -0.728315 -0.155832 -0.240838
v -0.741216 -0.148466 -0.253520
v -0.667866 -0.149108 -0.194852
v -0.752166 -0.137839 -0.265710
v -0.683147 -0.156227 -0.204711
v -0.652751 0.028538 -0.240695
v -0.760748 -0.124365 -0.276941
v -0.698711 -0.159786 -0.215955
v -0.639850 0.021172 -0.228013
v -0.766633 -0.108556 -0.286783
v -0.713963 -0.159655 -0.228154
v -0.628900 0.010545 -0.215823
v -0.769593 -0.091022 -0.294856
v -0.620318 -0.002929 -0.204592
v -0.769515 -0.072431 -0.300853
v -0.614433 -0.018738 -0.194750
v -0.766401 -0.053508 -0.304537
v -0.611473 -0.036273 -0.186677
v -0.760373 -0.034975 -0.305773
v -0.611551 -0.054863 -0.180681
v -0.587319 -0.055187 -0.173951
v -0.751659 -0.017540 -0.304509
v -0.614665 -0.073787 -0.176996
v -0.591158 -0.078529 -0.169404
v -0.740599 -0.001879 -0.300798
v -0.620695 -0.092324 -0.175761
v -0.598595 -0.101388 -0.167882
v -0.739020 -0.129055 -0.241584
v -0.747864 -0.120474 -0.251429
v -0.679784 -0.129574 -0.194204
v -0.692124 -0.135323 -0.202166
v -0.667578 0.013889 -0.231227
v -0.754796 -0.109592 -0.260500
v -0.704695 -0.138198 -0.211248
v -0.657160 0.007940 -0.220985
v -0.759547 -0.096826 -0.268447
v -0.717011 -0.138091 -0.221099
v -0.648317 -0.000641 -0.211141
v -0.761936 -0.082662 -0.274966
v -0.728602 -0.135003 -0.231343
v -0.641384 -0.011523 -0.202070
v -0.761875 -0.067650 -0.279810
v -0.636633 -0.024289 -0.194123
v -0.759362 -0.052368 -0.282787
v -0.634244 -0.038452 -0.187603
v -0.754494 -0.037402 -0.283784
v -0.634305 -0.053464 -0.182760
v -0.747457 -0.023322 -0.282764
v -0.636819 -0.068747 -0.179783
v -0.738523 -0.010675 -0.279766
v -0.641688 -0.083717 -0.178785
v -0.728034 0.000056 -0.274902
v -0.648723 -0.097793 -0.179805
v -0.716396 0.008460 -0.268365
v -0.657657 -0.110440 -0.182804
v -0.704056 0.014209 -0.260404
v -0.668146 -0.121170 -0.187667
v -0.898228 0.082672 0.134104
v -0.886038 0.096503 0.153835
v -0.882914 0.078004 0.162353
v -0.895839 0.068509 0.140624
v -0.886280 0.038423 0.172568
v -0.881895 0.039939 0.192260
v -0.889214 0.017444 0.193757
v -0.892645 0.018865 0.173869
v -1.020954 0.054592 0.045443
v -1.046383 0.059820 0.037994
v -1.040020 0.079374 0.036693
v -1.016086 0.069558 0.044445
v -0.882998 0.058390 0.168677
v -0.895900 0.053497 0.145467
v -1.030828 0.097771 0.038024
v -1.009049 0.083639 0.045465
v -0.898414 0.038214 0.148444
v -1.019155 0.114293 0.041943
v -1.000119 0.096287 0.048461
v -0.903283 0.023244 0.149441
v -1.005454 0.128315 0.048294
v -0.989629 0.107017 0.053325
v -0.901835 0.000472 0.172539
v -0.910318 0.009168 0.148421
v -0.990250 0.139290 0.056834
v -0.977991 0.115421 0.059861
v -0.913508 -0.016050 0.168619
v -0.919252 -0.003479 0.145423
v -0.974124 0.146804 0.067239
v -0.965651 0.121170 0.067823
v -0.927210 -0.030072 0.162269
v -0.929741 -0.014209 0.140559
v -0.957702 0.150561 0.079103
v -0.953080 0.124045 0.076905
v -0.990197 -0.028042 0.096884
v -1.006196 -0.048143 0.105206
v -1.019804 -0.040372 0.091827
v -1.000615 -0.022093 0.086643
v -0.942413 -0.041047 0.153728
v -0.941380 -0.022613 0.134022
v -0.941608 0.150418 0.091975
v -0.940764 0.123938 0.086756
v -1.031361 -0.029161 0.078963
v -1.009459 -0.013513 0.076798
v -0.958539 -0.048561 0.143324
v -0.953720 -0.028362 0.126061
v -0.926467 0.146386 0.105357
v -0.929173 0.120850 0.097000
v -1.040417 -0.014944 0.067113
v -1.016391 -0.002631 0.067727
v -0.974961 -0.052318 0.131460
v -0.966290 -0.031237 0.116979
v -0.912856 0.138613 0.118738
v -0.918755 0.114901 0.107241
v -1.046625 0.001740 0.056728
v -1.021142 0.010136 0.059780
v -0.991055 -0.052175 0.118587
v -0.978606 -0.031130 0.107128
v -0.901302 0.127404 0.131599
v -0.909912 0.106321 0.117086
v -1.049749 0.020239 0.048210
v -1.023531 0.024299 0.053260
v -0.892247 0.113187 0.143449
v -0.902979 0.095439 0.126157
v -1.049665 0.039853 0.041885
v -1.023470 0.039311 0.048417
v -0.913213 -0.022718 0.187718
v -1.158033 0.077384 0.494898
v -1.173791 0.061257 0.487595
v -0.928970 -0.038845 0.180415
v -1.034728 0.127208 0.042013
v -1.018971 0.143335 0.049317
v -0.899785 -0.003711 0.192226
v -1.001482 0.155958 0.059142
v -0.913213 -0.022718 0.187718
v -0.982934 0.164598 0.071109
v -0.928970 -0.038845 0.180415
v -0.964043 0.168921 0.084756
v -1.019823 -0.059631 0.114779
v -1.035478 -0.050690 0.099389
v -0.946459 -0.051469 0.170590
v -0.945536 0.168758 0.099559
v -1.048767 -0.037797 0.084596
v -0.965007 -0.060108 0.158623
v -0.928118 0.164121 0.114953
v -1.059183 -0.021442 0.070964
v -0.983898 -0.064431 0.144975
v -0.912463 0.155180 0.130343
v -1.066326 -0.002254 0.059019
v -1.002405 -0.064269 0.130173
v -0.899174 0.142287 0.145136
v -1.069920 0.019025 0.049220
v -0.888758 0.125932 0.158767
v -1.069823 0.041582 0.041947
v -0.881615 0.106744 0.170713
v -1.066046 0.064551 0.037472
v -0.878021 0.085465 0.180511
v -1.058729 0.087042 0.035974
v -0.878118 0.062908 0.187785
v -1.048156 0.108201 0.037506
v -1.209828 0.039994 0.465803
v -1.222022 0.055216 0.475925
v -1.239134 0.051298 0.463563
v -1.228719 0.035672 0.452155
v -0.982934 0.164598 0.071109
v -1.227755 0.264701 0.378289
v -1.208863 0.269023 0.391936
v -0.964043 0.168921 0.084756
v -1.019823 -0.059631 0.114779
v -1.264644 0.040472 0.421959
v -1.280298 0.049413 0.406569
v -1.035478 -0.050690 0.099389
v -1.191280 0.048634 0.477770
v -0.946459 -0.051469 0.170590
v -1.190357 0.268861 0.406739
v -0.945536 0.168758 0.099559
v -1.293588 0.062305 0.391776
v -1.048767 -0.037797 0.084596
v -0.946459 -0.051469 0.170590
v -1.191280 0.048634 0.477770
v -1.209828 0.039994 0.465803
v -0.965007 -0.060108 0.158623
v -1.172938 0.264223 0.422132
v -0.928118 0.164121 0.114953
v -1.304004 0.078661 0.378144
v -1.059183 -0.021442 0.070964
v -1.228719 0.035672 0.452155
v -0.983898 -0.064431 0.144975
v -1.157284 0.255282 0.437523
v -0.912463 0.155180 0.130343
v -1.311147 0.097849 0.366199
v -1.066326 -0.002254 0.059019
v -1.247226 0.035834 0.437352
v -1.002405 -0.064269 0.130173
v -1.143995 0.242390 0.452315
v -0.899174 0.142287 0.145136
v -1.066326 -0.002254 0.059019
v -1.311147 0.097849 0.366199
v -1.314737 0.119127 0.356403
v -1.069920 0.019025 0.049220
v -1.133579 0.226034 0.465947
v -0.888758 0.125932 0.158767
v -1.314643 0.141685 0.349127
v -1.069823 0.041582 0.041947
v -1.126436 0.206846 0.477893
v -0.881615 0.106744 0.170713
v -1.310866 0.164654 0.344652
v -1.066046 0.064551 0.037472
v -0.881615 0.106744 0.170713
v -1.126436 0.206846 0.477893
v -1.122842 0.185567 0.487691
v -0.878021 0.085465 0.180511
v -1.303549 0.187145 0.343154
v -1.058729 0.087042 0.035974
v -1.122939 0.163010 0.494964
v -0.878118 0.062908 0.187785
v -1.292976 0.208304 0.344686
v -1.048156 0.108201 0.037506
v -1.126716 0.140041 0.499439
v -0.881895 0.039939 0.192260
v -1.279549 0.227311 0.349193
v -1.034728 0.127208 0.042013
v -1.134035 0.117546 0.500937
v -0.889214 0.017444 0.193757
v -1.263788 0.243437 0.356499
v -1.018971 0.143335 0.049317
v -1.144606 0.096391 0.499406
v -0.899785 -0.003711 0.192226
v -1.246303 0.256061 0.366321
v -1.001482 0.155958 0.059142
v -1.001482 0.155958 0.059142
v -1.246303 0.256061 0.366321
v -1.152953 0.223736 0.476056
v -1.184646 0.214183 0.484540
v -1.179658 0.200784 0.492883
v -1.146483 0.206358 0.486875
v -1.172938 0.264223 0.422132
v -1.188607 0.258329 0.436366
v -1.174428 0.250232 0.450306
v -1.157284 0.255282 0.437523
v -1.304004 0.078661 0.378144
v -1.307331 0.090242 0.396520
v -1.313801 0.107619 0.385700
v -1.311147 0.097849 0.366199
v -1.255901 0.051447 0.450151
v -1.247226 0.035834 0.437352
v -1.162387 0.238553 0.463709
v -1.143995 0.242390 0.452315
v -1.311147 0.097849 0.366199
v -1.313801 0.107619 0.385700
v -1.317057 0.126896 0.376824
v -1.314737 0.119127 0.356403
v -1.271677 0.055648 0.436209
v -1.264644 0.040472 0.421959
v -1.152953 0.223736 0.476056
v -1.133579 0.226034 0.465947
v -1.316968 0.147332 0.370235
v -1.314643 0.141685 0.349127
v -1.146483 0.206358 0.486875
v -1.126436 0.206846 0.477893
v -1.313545 0.168134 0.366184
v -1.310866 0.164654 0.344652
v -1.126436 0.206846 0.477893
v -1.146483 0.206358 0.486875
v -1.143229 0.187078 0.495751
v -1.122842 0.185567 0.487691
v -1.306919 0.188509 0.364825
v -1.303549 0.187145 0.343154
v -1.143316 0.166646 0.502341
v -1.122939 0.163010 0.494964
v -1.297339 0.207676 0.366214
v -1.292976 0.208304 0.344686
v -1.146736 0.145842 0.506394
v -1.126716 0.140041 0.499439
v -1.285180 0.224892 0.370295
v -1.279549 0.227311 0.349193
v -1.153367 0.125464 0.507750
v -1.134035 0.117546 0.500937
v -1.270906 0.239499 0.376911
v -1.263788 0.243437 0.356499
v -1.162943 0.106300 0.506364
v -1.144606 0.096391 0.499406
v -1.255061 0.250938 0.385812
v -1.246303 0.256061 0.366321
v -1.175104 0.089086 0.502281
v -1.158033 0.077384 0.494898
v -1.246303 0.256061 0.366321
v -1.255061 0.250938 0.385812
v -1.238263 0.258762 0.396650
v -1.227755 0.264701 0.378289
v -1.189380 0.074475 0.495664
v -1.173791 0.061257 0.487595
v -1.221150 0.262680 0.409012
v -1.208863 0.269023 0.391936
v -1.285856 0.063745 0.422270
v -1.280298 0.049413 0.406569
v -1.205223 0.063040 0.486764
v -1.191280 0.048634 0.477770
v -1.204383 0.262531 0.422424
v -1.190357 0.268861 0.406739
v -1.297897 0.075425 0.408867
v -1.293588 0.062305 0.391776
v -1.191280 0.048634 0.477770
v -1.205223 0.063040 0.486764
v -1.177216 0.170169 0.504806
v -1.197051 0.170607 0.499972
v -1.199108 0.158100 0.502409
v -1.179853 0.154127 0.507931
v -1.316968 0.147332 0.370235
v -1.311107 0.155272 0.402950
v -1.308469 0.171315 0.399824
v -1.313545 0.168134 0.366184
v -1.179658 0.200784 0.492883
v -1.177150 0.185921 0.499725
v -1.303359 0.187024 0.398777
v -1.306919 0.188509 0.364825
v -1.177216 0.170169 0.504806
v -1.295973 0.201803 0.399848
v -1.297339 0.207676 0.366214
v -1.179853 0.154127 0.507931
v -1.286595 0.215078 0.402996
v -1.285180 0.224892 0.370295
v -1.184965 0.138414 0.508978
v -1.275590 0.226338 0.408098
v -1.270906 0.239499 0.376911
v -1.192349 0.123639 0.507908
v -1.263376 0.235156 0.414958
v -1.255061 0.250938 0.385812
v -1.201727 0.110364 0.504759
v -1.250424 0.241189 0.423316
v -1.238263 0.258762 0.396650
v -1.212732 0.099104 0.499658
v -1.237228 0.244210 0.432848
v -1.221150 0.262680 0.409012
v -1.271677 0.055648 0.436209
v -1.276185 0.084587 0.453817
v -1.287117 0.090829 0.443070
v -1.285856 0.063745 0.422270
v -1.224946 0.090285 0.492797
v -1.224301 0.244095 0.443188
v -1.204383 0.262531 0.422424
v -1.296401 0.099833 0.432736
v -1.297897 0.075425 0.408867
v -1.205223 0.063040 0.486764
v -1.224946 0.090285 0.492797
v -1.237900 0.084249 0.484440
v -1.222022 0.055216 0.475925
v -1.212138 0.240855 0.453938
v -1.188607 0.258329 0.436366
v -1.303678 0.111255 0.423215
v -1.307331 0.090242 0.396520
v -1.251095 0.081231 0.474907
v -1.239134 0.051298 0.463563
v -1.201205 0.234613 0.464686
v -1.174428 0.250232 0.450306
v -1.308664 0.124658 0.414873
v -1.313801 0.107619 0.385700
v -1.264022 0.081347 0.464567
v -1.255901 0.051447 0.450151
v -1.191921 0.225609 0.475019
v -1.162387 0.238553 0.463709
v -1.311173 0.139521 0.408030
v -1.317057 0.126896 0.376824
v -1.208850 0.134329 0.502391
v -1.208592 0.135838 0.491328
v -1.215057 0.126684 0.489158
v -1.216162 0.123979 0.499936
v -1.289649 0.195274 0.418134
v -1.282337 0.205624 0.420588
v -1.203095 0.145849 0.503223
v -1.184965 0.138414 0.508978
v -1.273757 0.214404 0.424566
v -1.208850 0.134329 0.502391
v -1.192349 0.123639 0.507908
v -1.264230 0.221281 0.429918
v -1.216162 0.123979 0.499936
v -1.201727 0.110364 0.504759
v -1.254132 0.225986 0.436433
v -1.224744 0.115194 0.495959
v -1.212732 0.099104 0.499658
v -1.243842 0.228341 0.443866
v -1.274220 0.103877 0.460215
v -1.282743 0.108745 0.451836
v -1.234267 0.108321 0.490609
v -1.233763 0.228250 0.451928
v -1.289981 0.115765 0.443779
v -1.244368 0.103617 0.484091
v -1.224280 0.225726 0.460309
v -1.295654 0.124674 0.436354
v -1.254655 0.101261 0.476661
v -1.215754 0.220856 0.468691
v -1.299542 0.135122 0.429851
v -1.264733 0.101351 0.468599
v -1.208515 0.213836 0.476748
v -1.301502 0.146709 0.424513
v -1.202845 0.204928 0.484170
v -1.301448 0.158995 0.420552
v -1.198954 0.194480 0.490676
v -1.299392 0.171503 0.418115
v -1.196999 0.182889 0.496011
v -1.177150 0.185921 0.499725
v -1.295406 0.183750 0.417301
v -1.273939 0.113212 0.446620
v -1.176892 0.073531 0.324854
v -1.183289 0.079743 0.317731
v -1.280336 0.119424 0.439497
v -1.264230 0.221281 0.429918
v -1.257565 0.212733 0.427238
v -1.248634 0.216891 0.433001
v -1.254132 0.225986 0.436433
v -1.222646 0.118916 0.485641
v -1.224744 0.115194 0.495959
v -1.254132 0.225986 0.436433
v -1.248634 0.216891 0.433001
v -1.239536 0.218971 0.439574
v -1.243842 0.228341 0.443866
v -1.274220 0.103877 0.460215
v -1.266399 0.108907 0.454032
v -1.273939 0.113212 0.446620
v -1.282743 0.108745 0.451836
v -1.231070 0.112837 0.480909
v -1.234267 0.108321 0.490609
v -1.230623 0.218897 0.446702
v -1.233763 0.228250 0.451928
v -1.280336 0.119424 0.439497
v -1.289981 0.115765 0.443779
v -1.240000 0.108678 0.475146
v -1.244368 0.103617 0.484091
v -1.222235 0.216662 0.454115
v -1.224280 0.225726 0.460309
v -1.285354 0.127299 0.432931
v -1.295654 0.124674 0.436354
v -1.249095 0.106597 0.468575
v -1.254655 0.101261 0.476661
v -1.214696 0.212358 0.461527
v -1.215754 0.220856 0.468691
v -1.295654 0.124674 0.436354
v -1.285354 0.127299 0.432931
v -1.288794 0.136537 0.427179
v -1.299542 0.135122 0.429851
v -1.254655 0.101261 0.476661
v -1.249095 0.106597 0.468575
v -1.258011 0.106672 0.461445
v -1.264733 0.101351 0.468599
v -1.208296 0.206144 0.468653
v -1.208515 0.213836 0.476748
v -1.290526 0.146785 0.422459
v -1.301502 0.146709 0.424513
v -1.208515 0.213836 0.476748
v -1.208296 0.206144 0.468653
v -1.203280 0.198270 0.475216
v -1.202845 0.204928 0.484170
v -1.290478 0.157650 0.418956
v -1.301448 0.158995 0.420552
v -1.199841 0.189033 0.480968
v -1.198954 0.194480 0.490676
v -1.288658 0.168711 0.416803
v -1.299392 0.171503 0.418115
v -1.198111 0.178780 0.485687
v -1.196999 0.182889 0.496011
v -1.285135 0.179541 0.416081
v -1.295406 0.183750 0.417301
v -1.198156 0.167919 0.489190
v -1.197051 0.170607 0.499972
v -1.280043 0.189731 0.416819
v -1.289649 0.195274 0.418134
v -1.199977 0.156858 0.491344
v -1.199108 0.158100 0.502409
v -1.273578 0.198886 0.418988
v -1.282337 0.205624 0.420588
v -1.203501 0.146024 0.492065
v -1.203095 0.145849 0.503223
v -1.265990 0.206650 0.422506
v -1.273757 0.214404 0.424566
v -1.231070 0.112837 0.480909
v -1.134023 0.073156 0.359143
v -1.142954 0.068997 0.353380
v -1.240000 0.108678 0.475146
v -1.230623 0.218897 0.446702
v -1.133577 0.179216 0.324936
v -1.125189 0.176981 0.332349
v -1.222235 0.216662 0.454115
v -1.188308 0.087619 0.311165
v -1.285354 0.127299 0.432931
v -1.152049 0.066916 0.346810
v -1.249095 0.106597 0.468575
v -1.117649 0.172677 0.339761
v -1.214696 0.212358 0.461527
v -1.191747 0.096856 0.305413
v -1.288794 0.136537 0.427179
v -1.160964 0.066992 0.339679
v -1.258011 0.106672 0.461445
v -1.111249 0.166464 0.346887
v -1.208296 0.206144 0.468653
v -1.288794 0.136537 0.427179
v -1.191747 0.096856 0.305413
v -1.193479 0.107105 0.300694
v -1.290526 0.146785 0.422459
v -1.169352 0.069227 0.332266
v -1.266399 0.108907 0.454032
v -1.106234 0.158590 0.353450
v -1.203280 0.198270 0.475216
v -1.193432 0.117970 0.297191
v -1.290478 0.157650 0.418956
v -1.102794 0.149352 0.359202
v -1.199841 0.189033 0.480968
v -1.191611 0.129031 0.295037
v -1.288658 0.168711 0.416803
v -1.199841 0.189033 0.480968
v -1.102794 0.149352 0.359202
v -1.101064 0.139099 0.363922
v -1.198111 0.178780 0.485687
v -1.188088 0.139861 0.294316
v -1.285135 0.179541 0.416081
v -1.101110 0.128239 0.367425
v -1.198156 0.167919 0.489190
v -1.182996 0.150050 0.295054
v -1.280043 0.189731 0.416819
v -1.102930 0.117177 0.369578
v -1.199977 0.156858 0.491344
v -1.176531 0.159205 0.297223
v -1.273578 0.198886 0.418988
v -1.106455 0.106344 0.370300
v -1.203501 0.146024 0.492065
v -1.168943 0.166969 0.300740
v -1.265990 0.206650 0.422506
v -1.111545 0.096158 0.369562
v -1.208592 0.135838 0.491328
v -1.160518 0.173052 0.305473
v -1.257565 0.212733 0.427238
v -1.118010 0.087003 0.367393
v -1.215057 0.126684 0.489158
v -1.257565 0.212733 0.427238
v -1.160518 0.173052 0.305473
v -1.151588 0.177211 0.311235
v -1.248634 0.216891 0.433001
v -1.125599 0.079235 0.363875
v -1.222646 0.118916 0.485641
v -1.142489 0.179291 0.317808
v -1.239536 0.218971 0.439574
v -1.134023 0.073156 0.359143
v -1.231070 0.112837 0.480909
v -0.369250 -0.113763 -0.435259
v -0.371633 -0.123260 -0.459149
v -0.375142 -0.102469 -0.468721
v -0.373281 -0.089901 -0.446247
v -0.584452 -0.188273 -0.582493
v -0.580423 -0.212139 -0.571505
v -0.465720 -0.020174 -0.542643
v -0.486904 -0.025021 -0.557948
v -0.373594 -0.164820 -0.422083
v -0.369358 -0.139063 -0.427101
v -0.545827 -0.266454 -0.526232
v -0.528272 -0.276478 -0.508973
v -0.508740 -0.281681 -0.491711
v -0.544990 -0.066953 -0.590577
v -0.560046 -0.088267 -0.595631
v -0.381290 -0.068384 -0.459643
v -0.392971 -0.050043 -0.474929
v -0.446001 -0.267330 -0.446385
v -0.584346 -0.162977 -0.590652
v -0.444962 -0.020354 -0.526041
v -0.381800 -0.190046 -0.420402
v -0.560733 -0.251996 -0.542823
v -0.527315 -0.048865 -0.582385
v -0.373281 -0.089901 -0.446247
v -0.466798 -0.277015 -0.459805
v -0.446001 -0.267330 -0.446385
v -0.580109 -0.137220 -0.595669
v -0.425431 -0.025557 -0.508779
v -0.393658 -0.213772 -0.422121
v -0.572412 -0.233652 -0.558109
v -0.507703 -0.034710 -0.571367
v -0.369250 -0.113763 -0.435259
v -0.373281 -0.089901 -0.446247
v -0.487984 -0.281865 -0.475109
v -0.571904 -0.111994 -0.597350
v -0.407875 -0.035581 -0.491520
v -0.580423 -0.212139 -0.571505
v -0.507703 -0.034710 -0.571367
v -0.492247 -0.054388 -0.577722
v -0.509334 -0.066723 -0.587320
v -0.548174 -0.121717 -0.600355
v -0.555321 -0.143692 -0.598890
v -0.369358 -0.139063 -0.427101
v -0.371725 -0.145297 -0.452042
v -0.537842 -0.101045 -0.598857
v -0.373594 -0.164820 -0.422083
v -0.375418 -0.167733 -0.447674
v -0.524727 -0.082478 -0.594455
v -0.381800 -0.190046 -0.420402
v -0.382567 -0.189711 -0.446209
v -0.509334 -0.066723 -0.587320
v -0.393658 -0.213772 -0.422121
v -0.392897 -0.210379 -0.447707
v -0.507703 -0.034710 -0.571367
v -0.527315 -0.048865 -0.582385
v -0.408714 -0.235087 -0.427175
v -0.406010 -0.228948 -0.452106
v -0.486904 -0.025021 -0.557948
v -0.474128 -0.045948 -0.566032
v -0.426387 -0.253170 -0.435367
v -0.421406 -0.244701 -0.459244
v -0.465720 -0.020174 -0.542643
v -0.455673 -0.041725 -0.552699
v -0.525458 -0.256276 -0.538400
v -0.510166 -0.265009 -0.523367
v -0.446001 -0.267330 -0.446385
v -0.438492 -0.257036 -0.468841
v -0.437588 -0.041884 -0.538234
v -0.455673 -0.041725 -0.552699
v -0.538444 -0.243678 -0.552856
v -0.466798 -0.277015 -0.459805
v -0.456611 -0.265477 -0.480532
v -0.420574 -0.046415 -0.523197
v -0.572412 -0.233652 -0.558109
v -0.548620 -0.227700 -0.566173
v -0.538444 -0.243678 -0.552856
v -0.560733 -0.251996 -0.542823
v -0.487984 -0.281865 -0.475109
v -0.475066 -0.269699 -0.493864
v -0.405282 -0.055148 -0.508163
v -0.580423 -0.212139 -0.571505
v -0.555597 -0.208956 -0.577842
v -0.508740 -0.281681 -0.491711
v -0.493151 -0.269541 -0.508330
v -0.392295 -0.067747 -0.493708
v -0.584452 -0.188273 -0.582493
v -0.559107 -0.188164 -0.587414
v -0.493151 -0.269541 -0.508330
v -0.381290 -0.068384 -0.459643
v -0.382120 -0.083725 -0.480391
v -0.392295 -0.067747 -0.493708
v -0.392971 -0.050043 -0.474929
v -0.559012 -0.166129 -0.594519
v -0.559107 -0.188164 -0.587414
v -0.525458 -0.256276 -0.538400
v -0.510166 -0.265009 -0.523367
v -0.437588 -0.041884 -0.538234
v -0.420574 -0.046415 -0.523197
v -0.405282 -0.055148 -0.508163
v -0.559012 -0.166129 -0.594519
v -0.555321 -0.143692 -0.598890
v -0.548174 -0.121717 -0.600355
v -0.537842 -0.101045 -0.598857
v -0.524727 -0.082478 -0.594455
v -0.655832 0.128685 -0.005668
v -0.480697 0.555996 -0.005337
v -0.458484 0.466652 -0.068611
v -0.599124 0.123505 -0.068878
v -0.767301 -0.143286 -0.005879
v -0.255654 -0.352489 -0.647850
v -0.278007 -0.427835 -0.520516
v -0.690213 -0.259292 -0.003315
v -0.766549 0.173606 0.582610
v -0.833893 0.201257 0.519926
v -0.945362 -0.070715 0.519715
v -0.878017 -0.098365 0.582399
v -0.767301 -0.143286 -0.005879
v -0.782809 -0.063054 0.116563
v -0.723255 0.082252 0.116676
v -0.945362 -0.070715 0.519715
v -0.833667 -0.200825 0.420127
v -0.655832 0.128685 -0.005668
v -0.833893 0.201257 0.519926
v -0.743733 0.204205 0.500634
v -0.593237 0.142868 0.056395
v 0.036586 -0.472151 -0.794901
v -0.032957 -0.528169 -0.651046
v -0.480697 0.555996 -0.005337
v -0.655832 0.128685 -0.005668
v -0.593237 0.142868 0.056395
v -0.445209 0.504039 0.056676
v 0.115897 -0.504714 -0.721078
v 0.036586 -0.472151 -0.794901
v 0.060807 -0.458870 -0.805346
v 0.138708 -0.490854 -0.732837
v 0.323190 0.227131 -0.794358
v 0.345292 0.343040 -0.735517
v 0.358703 0.327785 -0.748040
v 0.337377 0.215932 -0.804823
v -0.255654 -0.352489 -0.647850
v -0.078984 0.078565 -0.647515
v 0.213255 -0.041097 -0.794567
v 0.036586 -0.472151 -0.794901
v 0.030950 0.346793 -0.647307
v -0.342470 0.624397 -0.057727
v 0.088867 0.448031 -0.598930
v 0.231292 -0.042906 -0.805024
v 0.060807 -0.458870 -0.805346
v -0.135893 0.083254 -0.584307
v -0.047611 0.298654 -0.584140
v -0.240879 0.582686 0.036833
v 0.190457 0.406321 -0.504371
v 0.088867 0.448031 -0.598930
v -0.342470 0.624397 -0.057727
v -0.342470 0.624397 -0.057727
v -0.480697 0.555996 -0.005337
v -0.445209 0.504039 0.056676
v -0.271034 0.538309 0.065768
v -0.240879 0.582686 0.036833
v -0.203963 0.510771 0.128198
v -0.878017 -0.098365 0.582399
v -0.945362 -0.070715 0.519715
v -0.599124 0.123505 -0.068878
v -0.458484 0.466652 -0.068611
v -0.591385 0.433940 -0.163873
v -0.694540 0.182255 -0.164068
v -0.047611 0.298654 -0.584140
v -0.135893 0.083254 -0.584307
v -0.245263 0.107957 -0.679524
v -0.180512 0.265942 -0.679401
v -0.277765 -0.262899 -0.584575
v -0.688639 -0.094900 -0.069047
v -0.694540 0.182255 -0.164068
v -0.245263 0.107957 -0.679524
v -0.349320 -0.145931 -0.679721
v -0.760193 0.022068 -0.164193
v -0.591385 0.433940 -0.163873
v -0.180512 0.265942 -0.679401
v -0.277765 -0.262899 -0.584575
v -0.349320 -0.145931 -0.679721
v -0.458484 0.466652 -0.068611
v -0.047611 0.298654 -0.584140
v -0.180512 0.265942 -0.679401
v -0.591385 0.433940 -0.163873
v -0.277765 -0.262899 -0.584575
v -0.688639 -0.094900 -0.069047
v -0.760193 0.022068 -0.164193
v -0.349320 -0.145931 -0.679721
v 0.263076 -0.045265 -0.819029
v 0.107440 -0.424999 -0.819323
v 0.379392 0.293135 -0.767011
v 0.359922 0.191029 -0.818846
v 0.287220 -0.047114 -0.823219
v 0.145006 -0.394102 -0.823488
v 0.359922 0.191029 -0.818846
v 0.379392 0.293135 -0.767011
v 0.393504 0.262103 -0.775684
v 0.375713 0.168799 -0.823051
v 0.375713 0.168799 -0.823051
v 0.107440 -0.424999 -0.819323
v 0.182274 -0.455723 -0.749669
v 0.375713 0.168799 -0.823051
v 0.393504 0.262103 -0.775684
v 0.380309 0.239240 -0.742490
v 0.364175 0.154638 -0.785436
v 0.287220 -0.047114 -0.823219
v 0.283934 -0.041141 -0.785588
v 0.216570 -0.423484 -0.756876
v 0.145006 -0.394102 -0.823488
v 0.154982 -0.355770 -0.785832
v 0.221985 -0.383281 -0.723466
v 0.145006 -0.394102 -0.823488
v 0.216570 -0.423484 -0.756876
v -0.723255 0.082252 0.116676
v -0.818385 0.121024 0.397484
v -0.877940 -0.024282 0.397371
v -0.782809 -0.063054 0.116563
v -0.945362 -0.070715 0.519715
v -0.833893 0.201257 0.519926
v -0.818385 0.121024 0.397484
v -0.877940 -0.024282 0.397371
v -0.877940 -0.024282 0.397371
v -0.818385 0.121024 0.397484
v -0.833533 0.113262 0.396292
v -0.883282 -0.008120 0.396198
v -0.896408 0.153058 0.324861
v -0.723255 0.082252 0.116676
v -0.782809 -0.063054 0.116563
v -0.955963 0.007752 0.324748
v -0.948459 0.018640 0.335531
v -0.883282 -0.008120 0.396198
v -0.886467 0.007979 0.391856
v -0.938045 0.029156 0.343848
v -0.955963 0.007752 0.324748
v -0.877940 -0.024282 0.397371
v -0.818385 0.121024 0.397484
v -0.896408 0.153058 0.324861
v -0.898710 0.140022 0.335626
v -0.833533 0.113262 0.396292
v -0.896408 0.153058 0.324861
v -0.955963 0.007752 0.324748
v -0.847099 0.104035 0.391930
v -0.898676 0.125211 0.343922
v -0.895652 0.115369 0.344979
v -0.851985 0.097441 0.385624
v -0.847099 0.104035 0.391930
v -0.898676 0.125211 0.343922
v -0.928984 0.034043 0.344916
v -0.885317 0.016114 0.385561
v -0.882843 0.020502 0.379418
v -0.921551 0.036395 0.343388
v -0.898676 0.125211 0.343922
v -0.938045 0.029156 0.343848
v -0.928984 0.034043 0.344916
v -0.895652 0.115369 0.344979
v -0.938045 0.029156 0.343848
v -0.886467 0.007979 0.391856
v -0.885317 0.016114 0.385561
v -0.928984 0.034043 0.344916
v -0.886467 0.007979 0.391856
v -0.847099 0.104035 0.391930
v -0.851985 0.097441 0.385624
v -0.885317 0.016114 0.385561
v -0.885317 0.016114 0.385561
v -0.851985 0.097441 0.385624
v -0.853298 0.092587 0.379474
v -0.882843 0.020502 0.379418
v -0.851985 0.097441 0.385624
v -0.895652 0.115369 0.344979
v -0.892007 0.108479 0.343444
v -0.853298 0.092587 0.379474
v -0.895652 0.115369 0.344979
v -0.928984 0.034043 0.344916
v -0.921551 0.036395 0.343388
v -0.892007 0.108479 0.343444
v 0.516148 0.183468 -0.616052
v 0.581308 0.156715 -0.555402
v 0.591109 0.146223 -0.570560
v 0.527057 0.172521 -0.630179
v 0.154982 -0.355770 -0.785832
v 0.283934 -0.041141 -0.785588
v 0.300569 -0.043107 -0.796037
v 0.176185 -0.346590 -0.796273
v 0.364175 0.154638 -0.785436
v 0.380309 0.239240 -0.742490
v 0.393531 0.227344 -0.754464
v 0.377968 0.145739 -0.795891
v 0.145006 -0.394102 -0.823488
v 0.154982 -0.355770 -0.785832
v 0.538340 0.202636 -0.640872
v 0.607814 0.174112 -0.576206
v 0.581308 0.156715 -0.555402
v 0.516148 0.183468 -0.616052
v 0.527057 0.172521 -0.630179
v 0.591109 0.146223 -0.570560
v 0.595092 0.108914 -0.591297
v 0.535643 0.133323 -0.646632
v 0.176185 -0.346590 -0.796273
v 0.300569 -0.043107 -0.796037
v 0.332633 -0.045833 -0.797353
v 0.226833 -0.303974 -0.797553
v 0.377968 0.145739 -0.795891
v 0.393531 0.227344 -0.754464
v 0.411705 0.184209 -0.761993
v 0.398468 0.114797 -0.797228
v 0.221985 -0.383281 -0.723466
v 0.154982 -0.355770 -0.785832
v 0.176185 -0.346590 -0.796273
v 0.241986 -0.373607 -0.735026
v 0.462393 -0.099110 -0.676572
v 0.524637 -0.124666 -0.618636
v 0.418837 -0.382806 -0.618837
v 0.356594 -0.357250 -0.676772
v 0.393460 -0.070808 -0.740735
v 0.332633 -0.045833 -0.797353
v 0.459295 0.089823 -0.740611
v 0.469803 0.160355 -0.707915
v 0.377968 0.145739 -0.795891
v 0.398468 0.114797 -0.797228
v 0.241986 -0.373607 -0.735026
v 0.176185 -0.346590 -0.796273
v 0.226833 -0.303974 -0.797553
v 0.287660 -0.328948 -0.740935
v -0.238139 -0.444468 -0.142365
v -0.076385 -0.510616 -0.332847
v -0.077351 -0.504310 -0.321413
v -0.225673 -0.443656 -0.146746
v -0.209096 -0.450444 -0.153385
v -0.081865 -0.502474 -0.303217
v -0.088530 -0.511704 -0.291715
v -0.202758 -0.464992 -0.157198
v -0.126654 -0.496241 -0.082822
v -0.186901 -0.471503 -0.141700
v -0.077677 -0.516160 -0.281613
v -0.014836 -0.541961 -0.223122
v -0.128871 -0.483386 -0.074770
v -0.193194 -0.456974 -0.137800
v -0.186901 -0.471503 -0.141700
v -0.126654 -0.496241 -0.082822
v -0.720309 -0.247300 0.439270
v -0.576964 -0.305883 0.222449
v -0.573438 -0.297280 0.222456
v -0.716783 -0.238697 0.439277
v -0.604308 -0.298722 0.517473
v -0.658900 -0.276304 0.462137
v -0.535182 -0.326888 0.303661
v -0.477740 -0.350474 0.358666
v -0.606025 -0.284159 0.525742
v -0.665244 -0.259841 0.465438
v -0.658900 -0.276304 0.462137
v -0.604308 -0.298722 0.517473
v -0.698648 -0.246124 0.431416
v -0.575936 -0.296274 0.245805
v -0.581806 -0.307744 0.259017
v -0.693144 -0.262243 0.427423
v 0.383895 -0.431871 -0.602939
v 0.316559 -0.404224 -0.665614
v 0.590472 0.035965 -0.618512
v 0.528229 0.061520 -0.676448
v 0.366483 -0.442608 -0.588968
v 0.297917 -0.414457 -0.652788
v 0.316559 -0.404224 -0.665614
v 0.383895 -0.431871 -0.602939
v 0.461398 0.234227 -0.712489
v 0.443984 0.213097 -0.683222
v 0.450208 0.264060 -0.701096
v 0.530464 0.231109 -0.626394
v 0.538340 0.202636 -0.640872
v 0.461398 0.234227 -0.712489
v 0.370899 -0.486848 -0.613228
v 0.297669 -0.456782 -0.681390
v 0.297917 -0.414457 -0.652788
v 0.366483 -0.442608 -0.588968
v 0.432206 0.297606 -0.679623
v 0.515509 0.263404 -0.602086
v 0.530464 0.231109 -0.626394
v 0.450208 0.264060 -0.701096
v 0.420045 0.312348 -0.665937
v 0.504758 0.277567 -0.587087
v 0.115897 -0.504714 -0.721078
v 0.205777 -0.541617 -0.637419
v 0.032755 -0.555148 -0.589881
v -0.766549 0.173606 0.582610
v -0.690230 0.142272 0.653647
v -0.623646 0.154900 0.612410
v -0.687440 0.181092 0.553031
v 0.305588 0.359051 -0.397208
v 0.345292 0.343040 -0.735517
v -0.833893 0.201257 0.519926
v -0.743733 0.204205 0.500634
v 0.036586 -0.472151 -0.794901
v 0.358703 0.327785 -0.748040
v 0.379392 0.293135 -0.767011
v 0.380309 0.239240 -0.742490
v 0.443984 0.213097 -0.683222
v 0.456122 0.201646 -0.696205
v 0.393531 0.227344 -0.754464
v 0.393504 0.262103 -0.775684
v 0.380309 0.239240 -0.742490
v 0.456122 0.201646 -0.696205
v 0.267079 -0.490542 -0.670733
v 0.297669 -0.456782 -0.681390
v 0.226993 -0.527102 -0.650662
v -0.801699 -0.129700 0.653436
v -0.125749 0.535416 0.143996
v -0.127950 0.479562 0.198950
v -0.125749 0.535416 0.143996
v 0.205777 -0.541617 -0.637419
v -0.690230 0.142272 0.653647
v -0.801699 -0.129700 0.653436
v -0.693144 -0.262243 0.427423
v -0.581806 -0.307744 0.259017
v -0.698648 -0.246124 0.431416
v -0.693144 -0.262243 0.427423
v -0.202758 -0.464992 -0.157198
v -0.088530 -0.511704 -0.291715
v -0.186901 -0.471503 -0.141700
v -0.193194 -0.456974 -0.137800
v -0.209096 -0.450444 -0.153385
v -0.202758 -0.464992 -0.157198
v 0.245372 -0.581270 1.211102
v 0.203179 -0.557179 1.169624
v 0.465877 -0.664591 0.840014
v 0.508070 -0.688682 0.881492
v 0.167361 -0.522427 1.129752
v 0.430059 -0.629839 0.800142
v 0.139289 -0.478350 1.093014
v 0.401986 -0.585762 0.763404
v 0.120040 -0.426640 1.060822
v 0.382738 -0.534053 0.731212
v 0.120040 -0.426640 1.060822
v 0.110356 -0.369284 1.034413
v 0.373054 -0.476696 0.704803
v 0.382738 -0.534053 0.731212
v 0.110612 -0.308490 1.014805
v 0.373309 -0.415902 0.685195
v 0.120798 -0.246589 1.002752
v 0.383495 -0.354001 0.673142
v 0.140514 -0.185965 0.998710
v 0.403212 -0.293377 0.669100
v 0.598307 -0.309947 0.500598
v 0.459344 -0.252892 0.371253
v 0.446554 -0.242871 0.389414
v 0.593849 -0.303347 0.526515
v 0.169016 -0.128942 1.002843
v 0.205194 -0.077718 1.014984
v 0.467892 -0.185130 0.685374
v 0.431714 -0.236354 0.673233
v 0.247668 -0.034258 1.034673
v 0.510366 -0.141670 0.705063
v 0.294806 -0.000231 1.061153
v 0.557503 -0.107643 0.731543
v 0.294806 -0.000231 1.061153
v 0.344792 0.023057 1.093403
v 0.607490 -0.084356 0.763793
v 0.557503 -0.107643 0.731543
v 0.395704 0.034705 1.130184
v 0.658402 -0.072708 0.800574
v 0.445586 0.034266 1.170083
v 0.708284 -0.073146 0.840472
v 0.492529 0.021765 1.211570
v 0.755227 -0.085648 0.881960
v 0.534717 -0.002329 1.253045
v 0.797415 -0.109741 0.923435
v 0.570540 -0.037079 1.292920
v 0.833238 -0.144491 0.963310
v 0.598611 -0.081160 1.329657
v 0.861309 -0.188572 1.000047
v 0.617860 -0.132869 1.361849
v 0.880557 -0.240281 1.032239
v 0.617860 -0.132869 1.361849
v 0.627540 -0.190225 1.388256
v 0.890238 -0.297637 1.058645
v 0.880557 -0.240281 1.032239
v 0.627285 -0.251019 1.407863
v 0.889983 -0.358431 1.078253
v 0.617102 -0.312920 1.419920
v 0.879800 -0.420332 1.090310
v 1.010890 -0.479344 0.884628
v 1.308936 -0.460311 0.728476
v 1.517816 -0.545718 0.466392
v 1.219770 -0.564751 0.622543
v 0.597382 -0.373544 1.423959
v 0.568885 -0.430563 1.419829
v 0.831583 -0.537976 1.090218
v 0.860080 -0.480956 1.094349
v 0.532702 -0.481790 1.407684
v 0.795400 -0.589202 1.078074
v 0.490229 -0.525250 1.387996
v 0.752926 -0.632663 1.058386
v 0.443094 -0.559279 1.361519
v 0.705792 -0.666691 1.031908
v 0.443094 -0.559279 1.361519
v 0.393109 -0.582562 1.329268
v 0.655807 -0.689974 0.999658
v 0.705792 -0.666691 1.031908
v 0.342197 -0.594210 1.292488
v 0.604895 -0.701622 0.962877
v 0.889983 -0.358431 1.078253
v 0.888008 -0.362224 1.062907
v 0.888254 -0.303509 1.043970
v 0.890238 -0.297637 1.058645
v 0.292311 -0.593774 1.252586
v 0.555008 -0.701187 0.922976
v 0.128815 -0.181192 1.028159
v 0.156473 -0.125857 1.032170
v 0.156473 -0.125857 1.032170
v 0.164742 -0.135579 1.063946
v 0.196534 -0.090571 1.074617
v 0.191582 -0.076149 1.043953
v 0.511356 -0.002989 1.274970
v 0.546118 -0.036712 1.313665
v 0.509402 -0.468267 1.425037
v 0.468183 -0.510443 1.405930
v 0.108944 -0.414749 1.088433
v 0.099550 -0.359091 1.062808
v 0.327047 0.021643 1.120050
v 0.376455 0.032947 1.155744
v 0.601187 -0.244323 1.425210
v 0.591303 -0.304392 1.436909
v 0.230571 -0.564803 1.234268
v 0.189626 -0.541426 1.194017
v 0.276120 -0.576938 1.274525
v 0.191582 -0.076149 1.043953
v 0.573361 -0.079487 1.349317
v 0.422443 -0.543464 1.380236
v 0.099798 -0.300093 1.043779
v 0.424861 0.032524 1.194462
v 0.572166 -0.363222 1.440828
v 0.154867 -0.507703 1.155325
v 0.232801 -0.033973 1.063060
v 0.592040 -0.129667 1.380556
v 0.422443 -0.543464 1.380236
v 0.373937 -0.566059 1.348940
v 0.109681 -0.240023 1.032081
v 0.470415 0.020391 1.234722
v 0.544513 -0.418555 1.436820
v 0.127623 -0.464928 1.119673
v 0.278541 -0.000952 1.088754
v 0.592040 -0.129667 1.380556
v 0.601434 -0.185325 1.406182
v 0.324530 -0.577363 1.313246
v 0.108944 -0.414749 1.088433
v 0.278541 -0.000952 1.088754
v 0.275268 -0.022483 1.115180
v 0.271982 -0.039519 1.137240
v 0.312214 -0.020775 1.163197
v 0.319186 -0.002025 1.143516
v 0.591303 -0.304392 1.436909
v 0.558455 -0.297228 1.430411
v 0.541126 -0.350495 1.433958
v 0.572166 -0.363222 1.440828
v 0.233854 -0.052381 1.091916
v 0.232801 -0.033973 1.063060
v 0.516088 -0.400596 1.430331
v 0.544513 -0.418555 1.436820
v 0.278541 -0.000952 1.088754
v 0.484297 -0.445604 1.419660
v 0.509402 -0.468267 1.425037
v 0.327047 0.021643 1.120050
v 0.446978 -0.483790 1.402361
v 0.468183 -0.510443 1.405930
v 0.363923 0.008208 1.175836
v 0.376455 0.032947 1.155744
v 0.230571 -0.564803 1.234268
v 0.231835 -0.533012 1.246933
v 0.194763 -0.511848 1.210490
v 0.189626 -0.541426 1.194017
v 0.405561 -0.513687 1.379094
v 0.422443 -0.543464 1.380236
v 0.407754 0.007826 1.210893
v 0.424861 0.032524 1.194462
v 0.163291 -0.481311 1.175456
v 0.154867 -0.507703 1.155325
v 0.361641 -0.534149 1.350759
v 0.373937 -0.566059 1.348940
v 0.448997 -0.003159 1.247344
v 0.470415 0.020391 1.234722
v 0.138622 -0.442583 1.143174
v 0.127623 -0.464928 1.119673
v 0.316908 -0.544383 1.318441
v 0.324530 -0.577363 1.313246
v 0.486067 -0.024327 1.283787
v 0.511356 -0.002989 1.274970
v 0.121711 -0.397145 1.114889
v 0.108944 -0.414749 1.088433
v 0.273077 -0.544002 1.283384
v 0.276120 -0.576938 1.274525
v 0.517539 -0.054864 1.318821
v 0.546118 -0.036712 1.313665
v 0.113205 -0.346751 1.091687
v 0.099550 -0.359091 1.062808
v 0.542206 -0.093591 1.351100
v 0.573361 -0.079487 1.349317
v 0.113430 -0.293335 1.074460
v 0.099798 -0.300093 1.043779
v 0.559118 -0.139025 1.379385
v 0.592040 -0.129667 1.380556
v 0.122376 -0.238947 1.063866
v 0.109681 -0.240023 1.032081
v 0.567627 -0.189420 1.402590
v 0.601434 -0.185325 1.406182
v 0.139702 -0.185679 1.060316
v 0.128815 -0.181192 1.028159
v 0.567400 -0.242840 1.419817
v 0.601187 -0.244323 1.425210
v 0.393347 -0.011755 1.224920
v 0.390686 -0.022650 1.226349
v 0.426841 -0.032279 1.258303
v 0.431128 -0.021818 1.258311
v 0.463464 -0.427125 1.416162
v 0.429278 -0.462105 1.400315
v 0.353196 -0.011401 1.192804
v 0.232193 -0.507198 1.257934
v 0.198235 -0.487807 1.224551
v 0.391340 -0.489497 1.379005
v 0.393347 -0.011755 1.224920
v 0.169404 -0.459833 1.192456
v 0.351106 -0.508236 1.353045
v 0.431128 -0.021818 1.258311
v 0.146806 -0.424355 1.162884
v 0.310128 -0.517611 1.323441
v 0.465087 -0.041209 1.291695
v 0.131313 -0.382736 1.136974
v 0.269975 -0.517261 1.291325
v 0.493919 -0.069179 1.323789
v 0.123520 -0.336569 1.115718
v 0.516515 -0.104656 1.353358
v 0.123726 -0.287636 1.099936
v 0.532009 -0.146280 1.379271
v 0.131924 -0.237814 1.090234
v 0.539800 -0.192442 1.400524
v 0.147795 -0.189017 1.086982
v 0.539593 -0.241379 1.416306
v 0.170734 -0.143122 1.090308
v 0.531398 -0.291202 1.426011
v 0.199854 -0.101890 1.100080
v 0.515526 -0.339999 1.429263
v 0.234043 -0.066906 1.115927
v 0.492588 -0.385894 1.425938
v 0.132494 -0.333463 1.121858
v 0.142562 -0.331407 1.125076
v 0.142752 -0.286507 1.110595
v 0.132688 -0.286641 1.106755
v 0.169404 -0.459833 1.192456
v 0.176397 -0.451413 1.195286
v 0.154774 -0.417466 1.166990
v 0.146806 -0.424355 1.162884
v 0.351106 -0.508236 1.353045
v 0.350267 -0.497731 1.348953
v 0.311054 -0.506700 1.320624
v 0.310128 -0.517611 1.323441
v 0.459334 -0.050835 1.290247
v 0.465087 -0.041209 1.291695
v 0.139949 -0.377637 1.142195
v 0.131313 -0.382736 1.136974
v 0.272633 -0.506365 1.289893
v 0.269975 -0.517261 1.291325
v 0.486926 -0.077599 1.320959
v 0.493919 -0.069179 1.323789
v 0.123520 -0.336569 1.115718
v 0.236481 -0.496737 1.257943
v 0.232193 -0.507198 1.257934
v 0.508545 -0.111549 1.349253
v 0.516515 -0.104656 1.353358
v 0.123726 -0.287636 1.099936
v 0.523370 -0.151378 1.374047
v 0.532009 -0.146280 1.379271
v 0.140535 -0.238964 1.097472
v 0.131924 -0.237814 1.090234
v 0.530829 -0.195550 1.394387
v 0.539800 -0.192442 1.400524
v 0.155721 -0.192271 1.094359
v 0.147795 -0.189017 1.086982
v 0.530631 -0.242374 1.409488
v 0.539593 -0.241379 1.416306
v 0.177672 -0.148352 1.097542
v 0.170734 -0.143122 1.090308
v 0.522789 -0.290049 1.418774
v 0.531398 -0.291202 1.426011
v 0.205537 -0.108898 1.106893
v 0.199854 -0.101890 1.100080
v 0.507601 -0.336745 1.421887
v 0.515526 -0.339999 1.429263
v 0.238252 -0.075425 1.122059
v 0.234043 -0.066906 1.115927
v 0.485651 -0.380660 1.418703
v 0.492588 -0.385894 1.425938
v 0.274554 -0.049215 1.142450
v 0.271982 -0.039519 1.137240
v 0.457782 -0.420117 1.409350
v 0.463464 -0.427125 1.416162
v 0.313052 -0.031284 1.167289
v 0.312214 -0.020775 1.163197
v 0.425071 -0.453588 1.394187
v 0.429278 -0.462105 1.400315
v 0.352266 -0.022311 1.195619
v 0.353196 -0.011401 1.192804
v 0.203985 -0.478180 1.225996
v 0.198235 -0.487807 1.224551
v 0.388766 -0.479796 1.373793
v 0.391340 -0.489497 1.379005
v 0.164835 -0.196010 1.098705
v 0.179943 -0.202208 1.106545
v 0.199461 -0.163151 1.109373
v 0.185884 -0.153896 1.101757
v 0.503179 -0.118601 1.343138
v 0.517394 -0.156792 1.366913
v 0.150271 -0.240787 1.101690
v 0.524543 -0.199156 1.386416
v 0.524356 -0.244058 1.400899
v 0.516837 -0.289777 1.409805
v 0.212609 -0.116062 1.110728
v 0.502270 -0.334553 1.412787
v 0.243978 -0.083963 1.125268
v 0.481224 -0.376669 1.409738
v 0.278792 -0.058828 1.144823
v 0.454499 -0.414502 1.400767
v 0.315711 -0.041632 1.168644
v 0.423127 -0.446600 1.386224
v 0.353313 -0.033031 1.195810
v 0.242282 -0.487976 1.255575
v 0.211121 -0.470181 1.224941
v 0.388315 -0.471731 1.366669
v 0.390158 -0.033350 1.225279
v 0.184664 -0.444515 1.195490
v 0.351398 -0.488929 1.342850
v 0.424827 -0.042585 1.255920
v 0.163931 -0.411959 1.168357
v 0.313795 -0.497534 1.315685
v 0.455989 -0.060379 1.286554
v 0.149712 -0.373767 1.144579
v 0.276950 -0.497214 1.286215
v 0.482444 -0.086049 1.316004
v 0.253335 -0.098299 1.131177
v 0.263268 -0.111179 1.133514
v 0.293431 -0.089410 1.150460
v 0.285619 -0.074996 1.149312
v 0.513340 -0.246765 1.386781
v 0.506365 -0.289159 1.395037
v 0.224244 -0.128069 1.117692
v 0.492860 -0.330684 1.397805
v 0.473340 -0.369736 1.394974
v 0.448559 -0.404824 1.386658
v 0.319853 -0.059046 1.171399
v 0.419469 -0.434589 1.373173
v 0.354725 -0.051070 1.196592
v 0.251760 -0.472961 1.252015
v 0.222863 -0.456458 1.223605
v 0.387184 -0.457896 1.355037
v 0.388891 -0.051365 1.223920
v 0.198329 -0.432657 1.196296
v 0.352947 -0.473845 1.332948
v 0.421042 -0.059932 1.252335
v 0.179100 -0.402468 1.171133
v 0.318078 -0.481823 1.307757
v 0.449938 -0.076430 1.280742
v 0.165919 -0.367050 1.149086
v 0.283910 -0.481522 1.280427
v 0.474473 -0.100235 1.308053
v 0.159288 -0.327765 1.130998
v 0.493699 -0.130424 1.333214
v 0.159462 -0.286128 1.117569
v 0.506883 -0.165842 1.355264
v 0.166436 -0.243729 1.109310
v 0.513516 -0.205123 1.373351
v 0.357995 -0.067052 1.194631
v 0.364193 -0.084896 1.189092
v 0.393767 -0.085157 1.212747
v 0.389916 -0.067333 1.220163
v 0.468815 -0.364780 1.379976
v 0.445660 -0.397559 1.372204
v 0.325415 -0.074505 1.171094
v 0.418482 -0.425367 1.359605
v 0.261798 -0.461218 1.246411
v 0.234800 -0.445801 1.219870
v 0.388320 -0.447142 1.342662
v 0.211879 -0.423560 1.194354
v 0.356335 -0.462041 1.322025
v 0.419954 -0.075334 1.246710
v 0.193914 -0.395355 1.170845
v 0.323755 -0.469494 1.298488
v 0.446952 -0.090751 1.273252
v 0.181600 -0.362267 1.150248
v 0.291835 -0.469218 1.272958
v 0.469874 -0.112987 1.298767
v 0.175402 -0.325564 1.133348
v 0.487836 -0.141192 1.322274
v 0.175566 -0.286660 1.120801
v 0.500152 -0.174285 1.342874
v 0.182082 -0.247054 1.113087
v 0.506348 -0.210983 1.359771
v 0.194700 -0.208260 1.110502
v 0.506184 -0.249886 1.372318
v 0.212937 -0.171772 1.113145
v 0.499670 -0.289497 1.380034
v 0.236089 -0.138991 1.120915
v 0.487051 -0.328292 1.382620
v 0.446610 -0.106853 1.261933
v 0.485733 -0.197223 1.159044
v 0.499249 -0.210341 1.174091
v 0.467847 -0.127454 1.285572
v 0.250056 -0.435797 1.212475
v 0.228819 -0.415196 1.188836
v 0.392289 -0.437041 1.326240
v 0.362657 -0.450846 1.307122
v 0.421597 -0.092567 1.237343
v 0.212176 -0.389063 1.167055
v 0.332470 -0.457752 1.285313
v 0.446610 -0.106853 1.261933
v 0.200766 -0.358406 1.147972
v 0.302898 -0.457493 1.261661
v 0.467847 -0.127454 1.285572
v 0.195025 -0.324405 1.132316
v 0.275068 -0.450083 1.237065
v 0.484490 -0.153587 1.307353
v 0.195176 -0.288362 1.120690
v 0.495900 -0.184243 1.326436
v 0.201214 -0.251664 1.113544
v 0.501640 -0.218245 1.342092
v 0.212904 -0.215721 1.111147
v 0.506348 -0.210983 1.359771
v 0.501640 -0.218245 1.342092
v 0.501490 -0.254288 1.353718
v 0.506184 -0.249886 1.372318
v 0.229801 -0.181916 1.113598
v 0.495451 -0.290985 1.360864
v 0.499670 -0.289497 1.380034
v 0.251251 -0.151545 1.120797
v 0.483762 -0.326929 1.363261
v 0.487051 -0.328292 1.382620
v 0.276433 -0.125780 1.132470
v 0.466865 -0.360734 1.360810
v 0.468815 -0.364780 1.379976
v 0.304376 -0.105608 1.148168
v 0.445415 -0.391104 1.353612
v 0.445660 -0.397559 1.372204
v 0.334009 -0.091803 1.167286
v 0.420233 -0.416870 1.341938
v 0.418482 -0.425367 1.359605
v 0.420233 -0.416870 1.341938
v 0.200766 -0.358406 1.147972
v 0.329234 -0.357356 1.086499
v 0.325581 -0.335714 1.076535
v 0.195025 -0.324405 1.132316
v 0.302898 -0.457493 1.261661
v 0.394249 -0.420434 1.158871
v 0.376534 -0.415716 1.143215
v 0.275068 -0.450083 1.237065
v 0.509845 -0.226977 1.187957
v 0.484490 -0.153587 1.307353
v 0.325678 -0.312768 1.069134
v 0.195176 -0.288362 1.120690
v 0.517111 -0.246490 1.200107
v 0.495900 -0.184243 1.326436
v 0.329518 -0.289408 1.064582
v 0.201214 -0.251664 1.113544
v 0.495900 -0.184243 1.326436
v 0.517111 -0.246490 1.200107
v 0.520763 -0.268136 1.210071
v 0.336962 -0.266530 1.063060
v 0.212904 -0.215721 1.111147
v 0.520667 -0.291078 1.217472
v 0.347715 -0.245009 1.064617
v 0.229801 -0.181916 1.113598
v 0.516822 -0.314441 1.222021
v 0.361373 -0.225676 1.069202
v 0.251251 -0.151545 1.120797
v 0.509381 -0.337321 1.223546
v 0.377402 -0.209276 1.076633
v 0.276433 -0.125780 1.132470
v 0.498626 -0.358839 1.221987
v 0.395189 -0.196432 1.086623
v 0.304376 -0.105608 1.148168
v 0.484972 -0.378170 1.217404
v 0.304376 -0.105608 1.148168
v 0.395189 -0.196432 1.086623
v 0.414053 -0.187647 1.098796
v 0.334009 -0.091803 1.167286
v 0.468941 -0.394574 1.209973
v 0.433267 -0.183250 1.112675
v 0.364193 -0.084896 1.189092
v 0.360612 -0.406623 1.127562
v 0.250056 -0.435797 1.212475
v 0.451151 -0.407417 1.199980
v 0.392289 -0.437041 1.326240
v 0.452096 -0.183412 1.127735
v 0.393767 -0.085157 1.212747
v 0.347092 -0.393508 1.112512
v 0.228819 -0.415196 1.188836
v 0.392289 -0.437041 1.326240
v 0.451151 -0.407417 1.199980
v 0.432290 -0.416203 1.187811
v 0.362657 -0.450846 1.307122
v 0.469809 -0.188135 1.143391
v 0.421597 -0.092567 1.237343
v 0.336498 -0.376873 1.098649
v 0.212176 -0.389063 1.167055
v 0.413074 -0.420598 1.173928
v 0.332470 -0.457752 1.285313
v 0.329234 -0.357356 1.086499
v 0.200766 -0.358406 1.147972
v 0.493998 -0.311389 1.202836
v 0.432188 -0.291108 1.242412
v 0.428000 -0.303982 1.243270
v 0.488370 -0.328694 1.203989
v 0.414264 -0.326969 1.239813
v 0.397867 -0.316520 1.249242
v 0.390025 -0.324542 1.245606
v 0.405242 -0.336200 1.235631
v 0.376433 -0.244259 1.087261
v 0.344711 -0.241158 1.156416
v 0.353732 -0.231927 1.160598
v 0.388556 -0.231855 1.092880
v 0.421949 -0.316090 1.242393
v 0.480237 -0.344966 1.202810
v 0.363740 -0.224698 1.166219
v 0.402010 -0.222145 1.100439
v 0.469908 -0.359586 1.199342
v 0.402010 -0.222145 1.100439
v 0.363740 -0.224698 1.166219
v 0.374355 -0.219757 1.173068
v 0.416276 -0.215497 1.109642
v 0.457784 -0.371994 1.193723
v 0.385169 -0.217283 1.180881
v 0.430807 -0.212173 1.120140
v 0.387901 -0.387982 1.143236
v 0.353242 -0.348098 1.198065
v 0.344283 -0.342982 1.189257
v 0.375858 -0.381105 1.131397
v 0.395232 -0.343423 1.230007
v 0.444333 -0.381705 1.186167
v 0.395764 -0.217374 1.189355
v 0.445044 -0.212299 1.131528
v 0.336676 -0.335600 1.180789
v 0.365635 -0.371185 1.120017
v 0.444333 -0.381705 1.186167
v 0.395232 -0.343423 1.230007
v 0.384619 -0.348370 1.223161
v 0.430069 -0.388349 1.176964
v 0.405732 -0.220029 1.198164
v 0.458442 -0.215868 1.143370
v 0.330713 -0.326238 1.172986
v 0.357623 -0.358604 1.109531
v 0.373805 -0.350844 1.215348
v 0.415535 -0.391672 1.166463
v 0.414691 -0.225145 1.206972
v 0.470482 -0.222744 1.155206
v 0.326625 -0.315255 1.166149
v 0.352129 -0.343848 1.100344
v 0.363210 -0.350752 1.206874
v 0.401296 -0.391550 1.155075
v 0.422298 -0.232527 1.215440
v 0.480707 -0.232660 1.166587
v 0.352129 -0.343848 1.100344
v 0.326625 -0.315255 1.166149
v 0.324570 -0.303078 1.160543
v 0.349364 -0.327479 1.092806
v 0.428261 -0.241889 1.223243
v 0.488722 -0.245242 1.177075
v 0.324625 -0.290165 1.156378
v 0.349439 -0.310124 1.087210
v 0.432347 -0.252867 1.230078
v 0.494214 -0.260002 1.186262
v 0.326787 -0.277019 1.153817
v 0.352346 -0.292457 1.083770
v 0.494214 -0.260002 1.186262
v 0.432347 -0.252867 1.230078
v 0.434404 -0.265048 1.235686
v 0.496976 -0.276370 1.193797
v 0.330974 -0.264145 1.152959
v 0.357973 -0.275156 1.082617
v 0.434350 -0.277961 1.239851
v 0.496903 -0.293721 1.199393
v 0.337026 -0.252037 1.153836
v 0.366108 -0.258880 1.083796
v 0.330410 -0.324022 1.197925
v 0.327718 -0.312991 1.211519
v 0.323393 -0.306202 1.205859
v 0.325227 -0.315882 1.191141
v 0.363171 -0.223303 1.191212
v 0.372571 -0.221155 1.198004
v 0.344815 -0.334887 1.212946
v 0.337026 -0.330438 1.205288
v 0.381322 -0.330827 1.240718
v 0.381784 -0.221233 1.205373
v 0.381322 -0.330827 1.240718
v 0.372092 -0.335124 1.234763
v 0.390449 -0.223546 1.213032
v 0.362693 -0.337277 1.227973
v 0.398240 -0.227990 1.220690
v 0.321674 -0.306337 1.185198
v 0.353482 -0.337195 1.220605
v 0.404854 -0.234410 1.228053
v 0.321674 -0.306337 1.185198
v 0.319885 -0.295744 1.180321
v 0.410036 -0.242545 1.234834
v 0.319933 -0.284523 1.176702
v 0.413591 -0.252095 1.240780
v 0.321812 -0.273091 1.174474
v 0.413591 -0.252095 1.240780
v 0.415378 -0.262683 1.245654
v 0.325456 -0.261899 1.173731
v 0.415331 -0.273909 1.249275
v 0.330714 -0.251370 1.174491
v 0.413449 -0.285340 1.251501
v 0.337398 -0.241912 1.176735
v 0.409809 -0.296533 1.252247
v 0.345239 -0.233885 1.180369
v 0.404547 -0.307061 1.251484
v 0.353942 -0.227605 1.185259
v 0.353942 -0.227605 1.185259
v 0.318935 -0.289394 1.196828
v 0.320154 -0.281435 1.217012
v 0.320180 -0.274702 1.214838
v 0.318972 -0.280027 1.193805
v 0.362506 -0.322260 1.242265
v 0.354662 -0.324054 1.236598
v 0.377827 -0.229134 1.224128
v 0.384329 -0.232848 1.230520
v 0.320425 -0.298234 1.200897
v 0.346974 -0.323988 1.230449
v 0.389850 -0.238201 1.236665
v 0.320425 -0.298234 1.200897
v 0.339740 -0.322062 1.224056
v 0.394173 -0.244994 1.242324
v 0.397142 -0.252962 1.247287
v 0.320543 -0.270488 1.191949
v 0.397142 -0.252962 1.247287
v 0.398632 -0.261802 1.251355
v 0.323582 -0.261145 1.191326
v 0.398592 -0.271168 1.254375
v 0.327974 -0.252357 1.191963
v 0.397024 -0.280708 1.256234
v 0.333548 -0.244463 1.193833
v 0.393985 -0.290051 1.256857
v 0.340094 -0.237768 1.196868
v 0.389593 -0.298838 1.256220
v 0.347357 -0.232522 1.200948
v 0.384016 -0.306732 1.254348
v 0.347357 -0.232522 1.200948
v 0.355061 -0.228936 1.205919
v 0.377473 -0.313428 1.251315
v 0.362906 -0.227138 1.211585
v 0.333238 -0.318348 1.217664
v 0.370209 -0.318674 1.247236
v 0.370592 -0.227208 1.217734
v 0.370209 -0.318674 1.247236
v 0.323496 -0.261127 1.213057
v 0.328866 -0.263344 1.233861
v 0.330450 -0.260171 1.234090
v 0.326651 -0.254807 1.213513
v 0.394173 -0.244994 1.242324
v 0.374248 -0.249514 1.249722
v 0.376382 -0.255243 1.253290
v 0.397142 -0.252962 1.247287
v 0.321308 -0.267843 1.213503
v 0.377454 -0.261599 1.256215
v 0.398632 -0.261802 1.251355
v 0.323496 -0.261127 1.213057
v 0.377424 -0.268332 1.258386
v 0.398592 -0.271168 1.254375
v 0.326651 -0.254807 1.213513
v 0.376296 -0.275190 1.259722
v 0.397024 -0.280708 1.256234
v 0.330660 -0.249132 1.214858
v 0.376296 -0.275190 1.259722
v 0.374111 -0.281908 1.260170
v 0.335366 -0.244319 1.217040
v 0.370953 -0.288226 1.259711
v 0.340589 -0.240548 1.219974
v 0.389593 -0.298838 1.256220
v 0.370953 -0.288226 1.259711
v 0.366944 -0.293902 1.258366
v 0.384016 -0.306732 1.254348
v 0.346128 -0.237968 1.223548
v 0.355061 -0.228936 1.205919
v 0.362241 -0.298716 1.256186
v 0.377473 -0.313428 1.251315
v 0.346128 -0.237968 1.223548
v 0.351768 -0.236676 1.227622
v 0.335113 -0.304922 1.236588
v 0.330438 -0.302252 1.231992
v 0.357018 -0.302487 1.253253
v 0.370209 -0.318674 1.247236
v 0.357295 -0.236724 1.232043
v 0.326469 -0.298401 1.227574
v 0.351479 -0.305066 1.249679
v 0.362506 -0.322260 1.242265
v 0.362495 -0.238113 1.236639
v 0.323359 -0.293521 1.223505
v 0.351479 -0.305066 1.249679
v 0.345841 -0.306355 1.245605
v 0.367171 -0.240779 1.241235
v 0.323393 -0.306202 1.205859
v 0.323359 -0.293521 1.223505
v 0.321226 -0.287791 1.219937
v 0.340314 -0.306307 1.241184
v 0.371140 -0.244629 1.245653
v 0.389850 -0.238201 1.236665
v 0.371140 -0.244629 1.245653
v 0.334825 -0.254906 1.235861
v 0.337447 -0.253011 1.237333
v 0.355941 -0.266960 1.256618
v 0.355375 -0.270404 1.257290
v 0.332465 -0.257321 1.234767
v 0.330660 -0.249132 1.214858
v 0.354277 -0.273777 1.257514
v 0.374111 -0.281908 1.260170
v 0.335366 -0.244319 1.217040
v 0.352693 -0.276950 1.257285
v 0.340589 -0.240548 1.219974
v 0.350680 -0.279796 1.256608
v 0.340229 -0.251717 1.239129
v 0.346128 -0.237968 1.223548
v 0.348318 -0.282214 1.255514
v 0.343058 -0.251070 1.241172
v 0.351768 -0.236676 1.227622
v 0.335113 -0.304922 1.236588
v 0.334698 -0.285331 1.245675
v 0.332350 -0.283992 1.243367
v 0.330438 -0.302252 1.231992
v 0.345695 -0.284104 1.254039
v 0.345834 -0.251093 1.243393
v 0.357295 -0.236724 1.232043
v 0.330358 -0.282057 1.241148
v 0.326469 -0.298401 1.227574
v 0.342914 -0.285403 1.252246
v 0.348445 -0.251789 1.245701
v 0.362495 -0.238113 1.236639
v 0.328798 -0.279607 1.239107
v 0.323359 -0.293521 1.223505
v 0.340082 -0.286049 1.250200
v 0.345841 -0.306355 1.245605
v 0.350793 -0.253129 1.248008
v 0.367171 -0.240779 1.241235
v 0.327727 -0.276727 1.237315
v 0.321226 -0.287791 1.219937
v 0.337309 -0.286028 1.247983
v 0.340314 -0.306307 1.241184
v 0.352782 -0.255063 1.250224
v 0.327188 -0.273539 1.235847
v 0.320154 -0.281435 1.217012
v 0.354345 -0.257513 1.252268
v 0.327204 -0.270157 1.234757
v 0.320180 -0.274702 1.214838
v 0.355415 -0.260388 1.254058
v 0.327768 -0.266716 1.234085
v 0.321308 -0.267843 1.213503
v 0.355955 -0.263582 1.255529
v 0.833203 -0.155610 0.951898
v 0.824746 -0.194540 0.918890
v 0.794825 -0.165510 0.885583
v 0.798608 -0.122047 0.913388
v 0.555008 -0.701187 0.922976
v 0.564500 -0.693245 0.912945
v 0.612679 -0.693666 0.951480
v 0.604895 -0.701622 0.962877
v 0.807187 -0.395354 0.238514
v 0.680793 -0.343438 0.093398
v 0.833238 -0.144491 0.963310
v 0.797415 -0.109741 0.923435
v 0.752926 -0.632663 1.058386
v 0.755642 -0.627067 1.043719
v 0.796664 -0.585094 1.062734
v 0.795400 -0.589202 1.078074
v 0.373054 -0.476696 0.704803
v 0.388779 -0.476442 0.702245
v 0.398128 -0.531829 0.727746
v 0.382738 -0.534053 0.731212
v 0.658402 -0.072708 0.800574
v 0.664354 -0.086285 0.794734
v 0.615183 -0.097535 0.759211
v 0.607490 -0.084356 0.763793
v 0.879800 -0.420332 1.090310
v 0.878174 -0.422003 1.074551
v 0.888008 -0.362224 1.062907
v 0.889983 -0.358431 1.078253
v 0.465877 -0.664591 0.840014
v 0.478423 -0.657899 0.832824
v 0.519170 -0.681167 0.872881
v 0.508070 -0.688682 0.881492
v 0.467892 -0.185130 0.685374
v 0.480369 -0.194857 0.683480
v 0.448005 -0.238036 0.671757
v 0.431714 -0.236354 0.673233
v 0.861309 -0.188572 1.000047
v 0.860315 -0.198180 0.987379
v 0.705792 -0.666691 1.031908
v 0.710121 -0.659926 1.018147
v 0.373309 -0.415902 0.685195
v 0.389025 -0.417727 0.683307
v 0.708284 -0.073146 0.840472
v 0.712529 -0.086705 0.833267
v 0.860080 -0.480956 1.094349
v 0.859128 -0.480553 1.078450
v 0.430059 -0.629839 0.800142
v 0.443829 -0.624341 0.794317
v 0.510366 -0.141670 0.705063
v 0.521390 -0.152884 0.702496
v 0.880557 -0.240281 1.032239
v 0.878902 -0.248120 1.018466
v 0.655807 -0.689974 0.999658
v 0.661849 -0.682416 0.987003
v 0.383495 -0.354001 0.673142
v 0.398860 -0.357944 0.671664
v 0.755227 -0.085648 0.881960
v 0.757863 -0.098784 0.873333
v 0.831583 -0.537976 1.090218
v 0.831605 -0.535619 1.074460
v 0.401986 -0.585762 0.763404
v 0.416717 -0.581771 0.758836
v 0.557503 -0.107643 0.731543
v 0.566910 -0.120019 0.728065
v 0.403212 -0.293377 0.669100
v 0.416506 -0.302812 0.667761
v 0.797415 -0.109741 0.923435
v 0.798608 -0.122047 0.913388
v 0.757863 -0.098784 0.873333
v 0.755227 -0.085648 0.881960
v 0.795400 -0.589202 1.078074
v 0.796664 -0.585094 1.062734
v 0.872366 -0.322474 0.998533
v 0.862703 -0.333248 0.972845
v 0.855344 -0.289662 0.952776
v 0.864279 -0.274560 0.976474
v 0.440324 -0.472056 0.702943
v 0.448410 -0.519970 0.725002
v 0.553110 -0.649146 0.850542
v 0.592321 -0.659590 0.885197
v 0.848199 -0.231363 0.949581
v 0.440537 -0.421268 0.686562
v 0.449044 -0.369558 0.676491
v 0.464117 -0.322329 0.673113
v 0.872154 -0.373258 1.014914
v 0.572068 -0.362449 0.496795
v 0.437146 -0.307054 0.371211
v 0.658595 -0.397600 0.093356
v 0.780948 -0.447856 0.234710
v 0.878174 -0.422003 1.074551
v 0.863647 -0.424968 1.024984
v 0.519549 -0.228487 0.686711
v 0.491902 -0.264990 0.676572
v 0.859128 -0.480553 1.078450
v 0.847173 -0.475615 1.028360
v 0.555031 -0.192184 0.703160
v 0.831605 -0.535619 1.074460
v 0.823366 -0.523250 1.024908
v 0.594406 -0.163757 0.725278
v 0.793142 -0.566039 1.014764
v 0.636163 -0.144306 0.752220
v 0.757659 -0.602347 0.998316
v 0.678693 -0.134574 0.782944
v 0.517864 -0.629020 0.815893
v 0.718283 -0.630774 0.976197
v 0.720366 -0.134939 0.816276
v 0.487940 -0.599989 0.782583
v 0.676527 -0.650224 0.949256
v 0.759579 -0.145384 0.850933
v 0.464491 -0.563167 0.751895
v 0.633994 -0.659955 0.918529
v 0.495586 -0.322687 0.676812
v 0.477599 -0.376086 0.679879
v 0.862507 -0.379450 0.987745
v 0.588922 -0.360866 0.579833
v 0.408055 -0.286606 0.411484
v 0.412326 -0.300891 0.400594
v 0.567710 -0.364688 0.545224
v 0.854769 -0.426490 0.996907
v 0.541736 -0.247750 0.689174
v 0.514243 -0.286678 0.679948
v 0.839784 -0.472564 0.999979
v 0.574017 -0.214720 0.704138
v 0.818124 -0.515898 0.996837
v 0.609838 -0.188863 0.724261
v 0.790628 -0.554826 0.987609
v 0.647823 -0.171166 0.748768
v 0.758351 -0.587856 0.972648
v 0.686516 -0.162312 0.776721
v 0.540206 -0.612118 0.806694
v 0.572269 -0.630429 0.838215
v 0.722530 -0.613714 0.952525
v 0.724424 -0.162647 0.807043
v 0.512986 -0.585708 0.776393
v 0.684542 -0.631410 0.928015
v 0.760098 -0.172147 0.838570
v 0.491649 -0.552213 0.748472
v 0.645853 -0.640260 0.900064
v 0.792161 -0.190458 0.870092
v 0.477024 -0.512914 0.724009
v 0.607940 -0.639928 0.869740
v 0.819383 -0.216864 0.900393
v 0.469664 -0.469329 0.703940
v 0.840718 -0.250364 0.928313
v 0.469858 -0.423125 0.689038
v 0.837584 -0.612351 0.859969
v 0.859787 -0.643285 0.868796
v 0.895091 -0.607160 0.885162
v 0.868150 -0.581076 0.874138
v 0.169016 -0.128942 1.002843
v 0.047804 -0.079175 0.890020
v 0.023694 -0.138001 0.889974
v 0.140514 -0.185965 0.998710
v 0.736744 -0.700603 0.789410
v 0.744291 -0.720734 0.782433
v 0.789276 -0.710444 0.814933
v 0.779062 -0.690922 0.819983
v 0.769562 -0.209390 0.674440
v 0.781219 -0.177859 0.654507
v 0.738900 -0.187541 0.623934
v 0.732924 -0.217773 0.647972
v 0.631015 -0.635330 0.702822
v 0.621195 -0.669824 0.687289
v 0.656266 -0.689846 0.721764
v 0.661379 -0.652664 0.732672
v 0.803665 -0.636837 0.840915
v 0.820609 -0.671568 0.846789
v 0.805459 -0.209705 0.703153
v 0.822681 -0.178221 0.687670
v 0.605239 -0.610319 0.674129
v 0.591424 -0.640938 0.654147
v 0.767695 -0.653594 0.817708
v 0.839240 -0.218702 0.733008
v 0.861698 -0.188613 0.722153
v 0.585038 -0.578600 0.647692
v 0.568089 -0.604301 0.623611
v 0.731057 -0.661977 0.791239
v 0.869600 -0.236039 0.762855
v 0.896767 -0.208638 0.756628
v 0.571185 -0.541386 0.624524
v 0.552090 -0.561321 0.596853
v 0.695156 -0.661665 0.762524
v 0.695278 -0.700241 0.756244
v 0.895380 -0.261047 0.791550
v 0.926539 -0.237524 0.789770
v 0.564217 -0.500113 0.605521
v 0.544043 -0.513648 0.574905
v 0.915581 -0.292767 0.817988
v 0.949873 -0.274161 0.820306
v 0.564400 -0.456364 0.591410
v 0.544256 -0.463115 0.558607
v 0.929431 -0.329979 0.841153
v 0.965872 -0.317142 0.847064
v 0.571730 -0.411817 0.582735
v 0.552719 -0.411666 0.548585
v 0.936398 -0.371256 0.860156
v 0.973919 -0.364815 0.869012
v 0.588922 -0.360866 0.579833
v 0.567710 -0.364688 0.545224
v 0.936215 -0.415006 0.874267
v 0.973707 -0.415347 0.885310
v 0.464117 -0.322329 0.673113
v 0.309690 -0.258925 0.529373
v 0.323930 -0.252209 0.517037
v 0.495586 -0.322687 0.676812
v 0.928889 -0.459550 0.882944
v 0.965244 -0.466796 0.895332
v 0.632465 -0.290293 0.591539
v 0.622871 -0.271302 0.558755
v 0.595376 -0.307588 0.548666
v 0.606429 -0.327155 0.582801
v 0.914695 -0.503178 0.885850
v 0.948851 -0.517187 0.898688
v 0.663030 -0.259018 0.605708
v 0.658176 -0.235178 0.575121
v 0.894190 -0.544212 0.882879
v 0.925165 -0.564584 0.895256
v 0.696952 -0.234529 0.624762
v 0.697353 -0.206894 0.597128
v 0.987859 -0.313104 0.843718
v 1.011590 -0.313560 0.831160
v 0.993868 -0.265948 0.801520
v 0.970853 -0.267416 0.815276
v 0.914399 -0.197762 0.747585
v 0.877121 -0.176476 0.710937
v 0.548000 -0.572672 0.577740
v 0.565007 -0.618364 0.606184
v 0.700215 -0.720349 0.747179
v 0.946047 -0.228472 0.782815
v 0.544043 -0.513648 0.574905
v 0.539445 -0.521997 0.554408
v 0.548000 -0.572672 0.577740
v 0.552090 -0.561321 0.596853
v 0.658741 -0.709300 0.710524
v 0.970853 -0.267416 0.815276
v 0.544256 -0.463115 0.558607
v 0.539673 -0.468279 0.537084
v 0.987859 -0.313104 0.843718
v 0.552719 -0.411666 0.548585
v 0.548667 -0.413587 0.526429
v 0.996415 -0.363784 0.867053
v 0.567710 -0.364688 0.545224
v 0.564692 -0.363434 0.522857
v 0.996187 -0.417501 0.884377
v 0.448005 -0.238036 0.671757
v 0.319123 -0.185120 0.551795
v 0.310501 -0.186588 0.560410
v 0.431714 -0.236354 0.673233
v 0.987190 -0.472193 0.895029
v 0.622871 -0.271302 0.558755
v 0.623242 -0.264379 0.537242
v 0.593849 -0.303347 0.526515
v 0.595376 -0.307588 0.548666
v 0.969766 -0.525759 0.898598
v 0.658176 -0.235178 0.575121
v 0.660771 -0.225976 0.554638
v 0.944586 -0.576142 0.894948
v 0.702418 -0.195908 0.578032
v 0.660771 -0.225976 0.554638
v 0.912618 -0.621402 0.884219
v 0.746584 -0.175337 0.606528
v 0.875089 -0.659804 0.866823
v 0.791569 -0.165047 0.639028
v 0.621462 -0.688014 0.673876
v 0.833441 -0.689867 0.843426
v 0.835646 -0.165428 0.674282
v 0.589813 -0.657309 0.638646
v 1.010890 -0.479344 0.884628
v 1.219770 -0.564751 0.622543
v 1.229149 -0.507758 0.611445
v 1.020269 -0.422350 0.873530
v 0.553911 -0.418270 0.500514
v 0.544535 -0.475265 0.511615
v 0.996415 -0.363784 0.867053
v 1.020505 -0.366370 0.855475
v 1.011590 -0.313560 0.831160
v 0.987859 -0.313104 0.843718
v 0.572068 -0.362449 0.496795
v 0.996187 -0.417501 0.884377
v 0.140514 -0.185965 0.998710
v 0.023694 -0.138001 0.889974
v 0.286392 -0.245413 0.560364
v 0.403212 -0.293377 0.669100
v 0.987190 -0.472193 0.895029
v 0.631622 -0.262781 0.511780
v 0.598307 -0.309947 0.500598
v 0.969766 -0.525759 0.898598
v 0.992736 -0.535166 0.888350
v 0.670733 -0.222761 0.529909
v 0.944586 -0.576142 0.894948
v 0.966494 -0.587667 0.884544
v 0.702418 -0.195908 0.578032
v 0.714132 -0.191431 0.554289
v 0.912618 -0.621402 0.884219
v 0.933182 -0.634834 0.873365
v 0.746584 -0.175337 0.606528
v 0.760156 -0.169991 0.583983
v 0.714132 -0.191431 0.554289
v 0.702418 -0.195908 0.578032
v 0.875089 -0.659804 0.866823
v 0.894071 -0.674854 0.855235
v 0.791569 -0.165047 0.639028
v 0.807037 -0.159266 0.617851
v 0.621462 -0.688014 0.673876
v 0.629770 -0.704249 0.654167
v 0.668615 -0.726435 0.692357
v 0.658741 -0.709300 0.710524
v 0.833441 -0.689867 0.843426
v 0.850669 -0.706183 0.830853
v 0.835646 -0.165428 0.674282
v 0.852969 -0.159667 0.654590
v 0.589813 -0.657309 0.638646
v 0.596786 -0.672254 0.617454
v 0.789276 -0.710444 0.814933
v 0.804645 -0.727623 0.801159
v 0.850669 -0.706183 0.830853
v 0.833441 -0.689867 0.843426
v 0.877121 -0.176476 0.710937
v 0.896189 -0.171181 0.692788
v 0.565007 -0.618364 0.606184
v 0.570936 -0.631667 0.583624
v 0.744291 -0.720734 0.782433
v 0.757767 -0.738349 0.767293
v 0.914399 -0.197762 0.747585
v 0.935036 -0.193362 0.730977
v 0.548000 -0.572672 0.577740
v 0.553213 -0.584055 0.553984
v 0.700215 -0.720349 0.747179
v 0.711837 -0.737944 0.730555
v 0.946047 -0.228472 0.782815
v 0.968017 -0.225361 0.767691
v 0.544301 -0.531242 0.529670
v 0.553213 -0.584055 0.553984
v 1.142062 -0.720241 0.611280
v 1.137686 -0.706903 0.582407
v 1.167908 -0.664118 0.592551
v 1.175374 -0.673074 0.622459
v 0.840502 -0.348188 0.249695
v 0.807187 -0.395354 0.238514
v 0.617102 -0.312920 1.419920
v 0.531546 -0.122644 1.740451
v 0.794244 -0.230056 1.410841
v 0.879800 -0.420332 1.090310
v 0.879613 -0.308169 0.267825
v 1.175374 -0.673074 0.622459
v 1.201616 -0.620573 0.626265
v 0.923012 -0.276838 0.292204
v 1.142062 -0.720241 0.611280
v 0.969036 -0.255399 0.321898
v 0.923012 -0.276838 0.292204
v 1.102951 -0.760261 0.593151
v 1.015917 -0.244673 0.355767
v 0.838650 -0.789656 0.392083
v 0.877495 -0.811842 0.430272
v 1.059549 -0.791591 0.568769
v 1.061849 -0.245075 0.392505
v 0.805667 -0.757661 0.355369
v 1.013525 -0.813030 0.539075
v 1.059549 -0.791591 0.568769
v 1.105069 -0.256588 0.430703
v 0.779816 -0.717074 0.321540
v 0.966647 -0.823756 0.505209
v 1.143916 -0.278769 0.468893
v 0.762093 -0.669462 0.291900
v 0.920717 -0.823351 0.468470
v 1.176897 -0.310768 0.505606
v 0.753179 -0.616653 0.267585
v 0.762093 -0.669462 0.291900
v 1.202748 -0.351355 0.539435
v 0.753415 -0.560672 0.249530
v 1.220471 -0.398967 0.569076
v 0.762791 -0.503677 0.238430
v 1.229385 -0.451777 0.593390
v 1.220471 -0.398967 0.569076
v 0.780948 -0.447856 0.234710
v 0.564692 -0.363434 0.522857
v 0.421275 -0.304550 0.389366
v 1.023256 -0.275501 0.350623
v 1.022682 -0.299632 0.354910
v 0.983969 -0.308490 0.326943
v 0.980731 -0.285231 0.319901
v 0.969036 -0.255399 0.321898
v 0.938982 -0.304679 0.292966
v 0.923012 -0.276838 0.292204
v 1.102951 -0.760261 0.593151
v 1.102209 -0.743204 0.565962
v 1.015917 -0.244673 0.355767
v 0.838650 -0.789656 0.392083
v 0.862451 -0.769874 0.383567
v 0.897693 -0.789994 0.418210
v 0.877495 -0.811842 0.430272
v 1.059549 -0.791591 0.568769
v 1.062840 -0.771625 0.543846
v 1.061849 -0.245075 0.392505
v 1.064923 -0.275864 0.383950
v 0.805667 -0.757661 0.355369
v 0.832533 -0.740845 0.350262
v 1.013525 -0.813030 0.539075
v 1.021091 -0.791073 0.516910
v 1.105069 -0.256588 0.430703
v 1.104131 -0.286306 0.418601
v 0.779816 -0.717074 0.321540
v 0.809085 -0.704029 0.319577
v 0.966647 -0.823756 0.505209
v 0.978566 -0.800803 0.486189
v 1.143916 -0.278769 0.468893
v 1.139371 -0.306430 0.453245
v 0.762093 -0.669462 0.291900
v 0.793009 -0.660838 0.292689
v 0.920717 -0.823351 0.468470
v 0.936899 -0.800440 0.452862
v 1.176897 -0.310768 0.505606
v 1.169289 -0.335459 0.486549
v 0.753179 -0.616653 0.267585
v 0.784922 -0.612933 0.270633
v 1.202748 -0.351355 0.539435
v 1.192737 -0.372275 0.517235
v 0.753415 -0.560672 0.249530
v 0.785135 -0.562154 0.254255
v 1.220471 -0.398967 0.569076
v 1.208813 -0.415466 0.544123
v 0.762791 -0.503677 0.238430
v 0.793639 -0.510452 0.244184
v 1.229385 -0.451777 0.593390
v 1.216900 -0.463370 0.566179
v 0.780948 -0.447856 0.234710
v 0.810109 -0.459813 0.240809
v 1.229149 -0.507758 0.611445
v 1.216687 -0.514150 0.582557
v 0.807187 -0.395354 0.238514
v 0.833914 -0.412186 0.244260
v 1.219770 -0.564751 0.622543
v 1.208183 -0.565852 0.592628
v 0.840502 -0.348188 0.249695
v 0.864136 -0.369401 0.254404
v 1.201616 -0.620573 0.626265
v 1.191710 -0.616489 0.596000
v 0.879613 -0.308169 0.267825
v 0.899613 -0.333100 0.270850
v 1.128385 -0.327788 0.448330
v 1.123027 -0.336756 0.446982
v 1.092309 -0.319217 0.416785
v 1.096304 -0.309469 0.416793
v 0.849057 -0.723258 0.354582
v 0.876294 -0.749680 0.384899
v 1.058715 -0.751274 0.530808
v 1.094556 -0.725402 0.550942
v 1.060613 -0.299962 0.385248
v 0.827712 -0.689741 0.326647
v 1.020708 -0.768981 0.506287
v 0.813075 -0.650420 0.302168
v 0.981995 -0.777840 0.478319
v 0.805715 -0.606811 0.282090
v 0.944066 -0.777505 0.447981
v 0.805907 -0.560584 0.267180
v 1.155620 -0.354213 0.478648
v 0.908375 -0.767998 0.416437
v 1.176965 -0.387730 0.506582
v 1.191601 -0.427046 0.531059
v 0.813649 -0.513518 0.258012
v 1.198963 -0.470660 0.551139
v 0.828643 -0.467420 0.254940
v 1.198770 -0.516887 0.566050
v 0.850313 -0.424063 0.258082
v 1.191025 -0.563952 0.575215
v 0.877824 -0.385115 0.267316
v 1.176031 -0.610050 0.578286
v 0.910122 -0.352069 0.282288
v 1.154362 -0.653407 0.575145
v 0.945961 -0.326192 0.302419
v 1.126853 -0.692357 0.565914
v 1.183555 -0.431797 0.526195
v 1.172256 -0.436648 0.522744
v 1.158977 -0.400971 0.500534
v 1.169544 -0.394148 0.502759
v 0.821122 -0.645674 0.307035
v 0.835135 -0.683320 0.330470
v 0.946544 -0.767355 0.446648
v 0.982860 -0.767672 0.475695
v 1.149105 -0.362060 0.476012
v 0.814071 -0.603918 0.287807
v 0.912368 -0.758254 0.416444
v 0.814260 -0.559654 0.273534
v 0.821670 -0.514591 0.264755
v 1.190604 -0.473552 0.545419
v 0.836028 -0.470452 0.261814
v 1.190419 -0.517813 0.559696
v 0.856776 -0.428937 0.264821
v 1.183004 -0.562879 0.568472
v 0.883120 -0.391643 0.273664
v 1.168649 -0.607019 0.571415
v 0.914041 -0.360002 0.287997
v 1.147899 -0.648533 0.568406
v 0.948359 -0.335231 0.307275
v 1.121557 -0.685828 0.559565
v 0.984749 -0.318275 0.330753
v 1.090633 -0.717468 0.545230
v 1.021815 -0.309798 0.357532
v 0.881652 -0.740712 0.386247
v 1.056319 -0.742241 0.525954
v 1.058135 -0.310112 0.386581
v 0.855572 -0.715411 0.357217
v 1.019929 -0.759192 0.502476
v 1.171735 -0.560875 0.562812
v 1.154391 -0.556900 0.560835
v 1.160950 -0.517019 0.553066
v 1.178759 -0.518167 0.554493
v 0.829304 -0.515109 0.274982
v 0.822277 -0.557816 0.283298
v 1.178936 -0.476219 0.540964
v 0.842909 -0.473281 0.272194
v 0.862572 -0.433939 0.275045
v 0.887534 -0.398596 0.283422
v 1.158130 -0.602703 0.565600
v 0.916843 -0.368610 0.297009
v 1.138468 -0.642044 0.562749
v 0.949364 -0.345134 0.315278
v 1.113503 -0.677386 0.554369
v 0.983852 -0.329064 0.337528
v 1.084196 -0.707374 0.540785
v 1.018981 -0.321028 0.362907
v 0.886147 -0.729405 0.390119
v 0.915256 -0.746027 0.418736
v 1.051676 -0.730850 0.522516
v 1.053398 -0.321330 0.390435
v 0.861434 -0.705426 0.362608
v 1.017190 -0.746916 0.500266
v 1.085784 -0.329957 0.419058
v 0.842063 -0.675013 0.337259
v 0.982061 -0.754952 0.474887
v 1.114893 -0.346579 0.447675
v 0.828784 -0.639336 0.315050
v 0.947642 -0.754654 0.447358
v 1.139606 -0.370558 0.475185
v 0.822103 -0.599765 0.296830
v 1.100011 -0.665703 0.552951
v 1.080776 -0.649020 0.550847
v 1.101723 -0.619359 0.557876
v 1.123324 -0.632700 0.560776
v 0.888999 -0.405362 0.299936
v 0.865687 -0.438365 0.292111
v 1.141684 -0.595961 0.563437
v 0.916365 -0.377357 0.312620
v 0.946734 -0.355434 0.329679
v 0.978938 -0.340432 0.350458
v 1.072647 -0.693704 0.540266
v 1.011743 -0.332929 0.374158
v 0.887700 -0.714279 0.399569
v 0.914884 -0.729799 0.426293
v 1.042275 -0.715627 0.523204
v 1.043883 -0.333208 0.399865
v 0.864623 -0.691887 0.373879
v 1.010069 -0.730632 0.502426
v 1.074126 -0.341266 0.426594
v 0.846532 -0.663488 0.350207
v 0.977268 -0.738136 0.478729
v 1.101311 -0.356787 0.453318
v 0.834133 -0.630168 0.329466
v 0.945127 -0.737857 0.453022
v 1.124388 -0.379179 0.479007
v 0.827895 -0.593215 0.312453
v 1.142475 -0.407576 0.502677
v 0.828060 -0.554047 0.299820
v 1.154877 -0.440892 0.523417
v 0.834620 -0.514165 0.292052
v 1.161117 -0.477846 0.540434
v 0.847326 -0.475104 0.289450
v 0.869243 -0.672548 0.389923
v 0.871583 -0.655130 0.405894
v 0.890296 -0.673290 0.426727
v 0.889984 -0.692666 0.413010
v 0.971974 -0.356713 0.368876
v 0.943035 -0.370198 0.350206
v 1.056182 -0.674179 0.539445
v 1.001453 -0.349969 0.390173
v 0.914413 -0.706616 0.437026
v 1.028892 -0.693882 0.524116
v 1.030337 -0.350221 0.413276
v 0.999950 -0.707366 0.505443
v 1.057516 -0.357460 0.437296
v 0.852989 -0.647023 0.368651
v 0.970471 -0.714109 0.484146
v 1.081944 -0.371410 0.461312
v 0.841847 -0.617086 0.350015
v 0.941592 -0.713855 0.461046
v 1.102684 -0.391533 0.484399
v 0.836239 -0.583876 0.334724
v 1.118936 -0.417052 0.505668
v 0.836388 -0.548675 0.323371
v 1.130080 -0.446994 0.524307
v 0.842282 -0.512838 0.316390
v 1.135689 -0.480200 0.539598
v 0.853699 -0.477736 0.314051
v 1.135540 -0.515401 0.550951
v 0.870200 -0.444720 0.316443
v 1.129642 -0.551241 0.557929
v 0.891151 -0.415061 0.323475
v 1.118224 -0.586343 0.560269
v 0.915743 -0.389896 0.334874
v 0.841799 -0.575116 0.356082
v 0.869314 -0.565588 0.374907
v 0.873343 -0.589455 0.385895
v 0.846859 -0.605083 0.369880
v 0.989532 -0.686552 0.510139
v 1.015649 -0.674385 0.526989
v 1.041477 -0.370800 0.448643
v 1.016952 -0.364265 0.426966
v 0.856915 -0.632102 0.386699
v 0.962932 -0.692636 0.490921
v 1.063523 -0.383386 0.470315
v 0.846859 -0.605083 0.369880
v 0.936865 -0.692410 0.470072
v 1.082238 -0.401542 0.491147
v 0.841799 -0.575116 0.356082
v 0.912342 -0.685876 0.448398
v 1.096905 -0.424574 0.510342
v 0.841931 -0.543351 0.345835
v 1.106961 -0.451593 0.527161
v 0.847252 -0.511011 0.339537
v 1.112020 -0.481560 0.540959
v 0.857557 -0.479335 0.337427
v 1.111886 -0.513324 0.551203
v 0.872446 -0.449540 0.339585
v 1.106568 -0.545665 0.557504
v 0.891349 -0.422777 0.345929
v 1.096263 -0.577342 0.559614
v 0.913543 -0.400070 0.356218
v 1.081374 -0.607136 0.557456
v 0.938171 -0.382292 0.370053
v 1.062468 -0.633899 0.551110
v 0.964287 -0.370125 0.386903
v 1.040277 -0.656606 0.540824
v 0.990889 -0.364036 0.406120
v 0.912342 -0.685876 0.448398
v 0.925492 -0.653793 0.448423
v 0.945020 -0.658995 0.465683
v 0.936865 -0.692410 0.470072
v 1.096905 -0.424574 0.510342
v 1.072467 -0.445705 0.497751
v 1.060786 -0.427365 0.482465
v 1.082238 -0.401542 0.491147
v 0.841931 -0.543351 0.345835
v 0.869421 -0.540292 0.366748
v 1.106961 -0.451593 0.527161
v 1.080477 -0.467222 0.511147
v 0.847252 -0.511011 0.339537
v 0.873658 -0.514541 0.361733
v 1.112020 -0.481560 0.540959
v 1.084505 -0.491088 0.522135
v 0.857557 -0.479335 0.337427
v 0.881864 -0.489315 0.360052
v 1.111886 -0.513324 0.551203
v 1.084400 -0.516380 0.530293
v 0.872446 -0.449540 0.339585
v 0.893722 -0.465588 0.361771
v 1.106568 -0.545665 0.557504
v 1.080161 -0.542136 0.535308
v 0.891349 -0.422777 0.345929
v 0.908775 -0.444272 0.366822
v 1.096263 -0.577342 0.559614
v 1.071956 -0.567362 0.536989
v 0.913543 -0.400070 0.356218
v 0.926448 -0.426189 0.375015
v 1.081374 -0.607136 0.557456
v 1.060098 -0.591088 0.535270
v 0.938171 -0.382292 0.370053
v 0.946060 -0.412033 0.386032
v 1.062468 -0.633899 0.551110
v 1.045046 -0.612400 0.530219
v 0.964287 -0.370125 0.386903
v 0.966856 -0.402343 0.399449
v 1.040277 -0.656606 0.540824
v 1.027373 -0.630484 0.522027
v 0.990889 -0.364036 0.406120
v 0.988040 -0.397497 0.414753
v 0.890296 -0.673290 0.426727
v 0.907936 -0.643769 0.431165
v 1.015649 -0.674385 0.526989
v 1.007760 -0.644643 0.511009
v 1.016952 -0.364265 0.426966
v 1.008796 -0.397681 0.431356
v 0.871583 -0.655130 0.405894
v 0.893030 -0.629311 0.414574
v 0.989532 -0.686552 0.510139
v 0.986961 -0.654332 0.497589
v 1.041477 -0.370800 0.448643
v 1.028328 -0.402884 0.448618
v 0.856915 -0.632102 0.386699
v 0.881349 -0.610970 0.399287
v 0.962932 -0.692636 0.490921
v 0.965776 -0.659178 0.482285
v 1.063523 -0.383386 0.470315
v 1.045884 -0.412908 0.465876
v 0.658595 -0.397600 0.093356
v 0.621671 -0.382440 0.058988
v 0.643869 -0.328278 0.059030
v 0.680793 -0.343438 0.093398
v 0.393334 -0.280524 0.349257
v 0.397603 -0.294808 0.338371
v 0.444623 -0.246811 0.309026
v 0.431833 -0.236790 0.327187
v 0.333808 -0.200080 0.529419
v 0.319087 -0.193998 0.467192
v 0.304402 -0.179038 0.489568
v 0.319123 -0.185120 0.551795
v 0.047804 -0.079175 0.890020
v 0.033083 -0.073094 0.827793
v 0.008973 -0.131919 0.827747
v 0.023694 -0.138001 0.889974
v 0.406554 -0.298468 0.327139
v 0.422425 -0.300972 0.308984
v 0.291861 -0.251635 0.551743
v 0.277140 -0.245554 0.489516
v 0.294969 -0.252843 0.467147
v 0.309690 -0.258925 0.529373
v 0.422403 -0.251599 0.411511
v 0.407682 -0.245517 0.349284
v 0.324526 -0.208747 0.454842
v 0.339250 -0.214830 0.517066
v 0.008973 -0.131919 0.827747
v 0.271671 -0.239331 0.498137
v 0.495586 -0.322687 0.676812
v 0.323930 -0.252209 0.517037
v 0.408055 -0.286606 0.411484
v 0.588922 -0.360866 0.579833
v 0.595376 -0.307588 0.548666
v 0.436343 -0.242293 0.400640
v 0.422403 -0.251599 0.411511
v 0.606429 -0.327155 0.582801
v 0.514243 -0.286678 0.679948
v 0.339250 -0.214830 0.517066
v 0.491902 -0.264990 0.676572
v 0.047804 -0.079175 0.890020
v 0.169016 -0.128942 1.002843
v 0.416506 -0.302812 0.667761
v 0.464117 -0.322329 0.673113
v 0.567710 -0.364688 0.545224
v 0.412326 -0.300891 0.400594
v 0.780948 -0.447856 0.234710
v 0.807187 -0.395354 0.238514
v 0.448005 -0.238036 0.671757
v 0.436343 -0.242293 0.400640
v 0.595376 -0.307588 0.548666
v 0.401788 -0.243053 0.287826
v 0.318635 -0.206285 0.393381
v 0.003079 -0.129456 0.766289
v 0.265776 -0.236868 0.436679
v 0.309207 -0.246126 0.454813
v 0.303315 -0.243664 0.393352
v 0.387440 -0.278061 0.287799
v 0.393334 -0.280524 0.349257
v 0.425939 -0.234326 0.265729
v 0.415728 -0.233748 0.276954
v 0.421619 -0.236210 0.338416
v 0.304402 -0.179038 0.489568
v 0.298508 -0.176575 0.428109
v 0.289886 -0.178042 0.436725
v 0.295781 -0.180506 0.498183
v 0.397603 -0.294808 0.338371
v 0.391711 -0.292346 0.276909
v 0.400660 -0.296005 0.265681
v 0.271246 -0.243090 0.428058
v 0.416531 -0.298508 0.247525
v 0.590166 -0.369505 0.029663
v 0.621671 -0.382440 0.058988
v 0.324526 -0.208747 0.454842
v 0.318635 -0.206285 0.393381
v 0.313192 -0.191535 0.405734
v 0.033083 -0.073094 0.827793
v 0.421619 -0.236210 0.338416
v 0.407682 -0.245517 0.349284
v 0.294969 -0.252843 0.467147
v 0.309207 -0.246126 0.454813
v 0.643869 -0.328278 0.059030
v 0.612364 -0.315343 0.029705
v 0.575274 -0.300134 0.019413
v 0.436730 -0.243486 0.193246
v 0.438729 -0.244347 0.247567
v 0.289074 -0.250380 0.405688
v 0.287078 -0.249520 0.351364
v 0.301316 -0.242802 0.339030
v 0.303315 -0.243664 0.393352
v 0.415728 -0.233748 0.276954
v 0.413729 -0.232886 0.222633
v 0.399789 -0.242192 0.233505
v 0.401788 -0.243053 0.287826
v 0.287890 -0.177182 0.382400
v 0.025190 -0.069769 0.712014
v 0.027188 -0.070630 0.766335
v 0.590166 -0.369505 0.029663
v 0.553076 -0.354295 0.019371
v 0.575274 -0.300134 0.019413
v 0.612364 -0.315343 0.029705
v 0.387440 -0.278061 0.287799
v 0.385441 -0.277200 0.233478
v 0.389712 -0.291485 0.222588
v 0.391711 -0.292346 0.276909
v 0.423943 -0.233466 0.211404
v 0.425939 -0.234326 0.265729
v 0.311196 -0.190674 0.351410
v 0.296511 -0.175715 0.373785
v 0.298508 -0.176575 0.428109
v 0.027188 -0.070630 0.766335
v 0.025190 -0.069769 0.712014
v 0.001080 -0.128594 0.711968
v 0.003079 -0.129456 0.766289
v 0.289074 -0.250380 0.405688
v 0.387440 -0.278061 0.287799
v 0.391711 -0.292346 0.276909
v 0.421619 -0.236210 0.338416
v 0.407682 -0.245517 0.349284
v 0.271166 -0.174239 0.314150
v 0.256482 -0.159279 0.336525
v 0.115666 -0.106695 0.511007
v 0.091556 -0.165520 0.510961
v 0.398663 -0.295145 0.211357
v 0.360033 -0.275296 0.174100
v 0.374502 -0.281212 0.155945
v 0.414532 -0.297647 0.193204
v 0.269250 -0.242230 0.373733
v 0.229220 -0.225795 0.336474
v 0.247048 -0.233084 0.314104
v 0.399789 -0.242192 0.233505
v 0.359759 -0.225757 0.196245
v 0.276606 -0.188988 0.301800
v 0.316636 -0.205424 0.339059
v 0.001080 -0.128594 0.711968
v 0.091556 -0.165520 0.510961
v 0.223750 -0.219572 0.345095
v 0.263780 -0.236008 0.382355
v 0.258284 -0.233692 0.301765
v 0.342409 -0.268090 0.196212
v 0.385441 -0.277200 0.233478
v 0.381335 -0.223321 0.174140
v 0.371121 -0.222742 0.185369
v 0.413729 -0.232886 0.222633
v 0.296511 -0.175715 0.373785
v 0.256482 -0.159279 0.336525
v 0.247860 -0.160747 0.345141
v 0.316636 -0.205424 0.339059
v 0.553076 -0.354295 0.019371
v 0.389712 -0.291485 0.222588
v 0.247860 -0.160747 0.345141
v 0.223750 -0.219572 0.345095
v 0.256482 -0.159279 0.336525
v 0.229220 -0.225795 0.336474
v 0.271166 -0.174239 0.314150
v 0.247048 -0.233084 0.314104
v 0.276606 -0.188988 0.301800
v 0.258284 -0.233692 0.301765
v 0.359759 -0.225757 0.196245
v 0.342409 -0.268090 0.196212
v 0.371121 -0.222742 0.185369
v 0.351081 -0.271636 0.185331
v 0.381335 -0.223321 0.174140
v 0.360033 -0.275296 0.174100
v 0.396700 -0.227050 0.155987
v 0.374502 -0.281212 0.155945
v 0.535244 -0.283698 -0.017846
v 0.513046 -0.337860 -0.017888
v 0.396700 -0.227050 0.155987
v 0.351081 -0.271636 0.185331
v 0.513046 -0.337860 -0.017888
v 0.535244 -0.283698 -0.017846
v 0.115666 -0.106695 0.511007
v 0.359759 -0.225757 0.196245
v 0.399789 -0.242192 0.233505
v 0.535244 -0.283698 -0.017846
v 0.316636 -0.205424 0.339059
v 0.276606 -0.188988 0.301800
v 0.513046 -0.337860 -0.017888
v 0.580712 -0.068411 1.768983
v 0.843410 -0.175823 1.439373
v 1.362696 -0.414548 0.763431
v 1.571576 -0.499955 0.501346
v 0.860080 -0.480956 1.094349
v 0.804186 -0.287290 1.437416
v 0.541488 -0.179878 1.767026
v 0.597382 -0.373544 1.423959
v 0.597382 -0.373544 1.423959
v 0.541488 -0.179878 1.767026
v 0.531546 -0.122644 1.740451
v 0.617102 -0.312920 1.419920
v 1.201616 -0.620573 0.626265
v 1.526970 -0.598416 0.490861
v 1.318090 -0.513009 0.752945
v 0.992736 -0.535166 0.888350
v 1.318090 -0.513009 0.752945
v 1.308936 -0.460311 0.728476
v 1.219770 -0.564751 0.622543
v 1.517816 -0.545718 0.466392
v 1.526970 -0.598416 0.490861
v 1.201616 -0.620573 0.626265
v 0.794244 -0.230056 1.410841
v 0.804186 -0.287290 1.437416
v 0.613201 0.001756 1.770815
v 0.875901 -0.105657 1.441201
v 1.400914 -0.348217 0.771073
v 1.609794 -0.433624 0.508988
v 1.391031 -0.452451 0.798365
v 1.440359 -0.369179 0.809341
v 0.918736 -0.128427 1.482761
v 0.874179 -0.216987 1.477310
v 1.599911 -0.537858 0.536280
v 1.517816 -0.545718 0.466392
v 1.571576 -0.499955 0.501346
v 1.599911 -0.537858 0.536280
v 1.526970 -0.598416 0.490861
v 0.611481 -0.109575 1.806921
v 0.541488 -0.179878 1.767026
v 0.611481 -0.109575 1.806921
v 0.580712 -0.068411 1.768983
v 0.531546 -0.122644 1.740451
v 1.649239 -0.454586 0.547256
v 1.609794 -0.433624 0.508988
v 1.649239 -0.454586 0.547256
v 0.656036 -0.021014 1.812374
v 0.656036 -0.021014 1.812374
v 0.613201 0.001756 1.770815
v 1.634690 -0.361709 0.504265
v 1.636001 -0.348272 0.499993
v 1.682707 -0.332525 0.532085
v 1.680504 -0.362813 0.541138
v 1.680504 -0.362813 0.541138
v 1.682707 -0.332525 0.532085
v 1.469314 -0.193643 0.773152
v 1.471624 -0.277406 0.803223
v 0.893798 -0.032855 1.430612
v 0.884461 0.032364 1.400983
v 1.422608 -0.209390 0.741060
v 1.425810 -0.276302 0.766350
v 1.681673 -0.305400 0.521427
v 1.464456 -0.121187 0.744674
v 0.879603 0.104819 1.372505
v 1.417747 -0.136933 0.712579
v 0.625536 0.095048 1.748176
v 0.625735 0.107527 1.743273
v 0.943555 -0.034057 1.470659
v 0.935190 0.049467 1.435841
v 0.676264 0.112147 1.783034
v 0.680857 0.073355 1.800269
v 0.680857 0.073355 1.800269
v 0.676264 0.112147 1.783034
v 0.625536 0.095048 1.748176
v 0.631101 0.074557 1.760222
v 1.636001 -0.348272 0.499993
v 1.634690 -0.361709 0.504265
v 0.631101 0.074557 1.760222
v 0.625735 0.107527 1.743273
v 0.676462 0.124631 1.778129
v 0.930330 0.121923 1.407360
v 0.879603 0.104819 1.372505
v 1.464456 -0.121187 0.744674
v 1.681673 -0.305400 0.521427
v 1.634965 -0.321146 0.489332
v 1.417747 -0.136933 0.712579
v 1.634965 -0.321146 0.489332
v 1.681673 -0.305400 0.521427
v 0.930330 0.121923 1.407360
v 0.676462 0.124631 1.778129
v 0.676462 0.124631 1.778129
v 0.625735 0.107527 1.743273
v 1.634965 -0.321146 0.489332
v 0.333795 -0.101620 0.551129
v 0.510940 -0.174052 0.328863
v 0.532066 -0.179681 0.347535
v 0.354921 -0.107249 0.569801
v 0.554514 -0.179877 0.365489
v 0.377369 -0.107445 0.587756
v 0.577429 -0.174632 0.382043
v 0.400284 -0.102201 0.604310
v 0.599926 -0.164153 0.396558
v 0.422781 -0.091721 0.618825
v 0.422781 -0.091721 0.618825
v 0.599926 -0.164153 0.396558
v 0.621139 -0.148841 0.408475
v 0.443994 -0.076410 0.630742
v 0.640254 -0.129280 0.417335
v 0.463109 -0.056849 0.639602
v 0.656537 -0.106226 0.422800
v 0.479392 -0.033794 0.645066
v 0.669364 -0.080566 0.424661
v 0.492219 -0.008135 0.646927
v 0.678237 -0.053279 0.422841
v 0.501092 0.019152 0.645107
v 0.682821 -0.025421 0.417416
v 0.505676 0.047010 0.639682
v 0.682937 0.001940 0.408592
v 0.505792 0.074371 0.630859
v 0.678578 0.027750 0.396707
v 0.501433 0.100182 0.618974
v 0.501433 0.100182 0.618974
v 0.678578 0.027750 0.396707
v 0.669915 0.051024 0.382218
v 0.492770 0.123455 0.604485
v 0.657279 0.070860 0.365684
v 0.480134 0.143291 0.587950
v 0.641160 0.086503 0.347738
v 0.464014 0.158935 0.570005
v 0.622173 0.097344 0.329073
v 0.445028 0.169775 0.551340
v 0.601047 0.102973 0.310402
v 0.423901 0.175404 0.532668
v 0.578594 0.103166 0.292444
v 0.401449 0.175597 0.514711
v 0.555684 0.097925 0.275893
v 0.378539 0.170356 0.498159
v 0.533187 0.087445 0.261378
v 0.356042 0.159876 0.483644
v 0.356042 0.159876 0.483644
v 0.533187 0.087445 0.261378
v 0.511974 0.072134 0.249461
v 0.334829 0.144565 0.471727
v 0.492859 0.052572 0.240601
v 0.315714 0.125004 0.462867
v 0.476576 0.029518 0.235136
v 0.299431 0.101949 0.457403
v 0.463748 0.003855 0.233275
v 0.286603 0.076286 0.455541
v 0.454876 -0.023429 0.235095
v 0.277731 0.049003 0.457362
v 0.450292 -0.051286 0.240520
v 0.273147 0.021145 0.462787
v 0.450176 -0.078648 0.249344
v 0.273030 -0.006216 0.471610
v 0.454535 -0.104458 0.261229
v 0.277389 -0.032027 0.483495
v 0.277389 -0.032027 0.483495
v 0.454535 -0.104458 0.261229
v 0.463198 -0.127732 0.275718
v 0.286053 -0.055300 0.497984
v 0.475832 -0.147572 0.292253
v 0.298687 -0.075140 0.514519
v 0.478727 -0.058354 0.222519
v 0.478621 -0.083649 0.230677
v 0.491953 -0.163211 0.310198
v 0.314808 -0.090780 0.532464
v 0.492770 0.123455 0.604485
v 0.480134 0.143291 0.587950
v 0.454359 0.130104 0.595880
v 0.464944 0.113483 0.609733
v 0.475852 0.072359 0.631827
v 0.472200 0.093987 0.621869
v 0.448639 0.085885 0.618420
v 0.451598 0.068346 0.626493
v 0.333795 -0.101620 0.551129
v 0.354921 -0.107249 0.569801
v 0.349450 -0.079801 0.580671
v 0.331750 -0.075089 0.565029
v 0.315714 0.125004 0.462867
v 0.299431 0.101949 0.457403
v 0.302958 0.095464 0.486503
v 0.316603 0.114780 0.491082
v 0.314808 -0.090780 0.532464
v 0.315843 -0.066003 0.549390
v 0.501092 0.019152 0.645107
v 0.505676 0.047010 0.639682
v 0.475754 0.049436 0.639219
v 0.471915 0.026094 0.643766
v 0.401449 0.175597 0.514711
v 0.378539 0.170356 0.498159
v 0.369236 0.152778 0.520648
v 0.388434 0.157172 0.534517
v 0.273030 -0.006216 0.471610
v 0.277389 -0.032027 0.483495
v 0.284494 -0.016784 0.508365
v 0.280842 0.004844 0.498407
v 0.443994 -0.076410 0.630742
v 0.463109 -0.056849 0.639602
v 0.440091 -0.037577 0.639152
v 0.424077 -0.053965 0.631729
v 0.464014 0.158935 0.570005
v 0.440851 0.143206 0.580844
v 0.286603 0.076286 0.455541
v 0.292214 0.073963 0.484946
v 0.377369 -0.107445 0.587756
v 0.368260 -0.079969 0.595717
v 0.505792 0.074371 0.630859
v 0.356042 0.159876 0.483644
v 0.350391 0.143999 0.508490
v 0.286053 -0.055300 0.497984
v 0.291750 -0.036280 0.520501
v 0.479392 -0.033794 0.645066
v 0.453734 -0.018265 0.643732
v 0.445028 0.169775 0.551340
v 0.424943 0.152292 0.565205
v 0.277731 0.049003 0.457362
v 0.284778 0.051105 0.486468
v 0.400284 -0.102201 0.604310
v 0.387458 -0.075575 0.609586
v 0.501433 0.100182 0.618974
v 0.334829 0.144565 0.471727
v 0.332616 0.131168 0.498505
v 0.298687 -0.075140 0.514519
v 0.302334 -0.052901 0.534354
v 0.492219 -0.008135 0.646927
v 0.464478 0.003236 0.645288
v 0.423901 0.175404 0.532668
v 0.407244 0.157004 0.549563
v 0.273147 0.021145 0.462787
v 0.280940 0.027767 0.491015
v 0.422781 -0.091721 0.618825
v 0.406303 -0.066796 0.621744
v 0.334829 0.144565 0.471727
v 0.332616 0.131168 0.498505
v 0.273030 -0.006216 0.471610
v 0.280842 0.004844 0.498407
v 0.434172 0.115168 0.597347
v 0.423223 0.125795 0.585157
v 0.405913 0.112563 0.592185
v 0.414756 0.103983 0.602029
v 0.284778 0.051105 0.486468
v 0.280940 0.027767 0.491015
v 0.293558 0.032192 0.512317
v 0.296672 0.051115 0.508633
v 0.442755 0.101694 0.608578
v 0.293480 0.013601 0.518314
v 0.349110 -0.055032 0.585017
v 0.334757 -0.051209 0.572332
v 0.296440 -0.003933 0.526387
v 0.364361 -0.055163 0.597215
v 0.302324 -0.019742 0.536229
v 0.410322 0.133161 0.572475
v 0.379926 -0.051603 0.608459
v 0.310907 -0.033216 0.547460
v 0.395970 0.136984 0.559790
v 0.395207 -0.044484 0.618318
v 0.321857 -0.043843 0.559650
v 0.380718 0.137115 0.547592
v 0.409617 -0.034082 0.626414
v 0.365154 0.133555 0.536348
v 0.422606 -0.020792 0.632435
v 0.349873 0.126436 0.526488
v 0.433666 -0.005131 0.636146
v 0.335461 0.116030 0.518393
v 0.442378 0.012300 0.637409
v 0.316603 0.114780 0.491082
v 0.322474 0.102744 0.512372
v 0.448408 0.030837 0.636174
v 0.302958 0.095464 0.486503
v 0.311413 0.087083 0.508661
v 0.451522 0.049760 0.632489
v 0.292214 0.073963 0.484946
v 0.302700 0.069648 0.507398
v 0.358378 -0.033575 0.601922
v 0.346061 -0.033468 0.592072
v 0.308277 -0.004969 0.552670
v 0.303525 0.007797 0.544723
v 0.395495 0.118512 0.581943
v 0.370948 -0.030700 0.611004
v 0.315209 -0.015851 0.561742
v 0.383904 0.121600 0.571699
v 0.383288 -0.024951 0.618966
v 0.324053 -0.024431 0.571586
v 0.371588 0.121707 0.561848
v 0.394927 -0.016547 0.625503
v 0.334471 -0.030380 0.581828
v 0.359017 0.118832 0.552766
v 0.405416 -0.005817 0.630366
v 0.346677 0.113083 0.544805
v 0.414349 0.006830 0.633365
v 0.335039 0.104679 0.538268
v 0.421385 0.020906 0.634385
v 0.324549 0.093948 0.533405
v 0.426254 0.035876 0.633387
v 0.315616 0.081302 0.530406
v 0.428768 0.051159 0.630410
v 0.308579 0.067222 0.529386
v 0.428829 0.066171 0.625567
v 0.303711 0.052255 0.530383
v 0.426440 0.080334 0.619047
v 0.301196 0.036969 0.533360
v 0.421688 0.093100 0.611100
v 0.301137 0.021961 0.538204
v 0.085082 0.220044 0.873032
v 0.073444 0.211640 0.866495
v 0.057619 0.232939 0.861464
v 0.072823 0.243913 0.870005
v 0.032244 0.202394 0.851194
v 0.023053 0.183997 0.849863
v 0.004344 0.191666 0.849145
v 0.014917 0.212824 0.850676
v 0.152751 0.113793 0.961589
v 0.159787 0.127869 0.962609
v 0.170428 0.123488 0.987039
v 0.161238 0.105095 0.985709
v 0.062954 0.200910 0.861631
v 0.043918 0.218916 0.855113
v 0.164656 0.142839 0.961611
v 0.176793 0.143046 0.985738
v 0.054021 0.188263 0.858633
v 0.167173 0.158120 0.958637
v 0.180075 0.163013 0.981847
v 0.046984 0.174183 0.857613
v 0.167234 0.173132 0.953794
v 0.180159 0.182627 0.975523
v 0.042116 0.159217 0.858610
v 0.016690 0.164443 0.851164
v 0.164845 0.187296 0.947274
v 0.177035 0.201126 0.967005
v 0.039601 0.143930 0.861587
v 0.013408 0.144476 0.855056
v 0.160093 0.200062 0.939327
v 0.170826 0.217810 0.956619
v 0.039541 0.128922 0.866430
v 0.013324 0.124863 0.861380
v 0.153161 0.210944 0.930256
v 0.161771 0.232027 0.944769
v 0.072876 0.076581 0.910054
v 0.084466 0.073494 0.920298
v 0.072018 0.052448 0.931757
v 0.056877 0.056480 0.918376
v 0.041930 0.114759 0.872950
v 0.016447 0.106364 0.869898
v 0.144318 0.219525 0.920412
v 0.150214 0.243238 0.931905
v 0.096783 0.073387 0.930149
v 0.088111 0.052306 0.944630
v 0.046682 0.101993 0.880897
v 0.022656 0.089679 0.880283
v 0.133900 0.225473 0.910170
v 0.136606 0.251009 0.918527
v 0.109353 0.076261 0.939231
v 0.104533 0.056063 0.956494
v 0.053614 0.091110 0.889968
v 0.031711 0.075462 0.892133
v 0.122309 0.228561 0.899926
v 0.121462 0.255043 0.905143
v 0.121693 0.082010 0.947193
v 0.120660 0.063576 0.966898
v 0.062457 0.082530 0.899813
v 0.043269 0.064252 0.904998
v 0.109993 0.228668 0.890075
v 0.105371 0.255184 0.892273
v 0.133331 0.090414 0.953730
v 0.135863 0.074551 0.975439
v 0.097422 0.225793 0.880993
v 0.088948 0.251423 0.880409
v 0.143821 0.101145 0.958593
v 0.149565 0.088573 0.981789
v -0.006750 0.146205 0.855117
v -0.006847 0.123648 0.862390
v -0.251668 0.223751 1.169570
v -0.251570 0.246308 1.162297
v 0.185052 0.190088 0.993681
v 0.184954 0.167531 1.000955
v -0.002973 0.169174 0.850642
v 0.181458 0.211367 0.983883
v -0.006750 0.146205 0.855117
v 0.174315 0.230555 0.971937
v -0.006847 0.123648 0.862390
v 0.163899 0.246911 0.958306
v 0.060668 0.040355 0.943343
v 0.043250 0.044992 0.927949
v -0.003253 0.102369 0.872189
v 0.150610 0.259803 0.943513
v 0.079174 0.040192 0.958145
v 0.003890 0.083182 0.884135
v 0.134955 0.268744 0.928123
v 0.098066 0.044515 0.971793
v 0.014306 0.066826 0.897766
v 0.117537 0.273382 0.912729
v 0.116614 0.053155 0.983760
v 0.027595 0.053933 0.912559
v 0.099030 0.273544 0.897927
v 0.134103 0.065778 0.993585
v 0.080139 0.269221 0.884279
v 0.149860 0.081905 1.000888
v 0.061591 0.260582 0.872312
v 0.163287 0.100912 1.005396
v 0.044102 0.247958 0.862487
v 0.173859 0.122067 1.006927
v 0.028345 0.231831 0.855184
v 0.181177 0.144562 1.005430
v -0.240931 0.183284 1.191314
v -0.230515 0.166928 1.204946
v -0.234825 0.180048 1.222037
v -0.244258 0.194865 1.209689
v 0.174315 0.230555 0.971937
v 0.163899 0.246911 0.958306
v -0.080922 0.347013 1.265485
v -0.070506 0.330657 1.279117
v 0.043250 0.044992 0.927949
v 0.060668 0.040355 0.943343
v -0.184153 0.140457 1.250522
v -0.201571 0.145095 1.235129
v -0.003253 0.102369 0.872189
v -0.248074 0.202472 1.179369
v 0.150610 0.259803 0.943513
v -0.094211 0.359905 1.250693
v 0.079174 0.040192 0.958145
v -0.165646 0.140295 1.265325
v -0.003253 0.102369 0.872189
v 0.003890 0.083182 0.884135
v -0.240931 0.183284 1.191314
v -0.248074 0.202472 1.179369
v 0.134955 0.268744 0.928123
v -0.109866 0.368847 1.235302
v 0.098066 0.044515 0.971793
v -0.146755 0.144618 1.278973
v 0.014306 0.066826 0.897766
v -0.230515 0.166928 1.204946
v 0.117537 0.273382 0.912729
v -0.127284 0.373484 1.219909
v 0.116614 0.053155 0.983760
v -0.128207 0.153257 1.290940
v 0.027595 0.053933 0.912559
v -0.217226 0.154036 1.219739
v 0.099030 0.273544 0.897927
v -0.145790 0.373647 1.205106
v 0.116614 0.053155 0.983760
v 0.134103 0.065778 0.993585
v -0.110721 0.165882 1.300762
v -0.128207 0.153257 1.290940
v 0.080139 0.269221 0.884279
v -0.164682 0.369324 1.191459
v 0.149860 0.081905 1.000888
v -0.094961 0.182008 1.308068
v 0.061591 0.260582 0.872312
v -0.183230 0.360684 1.179491
v 0.163287 0.100912 1.005396
v -0.081533 0.201015 1.312576
v 0.061591 0.260582 0.872312
v 0.044102 0.247958 0.862487
v -0.200719 0.348061 1.169667
v -0.183230 0.360684 1.179491
v 0.173859 0.122067 1.006927
v -0.070962 0.222169 1.314107
v 0.028345 0.231831 0.855184
v -0.216476 0.331934 1.162363
v 0.181177 0.144562 1.005430
v -0.063643 0.244664 1.312609
v 0.014917 0.212824 0.850676
v -0.229903 0.312927 1.157856
v 0.184954 0.167531 1.000955
v -0.059866 0.267634 1.308134
v 0.004344 0.191666 0.849145
v -0.240476 0.291768 1.156324
v 0.185052 0.190088 0.993681
v -0.059772 0.290192 1.300858
v -0.002973 0.169174 0.850642
v -0.247794 0.269277 1.157822
v 0.181458 0.211367 0.983883
v -0.063363 0.311470 1.291063
v 0.181458 0.211367 0.983883
v -0.063363 0.311470 1.291063
v -0.175190 0.363385 1.209820
v -0.191988 0.355561 1.198982
v -0.200303 0.339779 1.228129
v -0.187351 0.345812 1.236486
v -0.109866 0.368847 1.235302
v -0.127284 0.373484 1.219909
v -0.141310 0.367154 1.235594
v -0.125534 0.362953 1.249536
v -0.146755 0.144618 1.278973
v -0.128207 0.153257 1.290940
v -0.142150 0.167663 1.299934
v -0.158949 0.159839 1.289095
v -0.217226 0.154036 1.219739
v -0.222783 0.168369 1.235440
v -0.145790 0.373647 1.205106
v -0.158077 0.367303 1.222182
v -0.128207 0.153257 1.290940
v -0.110721 0.165882 1.300762
v -0.126307 0.179098 1.308834
v -0.142150 0.167663 1.299934
v -0.201571 0.145095 1.235129
v -0.208604 0.160271 1.249379
v -0.164682 0.369324 1.191459
v -0.175190 0.363385 1.209820
v -0.094961 0.182008 1.308068
v -0.112031 0.193709 1.315451
v -0.183230 0.360684 1.179491
v -0.191988 0.355561 1.198982
v -0.081533 0.201015 1.312576
v -0.099873 0.210924 1.319531
v -0.183230 0.360684 1.179491
v -0.200719 0.348061 1.169667
v -0.207833 0.344122 1.190081
v -0.191988 0.355561 1.198982
v -0.070962 0.222169 1.314107
v -0.090294 0.230088 1.320920
v -0.216476 0.331934 1.162363
v -0.222107 0.329515 1.183465
v -0.063643 0.244664 1.312609
v -0.083666 0.250467 1.319562
v -0.229903 0.312927 1.157856
v -0.234269 0.312301 1.179382
v -0.059866 0.267634 1.308134
v -0.080243 0.271269 1.315511
v -0.240476 0.291768 1.156324
v -0.243846 0.293132 1.177995
v -0.059772 0.290192 1.300858
v -0.080157 0.291701 1.308921
v -0.247794 0.269277 1.157822
v -0.250475 0.272758 1.179351
v -0.063363 0.311470 1.291063
v -0.083411 0.310982 1.300045
v -0.251570 0.246308 1.162297
v -0.253895 0.251955 1.183405
v -0.063363 0.311470 1.291063
v -0.070506 0.330657 1.279117
v -0.089880 0.328359 1.289226
v -0.083411 0.310982 1.300045
v -0.251668 0.223751 1.169570
v -0.253984 0.231519 1.189994
v -0.080922 0.347013 1.265485
v -0.099314 0.343176 1.276879
v -0.184153 0.140457 1.250522
v -0.192828 0.156070 1.263321
v -0.248074 0.202472 1.179369
v -0.250728 0.212242 1.198871
v -0.094211 0.359905 1.250693
v -0.111355 0.354855 1.263476
v -0.165646 0.140295 1.265325
v -0.176061 0.155921 1.276733
v -0.248074 0.202472 1.179369
v -0.250728 0.212242 1.198871
v -0.223524 0.319697 1.216166
v -0.232900 0.306426 1.213018
v -0.226576 0.299897 1.231304
v -0.219264 0.310247 1.233759
v -0.112031 0.193709 1.315451
v -0.099873 0.210924 1.319531
v -0.129277 0.228262 1.321077
v -0.138655 0.214987 1.317929
v -0.212517 0.330961 1.221268
v -0.200303 0.339779 1.228129
v -0.090294 0.230088 1.320920
v -0.121892 0.243037 1.322148
v -0.223524 0.319697 1.216166
v -0.083666 0.250467 1.319562
v -0.116781 0.258750 1.321101
v -0.232900 0.306426 1.213018
v -0.080243 0.271269 1.315511
v -0.114145 0.274789 1.317976
v -0.240286 0.291647 1.211948
v -0.080157 0.291701 1.308921
v -0.114077 0.290544 1.312895
v -0.245396 0.275938 1.212994
v -0.083411 0.310982 1.300045
v -0.116585 0.305407 1.306053
v -0.248034 0.259896 1.216120
v -0.089880 0.328359 1.289226
v -0.121574 0.318806 1.297711
v -0.248100 0.244144 1.221200
v -0.099314 0.343176 1.276879
v -0.128848 0.330232 1.288189
v -0.208604 0.160271 1.249379
v -0.192828 0.156070 1.263321
v -0.200949 0.185970 1.277737
v -0.213112 0.189210 1.266987
v -0.245591 0.229281 1.228043
v -0.111355 0.354855 1.263476
v -0.138132 0.339236 1.277856
v -0.176061 0.155921 1.276733
v -0.188022 0.185855 1.288077
v -0.250728 0.212242 1.198871
v -0.244258 0.194865 1.209689
v -0.240605 0.215878 1.236385
v -0.245591 0.229281 1.228043
v -0.125534 0.362953 1.249536
v -0.149065 0.345478 1.267108
v -0.158949 0.159839 1.289095
v -0.174828 0.188872 1.297610
v -0.234825 0.180048 1.222037
v -0.233328 0.204456 1.245906
v -0.141310 0.367154 1.235594
v -0.161228 0.348718 1.256359
v -0.142150 0.167663 1.299934
v -0.161873 0.194909 1.305967
v -0.222783 0.168369 1.235440
v -0.224045 0.195452 1.256240
v -0.158077 0.367303 1.222182
v -0.174155 0.348834 1.246018
v -0.126307 0.179098 1.308834
v -0.149660 0.203727 1.312828
v -0.236319 0.276126 1.231285
v -0.238375 0.263619 1.233722
v -0.227406 0.262273 1.232127
v -0.225585 0.273335 1.229973
v -0.133978 0.275231 1.313142
v -0.136035 0.262723 1.315579
v -0.240286 0.291647 1.211948
v -0.232333 0.288373 1.230471
v -0.133926 0.287513 1.309181
v -0.245396 0.275938 1.212994
v -0.236319 0.276126 1.231285
v -0.135884 0.299105 1.303843
v -0.248034 0.259896 1.216120
v -0.238375 0.263619 1.233722
v -0.139772 0.309552 1.297340
v -0.248100 0.244144 1.221200
v -0.238429 0.251333 1.237683
v -0.145445 0.318461 1.289915
v -0.201664 0.205976 1.281766
v -0.211147 0.208500 1.273385
v -0.236472 0.239746 1.243019
v -0.152684 0.325481 1.281858
v -0.191585 0.205885 1.289828
v -0.232582 0.229298 1.249524
v -0.161207 0.330349 1.273479
v -0.181295 0.208240 1.297261
v -0.226911 0.220390 1.256946
v -0.170693 0.332875 1.265096
v -0.171197 0.212945 1.303776
v -0.219673 0.213370 1.265003
v -0.180772 0.332965 1.257034
v -0.161671 0.219818 1.309129
v -0.191059 0.330609 1.249603
v -0.153089 0.228602 1.313106
v -0.201160 0.325905 1.243085
v -0.145777 0.238952 1.315561
v -0.212517 0.330961 1.221268
v -0.210684 0.319028 1.237736
v -0.140022 0.250472 1.316393
v -0.194938 0.211296 1.274615
v -0.186027 0.211217 1.281743
v -0.088981 0.171537 1.159977
v -0.097892 0.171615 1.152849
v -0.135884 0.299105 1.303843
v -0.139772 0.309552 1.297340
v -0.140208 0.302893 1.288386
v -0.136769 0.293652 1.294138
v -0.238429 0.251333 1.237683
v -0.227453 0.251409 1.235629
v -0.139772 0.309552 1.297340
v -0.145445 0.318461 1.289915
v -0.145226 0.310769 1.281820
v -0.140208 0.302893 1.288386
v -0.211147 0.208500 1.273385
v -0.201664 0.205976 1.281766
v -0.194938 0.211296 1.274615
v -0.203326 0.213531 1.267202
v -0.236472 0.239746 1.243019
v -0.225721 0.241160 1.240349
v -0.152684 0.325481 1.281858
v -0.151623 0.316981 1.274697
v -0.191585 0.205885 1.289828
v -0.186027 0.211217 1.281743
v -0.232582 0.229298 1.249524
v -0.222281 0.231922 1.246101
v -0.161207 0.330349 1.273479
v -0.159163 0.321285 1.267285
v -0.181295 0.208240 1.297261
v -0.176927 0.213301 1.288316
v -0.226911 0.220390 1.256946
v -0.217268 0.224044 1.252664
v -0.170693 0.332875 1.265096
v -0.167551 0.323520 1.259872
v -0.181295 0.208240 1.297261
v -0.171197 0.212945 1.303776
v -0.167997 0.217460 1.294079
v -0.176927 0.213301 1.288316
v -0.226911 0.220390 1.256946
v -0.219673 0.213370 1.265003
v -0.210866 0.217835 1.259790
v -0.217268 0.224044 1.252664
v -0.180772 0.332965 1.257034
v -0.176466 0.323596 1.252741
v -0.161671 0.219818 1.309129
v -0.159573 0.223539 1.298811
v -0.180772 0.332965 1.257034
v -0.191059 0.330609 1.249603
v -0.185561 0.321515 1.246171
v -0.176466 0.323596 1.252741
v -0.153089 0.228602 1.313106
v -0.151984 0.231307 1.302328
v -0.201160 0.325905 1.243085
v -0.194494 0.317352 1.240408
v -0.145777 0.238952 1.315561
v -0.145519 0.240462 1.304498
v -0.210684 0.319028 1.237736
v -0.202917 0.311273 1.235676
v -0.140022 0.250472 1.316393
v -0.140428 0.250648 1.305235
v -0.219264 0.310247 1.233759
v -0.210505 0.303509 1.232159
v -0.136035 0.262723 1.315579
v -0.136904 0.261481 1.304514
v -0.226576 0.299897 1.231304
v -0.216970 0.294354 1.229989
v -0.133978 0.275231 1.313142
v -0.135083 0.272542 1.302360
v -0.232333 0.288373 1.230471
v -0.222062 0.284164 1.229252
v -0.133926 0.287513 1.309181
v -0.135038 0.283403 1.298858
v -0.225721 0.241160 1.240349
v -0.222281 0.231922 1.246101
v -0.125235 0.192242 1.124335
v -0.128674 0.201479 1.118584
v -0.151623 0.316981 1.274697
v -0.159163 0.321285 1.267285
v -0.062116 0.281605 1.145519
v -0.054576 0.277300 1.152931
v -0.176927 0.213301 1.288316
v -0.079881 0.173620 1.166551
v -0.217268 0.224044 1.252664
v -0.120221 0.184364 1.130898
v -0.167551 0.323520 1.259872
v -0.070504 0.283840 1.138106
v -0.167997 0.217460 1.294079
v -0.070950 0.177779 1.172313
v -0.210866 0.217835 1.259790
v -0.113819 0.178154 1.138024
v -0.176466 0.323596 1.252741
v -0.079420 0.283915 1.130976
v -0.167997 0.217460 1.294079
v -0.159573 0.223539 1.298811
v -0.062527 0.183858 1.177045
v -0.070950 0.177779 1.172313
v -0.203326 0.213531 1.267202
v -0.106280 0.173850 1.145436
v -0.185561 0.321515 1.246171
v -0.088515 0.281834 1.124405
v -0.151984 0.231307 1.302328
v -0.054937 0.191626 1.180563
v -0.194494 0.317352 1.240408
v -0.097447 0.277672 1.118643
v -0.145519 0.240462 1.304498
v -0.048472 0.200781 1.182732
v -0.194494 0.317352 1.240408
v -0.202917 0.311273 1.235676
v -0.105870 0.271592 1.113910
v -0.097447 0.277672 1.118643
v -0.140428 0.250648 1.305235
v -0.043382 0.210967 1.183470
v -0.210505 0.303509 1.232159
v -0.113458 0.263828 1.110393
v -0.136904 0.261481 1.304514
v -0.039857 0.221800 1.182748
v -0.216970 0.294354 1.229989
v -0.119923 0.254674 1.108224
v -0.135083 0.272542 1.302360
v -0.038037 0.232862 1.180595
v -0.222062 0.284164 1.229252
v -0.125015 0.244484 1.107486
v -0.135038 0.283403 1.298858
v -0.037991 0.243723 1.177092
v -0.225585 0.273335 1.229973
v -0.128538 0.233654 1.108207
v -0.136769 0.293652 1.294138
v -0.039723 0.253971 1.172372
v -0.227406 0.262273 1.232127
v -0.130359 0.222593 1.110361
v -0.136769 0.293652 1.294138
v -0.140208 0.302893 1.288386
v -0.043161 0.263213 1.166620
v -0.039723 0.253971 1.172372
v -0.227453 0.251409 1.235629
v -0.130406 0.211728 1.113864
v -0.145226 0.310769 1.281820
v -0.048179 0.271088 1.160054
v -0.225721 0.241160 1.240349
v -0.128674 0.201479 1.118584
v 0.535758 0.055758 0.230785
v 0.555370 0.069913 0.241803
v 0.570825 0.050235 0.235448
v 0.553739 0.037900 0.225850
v 0.617072 -0.162706 0.366785
v 0.636686 -0.148547 0.377803
v 0.681783 0.036240 0.353527
v 0.670102 0.054580 0.338241
v 0.518083 0.037671 0.222593
v 0.503027 0.016356 0.217539
v 0.534801 -0.171855 0.304197
v 0.554333 -0.177058 0.321459
v 0.517246 -0.161831 0.286938
v 0.689478 -0.060197 0.391087
v 0.693715 -0.034440 0.386069
v 0.597353 0.084449 0.270527
v 0.576169 0.079602 0.255223
v 0.482649 -0.107516 0.241665
v 0.654359 -0.130464 0.385995
v 0.655198 0.069042 0.321650
v 0.491169 -0.007370 0.215820
v 0.575089 -0.177242 0.338061
v 0.693822 -0.009140 0.377911
v 0.555370 0.069913 0.241803
v 0.482649 -0.107516 0.241665
v 0.490661 -0.129029 0.255061
v 0.669415 -0.109149 0.391049
v 0.637642 0.079066 0.304391
v 0.482963 -0.032597 0.217501
v 0.596275 -0.172391 0.353365
v 0.689792 0.014723 0.366923
v 0.555370 0.069913 0.241803
v 0.535758 0.055758 0.230785
v 0.502340 -0.147373 0.270347
v 0.681273 -0.085423 0.392768
v 0.618111 0.084269 0.287129
v 0.617072 -0.162706 0.366785
v 0.689792 0.014723 0.366923
v 0.687931 0.002154 0.344449
v 0.691440 -0.018637 0.354021
v 0.670176 -0.105756 0.365463
v 0.680506 -0.085088 0.366961
v 0.518083 0.037671 0.222593
v 0.538343 0.022146 0.218713
v 0.687654 -0.063110 0.365496
v 0.503027 0.016356 0.217539
v 0.525231 0.003578 0.214313
v 0.691345 -0.040673 0.361126
v 0.491169 -0.007370 0.215820
v 0.514899 -0.017094 0.212815
v 0.691440 -0.018637 0.354021
v 0.482963 -0.032597 0.217501
v 0.507752 -0.039069 0.214280
v 0.689792 0.014723 0.366923
v 0.693822 -0.009140 0.377911
v 0.478727 -0.058354 0.222519
v 0.504058 -0.061504 0.218648
v 0.681783 0.036240 0.353527
v 0.680953 0.020899 0.332779
v 0.478621 -0.083649 0.230677
v 0.503966 -0.083541 0.225756
v 0.670102 0.054580 0.338241
v 0.670778 0.036876 0.319462
v 0.552907 -0.160386 0.289803
v 0.569922 -0.164917 0.304840
v 0.482649 -0.107516 0.241665
v 0.507475 -0.104332 0.235328
v 0.670778 0.036876 0.319462
v 0.657791 0.049475 0.305007
v 0.588007 -0.165076 0.319306
v 0.490661 -0.129029 0.255061
v 0.514453 -0.123077 0.246997
v 0.642499 0.058208 0.289973
v 0.596275 -0.172391 0.353365
v 0.575089 -0.177242 0.338061
v 0.588007 -0.165076 0.319306
v 0.606461 -0.160853 0.332638
v 0.502340 -0.147373 0.270347
v 0.524629 -0.139055 0.260314
v 0.625485 0.062739 0.274936
v 0.617072 -0.162706 0.366785
v 0.624581 -0.152413 0.344329
v 0.517246 -0.161831 0.286938
v 0.537615 -0.151653 0.274770
v 0.607400 0.062898 0.260471
v 0.636686 -0.148547 0.377803
v 0.641667 -0.140078 0.353927
v 0.537615 -0.151653 0.274770
v 0.576169 0.079602 0.255223
v 0.597353 0.084449 0.270527
v 0.607400 0.062898 0.260471
v 0.588945 0.058675 0.247138
v 0.641667 -0.140078 0.353927
v 0.657060 -0.124323 0.361061
v 0.569922 -0.164917 0.304840
v 0.552907 -0.160386 0.289803
v 0.657791 0.049475 0.305007
v 0.642499 0.058208 0.289973
v 0.625485 0.062739 0.274936
v 0.657060 -0.124323 0.361061
v 0.670176 -0.105756 0.365463
v 0.680506 -0.085088 0.366961
v 0.687654 -0.063110 0.365496
v 0.691345 -0.040673 0.361126
v 0.143968 -0.564777 0.550770
v 0.321113 -0.637209 0.328504
v 0.342239 -0.642838 0.347175
v 0.165094 -0.570406 0.569442
v 0.364687 -0.643034 0.365130
v 0.187542 -0.570602 0.587396
v 0.387602 -0.637790 0.381684
v 0.210457 -0.565358 0.603950
v 0.410099 -0.627310 0.396199
v 0.232954 -0.554878 0.618465
v 0.232954 -0.554878 0.618465
v 0.410099 -0.627310 0.396199
v 0.431312 -0.611999 0.408116
v 0.254167 -0.539567 0.630383
v 0.450427 -0.592437 0.416976
v 0.273282 -0.520006 0.639242
v 0.466710 -0.569383 0.422441
v 0.289565 -0.496952 0.644707
v 0.479537 -0.543724 0.424302
v 0.302392 -0.471292 0.646568
v 0.488410 -0.516437 0.422482
v 0.311265 -0.444005 0.644748
v 0.492994 -0.488579 0.417057
v 0.315849 -0.416147 0.639323
v 0.493110 -0.461217 0.408233
v 0.315965 -0.388786 0.630499
v 0.488751 -0.435407 0.396348
v 0.311606 -0.362975 0.618614
v 0.311606 -0.362975 0.618614
v 0.488751 -0.435407 0.396348
v 0.480088 -0.412133 0.381859
v 0.302943 -0.339702 0.604125
v 0.467452 -0.392297 0.365324
v 0.290307 -0.319866 0.587591
v 0.451333 -0.376654 0.347379
v 0.274187 -0.304223 0.569646
v 0.432346 -0.365813 0.328714
v 0.255201 -0.293382 0.550980
v 0.411220 -0.360184 0.310042
v 0.234074 -0.287753 0.532309
v 0.388767 -0.359991 0.292085
v 0.211622 -0.287560 0.514351
v 0.365857 -0.365233 0.275534
v 0.188712 -0.292801 0.497800
v 0.343360 -0.375712 0.261019
v 0.166215 -0.303281 0.483285
v 0.166215 -0.303281 0.483285
v 0.343360 -0.375712 0.261019
v 0.322147 -0.391024 0.249102
v 0.145002 -0.318592 0.471368
v 0.303032 -0.410585 0.240242
v 0.125887 -0.338154 0.462508
v 0.286749 -0.433639 0.234777
v 0.109604 -0.361208 0.457043
v 0.273921 -0.459303 0.232916
v 0.096776 -0.386871 0.455182
v 0.265049 -0.486586 0.234736
v 0.087904 -0.414154 0.457002
v 0.260465 -0.514444 0.240161
v 0.083320 -0.442012 0.462428
v 0.260349 -0.541805 0.248985
v 0.083203 -0.469374 0.471251
v 0.264708 -0.567616 0.260870
v 0.087562 -0.495184 0.483136
v 0.087562 -0.495184 0.483136
v 0.264708 -0.567616 0.260870
v 0.273371 -0.590889 0.275359
v 0.096226 -0.518458 0.497625
v 0.286005 -0.610729 0.291893
v 0.108860 -0.538297 0.514160
v 0.288900 -0.521511 0.222159
v 0.288794 -0.546807 0.230318
v 0.302126 -0.626368 0.309839
v 0.124981 -0.553937 0.532105
v 0.302943 -0.339702 0.604125
v 0.290307 -0.319866 0.587591
v 0.264532 -0.333053 0.595521
v 0.275117 -0.349675 0.609373
v 0.286025 -0.390798 0.631468
v 0.282373 -0.369170 0.621510
v 0.258812 -0.377272 0.618060
v 0.261773 -0.394807 0.626134
v 0.143968 -0.564777 0.550770
v 0.165094 -0.570406 0.569442
v 0.159623 -0.542958 0.580312
v 0.141923 -0.538246 0.564670
v 0.125887 -0.338154 0.462508
v 0.109604 -0.361208 0.457043
v 0.113131 -0.367693 0.486143
v 0.126776 -0.348377 0.490723
v 0.124981 -0.553937 0.532105
v 0.126016 -0.529160 0.549031
v 0.311265 -0.444005 0.644748
v 0.315849 -0.416147 0.639323
v 0.285927 -0.413721 0.638860
v 0.282088 -0.437063 0.643407
v 0.211622 -0.287560 0.514351
v 0.188712 -0.292801 0.497800
v 0.179409 -0.310379 0.520289
v 0.198607 -0.305985 0.534158
v 0.083203 -0.469374 0.471251
v 0.087562 -0.495184 0.483136
v 0.094667 -0.479942 0.508006
v 0.091015 -0.458313 0.498047
v 0.254167 -0.539567 0.630383
v 0.273282 -0.520006 0.639242
v 0.250264 -0.500734 0.638793
v 0.234251 -0.517123 0.631370
v 0.274187 -0.304223 0.569646
v 0.251024 -0.319951 0.580485
v 0.096776 -0.386871 0.455182
v 0.102387 -0.389194 0.484587
v 0.187542 -0.570602 0.587396
v 0.178433 -0.543126 0.595358
v 0.315965 -0.388786 0.630499
v 0.166215 -0.303281 0.483285
v 0.160564 -0.319158 0.508131
v 0.096226 -0.518458 0.497625
v 0.101923 -0.499437 0.520142
v 0.289565 -0.496952 0.644707
v 0.263907 -0.481422 0.643372
v 0.255201 -0.293382 0.550980
v 0.235117 -0.310865 0.564846
v 0.087904 -0.414154 0.457002
v 0.094951 -0.412053 0.486109
v 0.210457 -0.565358 0.603950
v 0.197631 -0.538732 0.609227
v 0.311606 -0.362975 0.618614
v 0.145002 -0.318592 0.471368
v 0.142789 -0.331989 0.498145
v 0.108860 -0.538297 0.514160
v 0.112507 -0.516059 0.533995
v 0.302392 -0.471292 0.646568
v 0.274651 -0.459922 0.644929
v 0.234074 -0.287753 0.532309
v 0.217417 -0.306153 0.549204
v 0.083320 -0.442012 0.462428
v 0.091113 -0.435391 0.490656
v 0.232954 -0.554878 0.618465
v 0.216476 -0.529953 0.621385
v 0.145002 -0.318592 0.471368
v 0.142789 -0.331989 0.498145
v 0.083203 -0.469374 0.471251
v 0.091015 -0.458313 0.498047
v 0.244345 -0.347989 0.596988
v 0.233396 -0.337363 0.584798
v 0.216086 -0.350594 0.591826
v 0.224929 -0.359175 0.601670
v 0.094951 -0.412053 0.486109
v 0.091113 -0.435391 0.490656
v 0.103731 -0.430965 0.511958
v 0.106845 -0.412042 0.508274
v 0.252928 -0.361463 0.608219
v 0.103653 -0.449556 0.517955
v 0.159283 -0.518189 0.584657
v 0.144930 -0.514366 0.571973
v 0.106613 -0.467090 0.526028
v 0.174534 -0.518320 0.596856
v 0.112497 -0.482899 0.535869
v 0.220495 -0.329996 0.572116
v 0.190099 -0.514761 0.608100
v 0.121080 -0.496373 0.547101
v 0.206143 -0.326173 0.559431
v 0.205380 -0.507642 0.617959
v 0.132030 -0.507000 0.559291
v 0.190891 -0.326042 0.547233
v 0.219790 -0.497239 0.626054
v 0.175327 -0.329602 0.535988
v 0.232779 -0.483950 0.632075
v 0.160046 -0.336721 0.526129
v 0.243839 -0.468289 0.635787
v 0.145635 -0.347124 0.518034
v 0.252551 -0.450858 0.637050
v 0.126776 -0.348377 0.490723
v 0.132647 -0.360413 0.512013
v 0.258581 -0.432321 0.635815
v 0.113131 -0.367693 0.486143
v 0.121586 -0.376074 0.508302
v 0.261695 -0.413397 0.632130
v 0.102387 -0.389194 0.484587
v 0.112873 -0.393509 0.507038
v 0.168551 -0.496732 0.601563
v 0.156235 -0.496625 0.591712
v 0.118450 -0.468126 0.552311
v 0.113699 -0.455360 0.544364
v 0.205668 -0.344645 0.581584
v 0.181121 -0.493857 0.610645
v 0.125382 -0.479008 0.561382
v 0.194077 -0.341558 0.571340
v 0.193461 -0.488109 0.618607
v 0.134226 -0.487589 0.571227
v 0.181761 -0.341451 0.561489
v 0.205100 -0.479704 0.625144
v 0.144644 -0.493538 0.581468
v 0.169190 -0.344326 0.552407
v 0.215589 -0.468974 0.630007
v 0.156850 -0.350074 0.544446
v 0.224523 -0.456327 0.633005
v 0.145212 -0.358479 0.537909
v 0.231558 -0.442251 0.634026
v 0.134722 -0.369209 0.533045
v 0.236427 -0.427281 0.633028
v 0.125789 -0.381856 0.530047
v 0.238941 -0.411998 0.630051
v 0.118752 -0.395936 0.529027
v 0.239002 -0.396986 0.625208
v 0.113884 -0.410902 0.530024
v 0.236613 -0.382823 0.618688
v 0.111371 -0.426184 0.533001
v 0.231861 -0.370057 0.610741
v 0.111310 -0.441196 0.537844
v -0.104745 -0.243113 0.872672
v -0.116383 -0.251517 0.866135
v -0.132208 -0.230219 0.861105
v -0.117004 -0.219244 0.869645
v -0.157583 -0.260763 0.850835
v -0.166774 -0.279160 0.849504
v -0.185483 -0.271492 0.848785
v -0.174910 -0.250333 0.850317
v -0.037076 -0.349365 0.961229
v -0.030040 -0.335289 0.962249
v -0.019399 -0.339669 0.986680
v -0.028589 -0.358062 0.985350
v -0.126873 -0.262248 0.861272
v -0.145909 -0.244241 0.854754
v -0.025171 -0.320318 0.961252
v -0.013034 -0.320111 0.985379
v -0.135806 -0.274894 0.858274
v -0.022654 -0.305037 0.958278
v -0.009753 -0.300144 0.981488
v -0.142843 -0.288974 0.857253
v -0.022593 -0.290025 0.953435
v -0.009668 -0.280530 0.975163
v -0.147711 -0.303941 0.858251
v -0.173137 -0.298714 0.850805
v -0.024982 -0.275862 0.946915
v -0.012792 -0.262031 0.966646
v -0.150224 -0.319223 0.861228
v -0.176419 -0.318681 0.854696
v -0.029734 -0.263095 0.938968
v -0.019001 -0.245347 0.956260
v -0.150286 -0.334235 0.866071
v -0.176503 -0.338295 0.861021
v -0.036666 -0.252213 0.929897
v -0.028056 -0.231130 0.944410
v -0.116951 -0.386576 0.909695
v -0.105361 -0.389664 0.919939
v -0.117809 -0.410709 0.931398
v -0.132950 -0.406677 0.918017
v -0.147897 -0.348398 0.872591
v -0.173380 -0.356794 0.869539
v -0.045509 -0.243633 0.920052
v -0.039613 -0.219919 0.931546
v -0.093044 -0.389771 0.929790
v -0.101716 -0.410852 0.944271
v -0.143145 -0.361165 0.880538
v -0.167171 -0.373478 0.879924
v -0.055927 -0.237684 0.909811
v -0.053221 -0.212148 0.918168
v -0.080474 -0.386896 0.938872
v -0.085294 -0.407095 0.956135
v -0.136213 -0.372047 0.889609
v -0.158116 -0.387695 0.891774
v -0.067518 -0.234596 0.899567
v -0.068365 -0.208114 0.904783
v -0.068134 -0.381147 0.946833
v -0.069167 -0.399581 0.966539
v -0.127370 -0.380627 0.899453
v -0.146558 -0.398906 0.904638
v -0.079834 -0.234489 0.889716
v -0.084456 -0.207973 0.891913
v -0.056496 -0.372743 0.953370
v -0.053964 -0.388606 0.975080
v -0.092405 -0.237364 0.880634
v -0.100878 -0.211730 0.880050
v -0.046006 -0.362013 0.958234
v -0.040262 -0.374584 0.981430
v -0.196577 -0.316952 0.854758
v -0.196674 -0.339509 0.862031
v -0.441495 -0.239406 1.169211
v -0.441397 -0.216849 1.161938
v -0.004775 -0.273069 0.993322
v -0.004873 -0.295626 1.000595
v -0.192800 -0.293983 0.850283
v -0.008369 -0.251790 0.983524
v -0.196577 -0.316952 0.854758
v -0.015512 -0.232602 0.971578
v -0.196674 -0.339509 0.862031
v -0.025928 -0.216247 0.957946
v -0.129159 -0.422803 0.942983
v -0.146577 -0.418165 0.927590
v -0.193080 -0.360788 0.871830
v -0.039217 -0.203354 0.943154
v -0.110652 -0.422965 0.957786
v -0.185937 -0.379976 0.883775
v -0.054872 -0.194413 0.927763
v -0.091761 -0.418642 0.971434
v -0.175521 -0.396331 0.897407
v -0.072290 -0.189776 0.912370
v -0.073213 -0.410003 0.983401
v -0.162232 -0.409224 0.912200
v -0.090797 -0.189613 0.897567
v -0.055724 -0.397379 0.993226
v -0.109688 -0.193936 0.883920
v -0.039967 -0.381252 1.000529
v -0.128236 -0.202576 0.871952
v -0.026540 -0.362245 1.005037
v -0.145725 -0.215199 0.862128
v -0.015968 -0.341090 1.006568
v -0.161482 -0.231326 0.854824
v -0.008650 -0.318595 1.005070
v -0.430758 -0.279873 1.190955
v -0.420342 -0.296229 1.204587
v -0.424652 -0.283109 1.221677
v -0.434085 -0.268292 1.209330
v -0.015512 -0.232602 0.971578
v -0.025928 -0.216247 0.957946
v -0.270749 -0.116144 1.265126
v -0.260333 -0.132500 1.278758
v -0.146577 -0.418165 0.927590
v -0.129159 -0.422803 0.942983
v -0.373980 -0.322700 1.250163
v -0.391398 -0.318062 1.234770
v -0.193080 -0.360788 0.871830
v -0.437901 -0.260685 1.179009
v -0.039217 -0.203354 0.943154
v -0.284038 -0.103252 1.250333
v -0.110652 -0.422965 0.957786
v -0.355473 -0.322862 1.264966
v -0.193080 -0.360788 0.871830
v -0.185937 -0.379976 0.883775
v -0.430758 -0.279873 1.190955
v -0.437901 -0.260685 1.179009
v -0.054872 -0.194413 0.927763
v -0.299693 -0.094311 1.234943
v -0.091761 -0.418642 0.971434
v -0.336582 -0.318540 1.278613
v -0.175521 -0.396331 0.897407
v -0.420342 -0.296229 1.204587
v -0.072290 -0.189776 0.912370
v -0.317111 -0.089673 1.219550
v -0.073213 -0.410003 0.983401
v -0.318034 -0.309900 1.290581
v -0.162232 -0.409224 0.912200
v -0.407053 -0.309121 1.219379
v -0.090797 -0.189613 0.897567
v -0.335618 -0.089511 1.204747
v -0.073213 -0.410003 0.983401
v -0.055724 -0.397379 0.993226
v -0.300548 -0.297275 1.300403
v -0.318034 -0.309900 1.290581
v -0.109688 -0.193936 0.883920
v -0.354509 -0.093833 1.191099
v -0.039967 -0.381252 1.000529
v -0.284788 -0.281150 1.307709
v -0.128236 -0.202576 0.871952
v -0.373057 -0.102473 1.179132
v -0.026540 -0.362245 1.005037
v -0.271360 -0.262143 1.312216
v -0.128236 -0.202576 0.871952
v -0.145725 -0.215199 0.862128
v -0.390546 -0.115096 1.169307
v -0.373057 -0.102473 1.179132
v -0.015968 -0.341090 1.006568
v -0.260789 -0.240988 1.313748
v -0.161482 -0.231326 0.854824
v -0.406303 -0.131223 1.162004
v -0.008650 -0.318595 1.005070
v -0.253470 -0.218493 1.312250
v -0.174910 -0.250333 0.850317
v -0.419730 -0.150230 1.157496
v -0.004873 -0.295626 1.000595
v -0.249693 -0.195524 1.307775
v -0.185483 -0.271492 0.848785
v -0.430303 -0.171389 1.155965
v -0.004775 -0.273069 0.993322
v -0.249599 -0.172966 1.300499
v -0.192800 -0.293983 0.850283
v -0.437621 -0.193880 1.157463
v -0.008369 -0.251790 0.983524
v -0.253190 -0.151688 1.290703
v -0.008369 -0.251790 0.983524
v -0.253190 -0.151688 1.290703
v -0.365017 -0.099772 1.209461
v -0.381815 -0.107596 1.198622
v -0.390130 -0.123378 1.227769
v -0.377178 -0.117345 1.236126
v -0.299693 -0.094311 1.234943
v -0.317111 -0.089673 1.219550
v -0.331137 -0.096003 1.235235
v -0.315361 -0.100205 1.249177
v -0.336582 -0.318540 1.278613
v -0.318034 -0.309900 1.290581
v -0.331977 -0.295494 1.299574
v -0.348776 -0.303319 1.288736
v -0.407053 -0.309121 1.219379
v -0.412610 -0.294789 1.235080
v -0.335618 -0.089511 1.204747
v -0.347904 -0.095855 1.221823
v -0.318034 -0.309900 1.290581
v -0.300548 -0.297275 1.300403
v -0.316134 -0.284059 1.308475
v -0.331977 -0.295494 1.299574
v -0.391398 -0.318062 1.234770
v -0.398431 -0.302886 1.249020
v -0.354509 -0.093833 1.191099
v -0.365017 -0.099772 1.209461
v -0.284788 -0.281150 1.307709
v -0.301858 -0.269448 1.315091
v -0.373057 -0.102473 1.179132
v -0.381815 -0.107596 1.198622
v -0.271360 -0.262143 1.312216
v -0.289700 -0.252233 1.319172
v -0.373057 -0.102473 1.179132
v -0.390546 -0.115096 1.169307
v -0.397660 -0.119035 1.189722
v -0.381815 -0.107596 1.198622
v -0.260789 -0.240988 1.313748
v -0.280121 -0.233070 1.320561
v -0.406303 -0.131223 1.162004
v -0.411934 -0.133642 1.183106
v -0.253470 -0.218493 1.312250
v -0.273493 -0.212691 1.319202
v -0.419730 -0.150230 1.157496
v -0.424096 -0.150857 1.179022
v -0.249693 -0.195524 1.307775
v -0.270070 -0.191888 1.315151
v -0.430303 -0.171389 1.155965
v -0.433673 -0.170025 1.177636
v -0.249599 -0.172966 1.300499
v -0.269984 -0.171456 1.308562
v -0.437621 -0.193880 1.157463
v -0.440302 -0.190399 1.178992
v -0.253190 -0.151688 1.290703
v -0.273238 -0.152176 1.299686
v -0.441397 -0.216849 1.161938
v -0.443722 -0.211202 1.183045
v -0.253190 -0.151688 1.290703
v -0.260333 -0.132500 1.278758
v -0.279707 -0.134798 1.288867
v -0.273238 -0.152176 1.299686
v -0.441495 -0.239406 1.169211
v -0.443811 -0.231638 1.189635
v -0.270749 -0.116144 1.265126
v -0.289141 -0.119981 1.276519
v -0.373980 -0.322700 1.250163
v -0.382655 -0.307087 1.262962
v -0.437901 -0.260685 1.179009
v -0.440555 -0.250915 1.198511
v -0.284038 -0.103252 1.250333
v -0.301182 -0.108302 1.263116
v -0.355473 -0.322862 1.264966
v -0.365888 -0.307236 1.276374
v -0.437901 -0.260685 1.179009
v -0.440555 -0.250915 1.198511
v -0.413349 -0.143456 1.215807
v -0.422727 -0.156731 1.212659
v -0.416403 -0.163260 1.230944
v -0.409091 -0.152910 1.233399
v -0.301858 -0.269448 1.315091
v -0.289700 -0.252233 1.319172
v -0.319104 -0.234895 1.320718
v -0.328482 -0.248170 1.317570
v -0.402344 -0.132196 1.220909
v -0.390130 -0.123378 1.227769
v -0.280121 -0.233070 1.320561
v -0.311719 -0.220120 1.321789
v -0.413349 -0.143456 1.215807
v -0.273493 -0.212691 1.319202
v -0.306608 -0.204407 1.320742
v -0.422727 -0.156731 1.212659
v -0.270070 -0.191888 1.315151
v -0.303970 -0.188365 1.317616
v -0.430113 -0.171510 1.211588
v -0.269984 -0.171456 1.308562
v -0.303904 -0.172613 1.312536
v -0.435223 -0.187220 1.212635
v -0.273238 -0.152176 1.299686
v -0.306412 -0.157750 1.305693
v -0.437861 -0.203262 1.215761
v -0.279707 -0.134798 1.288867
v -0.311401 -0.144351 1.297351
v -0.437927 -0.219013 1.220841
v -0.289141 -0.119981 1.276519
v -0.318675 -0.132926 1.287830
v -0.398431 -0.302886 1.249020
v -0.382655 -0.307087 1.262962
v -0.390776 -0.277188 1.277378
v -0.402939 -0.273947 1.266628
v -0.435418 -0.233876 1.227684
v -0.301182 -0.108302 1.263116
v -0.327959 -0.123921 1.277497
v -0.365888 -0.307236 1.276374
v -0.377849 -0.277303 1.287718
v -0.440555 -0.250915 1.198511
v -0.434085 -0.268292 1.209330
v -0.430432 -0.247279 1.236026
v -0.435418 -0.233876 1.227684
v -0.315361 -0.100205 1.249177
v -0.338892 -0.117679 1.266749
v -0.348776 -0.303319 1.288736
v -0.364655 -0.274286 1.297251
v -0.424652 -0.283109 1.221677
v -0.423155 -0.258701 1.245547
v -0.331137 -0.096003 1.235235
v -0.351055 -0.114439 1.255999
v -0.331977 -0.295494 1.299574
v -0.351700 -0.268249 1.305608
v -0.412610 -0.294789 1.235080
v -0.413872 -0.267705 1.255880
v -0.347904 -0.095855 1.221823
v -0.363982 -0.114324 1.245659
v -0.316134 -0.284059 1.308475
v -0.339487 -0.259430 1.312468
v -0.426146 -0.187031 1.230926
v -0.428202 -0.199539 1.233363
v -0.417233 -0.200884 1.231767
v -0.415412 -0.189823 1.229614
v -0.323805 -0.187927 1.312783
v -0.325862 -0.200434 1.315220
v -0.430113 -0.171510 1.211588
v -0.422160 -0.174784 1.230112
v -0.323753 -0.175645 1.308822
v -0.435223 -0.187220 1.212635
v -0.426146 -0.187031 1.230926
v -0.325711 -0.164053 1.303484
v -0.437861 -0.203262 1.215761
v -0.428202 -0.199539 1.233363
v -0.329599 -0.153606 1.296981
v -0.437927 -0.219013 1.220841
v -0.428256 -0.211825 1.237324
v -0.335272 -0.144696 1.289556
v -0.391490 -0.257182 1.281407
v -0.400974 -0.254657 1.273026
v -0.426299 -0.223411 1.242659
v -0.342511 -0.137677 1.281499
v -0.381412 -0.257272 1.289469
v -0.422409 -0.233860 1.249165
v -0.351034 -0.132808 1.273120
v -0.371122 -0.254917 1.296902
v -0.416738 -0.242768 1.256587
v -0.360520 -0.130283 1.264737
v -0.361024 -0.250212 1.303417
v -0.409500 -0.249787 1.264644
v -0.370599 -0.130192 1.256674
v -0.351498 -0.243340 1.308769
v -0.380886 -0.132548 1.249244
v -0.342916 -0.234555 1.312747
v -0.390987 -0.137252 1.242726
v -0.335604 -0.224205 1.315201
v -0.402344 -0.132196 1.220909
v -0.400511 -0.144130 1.237376
v -0.329849 -0.212685 1.316034
v -0.384765 -0.251862 1.274256
v -0.375853 -0.251936 1.281384
v -0.278806 -0.291616 1.159618
v -0.287719 -0.291542 1.152490
v -0.325711 -0.164053 1.303484
v -0.329599 -0.153606 1.296981
v -0.330035 -0.160264 1.288026
v -0.326595 -0.169501 1.293778
v -0.428256 -0.211825 1.237324
v -0.417280 -0.211749 1.235270
v -0.329599 -0.153606 1.296981
v -0.335272 -0.144696 1.289556
v -0.335053 -0.152388 1.281461
v -0.330035 -0.160264 1.288026
v -0.400974 -0.254657 1.273026
v -0.391490 -0.257182 1.281407
v -0.384765 -0.251862 1.274256
v -0.393153 -0.249627 1.266842
v -0.426299 -0.223411 1.242659
v -0.415548 -0.221997 1.239990
v -0.342511 -0.137677 1.281499
v -0.341450 -0.146177 1.274338
v -0.381412 -0.257272 1.289469
v -0.375853 -0.251936 1.281384
v -0.422409 -0.233860 1.249165
v -0.412108 -0.231235 1.245742
v -0.351034 -0.132808 1.273120
v -0.348990 -0.141872 1.266926
v -0.371122 -0.254917 1.296902
v -0.366754 -0.249856 1.287957
v -0.416738 -0.242768 1.256587
v -0.407093 -0.239109 1.252305
v -0.360520 -0.130283 1.264737
v -0.357377 -0.139637 1.259513
v -0.371122 -0.254917 1.296902
v -0.361024 -0.250212 1.303417
v -0.357824 -0.245698 1.293719
v -0.366754 -0.249856 1.287957
v -0.416738 -0.242768 1.256587
v -0.409500 -0.249787 1.264644
v -0.400693 -0.245322 1.259431
v -0.407093 -0.239109 1.252305
v -0.370599 -0.130192 1.256674
v -0.366293 -0.139562 1.252382
v -0.351498 -0.243340 1.308769
v -0.349400 -0.239618 1.298452
v -0.370599 -0.130192 1.256674
v -0.380886 -0.132548 1.249244
v -0.375389 -0.141643 1.245811
v -0.366293 -0.139562 1.252382
v -0.342916 -0.234555 1.312747
v -0.341811 -0.231850 1.301969
v -0.390987 -0.137252 1.242726
v -0.384319 -0.145801 1.240049
v -0.335604 -0.224205 1.315201
v -0.335346 -0.222696 1.304138
v -0.400511 -0.144130 1.237376
v -0.392744 -0.151884 1.235317
v -0.329849 -0.212685 1.316034
v -0.330255 -0.212510 1.304876
v -0.409091 -0.152910 1.233399
v -0.400332 -0.159648 1.231799
v -0.325862 -0.200434 1.315220
v -0.326731 -0.201676 1.304155
v -0.416403 -0.163260 1.230944
v -0.406797 -0.168803 1.229630
v -0.323805 -0.187927 1.312783
v -0.324910 -0.190615 1.302001
v -0.422160 -0.174784 1.230112
v -0.411889 -0.178993 1.228892
v -0.323753 -0.175645 1.308822
v -0.324865 -0.179754 1.298498
v -0.415548 -0.221997 1.239990
v -0.412108 -0.231235 1.245742
v -0.315062 -0.270916 1.123976
v -0.318502 -0.261678 1.118224
v -0.341450 -0.146177 1.274338
v -0.348990 -0.141872 1.266926
v -0.251943 -0.181553 1.145160
v -0.244403 -0.185857 1.152572
v -0.366754 -0.249856 1.287957
v -0.269708 -0.289537 1.166191
v -0.407093 -0.239109 1.252305
v -0.310046 -0.278790 1.130539
v -0.357377 -0.139637 1.259513
v -0.260331 -0.179318 1.137747
v -0.357824 -0.245698 1.293719
v -0.260777 -0.285378 1.171954
v -0.400693 -0.245322 1.259431
v -0.303646 -0.285003 1.137665
v -0.366293 -0.139562 1.252382
v -0.269246 -0.179242 1.130616
v -0.357824 -0.245698 1.293719
v -0.349400 -0.239618 1.298452
v -0.252354 -0.279299 1.176686
v -0.260777 -0.285378 1.171954
v -0.393153 -0.249627 1.266842
v -0.296107 -0.289307 1.145077
v -0.375389 -0.141643 1.245811
v -0.278342 -0.181323 1.124046
v -0.341811 -0.231850 1.301969
v -0.244764 -0.271531 1.180203
v -0.384319 -0.145801 1.240049
v -0.287272 -0.185482 1.118283
v -0.335346 -0.222696 1.304138
v -0.238299 -0.262376 1.182373
v -0.384319 -0.145801 1.240049
v -0.392744 -0.151884 1.235317
v -0.295697 -0.191565 1.113551
v -0.287272 -0.185482 1.118283
v -0.330255 -0.212510 1.304876
v -0.233209 -0.252190 1.183110
v -0.400332 -0.159648 1.231799
v -0.303285 -0.199329 1.110034
v -0.326731 -0.201676 1.304155
v -0.229684 -0.241357 1.182389
v -0.406797 -0.168803 1.229630
v -0.309750 -0.208484 1.107864
v -0.324910 -0.190615 1.302001
v -0.227864 -0.230295 1.180235
v -0.411889 -0.178993 1.228892
v -0.314842 -0.218674 1.107127
v -0.324865 -0.179754 1.298498
v -0.227818 -0.219435 1.176733
v -0.415412 -0.189823 1.229614
v -0.318365 -0.229503 1.107848
v -0.326595 -0.169501 1.293778
v -0.229548 -0.209182 1.172013
v -0.417233 -0.200884 1.231767
v -0.320186 -0.240565 1.110002
v -0.326595 -0.169501 1.293778
v -0.330035 -0.160264 1.288026
v -0.232988 -0.199944 1.166261
v -0.229548 -0.209182 1.172013
v -0.417280 -0.211749 1.235270
v -0.320233 -0.251429 1.113504
v -0.335053 -0.152388 1.281461
v -0.238006 -0.192069 1.159695
v -0.415548 -0.221997 1.239990
v -0.318502 -0.261678 1.118224
v 0.345931 -0.407399 0.230426
v 0.365543 -0.393244 0.241444
v 0.380998 -0.412922 0.235088
v 0.363912 -0.425258 0.225491
v 0.427245 -0.625864 0.366426
v 0.446859 -0.611704 0.377443
v 0.491956 -0.426918 0.353168
v 0.480275 -0.408578 0.337882
v 0.328256 -0.425487 0.222234
v 0.313200 -0.446801 0.217180
v 0.344974 -0.635012 0.303837
v 0.364506 -0.640215 0.321100
v 0.327419 -0.624988 0.286579
v 0.499651 -0.523354 0.390728
v 0.503888 -0.497597 0.385710
v 0.407526 -0.378708 0.270167
v 0.386342 -0.383555 0.254863
v 0.292823 -0.570673 0.241306
v 0.464532 -0.593621 0.385636
v 0.465371 -0.394116 0.321290
v 0.301342 -0.470528 0.215461
v 0.385262 -0.640399 0.337702
v 0.503995 -0.472297 0.377552
v 0.365543 -0.393244 0.241444
v 0.292823 -0.570673 0.241306
v 0.300834 -0.592186 0.254701
v 0.479588 -0.572307 0.390690
v 0.447815 -0.384092 0.304032
v 0.293136 -0.495754 0.217142
v 0.406448 -0.635549 0.353006
v 0.499965 -0.448435 0.366563
v 0.365543 -0.393244 0.241444
v 0.345931 -0.407399 0.230426
v 0.312513 -0.610530 0.269988
v 0.491446 -0.548580 0.392408
v 0.428284 -0.378888 0.286770
v 0.427245 -0.625864 0.366426
v 0.499965 -0.448435 0.366563
v 0.498104 -0.461003 0.344089
v 0.501613 -0.481794 0.353662
v 0.480349 -0.568913 0.365104
v 0.490679 -0.548245 0.366602
v 0.328256 -0.425487 0.222234
v 0.348516 -0.441011 0.218353
v 0.497827 -0.526267 0.365137
v 0.313200 -0.446801 0.217180
v 0.335404 -0.459580 0.213954
v 0.501518 -0.503830 0.360767
v 0.301342 -0.470528 0.215461
v 0.325072 -0.480251 0.212456
v 0.501613 -0.481794 0.353662
v 0.293136 -0.495754 0.217142
v 0.317925 -0.502226 0.213921
v 0.499965 -0.448435 0.366563
v 0.503995 -0.472297 0.377552
v 0.288900 -0.521511 0.222159
v 0.314231 -0.524662 0.218289
v 0.491956 -0.426918 0.353168
v 0.491126 -0.442259 0.332420
v 0.288794 -0.546807 0.230318
v 0.314139 -0.546699 0.225396
v 0.480275 -0.408578 0.337882
v 0.480951 -0.426281 0.319103
v 0.363080 -0.623543 0.289444
v 0.380095 -0.628075 0.304481
v 0.292823 -0.570673 0.241306
v 0.317648 -0.567490 0.234969
v 0.480951 -0.426281 0.319103
v 0.467964 -0.413682 0.304647
v 0.398180 -0.628233 0.318946
v 0.300834 -0.592186 0.254701
v 0.324626 -0.586234 0.246638
v 0.452672 -0.404949 0.289614
v 0.406448 -0.635549 0.353006
v 0.385262 -0.640399 0.337702
v 0.398180 -0.628233 0.318946
v 0.416634 -0.624011 0.332279
v 0.312513 -0.610530 0.269988
v 0.334802 -0.602212 0.259955
v 0.435658 -0.400418 0.274577
v 0.427245 -0.625864 0.366426
v 0.434754 -0.615570 0.343969
v 0.327419 -0.624988 0.286579
v 0.347788 -0.614810 0.274410
v 0.417573 -0.400260 0.260111
v 0.446859 -0.611704 0.377443
v 0.451840 -0.603235 0.353567
v 0.347788 -0.614810 0.274410
v 0.386342 -0.383555 0.254863
v 0.407526 -0.378708 0.270167
v 0.417573 -0.400260 0.260111
v 0.399118 -0.404482 0.246779
v 0.451840 -0.603235 0.353567
v 0.467233 -0.587481 0.360702
v 0.380095 -0.628075 0.304481
v 0.363080 -0.623543 0.289444
v 0.467964 -0.413682 0.304647
v 0.452672 -0.404949 0.289614
v 0.435658 -0.400418 0.274577
v 0.467233 -0.587481 0.360702
v 0.480349 -0.568913 0.365104
v 0.490679 -0.548245 0.366602
v 0.497827 -0.526267 0.365137
v 0.501518 -0.503830 0.360767
v 0.045850 -0.159409 0.647453
v 0.102558 -0.164589 0.584243
v 0.243198 0.178558 0.584510
v 0.220985 0.267902 0.647784
v -0.065619 -0.431380 0.647242
v -0.113452 -0.496096 0.533530
v 0.298755 -0.664640 0.016330
v 0.446029 -0.640584 0.005271
v -0.476086 0.054349 0.852971
v -0.587555 -0.217622 0.852760
v -0.520210 -0.245272 0.915444
v -0.408741 0.026699 0.915655
v -0.085966 -0.179404 0.709860
v -0.145520 -0.324710 0.709747
v -0.065619 -0.431380 0.647242
v -0.520210 -0.245272 0.915444
v -0.479690 -0.346159 0.749606
v 0.045850 -0.159409 0.647453
v -0.004128 -0.099006 0.604733
v -0.388355 0.058295 0.831418
v -0.408741 0.026699 0.915655
v 0.381886 -0.698493 -0.264913
v 0.537285 -0.677726 -0.328854
v 0.220985 0.267902 0.647784
v 0.143899 0.262166 0.605013
v -0.004128 -0.099006 0.604733
v 0.045850 -0.159409 0.647453
v 0.457973 -0.645163 -0.402677
v 0.474714 -0.628811 -0.420084
v 0.552615 -0.660795 -0.347575
v 0.537285 -0.677726 -0.328854
v 0.823888 0.021556 -0.328312
v 0.829186 0.014007 -0.347051
v 0.822742 0.137261 -0.316116
v 0.817211 0.149281 -0.296258
v 0.446029 -0.640584 0.005271
v 0.537285 -0.677726 -0.328854
v 0.713954 -0.246672 -0.328520
v 0.622698 -0.209530 0.005605
v 0.732633 0.058699 0.005813
v 0.730224 0.184705 -0.001960
v 0.298887 0.361071 0.539244
v 0.552615 -0.660795 -0.347575
v 0.723100 -0.244831 -0.347252
v 0.654072 0.010560 0.068981
v 0.565789 -0.204840 0.068814
v 0.197296 0.402781 0.444684
v 0.298887 0.361071 0.539244
v 0.730224 0.184705 -0.001960
v 0.628633 0.226416 -0.096520
v 0.298887 0.361071 0.539244
v 0.152402 0.364457 0.459899
v 0.143899 0.262166 0.605013
v 0.220985 0.267902 0.647784
v 0.197296 0.402781 0.444684
v 0.085330 0.391995 0.397469
v -0.587555 -0.217622 0.852760
v -0.520210 -0.245272 0.915444
v 0.102558 -0.164589 0.584243
v 0.211708 -0.189828 0.679460
v 0.314862 0.061857 0.679655
v 0.243198 0.178558 0.584510
v 0.654072 0.010560 0.068981
v 0.725735 -0.106142 0.164127
v 0.660984 -0.264127 0.164005
v 0.565789 -0.204840 0.068814
v 0.423917 -0.550993 0.068546
v 0.013044 -0.382994 0.584074
v 0.211708 -0.189828 0.679460
v 0.146054 -0.350016 0.679336
v 0.556928 -0.518014 0.163808
v 0.660984 -0.264127 0.164005
v 0.725735 -0.106142 0.164127
v 0.314862 0.061857 0.679655
v 0.556928 -0.518014 0.163808
v 0.423917 -0.550993 0.068546
v 0.243198 0.178558 0.584510
v 0.314862 0.061857 0.679655
v 0.725735 -0.106142 0.164127
v 0.654072 0.010560 0.068981
v 0.423917 -0.550993 0.068546
v 0.556928 -0.518014 0.163808
v 0.146054 -0.350016 0.679336
v 0.013044 -0.382994 0.584074
v 0.579870 -0.618967 -0.379589
v 0.735506 -0.239233 -0.379294
v 0.832352 -0.002940 -0.379111
v 0.826470 0.109575 -0.350874
v 0.596793 -0.579595 -0.402967
v 0.739007 -0.232607 -0.402698
v 0.832352 -0.002940 -0.379111
v 0.827500 -0.016694 -0.402531
v 0.822124 0.086121 -0.376727
v 0.826470 0.109575 -0.350874
v 0.827500 -0.016694 -0.402531
v 0.505037 -0.588242 -0.449243
v 0.579870 -0.618967 -0.379589
v 0.827500 -0.016694 -0.402531
v 0.787177 -0.019036 -0.391709
v 0.782306 0.074190 -0.368314
v 0.822124 0.086121 -0.376727
v 0.739007 -0.232607 -0.402698
v 0.706936 -0.214816 -0.391860
v 0.525229 -0.550212 -0.469579
v 0.510981 -0.501935 -0.454471
v 0.577984 -0.529445 -0.392104
v 0.596793 -0.579595 -0.402967
v 0.525229 -0.550212 -0.469579
v 0.596793 -0.579595 -0.402967
v -0.085966 -0.179404 0.709860
v -0.145520 -0.324710 0.709747
v -0.388394 -0.225278 0.853037
v -0.328840 -0.079972 0.853150
v -0.520210 -0.245272 0.915444
v -0.388394 -0.225278 0.853037
v -0.328840 -0.079972 0.853150
v -0.408741 0.026699 0.915655
v -0.388394 -0.225278 0.853037
v -0.380891 -0.214390 0.863820
v -0.331142 -0.093008 0.863914
v -0.328840 -0.079972 0.853150
v -0.250817 -0.112006 0.925773
v -0.310371 -0.257312 0.925660
v -0.145520 -0.324710 0.709747
v -0.085966 -0.179404 0.709860
v -0.315713 -0.241150 0.924487
v -0.318899 -0.225051 0.920144
v -0.370477 -0.203874 0.872136
v -0.380891 -0.214390 0.863820
v -0.310371 -0.257312 0.925660
v -0.388394 -0.225278 0.853037
v -0.328840 -0.079972 0.853150
v -0.331142 -0.093008 0.863914
v -0.265964 -0.119768 0.924581
v -0.250817 -0.112006 0.925773
v -0.250817 -0.112006 0.925773
v -0.310371 -0.257312 0.925660
v -0.331108 -0.107819 0.872211
v -0.328084 -0.117661 0.873267
v -0.284416 -0.135590 0.913913
v -0.279530 -0.128995 0.920219
v -0.331108 -0.107819 0.872211
v -0.279530 -0.128995 0.920219
v -0.317748 -0.216916 0.913850
v -0.315274 -0.212528 0.907706
v -0.353983 -0.196635 0.871677
v -0.361416 -0.198987 0.873204
v -0.279530 -0.128995 0.920219
v -0.284416 -0.135590 0.913913
v -0.317748 -0.216916 0.913850
v -0.318899 -0.225051 0.920144
v -0.318899 -0.225051 0.920144
v -0.317748 -0.216916 0.913850
v -0.361416 -0.198987 0.873204
v -0.370477 -0.203874 0.872136
v -0.370477 -0.203874 0.872136
v -0.361416 -0.198987 0.873204
v -0.328084 -0.117661 0.873267
v -0.331108 -0.107819 0.872211
v -0.361416 -0.198987 0.873204
v -0.353983 -0.196635 0.871677
v -0.324438 -0.124551 0.871733
v -0.328084 -0.117661 0.873267
v -0.328084 -0.117661 0.873267
v -0.324438 -0.124551 0.871733
v -0.285730 -0.140444 0.907762
v -0.284416 -0.135590 0.913913
v -0.284416 -0.135590 0.913913
v -0.285730 -0.140444 0.907762
v -0.315274 -0.212528 0.907706
v -0.317748 -0.216916 0.913850
v 0.646467 0.129962 -0.494752
v 0.655161 0.119925 -0.510941
v 0.577984 -0.529445 -0.392104
v 0.591604 -0.517152 -0.409604
v 0.715988 -0.213669 -0.409369
v 0.706936 -0.214816 -0.391860
v 0.787177 -0.019036 -0.391709
v 0.793387 -0.024823 -0.409222
v 0.788687 0.065102 -0.386656
v 0.782306 0.074190 -0.368314
v 0.596793 -0.579595 -0.402967
v 0.577984 -0.529445 -0.392104
v 0.677288 0.145588 -0.511540
v 0.646467 0.129962 -0.494752
v 0.655161 0.119925 -0.510941
v 0.654542 0.084506 -0.535962
v 0.591604 -0.517152 -0.409604
v 0.610842 -0.461639 -0.440120
v 0.716642 -0.203498 -0.439920
v 0.715988 -0.213669 -0.409369
v 0.793387 -0.024823 -0.409222
v 0.782477 -0.042868 -0.439795
v 0.778480 0.033620 -0.420601
v 0.788687 0.065102 -0.386656
v 0.510981 -0.501935 -0.454471
v 0.525803 -0.490135 -0.470851
v 0.591604 -0.517152 -0.409604
v 0.577984 -0.529445 -0.392104
v 0.586881 -0.150222 -0.560700
v 0.481081 -0.408362 -0.560901
v 0.655814 -0.178524 -0.496538
v 0.721649 -0.017894 -0.496413
v 0.716642 -0.203498 -0.439920
v 0.720381 0.057473 -0.474679
v 0.782477 -0.042868 -0.439795
v 0.793387 -0.024823 -0.409222
v 0.525803 -0.490135 -0.470851
v 0.550014 -0.436664 -0.496738
v 0.610842 -0.461639 -0.440120
v 0.591604 -0.517152 -0.409604
v -0.053208 -0.520397 0.029768
v -0.048657 -0.516334 0.018018
v 0.089200 -0.572692 -0.166388
v 0.097133 -0.581859 -0.171339
v -0.045039 -0.517802 -0.000682
v -0.047312 -0.528814 -0.012510
v 0.058857 -0.572218 -0.154528
v 0.073218 -0.566148 -0.158867
v 0.048004 -0.567762 -0.164630
v -0.063845 -0.522027 -0.027160
v -0.063845 -0.522027 -0.027160
v -0.061658 -0.510980 -0.015367
v -0.514010 -0.332002 0.631292
v -0.510484 -0.323399 0.631298
v -0.333312 -0.395870 0.445963
v -0.336838 -0.404473 0.445957
v -0.418890 -0.374635 0.411905
v -0.545577 -0.322832 0.567616
v -0.545577 -0.322832 0.567616
v -0.542063 -0.310416 0.580094
v -0.505978 -0.325229 0.610752
v -0.508735 -0.337957 0.599069
v -0.371125 -0.394245 0.455118
v -0.354309 -0.387269 0.452093
v 0.451231 -0.459518 -0.540263
v 0.652716 0.010409 -0.560576
v 0.451231 -0.459518 -0.540263
v 0.435048 -0.470759 -0.525148
v 0.754230 0.113997 -0.439923
v 0.718631 0.100333 -0.427582
v 0.755654 0.138651 -0.416789
v 0.754230 0.113997 -0.439923
v 0.677288 0.145588 -0.511540
v 0.675398 0.171602 -0.491491
v 0.435048 -0.470759 -0.525148
v 0.444129 -0.516915 -0.545065
v 0.749238 0.167440 -0.384532
v 0.755654 0.138651 -0.416789
v 0.675398 0.171602 -0.491491
v 0.665936 0.201642 -0.462069
v 0.742458 0.179973 -0.365838
v 0.657745 0.214754 -0.444688
v 0.457973 -0.645163 -0.402677
v 0.316174 -0.671514 -0.326077
v 0.368094 -0.608260 -0.486336
v -0.476086 0.054349 0.852971
v -0.444648 0.081407 0.779021
v -0.508441 0.107599 0.719642
v -0.552405 0.085684 0.781934
v 0.513502 0.273686 -0.203683
v 0.817211 0.149281 -0.296258
v -0.408741 0.026699 0.915655
v -0.388355 0.058295 0.831418
v 0.537285 -0.677726 -0.328854
v 0.822742 0.137261 -0.316116
v 0.826470 0.109575 -0.350874
v 0.782306 0.074190 -0.368314
v 0.788687 0.065102 -0.386656
v 0.726096 0.090801 -0.444915
v 0.718631 0.100333 -0.427582
v 0.822124 0.086121 -0.376727
v 0.782306 0.074190 -0.368314
v 0.726096 0.090801 -0.444915
v 0.420232 -0.553423 -0.528179
v 0.444129 -0.516915 -0.545065
v 0.386429 -0.592563 -0.502259
v -0.663873 -0.186288 0.781723
v 0.082166 0.450051 0.337521
v 0.009317 0.423204 0.326717
v 0.082166 0.450051 0.337521
v 0.368094 -0.608260 -0.486336
v -0.552405 0.085684 0.781934
v -0.663873 -0.186288 0.781723
v -0.371125 -0.394245 0.455118
v -0.508735 -0.337957 0.599069
v -0.508735 -0.337957 0.599069
v -0.505978 -0.325229 0.610752
v 0.058857 -0.572218 -0.154528
v -0.047312 -0.528814 -0.012510
v -0.063845 -0.522027 -0.027160
v -0.047312 -0.528814 -0.012510
v -0.045039 -0.517802 -0.000682
v -0.061658 -0.510980 -0.015367
vn -0.6843 -0.0137 0.7291
vn -0.7494 0.0352 0.6612
vn -0.7195 0.0063 0.6945
vn -0.7888 0.1152 0.6038
vn -0.7728 0.0720 0.6306
vn -0.7965 0.2140 0.5655
vn -0.7970 0.1629 0.5817
vn -0.7719 0.3159 0.5518
vn -0.7883 0.2650 0.5553
vn -0.7178 0.4059 0.5657
vn -0.7478 0.3637 0.5554
vn -0.6430 0.4708 0.6041
vn -0.6824 0.4425 0.5818
vn -0.5587 0.5001 0.6616
vn -0.6015 0.4903 0.6307
vn -0.4781 0.4893 0.7294
vn -0.5173 0.4997 0.6948
vn -0.4131 0.4401 0.7973
vn -0.4431 0.4689 0.7640
vn -0.3734 0.3602 0.8549
vn -0.3898 0.4034 0.8279
vn -0.3656 0.2614 0.8933
vn -0.3657 0.3122 0.8768
vn -0.3905 0.1594 0.9067
vn -0.3745 0.2099 0.9032
vn -0.4446 0.0691 0.8931
vn -0.4146 0.1120 0.9031
vn -0.5194 0.0046 0.8545
vn -0.4800 0.0329 0.8766
vn -0.6035 -0.0247 0.7970
vn -0.5611 -0.0149 0.8276
vn -0.6449 -0.0243 0.7639
vn 0.4700 -0.4371 -0.7669
vn 0.5332 -0.4630 -0.7080
vn 0.4999 -0.4541 -0.7374
vn 0.6047 -0.4551 -0.6536
vn 0.5686 -0.4633 -0.6797
vn 0.6736 -0.4144 -0.6120
vn 0.6402 -0.4385 -0.6307
vn 0.7294 -0.3472 -0.5894
vn 0.7037 -0.3836 -0.5980
vn 0.7636 -0.2638 -0.5893
vn 0.7496 -0.3068 -0.5865
vn 0.7710 -0.1768 -0.6118
vn 0.7708 -0.2199 -0.5979
vn 0.7505 -0.0994 -0.6533
vn 0.7641 -0.1361 -0.6305
vn 0.7052 -0.0435 -0.7077
vn 0.7306 -0.0682 -0.6794
vn 0.6420 -0.0175 -0.7665
vn 0.6753 -0.0264 -0.7371
vn 0.5705 -0.0255 -0.8209
vn 0.6066 -0.0172 -0.7948
vn 0.5016 -0.0662 -0.8626
vn 0.5350 -0.0420 -0.8438
vn 0.4458 -0.1333 -0.8852
vn 0.4714 -0.0970 -0.8765
vn 0.4116 -0.2167 -0.8852
vn 0.4256 -0.1737 -0.8881
vn 0.4042 -0.3037 -0.8628
vn 0.4044 -0.2607 -0.8767
vn 0.4247 -0.3811 -0.8212
vn 0.4110 -0.3444 -0.8440
vn 0.4446 -0.4124 -0.7951
vn 0.4714 -0.0970 -0.8766
vn 0.4111 -0.3444 -0.8440
vn -0.3792 -0.9253 -0.0007
vn -0.2249 -0.9592 -0.1715
vn -0.4336 -0.8984 0.0696
vn -0.2497 -0.9573 -0.1455
vn -0.4967 -0.8536 0.1571
vn -0.4938 -0.8560 0.1529
vn 0.3792 0.9253 0.0007
vn -0.6150 0.2515 0.7473
vn -0.6040 0.2469 0.7578
vn -0.6150 0.2515 0.7474
vn -0.6040 0.2470 0.7578
vn -0.5092 -0.8426 0.1755
vn -0.5211 -0.8314 0.1931
vn -0.5092 -0.8426 0.1754
vn -0.5093 -0.8425 0.1754
vn -0.2322 -0.9572 -0.1727
vn -0.2054 -0.9597 -0.1916
vn -0.2268 -0.9574 -0.1786
vn 0.1781 -0.8153 -0.5510
vn 0.6040 -0.2469 -0.7578
vn 0.6376 -0.2603 -0.7251
vn 0.6374 -0.2607 -0.7251
vn 0.6374 -0.2606 -0.7251
vn 0.2331 -0.7819 -0.5782
vn 0.2332 -0.7820 -0.5781
vn 0.2253 -0.7787 -0.5856
vn 0.2253 -0.7787 -0.5855
vn -0.2135 -0.9577 -0.1930
vn -0.2121 -0.9577 -0.1946
vn -0.6842 -0.0137 0.7291
vn -0.7494 0.0352 0.6611
vn -0.7197 0.0064 0.6943
vn -0.7968 0.2139 0.5650
vn -0.7969 0.1632 0.5816
vn -0.7718 0.3159 0.5518
vn -0.7881 0.2654 0.5554
vn -0.7180 0.4061 0.5653
vn -0.7480 0.3632 0.5555
vn -0.6431 0.4710 0.6039
vn -0.5587 0.5002 0.6616
vn -0.6013 0.4902 0.6310
vn -0.4780 0.4893 0.7294
vn -0.5173 0.4994 0.6950
vn -0.4130 0.4403 0.7972
vn -0.4432 0.4690 0.7640
vn -0.3737 0.3602 0.8547
vn -0.3895 0.4033 0.8281
vn -0.3660 0.2615 0.8931
vn -0.3656 0.3124 0.8768
vn -0.3905 0.1593 0.9067
vn -0.3743 0.2100 0.9032
vn -0.4446 0.0691 0.8930
vn -0.4146 0.1116 0.9031
vn -0.4801 0.0329 0.8766
vn -0.5610 -0.0150 0.8277
vn -0.6452 -0.0242 0.7637
vn 0.6047 -0.4550 -0.6536
vn 0.7038 -0.3836 -0.5980
vn 0.7306 -0.0681 -0.6794
vn 0.5016 -0.0661 -0.8626
vn 0.4715 -0.0970 -0.8765
vn 0.4042 -0.3038 -0.8627
vn 0.5000 -0.4541 -0.7374
vn 0.7709 -0.2199 -0.5979
vn -0.4336 -0.8984 0.0695
vn -0.2341 -0.9554 -0.1799
vn -0.2577 -0.9541 -0.1529
vn -0.5928 0.2423 0.7681
vn -0.5928 0.2424 0.7680
vn -0.2155 -0.9556 -0.2011
vn 0.5691 -0.2326 -0.7887
vn 0.2175 -0.7755 -0.5927
vn 0.2175 -0.7754 -0.5928
vn -0.4660 -0.8775 0.1135
vn -0.2352 -0.9637 0.1266
vn -0.3236 -0.9154 0.2394
vn -0.0821 -0.9650 0.2490
vn -0.1722 -0.9168 0.3604
vn 0.0741 -0.9293 0.3619
vn -0.0178 -0.8814 0.4720
vn 0.2275 -0.8578 0.4609
vn 0.1338 -0.8108 0.5698
vn 0.1339 -0.8108 0.5699
vn 0.3722 -0.7534 0.5421
vn 0.2768 -0.7075 0.6502
vn 0.5025 -0.6200 0.6026
vn 0.4057 -0.5757 0.7099
vn 0.6136 -0.4628 0.6398
vn 0.5155 -0.4203 0.7468
vn 0.6604 -0.3772 0.6493
vn 0.5519 -0.2631 0.7913
vn 0.4394 0.8950 -0.0773
vn 0.3210 0.9444 0.0717
vn 0.3671 0.9278 0.0660
vn 0.4115 0.9047 -0.1102
vn 0.6318 -0.0176 0.7749
vn 0.7809 -0.0069 0.6246
vn 0.7928 0.0882 0.6031
vn 0.6926 0.1244 0.7105
vn 0.7936 0.2748 0.5429
vn 0.6934 0.3089 0.6510
vn 0.7638 0.4508 0.4619
vn 0.6641 0.4828 0.5709
vn 0.6641 0.4829 0.5708
vn 0.7048 0.6095 0.3631
vn 0.6057 0.6397 0.4732
vn 0.6186 0.7447 0.2503
vn 0.5205 0.7735 0.3618
vn 0.5087 0.8514 0.1280
vn 0.4118 0.8789 0.2408
vn 0.2838 0.9520 0.1150
vn 0.2352 0.9637 -0.1266
vn 0.1414 0.9899 -0.0109
vn 0.0821 0.9650 -0.2490
vn -0.0099 0.9912 -0.1319
vn -0.0741 0.9293 -0.3619
vn -0.1643 0.9559 -0.2435
vn -0.2275 0.8578 -0.4609
vn -0.3160 0.8852 -0.3413
vn -0.3160 0.8852 -0.3414
vn -0.3722 0.7534 -0.5421
vn -0.4590 0.7820 -0.4217
vn -0.5025 0.6200 -0.6025
vn -0.5878 0.6502 -0.4814
vn -0.5607 0.5440 -0.6242
vn -0.7051 0.5314 -0.4695
vn 0.7861 0.3411 0.5154
vn 0.7876 0.3308 0.5199
vn 0.7895 0.3164 0.5260
vn -0.8206 0.3004 -0.4862
vn -0.7348 0.1957 -0.6494
vn -0.7615 0.1018 -0.6401
vn -0.8439 0.1378 -0.5185
vn -0.7928 -0.0882 -0.6031
vn -0.8748 -0.0500 -0.4820
vn -0.7936 -0.2748 -0.5429
vn -0.8755 -0.2344 -0.4225
vn -0.7639 -0.4508 -0.4619
vn -0.8462 -0.4084 -0.3424
vn -0.8462 -0.4084 -0.3423
vn -0.7638 -0.4508 -0.4619
vn -0.7048 -0.6095 -0.3631
vn -0.7878 -0.5653 -0.2447
vn -0.6186 -0.7447 -0.2504
vn -0.7026 -0.6990 -0.1333
vn 0.0643 0.2696 -0.9608
vn 0.1573 0.3649 -0.9177
vn 0.2184 0.3006 -0.9284
vn 0.1339 0.2141 -0.9676
vn -0.5087 -0.8514 -0.1280
vn -0.5939 -0.8044 -0.0123
vn 0.5446 -0.0227 0.8384
vn 0.4868 -0.2002 0.8502
vn -0.1564 0.1661 0.9736
vn -0.1412 0.2586 0.9556
vn -0.1254 0.2579 0.9580
vn -0.1410 0.1627 0.9765
vn -0.1034 0.9946 -0.0095
vn 0.0426 0.9933 0.1072
vn -0.9385 -0.1878 -0.2899
vn -0.9377 -0.0098 -0.3473
vn 0.1732 -0.6442 0.7450
vn 0.0353 -0.7438 0.6675
vn 0.4083 0.7845 0.4668
vn 0.4904 0.6555 0.5743
vn -0.7668 0.5156 -0.3822
vn -0.6609 0.6656 -0.3467
vn -0.4060 -0.8447 0.3487
vn -0.5434 -0.8081 0.2273
vn -0.6668 -0.7377 0.1059
vn 0.5743 0.1584 0.8031
vn -0.2524 0.9605 -0.1172
vn -0.9101 -0.3556 -0.2126
vn 0.2975 -0.5170 0.8026
vn 0.3035 0.8862 0.3500
vn -0.8502 0.3488 -0.3943
vn -0.2600 -0.8461 0.4654
vn 0.5751 0.3363 0.7458
vn -0.3986 0.8924 -0.2116
vn -0.8538 -0.5070 -0.1184
vn -0.9101 -0.3556 -0.2125
vn 0.4035 -0.3671 0.8381
vn 0.1800 0.9567 0.2287
vn -0.9079 0.1714 -0.3825
vn -0.1110 -0.8120 0.5731
vn 0.5468 0.5042 0.6684
vn -0.5366 0.7928 -0.2891
vn -0.3987 0.8924 -0.2116
vn -0.7716 -0.6360 -0.0108
vn -0.1399 0.4396 0.8872
vn -0.1694 0.5191 0.8377
vn -0.1532 0.5262 0.8364
vn -0.1227 0.4443 0.8875
vn -0.8264 0.4411 0.3500
vn -0.8690 0.3559 0.3438
vn -0.8740 0.3579 0.3288
vn -0.8301 0.4456 0.3351
vn -0.1408 0.3495 0.9263
vn -0.1250 0.3514 0.9279
vn -0.8985 0.2652 0.3499
vn -0.9043 0.2647 0.3350
vn -0.1552 0.4353 0.8868
vn -0.9137 0.1727 0.3679
vn -0.9199 0.1695 0.3536
vn -0.1840 0.5126 0.8387
vn -0.9141 0.0818 0.3973
vn -0.9203 0.0760 0.3837
vn -0.2260 0.5785 0.7838
vn -0.2126 0.5869 0.7812
vn -0.7122 -0.2352 0.6614
vn -0.6420 -0.2539 0.7234
vn -0.6405 -0.2692 0.7192
vn -0.7127 -0.2500 0.6554
vn -0.8996 -0.0039 0.4368
vn -0.9054 -0.0122 0.4243
vn -0.2796 0.6305 0.7241
vn -0.2677 0.6403 0.7199
vn -0.5674 -0.2545 0.7831
vn -0.5638 -0.2699 0.7806
vn -0.8708 -0.0813 0.4849
vn -0.8758 -0.0917 0.4738
vn -0.3426 0.6665 0.6621
vn -0.3326 0.6774 0.6561
vn -0.4913 -0.2371 0.8381
vn -0.4855 -0.2520 0.8371
vn -0.8288 -0.1472 0.5398
vn -0.8327 -0.1595 0.5303
vn -0.4128 0.6852 0.6001
vn -0.4048 0.6966 0.5923
vn -0.4166 -0.2023 0.8863
vn -0.4086 -0.2162 0.8867
vn -0.7753 -0.1992 0.5994
vn -0.7776 -0.2129 0.5916
vn -0.4874 0.6858 0.5404
vn -0.4815 0.6973 0.5310
vn -0.3461 -0.1514 0.9259
vn -0.3361 -0.1638 0.9275
vn -0.5635 0.6684 0.4854
vn -0.5598 0.6794 0.4744
vn -0.2826 -0.0864 0.9553
vn -0.2708 -0.0970 0.9577
vn -0.6383 0.6336 0.4372
vn -0.6367 0.6436 0.4248
vn -0.2285 -0.0098 0.9735
vn -0.2152 -0.0182 0.9764
vn -0.7088 0.5827 0.3976
vn -0.7092 0.5912 0.3841
vn -0.1859 0.0754 0.9797
vn -0.1714 0.0695 0.9828
vn -0.7723 0.5177 0.3682
vn -0.7745 0.5244 0.3538
vn -0.6506 0.1168 0.7504
vn -0.6684 0.1270 0.7328
vn -0.9270 0.0696 0.3685
vn -0.9266 0.1659 0.3374
vn -0.1976 0.5961 0.7782
vn -0.6386 -0.2862 0.7143
vn -0.7130 -0.2665 0.6485
vn -0.9117 -0.0214 0.4103
vn -0.2544 0.6512 0.7150
vn -0.5596 -0.2869 0.7775
vn -0.8812 -0.1033 0.4614
vn -0.3213 0.6893 0.6493
vn -0.4789 -0.2685 0.8358
vn -0.8367 -0.1732 0.5196
vn -0.3957 0.7091 0.5835
vn -0.3996 -0.2316 0.8869
vn -0.7799 -0.2282 0.5828
vn -0.4748 0.7099 0.5203
vn -0.3249 -0.1777 0.9289
vn -0.5554 0.6914 0.4620
vn -0.2576 -0.1088 0.9601
vn -0.6347 0.6545 0.4108
vn -0.2003 -0.0276 0.9793
vn -0.7094 0.6006 0.3689
vn -0.1552 0.0628 0.9859
vn -0.7767 0.5317 0.3377
vn -0.1239 0.1589 0.9795
vn -0.8340 0.4505 0.3185
vn -0.1077 0.2570 0.9604
vn -0.8792 0.3601 0.3119
vn -0.1073 0.3534 0.9293
vn -0.9105 0.2640 0.3183
vn -0.6496 0.3486 0.6756
vn -0.6675 0.3302 0.6673
vn -0.7194 0.4088 0.5616
vn -0.6834 0.4457 0.5782
vn -0.6084 0.3729 0.7006
vn -0.5868 0.3779 0.7161
vn -0.5127 0.3475 0.7851
vn -0.5008 0.3287 0.8007
vn -0.6307 0.1114 0.7680
vn -0.6296 0.3630 0.6869
vn -0.5279 0.3622 0.7682
vn -0.6095 0.1113 0.7849
vn -0.5458 0.3723 0.7506
vn -0.5879 0.1162 0.8005
vn -0.5667 0.1261 0.8142
vn -0.6829 0.3085 0.6621
vn -0.5468 0.1406 0.8254
vn -0.6950 0.2843 0.6604
vn -0.5288 0.1589 0.8338
vn -0.7034 0.2586 0.6621
vn -0.5134 0.1807 0.8389
vn -0.7076 0.2324 0.6673
vn -0.5014 0.2048 0.8406
vn -0.7078 0.2066 0.6755
vn -0.4930 0.2305 0.8390
vn -0.7037 0.1823 0.6867
vn -0.4887 0.2568 0.8338
vn -0.6955 0.1604 0.7004
vn -0.4886 0.2825 0.8255
vn -0.6836 0.1418 0.7160
vn -0.5657 0.3777 0.7331
vn -0.4927 0.3068 0.8143
vn -0.7743 0.3169 0.5477
vn -0.7911 0.2655 0.5511
vn -0.8333 0.2670 0.4842
vn -0.8120 0.3324 0.4798
vn -0.5174 -0.0000 0.8557
vn -0.5599 -0.0198 0.8283
vn -0.7501 0.3654 0.5512
vn -0.4774 0.0289 0.8782
vn -0.4414 0.0658 0.8949
vn -0.4106 0.1093 0.9052
vn -0.7997 0.2129 0.5614
vn -0.3865 0.1577 0.9087
vn -0.7999 0.1613 0.5780
vn -0.3697 0.2092 0.9053
vn -0.7917 0.1126 0.6005
vn -0.3611 0.2617 0.8951
vn -0.7754 0.0687 0.6278
vn -0.3609 0.3133 0.8784
vn -0.7515 0.0313 0.6590
vn -0.5153 0.5039 0.6932
vn -0.4755 0.4933 0.7284
vn -0.3691 0.3620 0.8560
vn -0.7211 0.0018 0.6928
vn -0.5577 0.5043 0.6593
vn -0.3854 0.4059 0.8287
vn -0.6853 -0.0187 0.7280
vn -0.6009 0.4944 0.6281
vn -0.4092 0.4433 0.7975
vn -0.6454 -0.0293 0.7632
vn -0.6433 0.4746 0.6007
vn -0.4396 0.4728 0.7636
vn -0.6031 -0.0296 0.7971
vn -0.8446 0.1345 0.5183
vn -0.8341 0.0726 0.5469
vn -0.9198 -0.0340 0.3909
vn -0.9358 0.0606 0.3474
vn -0.3495 0.0683 0.9345
vn -0.3885 0.0130 0.9213
vn -0.8443 0.2001 0.4971
vn -0.3187 0.1299 0.9389
vn -0.2974 0.1954 0.9346
vn -0.2864 0.2622 0.9215
vn -0.8133 0.0167 0.5816
vn -0.2862 0.3278 0.9004
vn -0.7830 -0.0309 0.6212
vn -0.4826 0.5702 0.6648
vn -0.4319 0.5567 0.7096
vn -0.2966 0.3898 0.8718
vn -0.7443 -0.0684 0.6643
vn -0.5364 0.5707 0.6217
vn -0.3174 0.4456 0.8371
vn -0.6988 -0.0944 0.7091
vn -0.5914 0.5581 0.5820
vn -0.3477 0.4932 0.7974
vn -0.6481 -0.1079 0.7539
vn -0.6454 0.5330 0.5472
vn -0.3864 0.5307 0.7544
vn -0.5942 -0.1084 0.7970
vn -0.6963 0.4962 0.5186
vn -0.5393 -0.0958 0.8367
vn -0.7421 0.4493 0.4973
vn -0.4853 -0.0706 0.8715
vn -0.7812 0.3940 0.4842
vn -0.4344 -0.0339 0.9001
vn -0.8418 -0.1920 0.5045
vn -0.7827 -0.2492 0.5703
vn -0.7797 -0.4833 0.3981
vn -0.8629 -0.4025 0.3055
vn -0.0834 0.2556 0.9632
vn -0.1002 0.1536 0.9830
vn -0.8881 -0.1192 0.4440
vn -0.0830 0.3559 0.9308
vn -0.3830 0.7261 0.5710
vn -0.3055 0.7055 0.6395
vn -0.0989 0.4505 0.8873
vn -0.4652 0.7268 0.5052
vn -0.1306 0.5358 0.8342
vn -0.7131 -0.2890 0.6387
vn -0.5492 0.7076 0.4446
vn -0.1769 0.6084 0.7736
vn -0.6357 -0.3096 0.7071
vn -0.6316 0.6692 0.3914
vn -0.2360 0.6658 0.7079
vn -0.5535 -0.3103 0.7729
vn -0.7093 0.6131 0.3478
vn -0.4695 -0.2911 0.8336
vn -0.7794 0.5414 0.3153
vn -0.3871 -0.2527 0.8867
vn -0.8390 0.4570 0.2953
vn -0.3094 -0.1966 0.9304
vn -0.8861 0.3629 0.2884
vn -0.2393 -0.1249 0.9629
vn -0.9185 0.2630 0.2952
vn -0.1797 -0.0404 0.9829
vn -0.9354 0.1609 0.3150
vn -0.1327 0.0536 0.9897
vn -0.5726 -0.5684 0.5908
vn -0.4567 -0.5694 0.6835
vn -0.3691 -0.7179 0.5903
vn -0.5023 -0.7167 0.4837
vn -0.3324 0.8920 0.3065
vn -0.2164 0.8910 0.3992
vn 0.1391 0.6228 0.7700
vn 0.1838 0.5026 0.8447
vn -0.6817 -0.5393 0.4945
vn -0.4507 0.8649 0.2210
vn 0.0738 0.7252 0.6846
vn -0.5726 -0.5683 0.5908
vn -0.5668 0.8108 0.1461
vn -0.0094 0.8059 0.5919
vn -0.4567 -0.5694 0.6836
vn -0.6763 0.7317 0.0846
vn -0.1074 0.8619 0.4956
vn -0.3384 -0.5423 0.7690
vn -0.7750 0.6307 0.0388
vn -0.2223 -0.4882 0.8440
vn -0.8591 0.5117 0.0106
vn -0.1128 -0.4091 0.9055
vn -0.9253 0.3792 0.0010
vn -0.3093 -0.1966 0.9304
vn -0.0140 -0.3082 0.9512
vn -0.1127 -0.4091 0.9055
vn -0.9711 0.2384 0.0104
vn -0.1796 -0.0405 0.9829
vn 0.0700 -0.1891 0.9795
vn -0.9948 0.0946 0.0384
vn 0.1363 -0.0566 0.9891
vn -0.9954 -0.0467 0.0840
vn -0.1001 0.1536 0.9830
vn 0.1821 0.0843 0.9797
vn -0.9729 -0.1800 0.1453
vn -0.0833 0.2556 0.9632
vn 0.2058 0.2281 0.9516
vn -0.9282 -0.3001 0.2201
vn -0.0829 0.3559 0.9308
vn 0.2064 0.3693 0.9061
vn 0.2063 0.3694 0.9061
vn -0.5668 0.8108 0.1460
vn -0.6763 0.7318 0.0845
vn -0.6216 0.7772 -0.0981
vn -0.4957 0.8681 -0.0274
vn -0.0093 0.8060 0.5919
vn -0.1073 0.8619 0.4955
vn 0.0322 0.9268 0.3742
vn 0.1449 0.8625 0.4849
vn -0.2333 -0.6868 0.6884
vn -0.7750 0.6308 0.0388
vn -0.7349 0.6612 -0.1506
vn -0.2222 -0.4882 0.8440
vn -0.0998 -0.6246 0.7746
vn -0.8591 0.5117 0.0105
vn -0.8316 0.5244 -0.1831
vn 0.0261 -0.5337 0.8453
vn -0.9253 0.3792 0.0009
vn -0.9076 0.3722 -0.1941
vn 0.1395 -0.4177 0.8978
vn -0.9711 0.2384 0.0103
vn -0.9603 0.2103 -0.1833
vn 0.2361 -0.2809 0.9302
vn -0.9948 0.0945 0.0383
vn -0.9875 0.0449 -0.1511
vn 0.3122 -0.1287 0.9413
vn -0.9954 -0.0467 0.0839
vn -0.9882 -0.1173 -0.0988
vn 0.3648 0.0332 0.9305
vn -0.9623 -0.2704 -0.0283
vn 0.3920 0.1985 0.8983
vn -0.9729 -0.1800 0.1452
vn -0.9282 -0.3002 0.2201
vn -0.9109 -0.4085 0.0577
vn -0.9623 -0.2705 -0.0283
vn 0.3927 0.3608 0.8459
vn -0.8629 -0.4026 0.3054
vn -0.8360 -0.5262 0.1557
vn -0.2164 0.8910 0.3991
vn -0.0931 0.9602 0.2634
vn 0.1839 0.5026 0.8447
vn 0.3668 0.5139 0.7754
vn -0.7797 -0.4834 0.3980
vn -0.7403 -0.6190 0.2622
vn -0.3323 0.8920 0.3064
vn -0.2263 0.9613 0.1569
vn 0.1839 0.5027 0.8447
vn 0.1391 0.6228 0.7699
vn 0.3155 0.6520 0.6895
vn 0.3668 0.5140 0.7754
vn -0.6817 -0.5394 0.4944
vn -0.6277 -0.6833 0.3729
vn -0.4506 0.8649 0.2210
vn -0.3622 0.9302 0.0587
vn 0.0739 0.7252 0.6846
vn 0.2405 0.7697 0.5914
vn -0.7716 0.5169 -0.3709
vn -0.8547 0.3506 -0.3829
vn -0.8730 0.3581 -0.3311
vn -0.7916 0.5210 -0.3193
vn -0.9585 0.0079 -0.2851
vn -0.9592 -0.1658 -0.2291
vn -0.9876 -0.1187 -0.1025
vn -0.9869 0.0439 -0.1549
vn 0.5642 0.1609 0.8098
vn 0.5650 0.3382 0.7526
vn 0.5186 0.3458 0.7820
vn 0.5179 0.1722 0.8380
vn -0.9122 0.1738 -0.3712
vn -0.9294 0.1848 -0.3195
vn 0.5368 0.5053 0.6756
vn 0.4909 0.5098 0.7065
vn -0.9418 -0.0066 -0.3360
vn 0.5368 0.5054 0.6756
vn 0.4807 0.6561 0.5818
vn 0.4359 0.6576 0.6144
vn -0.9426 -0.1837 -0.2789
vn 0.3988 0.7846 0.4747
vn 0.3557 0.7835 0.5096
vn -0.5490 -0.8017 0.2362
vn -0.4121 -0.8382 0.3571
vn -0.4393 -0.8072 0.3943
vn -0.5734 -0.7714 0.2758
vn -0.9144 -0.3510 -0.2019
vn -0.9315 -0.3296 -0.1536
vn 0.2944 0.8859 0.3584
vn 0.2534 0.8828 0.3956
vn -0.2667 -0.8395 0.4735
vn -0.2967 -0.8084 0.5083
vn -0.8582 -0.5018 -0.1080
vn -0.8766 -0.4773 -0.0617
vn 0.1715 0.9561 0.2375
vn 0.1328 0.9516 0.2771
vn -0.1184 -0.8055 0.5806
vn -0.1513 -0.7752 0.6134
vn -0.7764 -0.6302 -0.0010
vn -0.7963 -0.6033 0.0433
vn 0.0346 0.9926 0.1166
vn -0.0013 0.9874 0.1585
vn 0.0273 -0.7376 0.6746
vn -0.0085 -0.7086 0.7055
vn -0.6720 -0.7315 0.1152
vn -0.6940 -0.7026 0.1572
vn -0.1109 0.9938 0.0001
vn -0.1439 0.9886 0.0445
vn 0.0273 -0.7376 0.6747
vn 0.1647 -0.6384 0.7518
vn 0.1262 -0.6114 0.7812
vn -0.0085 -0.7086 0.7056
vn -0.2592 0.9599 -0.1069
vn -0.2893 0.9553 -0.0605
vn 0.2886 -0.5117 0.8093
vn 0.2476 -0.4872 0.8374
vn -0.4049 0.8920 -0.2009
vn -0.4321 0.8888 -0.1527
vn 0.3940 -0.3624 0.8446
vn 0.3510 -0.3409 0.8721
vn -0.5423 0.7928 -0.2781
vn -0.5668 0.7916 -0.2284
vn -0.4322 0.8888 -0.1527
vn 0.4771 -0.1962 0.8567
vn 0.4324 -0.1779 0.8840
vn -0.6661 0.6662 -0.3355
vn -0.6882 0.6674 -0.2846
vn 0.5346 -0.0195 0.8449
vn 0.4888 -0.0046 0.8724
vn -0.3673 -0.7206 0.5881
vn -0.2310 -0.6894 0.6865
vn -0.3063 -0.5906 0.7466
vn -0.4307 -0.6190 0.6567
vn 0.2438 0.7703 0.5892
vn 0.3189 0.6523 0.6876
vn -0.5008 -0.7194 0.4813
vn -0.6263 -0.6860 0.3703
vn -0.9617 -0.2722 -0.0318
vn 0.1479 0.8633 0.4825
vn -0.9102 -0.4106 0.0543
vn 0.0350 0.9277 0.3716
vn -0.8351 -0.5285 0.1526
vn -0.0905 0.9612 0.2606
vn -0.0973 -0.6271 0.7728
vn -0.7392 -0.6215 0.2594
vn -0.2241 0.9624 0.1537
vn 0.0289 -0.5361 0.8437
vn -0.0972 -0.6271 0.7729
vn -0.3602 0.9312 0.0554
vn 0.1425 -0.4198 0.8963
vn -0.4940 0.8689 -0.0309
vn 0.2394 -0.2826 0.9289
vn -0.6202 0.7778 -0.1018
vn -0.4941 0.8689 -0.0309
vn 0.3156 -0.1301 0.9399
vn -0.7338 0.6615 -0.1545
vn 0.3684 0.0321 0.9291
vn -0.8307 0.5244 -0.1870
vn 0.3957 0.1978 0.8968
vn -0.9069 0.3719 -0.1980
vn 0.3964 0.3605 0.8444
vn -0.9597 0.2097 -0.1872
vn 0.3704 0.5139 0.7737
vn 0.3704 0.5140 0.7737
vn -0.0690 -0.4506 0.8901
vn 0.0348 -0.3443 0.9382
vn -0.1132 -0.2308 0.9664
vn -0.2004 -0.3200 0.9260
vn -0.8580 -0.4436 0.2590
vn -0.9265 -0.3360 0.1692
vn -0.1780 0.9167 0.3577
vn -0.0634 0.8862 0.4590
vn -0.1842 -0.5337 0.8254
vn -0.7705 -0.5285 0.3564
vn -0.2999 0.9178 0.2601
vn -0.1841 -0.5337 0.8254
vn -0.6673 -0.5874 0.4578
vn -0.4244 0.8894 0.1702
vn -0.5465 0.8325 0.0914
vn 0.1232 -0.2191 0.9679
vn -0.6617 0.7493 0.0267
vn 0.1929 -0.0798 0.9780
vn -0.7655 0.6431 -0.0214
vn 0.2410 0.0683 0.9681
vn -0.8539 0.5179 -0.0511
vn 0.2660 0.2197 0.9386
vn -0.9236 0.3786 -0.0612
vn 0.2665 0.3682 0.8907
vn -0.9717 0.2304 -0.0513
vn 0.2429 0.5083 0.8262
vn -0.9966 0.0791 -0.0219
vn 0.1959 0.6347 0.7475
vn -0.9972 -0.0694 0.0260
vn 0.1273 0.7424 0.6577
vn -0.5526 -0.6180 0.5592
vn -0.9736 -0.2096 0.0906
vn 0.0397 0.8273 0.5603
vn 0.0194 -0.0087 0.9998
vn 0.0599 0.1156 0.9915
vn -0.1116 0.1562 0.9814
vn -0.1435 0.0581 0.9879
vn -0.4244 0.8893 0.1702
vn -0.6013 0.7571 0.2555
vn -0.4988 0.8048 0.3216
vn -0.0390 -0.1257 0.9913
vn -0.6981 0.6872 0.2012
vn 0.0195 -0.0087 0.9998
vn -0.7851 0.5981 0.1608
vn -0.8593 0.4930 0.1359
vn 0.0808 0.2426 0.9668
vn -0.9178 0.3761 0.1274
vn 0.0813 0.3673 0.9265
vn -0.9582 0.2517 0.1357
vn 0.0615 0.4850 0.8723
vn -0.9966 0.0791 -0.0218
vn -0.9791 0.1248 0.1604
vn 0.0220 0.5911 0.8063
vn -0.9972 -0.0694 0.0261
vn -0.9797 0.0001 0.2007
vn -0.0356 0.6815 0.7309
vn -0.6064 -0.4606 0.6482
vn -0.7027 -0.4349 0.5631
vn -0.9598 -0.1176 0.2549
vn -0.1091 0.7528 0.6491
vn -0.5041 -0.4615 0.7301
vn -0.9266 -0.3359 0.1692
vn -0.9203 -0.2237 0.3209
vn -0.1956 0.8022 0.5640
vn -0.3996 -0.4376 0.8055
vn -0.8627 -0.3142 0.3962
vn -0.9203 -0.2238 0.3208
vn -0.2919 0.8279 0.4790
vn -0.2971 -0.3898 0.8717
vn -0.7892 -0.3855 0.4780
vn -0.3942 0.8288 0.3971
vn -0.3000 0.9178 0.2601
vn -0.3943 0.8288 0.3971
vn -0.0947 0.3546 0.9302
vn -0.1103 0.4476 0.8874
vn -0.8367 0.4539 0.3065
vn -0.7781 0.5369 0.3262
vn 0.0807 0.2426 0.9668
vn -0.0951 0.2564 0.9619
vn -0.8828 0.3616 0.2998
vn -0.9148 0.2633 0.3063
vn 0.0614 0.4850 0.8724
vn -0.9312 0.1633 0.3258
vn 0.0219 0.5911 0.8063
vn -0.1415 0.5313 0.8353
vn -0.9316 0.0648 0.3576
vn -0.0357 0.6815 0.7310
vn -0.1869 0.6025 0.7760
vn -0.6064 -0.4605 0.6482
vn -0.6371 -0.2984 0.7107
vn -0.7131 -0.2782 0.6435
vn -0.9160 -0.0278 0.4003
vn -0.1092 0.7528 0.6492
vn -0.2449 0.6587 0.7114
vn -0.5041 -0.4614 0.7301
vn -0.5564 -0.2991 0.7752
vn -0.8848 -0.1115 0.4524
vn -0.1957 0.8022 0.5641
vn -0.3132 0.6978 0.6442
vn -0.3996 -0.4375 0.8055
vn -0.4740 -0.2802 0.8347
vn -0.8394 -0.1828 0.5118
vn -0.2920 0.8278 0.4790
vn -0.3892 0.7180 0.5770
vn -0.2971 -0.3897 0.8717
vn -0.3932 -0.2425 0.8869
vn -0.7815 -0.2391 0.5763
vn -0.4699 0.7187 0.5125
vn -0.2004 -0.3199 0.9260
vn -0.3168 -0.1874 0.9298
vn -0.5522 0.6999 0.4531
vn -0.1133 -0.2308 0.9664
vn -0.2482 -0.1172 0.9616
vn -0.6331 0.6622 0.4008
vn -0.0391 -0.1257 0.9913
vn -0.1897 -0.0343 0.9812
vn -0.7094 0.6071 0.3580
vn 0.5130 0.4377 -0.7384
vn 0.6123 0.4369 -0.6590
vn 0.6317 0.3374 -0.6979
vn 0.5457 0.3381 -0.7667
vn 0.0598 -0.7807 -0.6220
vn -0.0187 -0.7046 -0.7094
vn 0.0586 -0.6709 -0.7392
vn 0.1299 -0.7401 -0.6599
vn 0.4816 0.5159 -0.7085
vn 0.5908 0.5150 -0.6211
vn -0.1436 -0.3691 -0.9182
vn -0.1429 -0.2359 -0.9612
vn -0.0543 -0.2452 -0.9679
vn -0.0548 -0.3662 -0.9289
vn 0.6887 -0.7107 -0.1438
vn 0.5853 -0.7853 -0.2017
vn 0.6073 -0.7442 -0.2780
vn 0.7011 -0.6765 -0.2254
vn 0.8646 0.3586 -0.3520
vn 0.9260 0.2621 -0.2716
vn 0.9168 0.2072 -0.3415
vn 0.8609 0.2949 -0.4146
vn -0.0870 0.2793 -0.9563
vn 0.0619 0.1121 -0.9918
vn 0.2551 -0.8608 -0.4404
vn 0.1522 -0.8335 -0.5312
vn 0.2139 -0.7880 -0.5773
vn 0.3073 -0.8129 -0.4948
vn 0.9920 -0.0997 -0.0773
vn 0.9870 -0.1567 -0.0367
vn 0.9765 -0.1695 -0.1332
vn 0.9770 -0.1205 -0.1759
vn 0.3700 0.4905 -0.7890
vn 0.4117 0.4146 -0.8116
vn -0.1222 -0.4947 -0.8604
vn -0.0355 -0.4803 -0.8764
vn 0.7817 -0.6155 -0.1006
vn 0.7856 -0.5900 -0.1862
vn 0.7861 0.4349 -0.4393
vn 0.7896 0.3641 -0.4939
vn -0.1136 0.1571 -0.9810
vn 0.0052 -0.0013 -1.0000
vn 0.3643 -0.8618 -0.3529
vn 0.4065 -0.8138 -0.4154
vn 0.9894 0.0232 -0.1432
vn 0.9743 -0.0098 -0.2249
vn 0.2606 0.4393 -0.8597
vn 0.3123 0.3682 -0.8757
vn -0.0802 -0.6080 -0.7899
vn 0.0027 -0.5832 -0.8123
vn 0.8605 -0.5046 -0.0698
vn 0.8571 -0.4896 -0.1601
vn 0.6937 0.4876 -0.5302
vn 0.7057 0.4120 -0.5764
vn -0.1206 -0.1003 -0.9876
vn -0.0341 -0.1220 -0.9919
vn 0.4758 -0.8363 -0.2723
vn 0.5078 -0.7906 -0.3422
vn 0.9682 0.1488 -0.2012
vn 0.9551 0.1043 -0.2773
vn 0.8938 -0.4450 -0.0566
vn 0.8882 -0.4368 -0.1428
vn 0.5909 0.5150 -0.6210
vn 0.6936 0.4876 -0.5302
vn 0.6123 0.4369 -0.6589
vn -0.0543 -0.2452 -0.9680
vn 0.2904 0.2192 -0.9315
vn 0.3717 0.2779 -0.8858
vn 0.3777 0.2681 -0.8863
vn 0.2978 0.2104 -0.9312
vn 0.6274 -0.6864 -0.3678
vn 0.7087 -0.6277 -0.3221
vn 0.2136 -0.6828 -0.6987
vn 0.2864 -0.7243 -0.6272
vn 0.4579 0.3181 -0.8302
vn 0.7820 -0.5527 -0.2881
vn 0.8436 -0.4644 -0.2696
vn 0.8695 -0.4160 -0.2661
vn 0.2171 0.1442 -0.9654
vn -0.3258 -0.9431 -0.0660
vn -0.3483 -0.9327 -0.0935
vn 0.1547 0.0558 -0.9864
vn 0.9385 -0.1930 -0.2863
vn 0.9445 -0.1471 -0.2938
vn 0.0052 -0.0014 -1.0000
vn 0.1055 -0.0425 -0.9935
vn 0.9456 -0.0498 -0.3216
vn -0.0340 -0.1220 -0.9919
vn 0.0715 -0.1471 -0.9865
vn 0.9288 0.0491 -0.3672
vn 0.0540 -0.2538 -0.9657
vn 0.8957 0.1383 -0.4227
vn 0.0535 -0.3587 -0.9319
vn 0.8472 0.2143 -0.4861
vn 0.3673 -0.7459 -0.5556
vn 0.0702 -0.4576 -0.8864
vn 0.7854 0.2743 -0.5549
vn 0.4534 -0.7466 -0.4868
vn 0.1034 -0.5468 -0.8309
vn 0.7127 0.3158 -0.6264
vn 0.5412 -0.7265 -0.4234
vn 0.1519 -0.6228 -0.7675
vn 0.8419 -0.4595 -0.2830
vn 0.8675 -0.4109 -0.2804
vn 0.2258 0.1367 -0.9645
vn -0.6746 -0.5644 0.4758
vn -0.4941 -0.6157 0.6139
vn -0.5458 -0.6051 0.5797
vn 0.1644 0.0499 -0.9851
vn 0.9310 -0.2010 -0.3047
vn 0.9389 -0.1529 -0.3085
vn 0.1161 -0.0468 -0.9921
vn 0.9419 -0.0540 -0.3316
vn 0.0827 -0.1496 -0.9853
vn 0.9254 0.0432 -0.3765
vn 0.0654 -0.2546 -0.9648
vn 0.8928 0.1309 -0.4310
vn 0.0649 -0.3576 -0.9316
vn 0.8452 0.2056 -0.4933
vn 0.2939 -0.7171 -0.6320
vn 0.3735 -0.7382 -0.5617
vn 0.0814 -0.4549 -0.8868
vn 0.7845 0.2645 -0.5609
vn 0.4581 -0.7390 -0.4941
vn 0.1140 -0.5426 -0.8322
vn 0.7129 0.3054 -0.6312
vn 0.5443 -0.7193 -0.4317
vn 0.1616 -0.6173 -0.7700
vn 0.6333 0.3266 -0.7016
vn 0.6291 -0.6798 -0.3770
vn 0.2224 -0.6762 -0.7024
vn 0.5488 0.3274 -0.7692
vn 0.7090 -0.6221 -0.3321
vn 0.4624 0.3076 -0.8316
vn 0.7811 -0.5484 -0.2987
vn -0.8533 0.1287 0.5053
vn -0.8530 0.1973 0.4832
vn -0.9309 0.1635 0.3267
vn -0.9313 0.0653 0.3585
vn -0.8392 -0.1821 0.5125
vn -0.8845 -0.1109 0.4531
vn -0.9268 -0.3330 0.1735
vn -0.8585 -0.4403 0.2630
vn -0.3344 0.5033 0.7968
vn -0.3028 0.4536 0.8382
vn -0.1424 0.5308 0.8354
vn -0.1878 0.6020 0.7761
vn -0.6481 -0.1244 0.7513
vn -0.7011 -0.1103 0.7045
vn -0.7131 -0.2772 0.6439
vn -0.6373 -0.2974 0.7109
vn -0.8423 0.0641 0.5351
vn -0.9156 -0.0274 0.4011
vn -0.3748 0.5425 0.7518
vn -0.2457 0.6582 0.7117
vn -0.5919 -0.1249 0.7963
vn -0.5567 -0.2981 0.7754
vn -0.8206 0.0058 0.5714
vn -0.4224 0.5696 0.7051
vn -0.3138 0.6971 0.6446
vn -0.5345 -0.1117 0.8378
vn -0.4745 -0.2793 0.8348
vn -0.7890 -0.0439 0.6128
vn -0.4753 0.5837 0.6583
vn -0.3897 0.7173 0.5776
vn -0.4781 -0.0855 0.8741
vn -0.3937 -0.2417 0.8869
vn -0.7486 -0.0831 0.6578
vn -0.7813 -0.2383 0.5769
vn -0.5315 0.5842 0.6133
vn -0.4703 0.7180 0.5131
vn -0.4250 -0.0471 0.9040
vn -0.3176 -0.1866 0.9297
vn -0.5890 0.5711 0.5718
vn -0.5525 0.6992 0.4537
vn -0.3771 0.0019 0.9262
vn -0.2489 -0.1164 0.9615
vn -0.6453 0.5448 0.5355
vn -0.6333 0.6616 0.4016
vn -0.3381 0.0616 0.9391
vn -0.1922 -0.0338 0.9808
vn -0.6985 0.5065 0.5056
vn -0.7094 0.6066 0.3589
vn -0.3212 0.0940 0.9423
vn -0.1797 0.0169 0.9836
vn -0.7463 0.4575 0.4834
vn -0.7780 0.5364 0.3270
vn 0.0416 -0.8969 -0.4403
vn -0.1113 -0.8132 -0.5712
vn -0.0684 -0.8409 -0.5368
vn -0.7871 0.3997 0.4697
vn -0.8365 0.4536 0.3074
vn -0.2744 0.2663 0.9240
vn -0.2813 0.2354 0.9303
vn -0.1072 0.2246 0.9685
vn -0.0989 0.2655 0.9590
vn -0.8193 0.3354 0.4651
vn -0.8825 0.3615 0.3008
vn -0.2702 0.3306 0.9043
vn -0.0957 0.3546 0.9301
vn -0.8415 0.2671 0.4696
vn -0.9144 0.2635 0.3072
vn -0.2811 0.3953 0.8745
vn -0.1114 0.4473 0.8874
vn -0.5483 0.8308 0.0959
vn -0.4266 0.8875 0.1744
vn -0.2103 0.9611 -0.1789
vn -0.3597 0.8916 -0.2753
vn -0.0670 0.8843 0.4621
vn -0.1813 0.9147 0.3611
vn -0.3090 -0.5866 0.7486
vn -0.1874 -0.5300 0.8271
vn -0.7713 -0.5249 0.3600
vn -0.3027 0.9158 0.2640
vn -0.3175 -0.1867 0.9297
vn -0.1873 -0.5300 0.8271
vn -0.0726 -0.4472 0.8915
vn -0.6686 -0.5835 0.4609
vn -0.4266 0.8874 0.1745
vn -0.2489 -0.1165 0.9615
vn 0.0307 -0.3414 0.9394
vn -0.5483 0.8308 0.0960
vn -0.1921 -0.0338 0.9808
vn 0.1191 -0.2189 0.9684
vn -0.6630 0.7479 0.0315
vn -0.1797 0.0168 0.9836
vn 0.1668 -0.1581 0.9732
vn -0.7664 0.6421 -0.0164
vn 0.1240 0.9502 0.2859
vn 0.2317 0.9572 0.1733
vn 0.3098 0.9396 0.1452
vn 0.2260 0.8974 0.3790
vn -0.8545 0.5175 -0.0459
vn -0.0988 0.2655 0.9590
vn 0.2917 0.1579 0.9434
vn 0.2698 0.2293 0.9352
vn -0.9238 0.3787 -0.0560
vn -0.0956 0.3546 0.9301
vn 0.2616 0.3683 0.8921
vn -0.9718 0.2311 -0.0462
vn 0.2616 0.3684 0.8921
vn 0.2380 0.5079 0.8279
vn -0.9966 0.0804 -0.0168
vn 0.1912 0.6338 0.7495
vn -0.9972 -0.0676 0.0309
vn 0.1228 0.7411 0.6601
vn -0.5544 -0.6139 0.5619
vn -0.9737 -0.2071 0.0952
vn 0.0357 0.8257 0.5630
vn -0.4330 -0.6150 0.6590
vn -0.7492 0.5844 -0.3118
vn -0.6274 0.6600 -0.4132
vn -0.5025 0.6200 -0.6026
vn -0.5608 0.5440 -0.6242
vn 0.3510 -0.5471 0.7600
vn 0.4598 -0.3951 0.7953
vn -0.6630 0.7480 0.0314
vn -0.3597 0.8915 -0.2753
vn -0.5005 0.7899 -0.3544
vn 0.5152 -0.3167 0.7964
vn -0.7664 0.6422 -0.0165
vn -0.4851 -0.8631 0.1404
vn -0.4286 -0.8959 0.1168
vn -0.8545 0.5175 -0.0460
vn 0.6515 0.0481 0.7571
vn 0.6407 0.1440 0.7542
vn -0.9238 0.3787 -0.0561
vn -0.8497 0.3966 -0.3474
vn 0.6343 0.3240 0.7019
vn -0.9718 0.2311 -0.0463
vn -0.8795 0.1556 -0.4497
vn 0.2381 0.5079 0.8278
vn 0.6054 0.4953 0.6230
vn -0.9966 0.0804 -0.0169
vn -0.9099 -0.0293 -0.4137
vn 0.1913 0.6338 0.7495
vn 0.2381 0.5080 0.8278
vn 0.6054 0.4954 0.6230
vn 0.5479 0.6498 0.5269
vn -0.9972 -0.0676 0.0308
vn -0.9107 -0.2110 -0.3551
vn 0.1229 0.7411 0.6600
vn 0.4640 0.7815 0.4171
vn -0.5543 -0.6140 0.5619
vn -0.6686 -0.5836 0.4609
vn -0.5074 -0.8442 0.1727
vn -0.3671 -0.8816 0.2966
vn -0.9737 -0.2072 0.0951
vn -0.8818 -0.3823 -0.2762
vn 0.3570 0.8853 0.2980
vn -0.4329 -0.6150 0.6590
vn -0.2182 -0.8829 0.4158
vn -0.9268 -0.3331 0.1735
vn -0.8243 -0.5368 -0.1801
vn -0.0670 0.8843 0.4620
vn 0.2310 0.9573 0.1741
vn -0.3090 -0.5867 0.7485
vn -0.0660 -0.8481 0.5257
vn -0.8585 -0.4403 0.2629
vn -0.7404 -0.6685 -0.0703
vn -0.1812 0.9148 0.3610
vn 0.0908 0.9946 0.0501
vn -0.1873 -0.5300 0.8270
vn 0.0833 -0.7786 0.6220
vn -0.7713 -0.5249 0.3599
vn -0.6334 -0.7723 0.0488
vn -0.0583 0.9959 -0.0690
vn 0.0833 -0.7785 0.6220
vn 0.2241 -0.6769 0.7011
vn 0.1305 -0.2581 -0.9573
vn 0.1460 -0.1638 -0.9756
vn 0.3332 -0.2023 -0.9209
vn 0.3234 -0.2622 -0.9092
vn 0.7809 -0.0068 0.6246
vn 0.7941 0.2671 0.5459
vn 0.7956 0.2450 0.5541
vn 0.7968 0.2069 0.5677
vn 0.6186 0.7447 0.2504
vn -0.7639 -0.4507 -0.4619
vn -0.6186 -0.7447 -0.2503
vn 0.5025 -0.6200 0.6025
vn 0.6605 -0.3771 0.6493
vn -0.3499 -0.9360 -0.0369
vn -0.3528 -0.9339 -0.0580
vn 0.7681 0.0003 -0.6403
vn 0.7953 -0.0423 -0.6048
vn 0.6393 -0.2154 -0.7382
vn 0.6349 -0.2084 -0.7440
vn 0.8742 0.0883 -0.4774
vn 0.9035 0.0095 -0.4284
vn 0.8139 -0.0923 -0.5737
vn 0.1301 -0.3508 -0.9274
vn 0.3232 -0.3209 -0.8903
vn 0.8314 0.1555 -0.5334
vn 0.4074 -0.6930 -0.5949
vn 0.3359 -0.6739 -0.6581
vn 0.4537 -0.5259 -0.7194
vn 0.4991 -0.5380 -0.6793
vn 0.1449 -0.4382 -0.8871
vn 0.3325 -0.3764 -0.8647
vn 0.7769 0.2085 -0.5942
vn 0.7335 0.0339 -0.6789
vn 0.4834 -0.6936 -0.5341
vn 0.5473 -0.5384 -0.6407
vn 0.1742 -0.5170 -0.8381
vn 0.3511 -0.4264 -0.8336
vn 0.7126 0.2452 -0.6574
vn 0.6927 0.0572 -0.7190
vn 0.5610 -0.6758 -0.4780
vn 0.5966 -0.5272 -0.6052
vn 0.2170 -0.5842 -0.7821
vn 0.3783 -0.4690 -0.7981
vn 0.6410 0.2643 -0.7206
vn 0.6473 0.0693 -0.7591
vn 0.6372 -0.6403 -0.4289
vn 0.6449 -0.5046 -0.5740
vn 0.2715 -0.6372 -0.7213
vn 0.4129 -0.5027 -0.7595
vn 0.5650 0.2649 -0.7814
vn 0.5991 0.0697 -0.7977
vn 0.7090 -0.5885 -0.3885
vn 0.6905 -0.4717 -0.5484
vn 0.4874 0.2471 -0.8375
vn 0.5498 0.0584 -0.8332
vn 0.7738 -0.5222 -0.3585
vn 0.7315 -0.4297 -0.5293
vn 0.4112 0.2116 -0.8866
vn 0.5015 0.0359 -0.8644
vn 0.8289 -0.4442 -0.3400
vn 0.7665 -0.3802 -0.5176
vn 0.3394 0.1598 -0.9270
vn 0.4559 0.0030 -0.8900
vn 0.8724 -0.3573 -0.3337
vn 0.7941 -0.3251 -0.5136
vn 0.2747 0.0935 -0.9570
vn 0.4148 -0.0390 -0.9091
vn 0.9024 -0.2649 -0.3398
vn 0.8131 -0.2664 -0.5175
vn 0.2195 0.0155 -0.9755
vn 0.3798 -0.0885 -0.9208
vn 0.9179 -0.1705 -0.3582
vn 0.8230 -0.2066 -0.5292
vn 0.1761 -0.0714 -0.9818
vn 0.3523 -0.1437 -0.9248
vn 0.9183 -0.0779 -0.3881
vn 0.8232 -0.1478 -0.5481
vn 0.6152 -0.1972 -0.7633
vn 0.6226 -0.1992 -0.7568
vn 0.5579 -0.3485 -0.7532
vn 0.5740 -0.3528 -0.7390
vn 0.5911 -0.2960 -0.7503
vn 0.5990 -0.2961 -0.7440
vn 0.5625 -0.2607 -0.7846
vn 0.5640 -0.2697 -0.7805
vn 0.6292 -0.2030 -0.7502
vn 0.6070 -0.2943 -0.7382
vn 0.5670 -0.2779 -0.7754
vn 0.6148 -0.2906 -0.7332
vn 0.5714 -0.2848 -0.7696
vn 0.6222 -0.2852 -0.7290
vn 0.5771 -0.2903 -0.7634
vn 0.6289 -0.2784 -0.7259
vn 0.6074 -0.1971 -0.7696
vn 0.5837 -0.2941 -0.7568
vn 0.5994 -0.1990 -0.7754
vn 0.5915 -0.2026 -0.7804
vn 0.6346 -0.2704 -0.7240
vn 0.5841 -0.2080 -0.7846
vn 0.6391 -0.2614 -0.7233
vn 0.5774 -0.2148 -0.7877
vn 0.6422 -0.2518 -0.7240
vn 0.5717 -0.2229 -0.7896
vn 0.6438 -0.2421 -0.7259
vn 0.5672 -0.2319 -0.7902
vn 0.6438 -0.2325 -0.7290
vn 0.5641 -0.2414 -0.7896
vn 0.6423 -0.2235 -0.7331
vn 0.5625 -0.2511 -0.7877
vn 0.6255 -0.3410 -0.7017
vn 0.6085 -0.3489 -0.7128
vn 0.5845 -0.5922 -0.5546
vn 0.6448 -0.5642 -0.5157
vn 0.5919 -0.1419 -0.7934
vn 0.5749 -0.1498 -0.8044
vn 0.6691 -0.1624 -0.7252
vn 0.6569 -0.1505 -0.7388
vn 0.5911 -0.3529 -0.7253
vn 0.5587 -0.1615 -0.8135
vn 0.6424 -0.1423 -0.7530
vn 0.5442 -0.1763 -0.8202
vn 0.5318 -0.1939 -0.8244
vn 0.6417 -0.3294 -0.6927
vn 0.5221 -0.2133 -0.8258
vn 0.6562 -0.3145 -0.6859
vn 0.5154 -0.2341 -0.8244
vn 0.6686 -0.2970 -0.6818
vn 0.5118 -0.2552 -0.8203
vn 0.6783 -0.2775 -0.6804
vn 0.5118 -0.2760 -0.8136
vn 0.6851 -0.2567 -0.6817
vn 0.5151 -0.2956 -0.8045
vn 0.6885 -0.2356 -0.6859
vn 0.5217 -0.3133 -0.7935
vn 0.6886 -0.2148 -0.6926
vn 0.5312 -0.3284 -0.7810
vn 0.6264 -0.1380 -0.7672
vn 0.6853 -0.1952 -0.7016
vn 0.5435 -0.3403 -0.7673
vn 0.6093 -0.1379 -0.7808
vn 0.6787 -0.1775 -0.7126
vn 0.7965 -0.4090 -0.4454
vn 0.7529 -0.4707 -0.4600
vn 0.7813 -0.5495 -0.2960
vn 0.8429 -0.4623 -0.2754
vn 0.3579 0.0166 -0.9336
vn 0.3143 -0.0452 -0.9483
vn 0.7016 -0.5232 -0.4837
vn 0.2799 -0.1140 -0.9532
vn 0.2561 -0.1871 -0.9484
vn 0.2438 -0.2617 -0.9338
vn 0.8308 -0.3402 -0.4404
vn 0.2435 -0.3351 -0.9102
vn 0.8546 -0.2671 -0.4453
vn 0.2551 -0.4042 -0.8784
vn 0.8669 -0.1924 -0.4598
vn 0.2784 -0.4666 -0.8395
vn 0.8672 -0.1191 -0.4835
vn 0.3123 -0.5197 -0.7952
vn 0.7044 0.1365 -0.6966
vn 0.6478 0.1517 -0.7466
vn 0.8555 -0.0499 -0.5153
vn 0.3555 -0.5616 -0.7471
vn 0.5876 0.1522 -0.7947
vn 0.8323 0.0124 -0.5541
vn 0.4063 -0.5907 -0.6971
vn 0.5262 0.1381 -0.8390
vn 0.7985 0.0656 -0.5984
vn 0.4630 -0.6058 -0.6471
vn 0.4659 0.1100 -0.8779
vn 0.7553 0.1075 -0.6465
vn 0.5231 -0.6063 -0.5990
vn 0.4091 0.0690 -0.9099
vn 0.9424 -0.1565 -0.2957
vn 0.9250 -0.2619 -0.2752
vn 0.9373 -0.2593 -0.2328
vn 0.9558 -0.1470 -0.2547
vn 0.0798 -0.1490 -0.9856
vn 0.0625 -0.2544 -0.9651
vn 0.8914 -0.3651 -0.2683
vn 0.0620 -0.3579 -0.9317
vn 0.0785 -0.4556 -0.8867
vn 0.1113 -0.5436 -0.8319
vn 0.9428 -0.0529 -0.3291
vn 0.1591 -0.6187 -0.7693
vn 0.7129 0.3080 -0.6300
vn 0.6329 0.3293 -0.7007
vn 0.9263 0.0447 -0.3741
vn 0.2201 -0.6779 -0.7014
vn 0.5480 0.3301 -0.7686
vn 0.8935 0.1328 -0.4289
vn 0.2920 -0.7189 -0.6308
vn 0.4613 0.3103 -0.8312
vn 0.8457 0.2079 -0.4914
vn 0.3719 -0.7402 -0.5601
vn 0.3761 0.2706 -0.8862
vn 0.7847 0.2670 -0.5594
vn 0.4568 -0.7410 -0.4922
vn 0.2959 0.2127 -0.9312
vn 0.5436 -0.7211 -0.4295
vn 0.2236 0.1386 -0.9648
vn 0.6287 -0.6815 -0.3746
vn 0.1619 0.0514 -0.9855
vn 0.7089 -0.6235 -0.3295
vn 0.1134 -0.0457 -0.9925
vn 0.5357 0.3713 -0.7584
vn 0.6262 0.3705 -0.6860
vn 0.6169 0.4169 -0.6676
vn 0.5202 0.4177 -0.7449
vn 0.0356 -0.4657 -0.8843
vn 0.0705 -0.5594 -0.8259
vn 0.9562 -0.0367 -0.2903
vn 0.1214 -0.6394 -0.7592
vn 0.7113 0.3478 -0.6108
vn 0.9387 0.0673 -0.3381
vn 0.1864 -0.7025 -0.6869
vn 0.9038 0.1611 -0.3966
vn 0.2629 -0.7462 -0.6116
vn 0.4433 0.3501 -0.8252
vn 0.8528 0.2411 -0.4632
vn 0.3481 -0.7689 -0.5364
vn 0.3526 0.3079 -0.8837
vn 0.7879 0.3041 -0.5355
vn 0.4386 -0.7697 -0.4640
vn 0.2671 0.2462 -0.9317
vn 0.5310 -0.7485 -0.3973
vn 0.1900 0.1674 -0.9674
vn 0.6216 -0.7063 -0.3388
vn 0.1244 0.0744 -0.9894
vn 0.7071 -0.6445 -0.2907
vn 0.0727 -0.0290 -0.9969
vn 0.7842 -0.5657 -0.2550
vn 0.0369 -0.1390 -0.9896
vn 0.8498 -0.4728 -0.2330
vn 0.0184 -0.2513 -0.9677
vn 0.9015 -0.3693 -0.2255
vn 0.0180 -0.3616 -0.9321
vn 0.9506 0.0931 -0.2961
vn 0.9133 0.1932 -0.3585
vn 0.1473 -0.7290 -0.6685
vn 0.2290 -0.7756 -0.5882
vn 0.4216 0.3952 -0.8162
vn 0.8589 0.2786 -0.4296
vn 0.3199 -0.7999 -0.5078
vn 0.3247 0.3500 -0.8786
vn 0.7895 0.3460 -0.5068
vn 0.4165 -0.8008 -0.4305
vn 0.2334 0.2841 -0.9299
vn 0.7078 0.3927 -0.5872
vn 0.5152 -0.7782 -0.3592
vn 0.1511 0.2000 -0.9681
vn 0.6120 -0.7331 -0.2967
vn 0.0811 0.1006 -0.9916
vn 0.7034 -0.6671 -0.2455
vn 0.0259 -0.0098 -0.9996
vn 0.7856 -0.5829 -0.2073
vn -0.0124 -0.1273 -0.9918
vn 0.8557 -0.4837 -0.1837
vn -0.0321 -0.2472 -0.9684
vn 0.9110 -0.3732 -0.1757
vn -0.0325 -0.3650 -0.9304
vn 0.9492 -0.2558 -0.1835
vn -0.0138 -0.4761 -0.8793
vn 0.9689 -0.1358 -0.2070
vn 0.0235 -0.5763 -0.8169
vn 0.9694 -0.0180 -0.2449
vn 0.0778 -0.6617 -0.7458
vn 0.5650 -0.2337 -0.7913
vn -0.2618 -0.6333 0.7283
vn -0.2989 -0.6334 0.7138
vn 0.3856 0.9217 0.0431
vn 0.3756 0.9183 -0.1248
vn 0.4949 0.7780 -0.3870
vn 0.4767 0.8426 -0.2505
vn 0.3751 0.8653 -0.3324
vn 0.3410 0.7893 -0.5105
vn -0.0941 0.0378 0.9949
vn -0.0262 0.0100 0.9996
vn -0.3776 -0.9199 -0.1059
vn -0.3728 -0.9234 -0.0917
vn -0.4314 -0.8826 0.1869
vn -0.3700 -0.9050 0.2098
vn 0.3850 0.9227 -0.0181
vn 0.3869 0.9220 -0.0164
vn 0.3804 0.9246 -0.0224
vn 0.3790 0.9251 -0.0237
vn -0.3824 -0.9057 0.1831
vn -0.1473 0.8368 0.5274
vn -0.0122 0.7673 0.6411
vn 0.0330 0.7380 0.6740
vn 0.6592 0.6107 -0.4388
vn 0.6384 0.6610 -0.3943
vn 0.4917 0.6585 -0.5697
vn -0.4241 -0.9038 0.0570
vn 0.5243 -0.2199 -0.8226
vn 0.5244 -0.2199 -0.8226
vn 0.5284 0.8241 -0.2042
vn 0.2376 0.9569 0.1668
vn 0.2780 0.9386 0.2045
vn 0.3777 0.9256 -0.0249
vn 0.3768 0.9259 -0.0257
vn -0.3591 -0.9103 0.2060
vn 0.3504 0.8961 0.2725
vn 0.3790 0.8756 0.2996
vn 0.3872 0.8692 0.3074
vn 0.3352 0.8142 0.4741
vn 0.3580 0.9063 0.2245
vn 0.3817 0.8896 0.2508
vn 0.3702 0.7807 0.5034
vn -0.3831 -0.9178 -0.1041
vn -0.3510 -0.9103 0.2194
vn -0.3864 -0.9156 -0.1114
vn 0.2777 0.6749 -0.6837
vn 0.2792 0.7895 -0.5466
vn 0.2059 0.6718 -0.7115
vn 0.2042 0.5987 0.7745
vn 0.2306 0.5731 0.7864
vn -0.2753 -0.6744 -0.6851
vn -0.2493 -0.7001 -0.6691
vn 0.3645 0.9219 -0.1313
vn 0.3927 0.9192 -0.0296
vn -0.3107 -0.6370 -0.7055
vn -0.3243 -0.6218 -0.7129
vn -0.3537 -0.9085 -0.2224
vn -0.3204 -0.8682 -0.3790
vn 0.2877 0.5135 0.8084
vn 0.2743 0.5280 0.8037
vn 0.3006 0.4991 0.8127
vn 0.3250 0.9058 0.2718
vn 0.7478 -0.3060 -0.5893
vn 0.7477 -0.3060 -0.5893
vn -0.2056 -0.6314 0.7477
vn -0.1853 -0.6302 0.7540
vn -0.1679 -0.6289 0.7591
vn 0.3529 0.9019 -0.2491
vn 0.3774 0.9261 0.0015
vn 0.3320 0.8702 -0.3639
vn 0.4028 0.8608 -0.3112
vn 0.4320 0.7548 -0.4936
vn 0.0711 -0.0299 0.9970
vn 0.3216 -0.1325 0.9375
vn 0.2043 0.5987 0.7745
vn 0.6027 0.7281 -0.3264
vn 0.6174 -0.2536 0.7447
vn -0.3576 -0.9302 -0.0831
vn -0.3644 -0.9305 -0.0366
vn -0.3445 -0.9386 -0.0193
vn -0.3214 -0.9469 0.0018
vn -0.4178 -0.9014 0.1132
vn -0.2612 -0.9471 -0.1863
vn -0.4689 -0.8754 0.1177
vn 0.3858 0.9224 -0.0174
vn 0.3819 0.9240 -0.0210
vn 0.3903 0.9206 -0.0132
vn -0.4008 -0.8884 0.2237
vn -0.5140 -0.8553 0.0655
vn -0.5474 -0.8323 0.0869
vn -0.3070 -0.9226 -0.2335
vn 0.2634 0.9016 0.3431
vn 0.1494 0.9167 0.3705
vn 0.3841 0.9146 0.1264
vn 0.2149 0.9042 0.3690
vn 0.2564 0.9555 0.1460
vn 0.1899 0.6705 -0.7171
vn -0.4348 -0.8965 0.0855
vn 0.7010 -0.2878 0.6525
vn 0.4128 0.9108 0.0038
vn -0.4767 -0.8654 0.1540
vn -0.0164 0.8779 0.4785
vn -0.0163 0.8780 0.4785
vn 0.6592 0.6106 -0.4389
vn 0.7822 0.0020 0.6230
vn 0.7767 -0.0311 0.6291
vn 0.7941 0.1050 0.5987
vn 0.7910 0.0702 0.6078
vn -0.7830 -0.3613 -0.5063
vn -0.7945 -0.2621 -0.5478
vn -0.7902 -0.3035 -0.5325
vn 0.1952 -0.4570 0.8678
vn 0.1951 -0.4570 0.8678
vn -0.7719 -0.4181 -0.4789
vn -0.7831 -0.3568 -0.5094
vn -0.7842 -0.3540 -0.5096
vn -0.7297 0.6640 -0.1629
vn 0.7298 -0.6640 0.1629
vn 0.7297 -0.6640 0.1629
vn -0.1952 0.4570 -0.8678
vn 0.6817 -0.3327 0.6516
vn 0.6691 -0.3573 0.6516
vn 0.7158 -0.2502 0.6520
vn 0.7058 -0.2760 0.6524
vn -0.7911 -0.0883 -0.6053
vn -0.7856 -0.0365 -0.6177
vn -0.6911 0.3074 -0.6542
vn -0.7093 0.2628 -0.6541
vn -0.7946 -0.1132 -0.5964
vn 0.5958 -0.1939 -0.7794
vn 0.5992 -0.2253 -0.7683
vn 0.5992 -0.2259 -0.7680
vn -0.7838 -0.0117 -0.6209
vn -0.5958 0.1939 0.7794
vn -0.5995 0.2283 0.7671
vn -0.5989 0.2231 0.7691
vn -0.7181 0.2438 -0.6518
vn 0.6007 -0.2564 -0.7572
vn 0.6007 -0.2564 -0.7573
vn -0.6842 0.3269 -0.6519
vn -0.6006 0.2563 0.7574
vn -0.6008 0.2565 0.7572
vn 0.5919 -0.2623 -0.7621
vn 0.5916 -0.2625 -0.7623
vn 0.5849 -0.2657 -0.7664
vn 0.5847 -0.2661 -0.7663
vn -0.5606 0.5484 -0.6205
vn -0.5433 0.5673 -0.6189
vn -0.3916 0.7365 -0.5516
vn -0.4114 0.7226 -0.5555
vn 0.4877 -0.6388 0.5951
vn 0.5340 -0.5816 0.6137
vn 0.3816 -0.7470 0.5444
vn 0.3542 -0.7689 0.5323
vn -0.3795 0.7473 -0.5455
vn -0.3841 0.7463 -0.5436
vn 0.3814 -0.7481 0.5431
vn 0.3802 -0.7461 0.5465
vn 0.3339 -0.7859 0.5204
vn 0.3814 -0.7421 0.5511
vn -0.5081 0.6110 -0.6071
vn -0.4976 0.6268 -0.5996
vn -0.3627 0.7609 -0.5381
vn -0.3710 0.7520 -0.5448
vn -0.5951 0.2589 0.7608
vn -0.5941 0.2597 0.7613
vn -0.5759 0.2726 0.7707
vn -0.5767 0.2720 0.7703
vn 0.5510 -0.5603 0.6184
vn 0.3991 -0.7330 0.5509
vn 0.4682 -0.6622 0.5850
vn 0.5278 0.6574 0.5378
vn 0.6298 0.6389 0.4417
vn 0.6296 0.6390 0.4419
vn 0.7911 0.5666 0.2305
vn 0.7909 0.5667 0.2308
vn 0.8486 0.5153 0.1201
vn 0.5856 -0.2628 -0.7668
vn -0.3814 0.7421 -0.5511
vn -0.3784 0.7453 -0.5489
vn -0.5635 0.2812 0.7768
vn 0.3842 -0.7463 0.5436
vn -0.4045 -0.8801 -0.2487
vn -0.2768 -0.9530 -0.1230
vn -0.5130 -0.7748 -0.3694
vn -0.7048 -0.6094 -0.3631
vn -0.5981 -0.6413 -0.4807
vn -0.6563 -0.4847 -0.5781
vn -0.6857 -0.3110 -0.6581
vn -0.6564 -0.4847 -0.5782
vn -0.7928 -0.0881 -0.6031
vn -0.6849 -0.1269 -0.7175
vn -0.7615 0.1017 -0.6401
vn -0.6541 0.0605 -0.7540
vn -0.7010 0.2878 -0.6525
vn -0.5943 0.2442 -0.7663
vn -0.6135 0.4628 -0.6398
vn -0.5080 0.4169 -0.7537
vn -0.3985 0.5720 -0.7170
vn -0.2698 0.7036 -0.6574
vn -0.1271 0.8067 -0.5772
vn 0.0244 0.8772 -0.4795
vn -0.1270 0.8067 -0.5771
vn 0.1785 0.9125 -0.3681
vn 0.3296 0.9112 -0.2473
vn 0.4718 0.8733 -0.1216
vn 0.5996 0.8003 0.0040
vn 0.6187 0.7447 0.2504
vn 0.7080 0.6951 0.1248
vn 0.7930 0.5616 0.2360
vn 0.8513 0.4050 0.3335
vn 0.7639 0.4508 0.4619
vn 0.8807 0.2313 0.4135
vn 0.7928 0.0881 0.6031
vn 0.8799 0.0471 0.4729
vn 0.7615 -0.1017 0.6401
vn 0.8490 -0.1402 0.5094
vn 0.7893 -0.3239 0.5216
vn 0.6135 -0.4628 0.6398
vn 0.7030 -0.4966 0.5091
vn 0.5934 -0.6517 0.4723
vn 0.4648 -0.7834 0.4127
vn 0.3220 -0.8864 0.3325
vn 0.1707 -0.9569 0.2348
vn 0.0165 -0.9922 0.1235
vn 0.6260 -0.7751 0.0857
vn 0.7386 -0.6599 0.1379
vn -0.1346 -0.9909 0.0026
vn -0.5237 0.7627 0.3795
vn -0.5583 0.6838 0.4699
vn -0.4790 0.7019 0.5271
vn -0.4283 0.7845 0.4484
vn -0.7093 0.5946 0.3786
vn -0.7076 0.5670 0.4217
vn -0.6408 0.6152 0.4592
vn -0.6360 0.6476 0.4198
vn -0.7099 -0.3690 0.5999
vn -0.7129 -0.2560 0.6529
vn -0.7784 -0.2185 0.5885
vn -0.7889 -0.3238 0.5223
vn 0.0053 0.2494 0.9684
vn -0.1190 0.2576 0.9589
vn -0.1348 0.1613 0.9777
vn -0.0138 0.1335 0.9909
vn -0.6220 -0.3924 0.6776
vn -0.6399 -0.2754 0.7175
vn -0.8529 0.4781 0.2099
vn -0.8316 0.4474 0.3291
vn -0.7753 0.5270 0.3480
vn -0.7851 0.5739 0.2327
vn -0.1009 0.6501 0.7531
vn -0.2072 0.5903 0.7802
vn -0.1635 0.5217 0.8373
vn -0.0484 0.5675 0.8219
vn -0.2514 -0.2641 0.9312
vn -0.3321 -0.1688 0.9280
vn -0.4054 -0.2218 0.8868
vn -0.3397 -0.3278 0.8816
vn -0.9627 0.0280 0.2691
vn -0.9228 0.0737 0.3782
vn -0.9224 0.1682 0.3477
vn -0.9622 0.1418 0.2323
vn -0.4015 0.7012 0.5892
vn -0.3350 0.7837 0.5231
vn -0.1655 0.0671 0.9839
vn -0.0508 0.0200 0.9985
vn -0.8341 -0.1645 0.5265
vn -0.8560 -0.2588 0.4476
vn -0.7056 0.6554 0.2696
vn -0.1336 0.4413 0.8873
vn -0.0124 0.4707 0.8822
vn -0.4831 -0.2580 0.8367
vn -0.4332 -0.3714 0.8212
vn -0.9066 0.2645 0.3290
vn -0.9432 0.2577 0.2098
vn -0.3285 0.6818 0.6537
vn -0.2471 0.7603 0.6008
vn -0.2098 -0.0216 0.9775
vn -0.1041 -0.0868 0.9908
vn -0.8778 -0.0959 0.4693
vn -0.9086 -0.1763 0.3788
vn -0.6173 0.7191 0.3191
vn -0.1187 0.3521 0.9284
vn 0.0058 0.3633 0.9316
vn -0.5623 -0.2761 0.7795
vn -0.5286 -0.3932 0.7523
vn -0.8759 0.3587 0.3227
vn -0.9062 0.3712 0.2022
vn -0.2629 0.6443 0.7182
vn -0.1681 0.7151 0.6785
vn -0.2661 -0.1013 0.9586
vn -0.1718 -0.1827 0.9680
vn -0.9077 -0.0155 0.4193
vn -0.9446 -0.0794 0.3185
vn 0.0058 0.3633 0.9317
vn -0.1186 0.3521 0.9284
vn -0.4978 0.6647 0.5571
vn -0.4609 0.7343 0.4985
vn -0.3772 0.7335 0.5654
vn -0.4271 0.6641 0.6136
vn -0.2099 -0.0216 0.9775
vn -0.2523 0.0053 0.9676
vn -0.3036 -0.0674 0.9504
vn -0.2661 -0.1012 0.9586
vn -0.5699 0.6482 0.5050
vn -0.3638 -0.1289 0.9225
vn -0.7108 -0.2084 0.6718
vn -0.7707 -0.1742 0.6130
vn -0.4306 -0.1772 0.8850
vn -0.8214 -0.1250 0.5565
vn -0.5014 -0.2102 0.8393
vn -0.3605 0.6464 0.6724
vn -0.8612 -0.0625 0.5044
vn -0.5736 -0.2267 0.7872
vn -0.3007 0.6123 0.7313
vn -0.8885 0.0108 0.4588
vn -0.6443 -0.2261 0.7306
vn -0.2499 0.5630 0.7878
vn -0.9022 0.0921 0.4214
vn -0.2102 0.5005 0.8398
vn -0.9018 0.1783 0.3935
vn -0.1829 0.4272 0.8855
vn -0.8874 0.2660 0.3764
vn -0.1691 0.3459 0.9229
vn -0.8595 0.3520 0.3707
vn -0.1695 0.2598 0.9507
vn -0.8191 0.4328 0.3766
vn -0.1839 0.1720 0.9678
vn -0.1349 0.1613 0.9776
vn -0.7678 0.5054 0.3938
vn -0.2119 0.0861 0.9735
vn -0.1656 0.0671 0.9839
vn -0.7838 -0.2585 0.5646
vn -0.8439 -0.2003 0.4977
vn -0.3814 -0.2621 0.8865
vn -0.4652 -0.3011 0.8324
vn -0.2985 0.7125 0.6350
vn -0.8910 -0.1264 0.4361
vn -0.5506 -0.3207 0.7707
vn -0.2277 0.6721 0.7046
vn -0.9233 -0.0396 0.3821
vn -0.6343 -0.3199 0.7038
vn -0.1676 0.6139 0.7714
vn -0.9395 0.0566 0.3378
vn -0.7130 -0.2989 0.6342
vn -0.1205 0.5399 0.8330
vn -0.9391 0.1586 0.3049
vn -0.0882 0.4531 0.8871
vn -0.9220 0.2624 0.2847
vn -0.0720 0.3570 0.9313
vn -0.8889 0.3641 0.2779
vn -0.0724 0.2551 0.9642
vn -0.8411 0.4598 0.2848
vn -0.0895 0.1512 0.9845
vn -0.7804 0.5457 0.3052
vn -0.1225 0.0494 0.9912
vn -0.7092 0.6186 0.3382
vn -0.1703 -0.0462 0.9843
vn -0.6301 0.6756 0.3826
vn -0.2311 -0.1322 0.9639
vn -0.5463 0.7147 0.4368
vn -0.3023 -0.2050 0.9309
vn 0.8628 -0.0418 -0.5038
vn 0.9156 0.0273 -0.4012
vn 0.9312 -0.0654 -0.3586
vn 0.8749 -0.1136 -0.4708
vn 0.9144 -0.2635 -0.3074
vn 0.9475 -0.2563 -0.1913
vn 0.9096 -0.3727 -0.1835
vn 0.8825 -0.3615 -0.3009
vn 0.2413 -0.1840 -0.9529
vn 0.1127 -0.1564 -0.9812
vn 0.1446 -0.0585 -0.9878
vn 0.2659 -0.1083 -0.9579
vn 0.9308 -0.1635 -0.3269
vn 0.8746 -0.1895 -0.4462
vn 0.1906 0.0336 -0.9811
vn 0.3015 -0.0369 -0.9527
vn 0.8619 -0.2670 -0.4312
vn 0.2490 0.1164 -0.9615
vn 0.3467 0.0271 -0.9376
vn 0.8372 -0.3428 -0.4261
vn 0.3176 0.1866 -0.9297
vn 0.3999 0.0815 -0.9129
vn 0.8365 -0.4536 -0.3075
vn 0.8016 -0.4141 -0.4313
vn 0.3938 0.2415 -0.8869
vn 0.4588 0.1240 -0.8798
vn 0.7780 -0.5363 -0.3272
vn 0.7563 -0.4782 -0.4465
vn 0.4745 0.2792 -0.8348
vn 0.5213 0.1532 -0.8395
vn 0.7094 -0.6065 -0.3590
vn 0.7032 -0.5325 -0.4711
vn 0.5568 0.2980 -0.7754
vn 0.5850 0.1677 -0.7935
vn 0.3970 -0.6026 -0.6923
vn 0.3139 -0.6970 -0.6447
vn 0.2458 -0.6581 -0.7117
vn 0.3442 -0.5725 -0.7442
vn 0.6333 -0.6615 -0.4017
vn 0.6443 -0.5751 -0.5042
vn 0.6373 0.2972 -0.7110
vn 0.6474 0.1672 -0.7436
vn 0.1879 -0.6020 -0.7761
vn 0.2994 -0.5290 -0.7940
vn 0.5525 -0.6991 -0.4538
vn 0.5817 -0.6042 -0.5445
vn 0.7131 0.2771 -0.6440
vn 0.7061 0.1516 -0.6917
vn 0.1425 -0.5308 -0.8354
vn 0.2643 -0.4739 -0.8400
vn 0.4703 -0.7179 -0.5133
vn 0.5181 -0.6188 -0.5905
vn 0.7813 0.2382 -0.5769
vn 0.7588 0.1214 -0.6399
vn 0.1115 -0.4472 -0.8874
vn 0.2403 -0.4092 -0.8802
vn 0.3897 -0.7172 -0.5777
vn 0.4557 -0.6182 -0.6404
vn 0.8392 0.1820 -0.5125
vn 0.8036 0.0780 -0.5900
vn 0.0959 -0.3546 -0.9301
vn 0.2282 -0.3375 -0.9133
vn 0.8845 0.1108 -0.4532
vn 0.8388 0.0229 -0.5440
vn 0.0963 -0.2564 -0.9618
vn 0.2285 -0.2615 -0.9378
vn 0.1572 0.1949 -0.9681
vn 0.2387 0.2782 -0.9304
vn 0.8550 -0.4821 -0.1914
vn 0.3292 0.3435 -0.8796
vn 0.7855 -0.5804 -0.2148
vn 0.4250 0.3882 -0.8177
vn 0.7041 -0.6637 -0.2526
vn 0.5227 0.4106 -0.7471
vn 0.2343 -0.7712 -0.5919
vn 0.1533 -0.7250 -0.6715
vn 0.6136 -0.7290 -0.3033
vn 0.6184 0.4097 -0.6706
vn 0.0846 -0.6583 -0.7480
vn 0.5177 -0.7737 -0.3651
vn 0.7085 0.3857 -0.5910
vn 0.0307 -0.5738 -0.8184
vn 0.4200 -0.7961 -0.4357
vn 0.7894 0.3395 -0.5114
vn -0.0062 -0.4746 -0.8802
vn 0.3243 -0.7952 -0.5123
vn 0.8581 0.2729 -0.4349
vn -0.0247 -0.3645 -0.9309
vn 0.9120 0.1883 -0.3645
vn -0.0242 -0.2479 -0.9685
vn 0.9489 0.0891 -0.3027
vn -0.0047 -0.1291 -0.9916
vn 0.9675 -0.0210 -0.2521
vn 0.0331 -0.0128 -0.9994
vn 0.9670 -0.1376 -0.2144
vn 0.0878 0.0966 -0.9914
vn -0.2495 -0.6669 0.7022
vn -0.3215 -0.5682 0.7575
vn -0.4431 -0.5960 0.6696
vn -0.3831 -0.6975 0.6056
vn -0.7936 -0.2747 -0.5429
vn -0.7928 -0.0883 -0.6031
vn 0.7936 0.2747 0.5429
vn -0.6136 0.4628 -0.6398
vn 0.7615 -0.1018 0.6401
vn -0.5025 0.6201 -0.6025
vn 0.1692 0.6294 0.7584
vn -0.1058 0.5458 0.8312
vn -0.0728 0.4570 0.8865
vn 0.2152 0.5059 0.8353
vn 0.0114 0.9194 0.3932
vn -0.0841 0.8752 0.4764
vn 0.0167 0.8177 0.5754
vn 0.1222 0.8561 0.5021
vn -0.9157 -0.3933 0.0821
vn -0.9278 -0.3193 0.1932
vn -0.9737 -0.1958 0.1164
vn -0.9662 -0.2576 -0.0024
vn -0.5623 -0.5950 0.5744
vn -0.5141 -0.6963 0.5009
vn 0.1022 0.7347 0.6706
vn 0.2162 0.7649 0.6068
vn -0.9663 -0.2576 -0.0025
vn -0.9737 -0.1958 0.1163
vn -0.9968 -0.0588 0.0533
vn -0.9917 -0.1071 -0.0718
vn -0.6744 -0.5651 0.4753
vn -0.6373 -0.6635 0.3920
vn 0.1693 0.6294 0.7584
vn 0.2899 0.6492 0.7032
vn -0.9962 0.0864 0.0064
vn -0.9910 0.0525 -0.1232
vn 0.2153 0.5059 0.8353
vn 0.3404 0.5135 0.7877
vn -0.9719 0.2343 -0.0224
vn -0.9643 0.2150 -0.1547
vn 0.2383 0.3689 0.8984
vn 0.3657 0.3630 0.8570
vn -0.9248 0.3791 -0.0320
vn -0.9125 0.3741 -0.1654
vn 0.2377 0.2237 0.9452
vn 0.3652 0.2034 0.9085
vn -0.8567 0.5153 -0.0222
vn -0.8377 0.5238 -0.1545
vn 0.2134 0.0759 0.9740
vn 0.3384 0.0409 0.9401
vn -0.7704 0.6376 0.0069
vn -0.7427 0.6583 -0.1227
vn 0.1663 -0.0689 0.9837
vn 0.2866 -0.1182 0.9507
vn -0.6689 0.7414 0.0539
vn -0.6312 0.7723 -0.0711
vn 0.0983 -0.2051 0.9738
vn 0.2119 -0.2679 0.9399
vn -0.5563 0.8227 0.1171
vn -0.5075 0.8616 -0.0016
vn 0.0118 -0.3275 0.9448
vn 0.1169 -0.4023 0.9080
vn -0.4369 0.8783 0.1942
vn -0.3763 0.9228 0.0831
vn -0.0896 -0.4312 0.8978
vn 0.0054 -0.5164 0.8563
vn -0.3153 0.9061 0.2820
vn -0.2427 0.9533 0.1796
vn -0.7751 -0.5076 0.3762
vn -0.7480 -0.6002 0.2831
vn -0.2022 -0.5125 0.8345
vn -0.1183 -0.6057 0.7868
vn -0.1962 0.9051 0.3773
vn -0.1118 0.9522 0.2843
vn -0.8607 -0.4246 0.2810
vn -0.8420 -0.5090 0.1784
vn -0.1183 -0.6058 0.7868
vn -0.2022 -0.5126 0.8345
vn -0.0566 0.2540 0.9655
vn -0.2230 0.2613 0.9391
vn -0.2360 0.1829 0.9544
vn -0.0741 0.1477 0.9863
vn -0.9962 0.0864 0.0065
vn -0.9443 0.1552 0.2902
vn -0.9268 0.2616 0.2695
vn -0.9719 0.2343 -0.0223
vn -0.0727 0.4570 0.8865
vn -0.0561 0.3585 0.9319
vn -0.8929 0.3657 0.2625
vn -0.9248 0.3791 -0.0319
vn -0.0565 0.2540 0.9656
vn -0.8439 0.4638 0.2696
vn -0.8568 0.5152 -0.0221
vn -0.0740 0.1476 0.9863
vn -0.7818 0.5518 0.2905
vn -0.1079 0.0435 0.9932
vn -0.7088 0.6264 0.3243
vn -0.1569 -0.0545 0.9861
vn -0.6278 0.6849 0.3698
vn -0.5563 0.8227 0.1172
vn -0.2191 -0.1425 0.9652
vn -0.5419 0.7249 0.4252
vn -0.4370 0.8783 0.1942
vn -0.2920 -0.2172 0.9314
vn -0.4544 0.7449 0.4884
vn -0.3153 0.9061 0.2821
vn -0.6744 -0.5650 0.4753
vn -0.7127 -0.3135 0.6275
vn -0.7852 -0.2721 0.5562
vn -0.7752 -0.5075 0.3763
vn -0.3730 -0.2757 0.8859
vn -0.3687 0.7442 0.5570
vn -0.1962 0.9050 0.3773
vn -0.8468 -0.2124 0.4877
vn -0.8607 -0.4245 0.2810
vn -0.3731 -0.2756 0.8859
vn -0.4589 -0.3157 0.8305
vn -0.3216 -0.5681 0.7575
vn -0.2881 0.7227 0.6283
vn -0.8950 -0.1366 0.4245
vn -0.9278 -0.3192 0.1933
vn -0.5464 -0.3357 0.7673
vn -0.4432 -0.5959 0.6697
vn -0.2156 0.6813 0.6995
vn 0.0166 0.8176 0.5755
vn -0.9281 -0.0478 0.3692
vn -0.9737 -0.1957 0.1164
vn -0.6321 -0.3350 0.6987
vn -0.5623 -0.5949 0.5744
vn -0.1540 0.6216 0.7680
vn 0.1022 0.7347 0.6707
vn -0.9447 0.0508 0.3239
vn -0.9968 -0.0588 0.0534
vn -0.8607 0.5068 0.0490
vn -0.7795 0.6218 0.0762
vn -0.7794 0.6218 0.0761
vn -0.8033 0.4159 0.4263
vn -0.7575 0.4808 0.4417
vn -0.2610 0.1062 0.9595
vn -0.1080 0.0435 0.9932
vn -0.7037 0.5358 0.4666
vn -0.2970 0.0340 0.9543
vn -0.6440 0.5788 0.5002
vn -0.3428 -0.0308 0.9389
vn -0.5808 0.6083 0.5410
vn -0.3966 -0.0859 0.9140
vn -0.2921 -0.2172 0.9314
vn -0.5163 0.6231 0.5876
vn -0.7066 -0.1568 0.6900
vn -0.7600 -0.1263 0.6375
vn -0.4563 -0.1290 0.8804
vn -0.4531 0.6225 0.6381
vn -0.8054 -0.0823 0.5870
vn -0.5195 -0.1584 0.8396
vn -0.3937 0.6067 0.6906
vn -0.8409 -0.0265 0.5405
vn -0.5840 -0.1732 0.7930
vn -0.3403 0.5762 0.7431
vn -0.8653 0.0389 0.4998
vn -0.6472 -0.1727 0.7425
vn -0.2949 0.5322 0.7936
vn -0.8776 0.1116 0.4663
vn -0.2594 0.4764 0.8401
vn -0.8773 0.1886 0.4415
vn -0.2350 0.4109 0.8809
vn -0.8643 0.2670 0.4262
vn -0.2227 0.3383 0.9143
vn -0.0562 0.3584 0.9319
vn -0.8394 0.3437 0.4211
vn -0.2456 -0.4589 0.8539
vn -0.2455 -0.4589 0.8539
vn -0.3577 -0.5111 0.7815
vn -0.6841 0.7194 0.1203
vn -0.6841 0.7194 0.1204
vn -0.3578 -0.5111 0.7815
vn -0.4719 -0.5372 0.6991
vn -0.4720 -0.5372 0.6990
vn -0.1346 0.8451 0.5173
vn -0.0398 0.7911 0.6104
vn -0.5782 0.7958 0.1799
vn -0.5783 0.7958 0.1798
vn -0.5839 -0.5364 0.6094
vn -0.5839 -0.5364 0.6093
vn 0.0406 0.7131 0.6999
vn 0.0405 0.7131 0.6999
vn -0.4662 0.8480 0.2521
vn -0.6892 -0.5083 0.5163
vn 0.1034 0.6141 0.7824
vn 0.1034 0.6142 0.7824
vn -0.3519 0.8741 0.3348
vn -0.7840 -0.4542 0.4231
vn -0.7840 -0.4542 0.4232
vn 0.1035 0.6141 0.7824
vn 0.1468 0.4982 0.8546
vn -0.2398 0.8732 0.4242
vn -0.8643 -0.3762 0.3338
vn 0.1685 0.3694 0.9139
vn 0.1684 0.3694 0.9139
vn -0.9274 -0.2772 0.2513
vn 0.1679 0.2328 0.9579
vn 0.1679 0.2329 0.9579
vn -0.9705 -0.1612 0.1792
vn 0.1449 0.0940 0.9850
vn -0.9923 -0.0325 0.1198
vn 0.1007 -0.0421 0.9940
vn -0.9917 0.1040 0.0757
vn -0.9917 0.1039 0.0758
vn 0.0367 -0.1699 0.9848
vn -0.9688 0.2429 0.0488
vn -0.0444 -0.2850 0.9575
vn -0.0444 -0.2851 0.9575
vn -0.9246 0.3790 0.0397
vn -0.1398 -0.3826 0.9133
vn -0.0742 0.9292 -0.3620
vn -0.2351 -0.9637 0.1267
vn 0.0820 0.9650 -0.2491
vn -0.5086 -0.8515 -0.1278
vn 0.2353 0.9637 -0.1265
vn -0.6187 -0.7447 -0.2504
vn 0.7639 0.4507 0.4619
vn 0.6136 -0.4627 0.6398
vn -0.7615 0.1019 -0.6401
vn 0.5026 -0.6200 0.6026
vn 0.3721 -0.7534 0.5421
vn -0.6136 0.4627 -0.6398
vn -0.5026 0.6199 -0.6026
vn -0.0820 -0.9650 0.2491
vn -0.2276 0.8578 -0.4609
vn 0.9899 0.1126 0.0864
vn 0.9593 -0.0328 -0.2806
vn 0.9414 0.0729 -0.3292
vn 0.9642 0.2645 0.0164
vn -0.3804 -0.3618 -0.8511
vn -0.3548 -0.5138 -0.7811
vn 0.3756 0.7086 -0.5974
vn 0.2408 0.6777 -0.6948
vn 0.9622 -0.2125 0.1703
vn 0.9892 -0.0485 0.1384
vn -0.1344 -0.8597 -0.4929
vn -0.0227 -0.9235 -0.3830
vn 0.1017 -0.9566 -0.2731
vn -0.1291 0.4107 -0.9026
vn -0.2249 0.2750 -0.9348
vn 0.9132 0.4016 -0.0688
vn 0.8388 0.5184 -0.1662
vn 0.5012 -0.8652 0.0156
vn -0.3797 -0.2008 -0.9031
vn 0.5078 0.7074 -0.4917
vn 0.9100 -0.3731 0.1810
vn -0.2294 -0.7676 -0.5985
vn -0.0166 0.5258 -0.8504
vn 0.9642 0.2646 0.0164
vn 0.3687 -0.9269 -0.0699
vn -0.3527 -0.0368 -0.9350
vn 0.6322 0.6743 -0.3818
vn 0.8345 -0.5242 0.1701
vn -0.3038 -0.6508 -0.6958
vn 0.1083 0.6160 -0.7803
vn 0.9642 0.2646 0.0165
vn 0.2338 -0.9578 -0.1673
vn -0.3004 0.1239 -0.9457
vn 0.7440 0.6104 -0.2719
vn 0.1083 0.6160 -0.7802
vn 0.3467 0.3170 -0.8828
vn 0.2600 0.2543 -0.9315
vn 0.0626 -0.0249 -0.9977
vn 0.0264 -0.1365 -0.9903
vn 0.9892 -0.0485 0.1383
vn 0.9588 -0.1447 -0.2445
vn 0.1151 0.0801 -0.9901
vn 0.9622 -0.2125 0.1702
vn 0.9400 -0.2587 -0.2223
vn 0.1817 0.1744 -0.9678
vn 0.9100 -0.3731 0.1809
vn 0.9037 -0.3702 -0.2149
vn 0.2599 0.2544 -0.9315
vn 0.8345 -0.5242 0.1700
vn 0.8513 -0.4752 -0.2225
vn 0.7386 -0.6599 0.1378
vn 0.7847 -0.5695 -0.2448
vn 0.4387 0.3599 -0.8234
vn 0.6261 -0.7751 0.0856
vn 0.7065 -0.6495 -0.2811
vn 0.3756 0.7085 -0.5974
vn 0.5325 0.3813 -0.7557
vn 0.1780 -0.7083 -0.6831
vn 0.2557 -0.7527 -0.6067
vn 0.5012 -0.8652 0.0155
vn 0.6197 -0.7122 -0.3298
vn 0.6243 0.3805 -0.6822
vn 0.1121 -0.6444 -0.7565
vn 0.3687 -0.9269 -0.0700
vn 0.5277 -0.7551 -0.3892
vn 0.7107 0.3575 -0.6059
vn -0.3037 -0.6508 -0.6959
vn 0.0604 -0.5632 -0.8241
vn 0.1121 -0.6443 -0.7565
vn -0.2293 -0.7676 -0.5985
vn 0.2339 -0.9577 -0.1674
vn 0.4340 -0.7765 -0.4569
vn 0.7884 0.3132 -0.5295
vn -0.3547 -0.5138 -0.7812
vn 0.0250 -0.4680 -0.8834
vn 0.3421 -0.7757 -0.5304
vn 0.8543 0.2492 -0.4561
vn 0.0072 -0.3624 -0.9320
vn 0.9132 0.4016 -0.0689
vn 0.9060 0.1681 -0.3884
vn 0.8389 0.5183 -0.1662
vn 0.0076 -0.2505 -0.9681
vn 0.1781 -0.7083 -0.6831
vn 0.2557 -0.7526 -0.6068
vn 0.7107 0.3574 -0.6059
vn 0.7884 0.3131 -0.5295
vn 0.0077 -0.2505 -0.9681
vn 0.0628 -0.0249 -0.9977
vn 0.1152 0.0800 -0.9901
vn 0.1818 0.1743 -0.9678
vn -0.3036 -0.0673 0.9504
vn -0.9019 0.1783 0.3935
vn -0.1692 0.3460 0.9229
vn -0.8910 -0.1263 0.4361
vn -0.0724 0.2550 0.9642
vn -0.7092 0.6186 0.3383
vn -0.6301 0.6756 0.3827
vn -0.2311 -0.1321 0.9639
vn 0.3177 0.1866 -0.9297
vn 0.7131 0.2771 -0.6439
vn 0.2403 -0.4092 -0.8803
vn 0.8391 0.1820 -0.5125
vn 0.8387 0.0229 -0.5440
vn 0.4250 0.3883 -0.8177
vn 0.3244 -0.7952 -0.5123
vn 0.9120 0.1883 -0.3644
vn 0.0114 0.9194 0.3933
vn -0.5623 -0.5950 0.5743
vn 0.2162 0.7649 0.6067
vn -0.0566 0.2540 0.9656
vn -0.2231 0.2614 0.9391
vn -0.0561 0.3584 0.9319
vn -0.2190 -0.1425 0.9653
vn -0.8773 0.1886 0.4414
vn 0.5086 0.8515 0.1279
vn 0.5088 0.8513 0.1281
vn -0.2456 -0.4587 0.8539
vn -0.2455 -0.4590 0.8538
vn -0.1345 0.8451 0.5173
vn -0.1346 0.8452 0.5173
vn -0.0397 0.7910 0.6105
vn -0.5783 0.7958 0.1799
vn 0.0404 0.7131 0.6999
vn 0.0403 0.7131 0.6999
vn -0.4661 0.8480 0.2522
vn -0.2399 0.8732 0.4242
vn -0.8644 -0.3761 0.3338
vn -0.9273 -0.2773 0.2513
vn -0.9274 -0.2773 0.2513
vn -0.9705 -0.1612 0.1791
vn -0.9917 0.1040 0.0758
vn -0.1397 -0.3825 0.9133
vn -0.1397 -0.3826 0.9133
vn 0.7047 0.6096 0.3630
vn 0.2351 0.9637 -0.1266
vn 0.0740 -0.9293 0.3618
vn 0.9414 0.0728 -0.3292
vn -0.7680 0.3152 -0.5575
vn -0.6480 0.4013 -0.6473
vn -0.7956 -0.5350 -0.2843
vn -0.6115 -0.6237 -0.4870
vn -0.6787 -0.5706 -0.4624
vn -0.7780 -0.5246 -0.3456
vn -0.7978 0.3274 -0.5062
vn -0.8689 0.3564 -0.3436
vn -0.8139 -0.5453 -0.2004
vn -0.0661 0.9852 -0.1584
vn -0.5379 -0.6727 -0.5081
vn -0.7063 0.2890 0.6463
vn 0.0838 -0.8754 -0.4762
vn 0.0908 -0.8715 -0.4819
vn 0.2473 -0.7601 -0.6010
vn 0.2558 -0.7526 -0.6068
vn -0.3336 0.3484 -0.8760
vn -0.2342 0.4912 -0.8390
vn -0.2040 0.4738 -0.8567
vn -0.2730 0.3386 -0.9004
vn -0.5582 0.2294 -0.7974
vn -0.4343 0.1787 -0.8829
vn -0.4191 0.1724 -0.8914
vn -0.4751 0.3932 -0.7872
vn -0.5248 0.5924 -0.6113
vn -0.3965 0.5592 -0.7281
vn -0.4332 0.1782 -0.8835
vn -0.4596 0.1891 -0.8677
vn -0.1942 0.7334 0.6515
vn -0.1560 0.7472 0.6460
vn -0.2881 0.6933 0.6606
vn -0.3435 0.6655 0.6626
vn -0.5924 -0.7444 0.3081
vn -0.0076 0.9490 -0.3153
vn -0.6719 -0.6692 -0.3174
vn -0.2790 0.1151 -0.9534
vn -0.3530 0.1454 -0.9242
vn 0.3767 0.5507 -0.7449
vn -0.0449 0.2858 -0.9572
vn -0.1655 0.0686 -0.9838
vn -0.0448 0.2858 -0.9572
vn 0.3768 0.5506 -0.7449
vn 0.4941 0.4351 -0.7527
vn 0.3078 0.3834 -0.8708
vn 0.3531 -0.6548 -0.6682
vn 0.3615 -0.6453 -0.6730
vn 0.9332 -0.3184 0.1664
vn 0.9435 -0.2744 0.1861
vn 0.9299 -0.3307 0.1607
vn 0.9162 -0.3756 0.1396
vn 0.4074 -0.5893 -0.6976
vn 0.8689 -0.3564 0.3436
vn -0.0985 0.0396 0.9943
vn -0.3102 0.3351 0.8896
vn -0.4567 -0.0222 0.8894
vn -0.6881 0.2825 -0.6684
vn -0.8304 0.1312 0.5415
vn -0.4568 -0.0222 0.8893
vn -0.5303 0.1214 0.8391
vn -0.7277 0.2024 0.6553
vn -0.7092 -0.1850 0.6803
vn -0.3757 0.6286 0.6809
vn -0.6839 0.4886 0.5418
vn -0.3103 0.3352 0.8896
vn -0.8953 0.3668 0.2527
vn -0.7050 -0.1421 0.6948
vn -0.7130 -0.2635 0.6498
vn -0.4634 0.2846 0.8392
vn -0.6608 0.3657 0.6554
vn -0.3233 0.6873 0.6505
vn -0.1539 0.8323 0.5325
vn -0.1488 0.0602 0.9870
vn -0.0486 0.0191 0.9986
vn -0.0486 0.0192 0.9986
vn -0.4029 0.5951 0.6954
vn -0.3233 0.6872 0.6505
vn -0.8812 0.3609 0.3053
vn -0.9067 0.3715 0.2000
vn -0.9067 0.3714 0.2000
vn -0.9067 0.3715 0.1999
vn -0.9067 0.3714 0.1999
vn -0.9205 0.3774 -0.1012
vn -0.9206 0.3774 -0.1009
vn -0.7130 -0.2636 0.6497
vn -0.6941 -0.4856 0.5315
vn 0.2290 -0.0946 0.9688
vn 0.2287 -0.0945 0.9689
vn 0.5369 0.8152 -0.2172
vn -0.5028 0.2067 -0.8393
vn -0.3951 0.3735 -0.8393
vn -0.3145 0.4767 -0.8209
vn -0.4385 0.3110 -0.8432
vn 0.1414 -0.8407 -0.5228
vn 0.7071 0.3997 -0.5833
vn 0.7130 0.3046 -0.6316
vn -0.0395 0.0170 -0.9991
vn 0.4506 0.3343 -0.8278
vn 0.6244 0.3820 -0.6814
vn 0.6153 0.3253 -0.7181
vn 0.6336 0.0513 -0.7719
vn 0.1205 -0.8540 -0.5062
vn 0.2583 -0.7504 -0.6085
vn 0.2893 -0.7215 -0.6290
vn 0.5300 -0.4019 -0.7467
vn 0.5300 -0.4018 -0.7467
vn 0.6765 -0.0211 -0.7361
vn 0.2893 -0.7215 -0.6291
vn 0.2583 -0.7503 -0.6085
vn 0.5217 -0.4168 -0.7444
vn 0.5301 -0.4018 -0.7467
vn 0.2257 -0.8449 0.4850
vn 0.2255 -0.8450 0.4849
vn -0.7798 -0.1830 -0.5987
vn -0.7798 -0.1828 -0.5987
vn -0.6988 -0.4601 0.5477
vn -0.7116 -0.4530 0.5371
vn -0.7114 -0.4537 0.5366
vn -0.6987 -0.4602 0.5477
vn 0.7528 -0.3090 0.5812
vn -0.7063 -0.4071 0.5792
vn -0.7298 -0.3934 0.5592
vn -0.7295 -0.3949 0.5584
vn -0.8428 -0.1605 -0.5138
vn 0.6790 0.5492 -0.4872
vn 0.6973 0.4687 -0.5424
vn 0.6224 0.6936 -0.3627
vn 0.4918 0.8577 -0.1500
vn 0.4917 0.8577 -0.1500
vn 0.0838 -0.8754 -0.4761
vn -0.2120 -0.9577 -0.1947
vn 0.0467 0.9315 0.3607
vn 0.4711 0.8738 -0.1207
vn 0.0907 -0.8715 -0.4819
vn -0.2135 -0.9577 -0.1931
vn 0.6166 0.7044 -0.3517
vn 0.3768 0.5507 -0.7449
vn -0.7300 -0.3910 0.5605
vn -0.7115 -0.4531 0.5371
vn -0.7118 -0.4517 0.5379
vn -0.7118 -0.4518 0.5379
vn -0.4660 -0.8775 0.1136
vn -0.8756 -0.2344 -0.4224
vn -0.8748 -0.0499 -0.4819
vn 0.4730 0.8795 -0.0530
vn 0.3203 0.9470 0.0224
vn -0.5879 0.6501 -0.4814
vn -0.1644 0.9559 -0.2435
vn 0.7048 0.6094 0.3631
vn 0.6934 0.3088 0.6510
vn 0.6927 0.1244 0.7104
vn -0.3204 0.7954 -0.5145
vn -0.3399 0.7801 -0.5253
vn -0.3286 0.7891 -0.5190
vn 0.5520 -0.2631 0.7913
vn 0.2769 -0.7075 0.6502
vn 0.9889 -0.1100 -0.1002
vn 0.9738 -0.1308 -0.1858
vn 0.9744 -0.0098 -0.2248
vn 0.9894 0.0232 -0.1431
vn -0.7668 0.5157 -0.3822
vn -0.8264 0.4412 0.3500
vn 0.4083 0.7845 0.4667
vn 0.2976 -0.5170 0.8026
vn 0.1733 -0.6442 0.7449
vn -0.9385 -0.1877 -0.2898
vn 0.5744 0.1584 0.8031
vn 0.5446 -0.0228 0.8384
vn -0.4060 -0.8448 0.3487
vn -0.6609 0.6656 -0.3466
vn 0.4905 0.6555 0.5742
vn -0.9378 -0.0098 -0.3472
vn -0.7716 -0.6360 -0.0109
vn -0.5366 0.7928 -0.2890
vn -0.9079 0.1713 -0.3825
vn 0.5752 0.3363 0.7457
vn -0.6347 0.6545 0.4109
vn -0.1564 0.1660 0.9736
vn -0.1713 0.0695 0.9828
vn -0.3362 -0.1638 0.9274
vn -0.4166 -0.2022 0.8863
vn -0.8708 -0.0813 0.4848
vn -0.2795 0.6305 0.7241
vn -0.8996 -0.0040 0.4367
vn -0.2260 0.5785 0.7837
vn -0.9141 0.0818 0.3972
vn -0.1695 0.5191 0.8377
vn -0.9199 0.1695 0.3535
vn -0.1553 0.4353 0.8868
vn -0.8739 0.3579 0.3288
vn -0.8690 0.3559 0.3439
vn -0.6307 0.1115 0.7680
vn -0.2577 -0.1088 0.9601
vn -0.3250 -0.1776 0.9289
vn -0.4747 0.7099 0.5203
vn -0.3957 0.7092 0.5835
vn -0.2545 0.6512 0.7150
vn -0.9270 0.0695 0.3685
vn -0.1531 0.5263 0.8364
vn -0.1226 0.4443 0.8875
vn -0.8341 0.4505 0.3185
vn -0.1551 0.0628 0.9859
vn -0.4885 0.2825 0.8255
vn -0.3608 0.3133 0.8784
vn -0.3611 0.2617 0.8950
vn -0.5127 0.3474 0.7851
vn -0.5009 0.3287 0.8007
vn -0.5657 0.3777 0.7330
vn -0.7077 0.2066 0.6756
vn -0.5013 0.2048 0.8407
vn -0.7077 0.2324 0.6672
vn -0.5134 0.1806 0.8389
vn -0.5288 0.1590 0.8337
vn -0.5468 0.1405 0.8254
vn -0.6676 0.3302 0.6673
vn -0.6496 0.3486 0.6757
vn -0.5279 0.3621 0.7682
vn -0.3495 0.0683 0.9344
vn -0.7917 0.1126 0.6004
vn -0.7501 0.3653 0.5512
vn -0.5175 -0.0000 0.8557
vn -0.7194 0.4088 0.5615
vn -0.6833 0.4457 0.5783
vn -0.4397 0.4728 0.7636
vn -0.6455 -0.0293 0.7632
vn -0.8443 0.2001 0.4972
vn -0.8333 0.2670 0.4841
vn -0.7421 0.4493 0.4974
vn -0.3863 0.5307 0.7544
vn -0.5365 0.5707 0.6217
vn -0.2861 0.3278 0.9004
vn -0.2974 0.1954 0.9345
vn -0.8445 0.1345 0.5183
vn -0.4567 -0.5693 0.6836
vn -0.5726 -0.5683 0.5909
vn -0.8390 0.4569 0.2953
vn -0.7794 0.5414 0.3154
vn -0.1769 0.6085 0.7736
vn -0.4652 0.7268 0.5053
vn -0.8418 -0.1919 0.5045
vn -0.8881 -0.1192 0.4439
vn -0.1326 0.0536 0.9897
vn -0.9353 0.1609 0.3150
vn -0.9186 0.2630 0.2952
vn -0.8860 0.3629 0.2885
vn -0.0094 0.8059 0.5920
vn -0.2165 0.8909 0.3992
vn -0.8629 -0.4026 0.3055
vn 0.2063 0.3693 0.9061
vn 0.2057 0.2281 0.9517
vn 0.1820 0.0843 0.9797
vn 0.1362 -0.0566 0.9891
vn -0.9358 0.0606 0.3473
vn -0.9711 0.2383 0.0103
vn -0.9186 0.2629 0.2951
vn -0.0141 -0.3081 0.9513
vn -0.7750 0.6308 0.0387
vn -0.6763 0.7317 0.0845
vn 0.3668 0.5139 0.7755
vn 0.3927 0.3608 0.8460
vn -0.1074 0.8619 0.4955
vn -0.9109 -0.4086 0.0577
vn 0.2058 0.2281 0.9517
vn 0.1821 0.0842 0.9797
vn -0.9875 0.0450 -0.1511
vn 0.0701 -0.1891 0.9794
vn 0.1394 -0.4177 0.8978
vn -0.8315 0.5244 -0.1831
vn -0.7350 0.6612 -0.1507
vn -0.2222 -0.4882 0.8439
vn -0.0998 -0.6246 0.7745
vn -0.3384 -0.5424 0.7690
vn -0.6215 0.7772 -0.0981
vn -0.0093 0.8059 0.5919
vn -0.5024 -0.7167 0.4837
vn -0.6277 -0.6833 0.3730
vn -0.6816 -0.5394 0.4944
vn 0.5346 -0.0194 0.8449
vn 0.4887 -0.0046 0.8724
vn 0.1425 -0.4198 0.8964
vn -0.6662 0.6661 -0.3355
vn -0.5669 0.7915 -0.2284
vn 0.3509 -0.3409 0.8722
vn 0.3940 -0.3625 0.8446
vn 0.2886 -0.5118 0.8092
vn -0.2892 0.9553 -0.0605
vn -0.2593 0.9599 -0.1069
vn 0.1648 -0.6384 0.7519
vn -0.1108 0.9938 0.0004
vn -0.5490 -0.8018 0.2362
vn 0.0347 0.9926 0.1166
vn -0.1512 -0.7751 0.6135
vn 0.1715 0.9561 0.2376
vn -0.8765 -0.4774 -0.0617
vn -0.2668 -0.8395 0.4734
vn -0.4121 -0.8382 0.3572
vn 0.3557 0.7835 0.5095
vn 0.3990 0.7845 0.4748
vn -0.9592 -0.1657 -0.2291
vn -0.9426 -0.1838 -0.2788
vn 0.4359 0.6576 0.6145
vn -0.9418 -0.0065 -0.3360
vn -0.9294 0.1848 -0.3196
vn -0.9121 0.1739 -0.3712
vn 0.5186 0.3459 0.7819
vn -0.8730 0.3580 -0.3311
vn 0.5178 0.1722 0.8380
vn 0.5643 0.1610 0.8097
vn -0.7915 0.5210 -0.3193
vn -0.7716 0.5168 -0.3709
vn -0.8351 -0.5285 0.1527
vn -0.8580 -0.4436 0.2591
vn -0.3603 0.9312 0.0554
vn -0.2240 0.9624 0.1538
vn -0.3672 -0.7206 0.5881
vn 0.2439 0.7702 0.5893
vn 0.3189 0.6524 0.6875
vn -0.9869 0.0439 -0.1550
vn 0.3963 0.3605 0.8444
vn 0.3956 0.1978 0.8969
vn 0.2393 -0.2826 0.9289
vn -0.9797 -0.0000 0.2006
vn -0.9791 0.1247 0.1604
vn -0.9966 0.0792 -0.0219
vn -0.3063 -0.5906 0.7465
vn -0.0633 0.8862 0.4590
vn 0.0397 0.8274 0.5603
vn -0.5526 -0.6180 0.5593
vn -0.9717 0.2305 -0.0513
vn 0.2666 0.3682 0.8907
vn -0.9235 0.3786 -0.0612
vn 0.2660 0.2196 0.9386
vn -0.8540 0.5178 -0.0511
vn 0.2411 0.0683 0.9681
vn 0.1233 -0.2191 0.9679
vn 0.0348 -0.3444 0.9382
vn -0.0689 -0.4506 0.8901
vn -0.1780 0.9167 0.3576
vn 0.0220 0.5910 0.8064
vn 0.0813 0.3672 0.9266
vn 0.2411 0.0684 0.9681
vn 0.0195 -0.0088 0.9998
vn -0.6980 0.6873 0.2011
vn 0.1232 -0.2192 0.9679
vn -0.1132 -0.2307 0.9664
vn -0.4987 0.8049 0.3216
vn -0.0690 -0.4505 0.8901
vn -0.5041 -0.4615 0.7300
vn -0.9598 -0.1177 0.2548
vn 0.1273 0.7424 0.6578
vn -0.7095 0.6070 0.3579
vn -0.0951 0.2565 0.9619
vn -0.7781 0.5369 0.3261
vn -0.1435 0.0580 0.9880
vn -0.6980 0.6873 0.2012
vn -0.1897 -0.0344 0.9812
vn -0.6013 0.7571 0.2556
vn -0.5521 0.6999 0.4531
vn -0.4988 0.8048 0.3217
vn -0.3170 -0.1876 0.9297
vn -0.4700 0.7187 0.5125
vn -0.3943 0.8287 0.3971
vn -0.3931 -0.2425 0.8869
vn -0.3892 0.7180 0.5771
vn -0.8394 -0.1829 0.5118
vn -0.4740 -0.2802 0.8348
vn -0.3132 0.6978 0.6443
vn -0.8849 -0.1115 0.4523
vn -0.9203 -0.2238 0.3209
vn -0.5564 -0.2990 0.7752
vn -0.2448 0.6587 0.7114
vn -0.1091 0.7528 0.6492
vn -0.9160 -0.0279 0.4003
vn -0.1869 0.6025 0.7759
vn -0.9316 0.0650 0.3575
vn -0.9797 -0.0000 0.2007
vn -0.9312 0.1632 0.3258
vn -0.9147 0.2634 0.3064
vn -0.0947 0.3548 0.9302
vn 0.7855 0.2742 -0.5548
vn 0.2550 -0.8609 -0.4403
vn 0.3072 -0.8129 -0.4948
vn 0.3643 -0.8619 -0.3528
vn 0.7861 0.4348 -0.4393
vn 0.6886 -0.7108 -0.1436
vn 0.7011 -0.6765 -0.2253
vn -0.1434 -0.3691 -0.9183
vn -0.1223 -0.4947 -0.8604
vn 0.4117 0.4145 -0.8116
vn 0.3701 0.4904 -0.7890
vn 0.9860 -0.1613 0.0425
vn 0.9536 -0.2540 -0.1618
vn 0.0599 -0.7806 -0.6221
vn 0.1299 -0.7400 -0.6599
vn 0.2138 -0.7880 -0.5773
vn 0.0475 0.2881 -0.9564
vn 0.1291 0.2276 -0.9652
vn 0.0702 0.2026 -0.9767
vn -0.0127 0.2537 -0.9672
vn 0.9261 0.2622 -0.2714
vn 0.9168 0.2072 -0.3414
vn 0.5854 -0.7852 -0.2018
vn 0.6073 -0.7442 -0.2781
vn 0.5908 0.5150 -0.6210
vn 0.9589 -0.2832 0.0172
vn 0.9143 -0.3746 -0.1537
vn 0.1574 0.3648 -0.9177
vn 0.2185 0.3005 -0.9284
vn 0.9682 0.1488 -0.2010
vn 0.9551 0.1043 -0.2774
vn 0.4759 -0.8363 -0.2723
vn -0.1250 -0.1000 -0.9871
vn -0.0364 -0.1228 -0.9918
vn 0.8609 -0.5033 -0.0741
vn 0.8576 -0.4881 -0.1620
vn 0.2607 0.4392 -0.8597
vn 0.3122 0.3683 -0.8757
vn -0.1125 -0.0318 -0.9931
vn -0.0304 -0.0597 -0.9978
vn 0.7861 0.4348 -0.4394
vn 0.9419 -0.0540 -0.3317
vn 0.9254 0.0432 -0.3764
vn 0.9289 0.0491 -0.3672
vn 0.3674 -0.7459 -0.5556
vn 0.0737 -0.1483 -0.9862
vn 0.0905 -0.0962 -0.9912
vn 0.9451 -0.1547 -0.2878
vn -0.2968 -0.9538 -0.0456
vn 0.9275 -0.2615 -0.2670
vn 0.2256 0.1480 -0.9629
vn 0.2001 0.1102 -0.9736
vn 0.9143 -0.3746 -0.1538
vn 0.8935 -0.3660 -0.2600
vn 0.8444 -0.4644 -0.2672
vn 0.4579 0.3180 -0.8302
vn 0.6274 -0.6864 -0.3677
vn 0.1056 -0.0980 -0.9896
vn 0.0879 -0.1499 -0.9848
vn 0.9414 -0.1571 -0.2985
vn -0.7838 -0.5073 0.3581
vn -0.8185 -0.4825 0.3119
vn 0.9241 -0.2621 -0.2780
vn 0.2366 0.1354 -0.9621
vn 0.2136 0.0935 -0.9724
vn 0.8907 -0.3648 -0.2711
vn 0.8424 -0.4615 -0.2782
vn 0.7810 -0.5484 -0.2987
vn 0.5488 0.3273 -0.7692
vn 0.6334 0.3266 -0.7016
vn 0.5444 -0.7192 -0.4317
vn 0.4580 -0.7390 -0.4941
vn 0.8452 0.2057 -0.4933
vn 0.0649 -0.3577 -0.9316
vn -0.3176 -0.1867 0.9297
vn -0.3090 -0.5867 0.7486
vn -0.4702 0.7180 0.5131
vn -0.7010 -0.1103 0.7045
vn -0.4781 -0.0854 0.8741
vn -0.3138 0.6971 0.6447
vn -0.5919 -0.1248 0.7963
vn -0.9308 0.1635 0.3268
vn -0.1113 0.4473 0.8874
vn -0.8400 0.2677 0.4719
vn -0.9141 0.2626 0.3088
vn -0.8296 0.3027 0.4691
vn -0.8961 0.3110 0.3168
vn -0.2705 0.2621 0.9264
vn -0.0961 0.2564 0.9618
vn 0.1506 -0.9308 -0.3330
vn 0.1925 -0.9380 -0.2884
vn -0.2819 0.1923 0.9400
vn -0.1125 0.1564 0.9813
vn -0.7426 0.4585 0.4882
vn -0.7719 0.5418 0.3326
vn -0.7972 0.5079 0.3263
vn -0.7609 0.4323 0.4839
vn -0.3042 0.1239 0.9445
vn -0.1444 0.0584 0.9878
vn -0.7094 0.6066 0.3588
vn -0.3363 0.0597 0.9399
vn -0.1904 -0.0337 0.9811
vn -0.6333 0.6615 0.4017
vn -0.9313 0.0653 0.3584
vn -0.9972 -0.0675 0.0309
vn -0.9737 -0.2071 0.0951
vn -0.9157 -0.0274 0.4010
vn -0.9142 0.2626 0.3087
vn -0.9722 0.2292 -0.0474
vn -0.8961 0.3110 0.3167
vn -0.9513 0.3009 -0.0675
vn 0.2610 0.2203 0.9399
vn 0.0193 0.9822 0.1866
vn 0.2516 0.9635 0.0911
vn 0.2362 0.0697 0.9692
vn -0.7719 0.5418 0.3325
vn -0.7584 0.6514 -0.0218
vn -0.7943 0.6038 -0.0675
vn -0.7972 0.5079 0.3262
vn 0.1882 -0.0779 0.9790
vn -0.6630 0.7480 0.0315
vn 0.1188 -0.2167 0.9690
vn -0.6630 0.7480 0.0316
vn 0.5082 0.0682 0.8586
vn 0.6335 0.1423 0.7605
vn -0.8791 0.1546 -0.4510
vn -0.9099 -0.0294 -0.4137
vn 0.2617 0.3683 0.8921
vn -0.8475 0.2428 -0.4720
vn 0.2611 0.2203 0.9398
vn -0.4758 -0.8766 0.0729
vn 0.2363 0.0697 0.9692
vn -0.6208 0.6620 -0.4200
vn -0.6620 0.5874 -0.4655
vn 0.4633 -0.1425 0.8747
vn 0.1189 -0.2167 0.9690
vn 0.4591 -0.3940 0.7962
vn 0.0308 -0.3414 0.9394
vn 0.3510 -0.5470 0.7600
vn -0.3596 0.8916 -0.2752
vn -0.5482 0.8308 0.0959
vn -0.3026 0.9158 0.2639
vn -0.2181 -0.8829 0.4158
vn -0.9107 -0.2110 -0.3552
vn 0.7738 -0.5223 -0.3585
vn 0.8289 -0.4442 -0.3399
vn -0.3780 0.7483 -0.5451
vn -0.4221 0.7074 -0.5670
vn -0.3943 0.7336 -0.5535
vn 0.2276 -0.8578 0.4609
vn -0.3299 -0.9433 -0.0367
vn 0.5994 -0.1990 -0.7753
vn 0.6905 -0.4718 -0.5484
vn 0.6372 -0.6404 -0.4289
vn 0.6449 -0.5047 -0.5740
vn 0.6410 0.2642 -0.7206
vn 0.5966 -0.5272 -0.6051
vn 0.4074 -0.6930 -0.5948
vn 0.9036 0.0095 -0.4284
vn 0.9179 -0.1706 -0.3582
vn 0.3799 -0.0885 -0.9208
vn 0.8132 -0.2664 -0.5175
vn 0.2747 0.0936 -0.9570
vn 0.4149 -0.0390 -0.9090
vn 0.8723 -0.3573 -0.3337
vn 0.6346 -0.2703 -0.7240
vn 0.2552 -0.4042 -0.8783
vn 0.5313 -0.3284 -0.7810
vn 0.6425 -0.1423 -0.7530
vn 0.6886 -0.2356 -0.6859
vn 0.6850 -0.2567 -0.6818
vn 0.5119 -0.2552 -0.8203
vn 0.6685 -0.2970 -0.6818
vn 0.5153 -0.2341 -0.8244
vn 0.6417 -0.3293 -0.6927
vn 0.5318 -0.1938 -0.8244
vn 0.5910 -0.3530 -0.7253
vn 0.0624 -0.2544 -0.9651
vn 0.7965 -0.4089 -0.4454
vn 0.7528 -0.4707 -0.4601
vn 0.7016 -0.5232 -0.4838
vn 0.3142 -0.0452 -0.9483
vn 0.5845 -0.5923 -0.5546
vn 0.7044 0.1365 -0.6965
vn 0.4660 0.1100 -0.8779
vn 0.4629 -0.6058 -0.6471
vn 0.5262 0.1381 -0.8391
vn 0.8324 0.0125 -0.5541
vn 0.8556 -0.0499 -0.5153
vn 0.2235 0.1387 -0.9648
vn 0.1901 0.1673 -0.9674
vn 0.1620 0.0514 -0.9855
vn 0.8429 -0.4623 -0.2753
vn 0.7090 -0.6235 -0.3295
vn 0.5436 -0.7211 -0.4296
vn 0.4569 -0.7409 -0.4922
vn 0.3762 0.2706 -0.8862
vn 0.1113 -0.5437 -0.8319
vn 0.8914 -0.3652 -0.2683
vn 0.8590 0.2786 -0.4296
vn 0.7895 0.3460 -0.5069
vn 0.7878 0.3041 -0.5355
vn 0.4433 0.3502 -0.8251
vn 0.9387 0.0673 -0.3382
vn 0.0705 -0.5595 -0.8259
vn 0.0356 -0.4657 -0.8842
vn 0.0180 -0.3616 -0.9322
vn 0.0185 -0.2513 -0.9677
vn 0.0370 -0.1390 -0.9896
vn 0.7071 -0.6445 -0.2908
vn 0.4216 0.3951 -0.8162
vn 0.9133 0.1933 -0.3584
vn 0.1472 -0.7290 -0.6685
vn 0.6168 0.4169 -0.6676
vn 0.0778 -0.6617 -0.7457
vn 0.0234 -0.5762 -0.8169
vn 0.9689 -0.1358 -0.2069
vn 0.9491 -0.2558 -0.1836
vn -0.0325 -0.3650 -0.9305
vn 0.9109 -0.3732 -0.1758
vn 0.8557 -0.4837 -0.1838
vn -0.0125 -0.1273 -0.9918
vn 0.0258 -0.0098 -0.9996
vn 0.7033 -0.6671 -0.2455
vn 0.0810 0.1007 -0.9916
vn 0.1512 0.1999 -0.9681
vn 0.5152 -0.7781 -0.3592
vn 0.2334 0.2842 -0.9299
vn 0.4166 -0.8008 -0.4304
vn 0.6393 -0.2642 -0.7221
vn -0.9137 -0.3810 0.1416
vn -0.9263 -0.3605 0.1098
vn 0.4912 0.8709 -0.0173
vn 0.3392 0.9407 -0.0001
vn 0.6765 0.7034 -0.2180
vn 0.7914 0.6044 -0.0913
vn 0.6597 0.7485 -0.0675
vn 0.5774 0.8013 -0.1568
vn -0.8965 0.3672 0.2480
vn -0.9109 0.3732 0.1762
vn -0.2951 -0.9553 -0.0194
vn -0.2808 -0.9596 -0.0158
vn -0.5345 -0.8402 0.0909
vn -0.5635 -0.8256 0.0297
vn 0.3955 0.9184 -0.0083
vn 0.4015 0.9159 -0.0028
vn 0.4001 0.9165 -0.0040
vn 0.3937 0.9192 -0.0101
vn -0.5396 -0.8411 0.0369
vn -0.3182 0.8822 0.3471
vn -0.2771 0.8761 0.3946
vn 0.7953 0.5339 -0.2871
vn 0.6728 -0.2809 -0.6844
vn 0.6728 -0.2808 -0.6844
vn 0.1964 0.9721 0.1286
vn 0.4036 0.9149 -0.0008
vn 0.4028 0.9153 -0.0015
vn -0.5620 -0.8270 0.0172
vn 0.0762 0.9969 0.0179
vn 0.0857 0.9960 0.0267
vn 0.1183 0.9914 0.0565
vn -0.0994 0.9926 0.0696
vn -0.1392 0.9898 0.0293
vn 0.1361 0.9905 0.0222
vn 0.1665 0.9850 0.0463
vn -0.2817 -0.9595 -0.0097
vn -0.5740 -0.8187 0.0118
vn -0.2742 -0.9617 -0.0069
vn 0.9025 0.4184 -0.1021
vn 0.9255 0.3764 -0.0417
vn 0.8234 0.5661 -0.0400
vn -0.4841 0.8666 0.1211
vn -0.4634 0.8728 0.1531
vn 0.3253 -0.9360 -0.1343
vn 0.3499 -0.9311 -0.1032
vn 0.4048 0.9142 -0.0184
vn 0.4984 0.8669 -0.0067
vn 0.3830 -0.9218 -0.0598
vn -0.0091 -0.9960 -0.0893
vn -0.1692 -0.9843 -0.0507
vn 0.3956 -0.9174 -0.0427
vn -0.5274 0.8481 0.0497
vn -0.5369 0.8430 0.0331
vn -0.5175 0.8531 0.0667
vn 0.1225 0.9890 0.0833
vn 0.4284 -0.1749 -0.8865
vn -0.9423 -0.3290 0.0620
vn -0.9511 -0.3073 0.0301
vn -0.9472 -0.3174 0.0448
vn 0.3788 0.9255 0.0028
vn 0.5979 0.8013 -0.0211
vn 0.7635 0.6187 -0.1850
vn 0.6389 0.7638 -0.0914
vn 0.6898 0.7234 -0.0309
vn -0.9229 0.3782 0.0717
vn -0.9056 0.3713 -0.2048
vn -0.4842 0.8666 0.1211
vn -0.4634 0.8728 0.1530
vn -0.7730 0.3172 -0.5494
vn -0.3054 -0.9516 -0.0346
vn -0.3893 -0.9191 -0.0614
vn -0.3670 -0.9293 -0.0403
vn -0.3482 -0.9372 -0.0216
vn -0.4745 -0.8782 0.0605
vn -0.2162 -0.9656 -0.1445
vn 0.3947 0.9187 -0.0091
vn 0.3986 0.9171 -0.0055
vn -0.5700 -0.8190 0.0662
vn -0.1639 -0.9814 -0.1004
vn -0.4247 -0.8827 0.2011
vn -0.4139 -0.8964 0.1587
vn 0.2600 0.9655 0.0109
vn 0.0335 0.9643 0.2627
vn 0.0544 0.9874 0.1487
vn 0.0310 0.9797 0.1979
vn 0.9299 0.3667 -0.0284
vn -0.4474 -0.8913 0.0737
vn 0.3712 0.9279 -0.0350
vn -0.4983 -0.8566 0.1339
vn -0.0837 0.9056 0.4158
vn -0.5748 0.5238 -0.6288
vn -0.5557 0.5513 -0.6223
vn -0.5141 0.6060 -0.6070
vn -0.4917 0.6329 -0.5981
vn 0.3039 -0.8076 0.5054
vn 0.3511 -0.7721 0.5298
vn 0.3817 -0.7450 0.5470
vn -0.9749 0.0234 -0.2214
vn -0.9749 0.0234 -0.2213
vn 0.2561 -0.8402 0.4779
vn 0.3099 -0.8032 0.5087
vn 0.3086 -0.8050 0.5067
vn 0.4044 0.1984 0.8928
vn -0.4044 -0.1983 -0.8928
vn -0.4044 -0.1984 -0.8928
vn 0.9749 -0.0234 0.2213
vn -0.7279 0.2163 -0.6506
vn -0.7186 0.2423 -0.6518
vn -0.6961 0.2996 -0.6525
vn -0.6860 0.3253 -0.6508
vn 0.5045 -0.6202 0.6006
vn 0.6923 -0.3126 0.6504
vn 0.7106 -0.2681 0.6505
vn 0.5368 -0.5795 0.6132
vn 0.4863 -0.6391 0.5959
vn 0.6450 -0.2141 -0.7336
vn 0.6217 -0.2352 -0.7471
vn 0.6222 -0.2348 -0.7468
vn 0.5498 -0.5593 0.6204
vn -0.6450 0.2141 0.7336
vn -0.6239 0.2333 0.7459
vn -0.6199 0.2367 0.7481
vn 0.6823 -0.3312 0.6517
vn 0.5996 -0.2560 -0.7582
vn 0.5996 -0.2559 -0.7583
vn 0.7165 -0.2482 0.6519
vn -0.5995 0.2559 0.7584
vn -0.5997 0.2560 0.7582
vn 0.6015 -0.2663 -0.7532
vn 0.6037 -0.2739 -0.7487
vn 0.6039 -0.2735 -0.7487
vn 0.6015 -0.2666 -0.7530
vn 0.7793 -0.0017 0.6266
vn 0.7927 0.2282 0.5653
vn 0.7951 0.2492 0.5529
vn 0.7858 0.0216 0.6181
vn -0.7938 -0.1127 -0.5977
vn -0.7911 -0.2987 -0.5337
vn -0.7929 -0.2648 -0.5488
vn -0.7869 -0.0392 -0.6158
vn 0.7918 0.2634 0.5510
vn 0.7940 0.2654 0.5469
vn -0.7945 -0.2638 -0.5469
vn -0.7921 -0.2662 -0.5492
vn -0.7875 -0.3255 -0.5234
vn -0.7971 -0.2583 -0.5458
vn 0.7932 0.0767 0.6042
vn 0.7955 0.2731 0.5409
vn 0.7931 0.2863 0.5376
vn 0.7929 0.0969 0.6016
vn -0.6017 0.2616 0.7546
vn -0.6049 0.2835 0.7441
vn -0.6050 0.2845 0.7437
vn -0.6019 0.2629 0.7541
vn -0.7929 -0.2436 -0.5586
vn -0.7824 -0.0128 -0.6227
vn -0.7943 -0.1439 -0.5902
vn -0.2176 0.9635 -0.1561
vn -0.1356 0.9532 -0.2703
vn -0.1355 0.9531 -0.2706
vn 0.0313 0.8785 -0.4766
vn 0.1126 0.8174 -0.5649
vn 0.0311 0.8787 -0.4764
vn 0.6055 -0.2709 -0.7483
vn 0.7964 0.2630 0.5446
vn 0.7971 0.2583 0.5458
vn -0.6068 0.2990 0.7364
vn -0.7918 -0.2634 -0.5510
vn -0.0821 -0.9650 0.2491
vn 0.3221 -0.8864 0.3325
vn 0.8490 -0.1403 0.5094
vn 0.0821 0.9650 -0.2491
vn -0.5026 0.6200 -0.6026
vn -0.6541 0.0606 -0.7540
vn -0.6563 -0.4847 -0.5782
vn -0.6563 -0.4848 -0.5781
vn -0.5980 -0.6413 -0.4807
vn -0.3798 -0.2007 -0.9030
vn -0.4045 -0.8801 -0.2486
vn -0.0484 0.5676 0.8219
vn -0.1010 0.6501 0.7531
vn -0.2072 0.5903 0.7801
vn -0.1636 0.5217 0.8373
vn -0.6399 -0.2754 0.7174
vn -0.7128 -0.2560 0.6529
vn -0.7851 0.5740 0.2327
vn -0.8529 0.4780 0.2099
vn -0.7889 -0.3239 0.5223
vn -0.7785 -0.2185 0.5885
vn -0.0138 0.1336 0.9909
vn 0.0052 0.2494 0.9684
vn -0.1348 0.1613 0.9776
vn -0.4284 0.7845 0.4483
vn -0.4791 0.7019 0.5271
vn -0.9228 0.0737 0.3783
vn -0.9062 0.3713 0.2022
vn 0.0057 0.3633 0.9317
vn -0.7093 0.5946 0.3787
vn -0.8341 -0.1645 0.5264
vn -0.9622 0.1419 0.2324
vn -0.7056 0.6554 0.2695
vn -0.3007 0.6123 0.7312
vn -0.9065 0.2645 0.3291
vn -0.9224 0.1682 0.3478
vn -0.9018 0.1783 0.3936
vn -0.2101 0.5005 0.8398
vn -0.7108 -0.2083 0.6718
vn -0.5736 -0.2267 0.7871
vn -0.3605 0.6464 0.6725
vn -0.8214 -0.1249 0.5565
vn -0.4977 0.6648 0.5571
vn -0.7753 0.5270 0.3481
vn -0.8316 0.4474 0.3292
vn -0.8759 0.3587 0.3228
vn -0.3024 -0.2050 0.9309
vn -0.1704 -0.0462 0.9843
vn -0.9220 0.2624 0.2846
vn -0.9391 0.1585 0.3049
vn 0.3176 0.1865 -0.9297
vn 0.3938 0.2416 -0.8869
vn 0.8016 -0.4140 -0.4313
vn 0.8365 -0.4536 -0.3076
vn 0.3468 0.0272 -0.9376
vn 0.8618 -0.2670 -0.4312
vn 0.3015 -0.0369 -0.9528
vn 0.8746 -0.1896 -0.4462
vn 0.2658 -0.1082 -0.9579
vn 0.8749 -0.1135 -0.4708
vn 0.2412 -0.1841 -0.9529
vn 0.2284 -0.2615 -0.9378
vn 0.8387 0.0229 -0.5441
vn 0.2282 -0.3375 -0.9132
vn 0.8391 0.1820 -0.5126
vn 0.2402 -0.4092 -0.8803
vn 0.7589 0.1214 -0.6398
vn 0.7813 0.2381 -0.5770
vn 0.4703 -0.7179 -0.5132
vn 0.6373 0.2973 -0.7110
vn 0.6333 -0.6615 -0.4018
vn 0.5567 0.2980 -0.7754
vn 0.4745 0.2791 -0.8348
vn -0.0061 -0.4746 -0.8802
vn 0.5177 -0.7737 -0.3652
vn 0.0846 -0.6583 -0.7479
vn 0.7855 -0.5803 -0.2148
vn 0.8549 -0.4821 -0.1914
vn 0.9475 -0.2564 -0.1913
vn -0.9157 -0.3933 0.0820
vn -0.8420 -0.5091 0.1785
vn 0.5025 -0.6201 0.6025
vn 0.7928 0.0883 0.6031
vn -0.6278 0.6849 0.3699
vn 0.0055 -0.5165 0.8563
vn -0.0896 -0.4313 0.8978
vn -0.2021 -0.5126 0.8345
vn 0.1168 -0.4024 0.9080
vn 0.0119 -0.3275 0.9448
vn -0.5075 0.8617 -0.0016
vn 0.2117 -0.2679 0.9399
vn -0.6313 0.7723 -0.0710
vn -0.6689 0.7414 0.0540
vn 0.1664 -0.0689 0.9837
vn -0.7427 0.6582 -0.1227
vn -0.7703 0.6376 0.0069
vn 0.3383 0.0409 0.9401
vn 0.2135 0.0759 0.9740
vn -0.8377 0.5238 -0.1546
vn 0.3652 0.2034 0.9084
vn 0.2378 0.2237 0.9452
vn 0.3659 0.3630 0.8570
vn 0.2384 0.3689 0.8984
vn -0.9643 0.2150 -0.1549
vn -0.9917 -0.1070 -0.0717
vn -0.9968 -0.0587 0.0533
vn -0.9662 -0.2576 -0.0025
vn -0.7818 0.5517 0.2906
vn -0.8439 0.4637 0.2697
vn 0.0118 -0.3274 0.9448
vn 0.0982 -0.2051 0.9738
vn -0.2191 -0.1426 0.9652
vn -0.1079 0.0434 0.9932
vn -0.0740 0.1477 0.9863
vn -0.8439 0.4637 0.2696
vn -0.8929 0.3658 0.2625
vn -0.7128 -0.3135 0.6275
vn -0.9281 -0.0478 0.3693
vn -0.4432 -0.5960 0.6697
vn -0.8607 -0.4245 0.2811
vn 0.1449 0.0939 0.9850
vn -0.2360 0.1830 0.9544
vn -0.8929 0.3658 0.2626
vn -0.8643 0.2669 0.4262
vn -0.9443 0.1552 0.2903
vn -0.8772 0.1886 0.4415
vn -0.8653 0.0389 0.4997
vn -0.5841 -0.1732 0.7930
vn -0.8409 -0.0264 0.5405
vn -0.5196 -0.1584 0.8396
vn -0.4531 0.6226 0.6381
vn -0.5163 0.6231 0.5875
vn -0.5807 0.6084 0.5410
vn -0.3428 -0.0309 0.9389
vn -0.6440 0.5789 0.5001
vn -0.7088 0.6264 0.3244
vn -0.9273 -0.2773 0.2514
vn -0.9273 -0.2772 0.2513
vn 0.1684 0.3693 0.9139
vn -0.8644 -0.3760 0.3338
vn -0.2398 0.8733 0.4242
vn -0.1345 0.8451 0.5174
vn 0.1467 0.4981 0.8546
vn 0.1467 0.4982 0.8546
vn -0.7839 -0.4543 0.4232
vn -0.7840 -0.4543 0.4232
vn -0.3518 0.8742 0.3347
vn -0.3518 0.8742 0.3346
vn -0.6893 -0.5083 0.5163
vn 0.0405 0.7130 0.7000
vn 0.0404 0.7130 0.7000
vn -0.5838 -0.5364 0.6094
vn -0.4662 0.8480 0.2522
vn -0.5782 0.7958 0.1797
vn 0.0404 0.7130 0.6999
vn -0.0398 0.7911 0.6103
vn -0.4720 -0.5373 0.6990
vn -0.3577 -0.5111 0.7816
vn -0.3576 -0.5111 0.7816
vn -0.7795 0.6218 0.0761
vn -0.2457 -0.4588 0.8539
vn -0.8606 0.5069 0.0490
vn -0.1398 -0.3825 0.9133
vn -0.9246 0.3789 0.0397
vn -0.9688 0.2430 0.0488
vn 0.0367 -0.1700 0.9848
vn 0.1007 -0.0420 0.9940
vn -0.9923 -0.0326 0.1198
vn 0.7048 0.6094 0.3632
vn -0.5088 -0.8513 -0.1281
vn -0.2354 -0.9636 0.1264
vn 0.5087 0.8514 0.1279
vn 0.0742 -0.9292 0.3619
vn 0.7928 0.0880 0.6031
vn 0.1084 0.6160 -0.7803
vn 0.6261 -0.7750 0.0857
vn -0.1292 0.4107 -0.9026
vn -0.2250 0.2750 -0.9348
vn -0.1345 -0.8597 -0.4929
vn 0.3756 0.7086 -0.5973
vn 0.2407 0.6777 -0.6948
vn -0.3005 0.1239 -0.9457
vn 0.6322 0.6743 -0.3817
vn -0.3528 -0.0367 -0.9350
vn -0.0166 0.5259 -0.8504
vn 0.9038 -0.3702 -0.2148
vn 0.9401 -0.2587 -0.2223
vn -0.2249 0.2749 -0.9348
vn 0.0627 -0.0249 -0.9977
vn -0.3527 -0.0367 -0.9350
vn 0.9899 0.1126 0.0863
vn -0.3797 -0.2007 -0.9031
vn 0.0076 -0.2504 -0.9681
vn 0.4339 -0.7765 -0.4569
vn 0.2339 -0.9578 -0.1674
vn 0.5325 0.3814 -0.7557
vn 0.3421 -0.7756 -0.5304
vn 0.7884 0.3131 -0.5296
vn 0.7847 -0.5695 -0.2449
vn 0.9400 -0.2587 -0.2224
vn -0.1692 0.3459 0.9229
vn -0.8874 0.2660 0.3765
vn -0.7804 0.5457 0.3053
vn -0.0882 0.4532 0.8871
vn 0.7041 -0.6637 -0.2525
vn 0.3291 0.3436 -0.8796
vn -0.7752 -0.5076 0.3762
vn -0.7818 0.5517 0.2905
vn -0.0565 0.2540 0.9655
vn -0.9277 -0.3192 0.1933
vn -0.2231 0.2613 0.9391
vn -0.9443 0.1553 0.2903
vn 0.2351 0.9637 -0.1267
vn -0.9705 -0.1611 0.1792
vn -0.9273 -0.2772 0.2514
vn -0.9705 -0.1613 0.1790
vn -0.2399 0.8733 0.4241
vn -0.3519 0.8741 0.3349
vn 0.1035 0.6142 0.7824
vn -0.0399 0.7911 0.6104
vn -0.3577 -0.5112 0.7815
vn -0.0443 -0.2850 0.9575
vn -0.9917 0.1039 0.0757
vn -0.9923 -0.0325 0.1197
vn -0.0740 0.9293 -0.3618
vn -0.5024 0.6201 -0.6025
vn -0.7047 -0.6096 -0.3630
vn 0.6240 -0.2563 0.7382
vn 0.7430 -0.1698 0.6475
vn 0.0305 -0.8742 0.4847
vn 0.0911 -0.8815 0.4633
vn 0.1811 -0.9236 0.3379
vn 0.1833 -0.9500 0.2528
vn 0.4432 -0.1823 0.8777
vn 0.5815 -0.2389 0.7777
vn -0.0506 -0.8587 0.5100
vn 0.5413 0.7357 0.4070
vn 0.5413 0.7358 0.4070
vn 0.1841 -0.9691 0.1640
vn -0.4868 0.1988 0.8506
vn 0.9362 -0.1729 0.3060
vn 0.9557 -0.1658 0.2432
vn 0.9714 -0.0088 0.2373
vn 0.9617 0.0002 0.2742
vn 0.8124 -0.3333 0.4784
vn 0.8779 -0.3600 0.3158
vn 0.8723 -0.3578 0.3333
vn 0.8707 -0.1593 0.4654
vn 0.8849 0.0331 0.4646
vn 0.7892 0.0528 0.6118
vn 0.8622 -0.3537 0.3626
vn 0.8727 -0.3579 0.3320
vn -0.3034 0.7783 0.5498
vn -0.3295 0.7103 0.6220
vn -0.2921 0.8031 0.5193
vn 0.6712 0.6703 0.3165
vn 0.0088 -0.9487 0.3162
vn 0.8981 -0.3683 0.2403
vn 0.9138 -0.3746 0.1569
vn 0.9902 -0.1392 0.0063
vn 0.9101 0.3317 -0.2484
vn 0.9248 -0.3791 0.0310
vn 0.9903 -0.1392 0.0062
vn 0.9566 0.1170 -0.2669
vn 0.8727 0.2796 -0.4004
vn 0.9101 0.3317 -0.2485
vn -0.2647 0.1734 -0.9486
vn -0.2645 0.1597 -0.9511
vn -0.2647 0.2217 -0.9385
vn -0.2636 0.1088 -0.9585
vn -0.4432 0.1823 -0.8777
vn -0.8304 0.1313 0.5415
vn 0.7136 -0.2930 0.6363
vn -0.4567 -0.0222 0.8893
vn -0.8303 0.1312 0.5416
vn -0.6839 0.4886 0.5419
vn -0.3102 0.3352 0.8896
vn -0.0485 0.0191 0.9986
vn 0.8426 -0.3457 0.4130
vn 0.9117 -0.1630 0.3771
vn 0.8894 -0.2342 0.3927
vn 0.9379 -0.0375 0.3449
vn 0.9201 -0.3770 -0.1058
vn 0.8999 0.1498 -0.4096
vn 0.7377 0.0086 -0.6750
vn 0.7987 0.2499 -0.5473
vn 0.7882 0.3147 -0.5289
vn -0.7807 -0.4318 -0.4517
vn -0.7808 -0.4317 -0.4517
vn 0.4605 -0.6921 0.5558
vn 0.4604 -0.6922 0.5558
vn -0.6862 -0.4641 0.5601
vn -0.6864 -0.4634 0.5605
vn -0.6434 0.2643 -0.7184
vn -0.6827 -0.4141 0.6020
vn -0.6828 -0.4126 0.6029
vn 0.3908 -0.6670 0.6344
vn -0.6831 -0.4103 0.6042
vn -0.6866 -0.4621 0.5613
vt 0.627620 0.022720
vt 0.627420 0.023270
vt 0.627550 0.023010
vt 0.627020 0.023690
vt 0.627240 0.023500
vt 0.626480 0.023920
vt 0.626760 0.023830
vt 0.625900 0.023940
vt 0.626190 0.023960
vt 0.625350 0.023730
vt 0.625620 0.023860
vt 0.624930 0.023330
vt 0.625120 0.023550
vt 0.624680 0.022800
vt 0.624780 0.023080
vt 0.624670 0.022230
vt 0.624650 0.022520
vt 0.624870 0.021680
vt 0.624740 0.021940
vt 0.625270 0.021260
vt 0.625050 0.021450
vt 0.625810 0.021030
vt 0.625530 0.021120
vt 0.626390 0.021010
vt 0.626100 0.020990
vt 0.626940 0.021220
vt 0.626680 0.021090
vt 0.627370 0.021620
vt 0.627170 0.021400
vt 0.627610 0.022150
vt 0.627510 0.021870
vt 0.627640 0.022430
vt 0.335170 0.120440
vt 0.326060 0.120440
vt 0.330620 0.120880
vt 0.317650 0.116950
vt 0.321680 0.119110
vt 0.311200 0.110520
vt 0.314110 0.114050
vt 0.307720 0.102110
vt 0.309050 0.106490
vt 0.307710 0.093010
vt 0.307270 0.097560
vt 0.311200 0.084600
vt 0.309040 0.088630
vt 0.317630 0.078160
vt 0.314100 0.081070
vt 0.326050 0.074680
vt 0.321670 0.076010
vt 0.335160 0.074680
vt 0.330600 0.074230
vt 0.343570 0.078160
vt 0.339540 0.076010
vt 0.350020 0.084600
vt 0.347110 0.081070
vt 0.353500 0.093010
vt 0.352170 0.088630
vt 0.353510 0.102110
vt 0.353950 0.097560
vt 0.350020 0.110520
vt 0.352180 0.106490
vt 0.343590 0.116950
vt 0.347120 0.114050
vt 0.339550 0.119110
vt 0.836210 0.912740
vt 0.827100 0.912740
vt 0.831650 0.913190
vt 0.818680 0.909260
vt 0.822720 0.911410
vt 0.812240 0.902820
vt 0.815140 0.906360
vt 0.808750 0.894410
vt 0.810080 0.898790
vt 0.808750 0.885310
vt 0.808300 0.889860
vt 0.812230 0.876900
vt 0.810070 0.880940
vt 0.818670 0.870470
vt 0.815130 0.873370
vt 0.827080 0.866990
vt 0.822700 0.868310
vt 0.836190 0.866990
vt 0.831640 0.866540
vt 0.844610 0.870470
vt 0.840570 0.868310
vt 0.851050 0.876900
vt 0.848150 0.873370
vt 0.854540 0.885310
vt 0.853210 0.880940
vt 0.854540 0.894410
vt 0.854990 0.889860
vt 0.851060 0.902820
vt 0.853220 0.898790
vt 0.844620 0.909260
vt 0.848160 0.906360
vt 0.840590 0.911410
vt 0.573820 0.738880
vt 0.650090 0.839140
vt 0.651120 0.738870
vt 0.573820 0.900670
vt 0.642180 0.900670
vt 0.640250 0.839420
vt 0.630600 0.638840
vt 0.611590 0.638840
vt 0.652000 0.653610
vt 0.652150 0.638840
vt 0.651350 0.716930
vt 0.630890 0.717260
vt 0.636630 0.654350
vt 0.994100 0.787280
vt 0.967650 0.787280
vt 0.992710 0.853620
vt 0.966720 0.007660
vt 0.968120 0.073990
vt 0.993170 0.007660
vt 0.209070 0.256450
vt 0.206860 0.216110
vt 0.206860 0.256450
vt 0.209070 0.236180
vt 0.209070 0.216110
vt 0.671600 0.898060
vt 0.643360 0.898060
vt 0.649460 0.900670
vt 0.671600 0.900670
vt 0.671600 0.838520
vt 0.641590 0.841900
vt 0.671600 0.841070
vt 0.657040 0.104370
vt 0.659690 0.109470
vt 0.659690 0.105800
vt 0.657040 0.130570
vt 0.659690 0.130700
vt 0.771990 0.215580
vt 0.769780 0.180640
vt 0.769780 0.215580
vt 0.771990 0.195990
vt 0.771990 0.180640
vt 0.409830 0.469370
vt 0.406760 0.451430
vt 0.406760 0.467390
vt 0.409830 0.431900
vt 0.406760 0.431770
vt 0.601270 0.965080
vt 0.648800 0.965080
vt 0.732440 0.631490
vt 0.732440 0.734600
vt 0.747550 0.734550
vt 0.747550 0.631440
vt 0.762080 0.734400
vt 0.762080 0.631290
vt 0.775460 0.734170
vt 0.775460 0.631060
vt 0.787180 0.733850
vt 0.787180 0.630740
vt 0.787180 0.846130
vt 0.787180 0.746360
vt 0.775420 0.743920
vt 0.775420 0.843690
vt 0.762010 0.742110
vt 0.762010 0.841880
vt 0.747470 0.741000
vt 0.747470 0.840770
vt 0.732360 0.740630
vt 0.732360 0.840400
vt 0.567920 0.428430
vt 0.565100 0.434080
vt 0.615040 0.434090
vt 0.615030 0.428450
vt 0.717250 0.840790
vt 0.717250 0.741020
vt 0.702730 0.742140
vt 0.702730 0.841910
vt 0.689360 0.743970
vt 0.689360 0.843740
vt 0.677640 0.746430
vt 0.677640 0.846200
vt 0.660630 0.328200
vt 0.660630 0.225080
vt 0.648950 0.224770
vt 0.648950 0.327890
vt 0.635600 0.224540
vt 0.635600 0.327660
vt 0.621100 0.224400
vt 0.621100 0.327520
vt 0.605990 0.224350
vt 0.605990 0.327470
vt 0.590880 0.224390
vt 0.590880 0.327510
vt 0.576320 0.224530
vt 0.576320 0.327650
vt 0.562890 0.224760
vt 0.562890 0.327870
vt 0.551100 0.225060
vt 0.551100 0.328180
vt 0.300380 0.682640
vt 0.300380 0.785810
vt 0.312190 0.785870
vt 0.312190 0.682700
vt 0.325630 0.785910
vt 0.325630 0.682740
vt 0.340200 0.785940
vt 0.340200 0.682770
vt 0.532650 0.750850
vt 0.532660 0.671510
vt 0.501700 0.610310
vt 0.501690 0.689640
vt 0.355320 0.682780
vt 0.355320 0.785940
vt 0.370420 0.785940
vt 0.370420 0.682770
vt 0.384910 0.785910
vt 0.384910 0.682740
vt 0.398250 0.785860
vt 0.398250 0.682700
vt 0.409910 0.785800
vt 0.409910 0.682640
vt 0.677640 0.630740
vt 0.677640 0.733850
vt 0.689390 0.734170
vt 0.689390 0.631060
vt 0.702790 0.734410
vt 0.702790 0.631290
vt 0.216950 0.311920
vt 0.222760 0.325920
vt 0.224950 0.324670
vt 0.219350 0.311160
vt 0.717330 0.734550
vt 0.717330 0.631440
vt 0.717700 0.848370
vt 0.732360 0.847990
vt 0.379280 0.295400
vt 0.384870 0.308990
vt 0.390550 0.305670
vt 0.385490 0.293360
vt 0.577190 0.334960
vt 0.591310 0.334830
vt 0.396960 0.675440
vt 0.384020 0.675480
vt 0.774150 0.851180
vt 0.785570 0.853550
vt 0.634710 0.334970
vt 0.647670 0.335190
vt 0.340630 0.675510
vt 0.326490 0.675480
vt 0.747100 0.624120
vt 0.732440 0.624170
vt 0.717770 0.624120
vt 0.703610 0.849460
vt 0.564150 0.335180
vt 0.408280 0.675380
vt 0.761140 0.849430
vt 0.620640 0.334830
vt 0.355300 0.675510
vt 0.761200 0.623980
vt 0.690640 0.851230
vt 0.552710 0.335470
vt 0.690660 0.623750
vt 0.679260 0.623440
vt 0.747030 0.848350
vt 0.605980 0.334780
vt 0.369950 0.675510
vt 0.774180 0.623750
vt 0.679270 0.853620
vt 0.313440 0.675440
vt 0.301980 0.675380
vt 0.703670 0.623980
vt 0.785560 0.623440
vt 0.659000 0.335490
vt 0.407240 0.326160
vt 0.418240 0.333560
vt 0.420440 0.328550
vt 0.410370 0.321770
vt 0.524680 0.281060
vt 0.524680 0.266360
vt 0.517140 0.267070
vt 0.517140 0.280380
vt 0.392980 0.321220
vt 0.397900 0.316740
vt 0.521830 0.251940
vt 0.514560 0.254010
vt 0.403310 0.331620
vt 0.516250 0.238350
vt 0.509500 0.241710
vt 0.415450 0.339800
vt 0.508130 0.226120
vt 0.502160 0.230630
vt 0.428940 0.345430
vt 0.430450 0.338660
vt 0.443260 0.199020
vt 0.428940 0.201880
vt 0.430450 0.208690
vt 0.443420 0.206100
vt 0.497810 0.215720
vt 0.492810 0.221210
vt 0.443260 0.348310
vt 0.443420 0.341270
vt 0.415450 0.207500
vt 0.418240 0.213780
vt 0.485670 0.207540
vt 0.481820 0.213810
vt 0.457860 0.348320
vt 0.456640 0.341270
vt 0.403310 0.215660
vt 0.407240 0.221170
vt 0.472180 0.201910
vt 0.469600 0.208710
vt 0.472180 0.345460
vt 0.469600 0.338680
vt 0.392980 0.226060
vt 0.397900 0.230570
vt 0.457860 0.199030
vt 0.456640 0.206100
vt 0.485670 0.339840
vt 0.481820 0.333600
vt 0.384870 0.238280
vt 0.390550 0.241640
vt 0.497810 0.331670
vt 0.492810 0.326210
vt 0.379280 0.251860
vt 0.385490 0.253940
vt 0.508130 0.321280
vt 0.502160 0.316800
vt 0.376440 0.266280
vt 0.382910 0.266990
vt 0.516250 0.309060
vt 0.509500 0.305730
vt 0.376440 0.280980
vt 0.382910 0.280300
vt 0.521830 0.295480
vt 0.514560 0.293430
vt 0.443510 0.335610
vt 0.455620 0.335610
vt 0.455360 0.332950
vt 0.443770 0.332940
vt 0.497320 0.234260
vt 0.504050 0.244400
vt 0.431630 0.333220
vt 0.431630 0.214160
vt 0.443510 0.211780
vt 0.488750 0.225630
vt 0.420440 0.218820
vt 0.478680 0.218850
vt 0.410370 0.225590
vt 0.467500 0.214180
vt 0.467500 0.333240
vt 0.401810 0.234210
vt 0.455620 0.211790
vt 0.478680 0.328580
vt 0.395080 0.244340
vt 0.488750 0.321810
vt 0.390440 0.255610
vt 0.497320 0.313190
vt 0.388080 0.267570
vt 0.504050 0.303060
vt 0.388080 0.279760
vt 0.508680 0.291790
vt 0.390440 0.291730
vt 0.511040 0.279830
vt 0.395080 0.303000
vt 0.511040 0.267640
vt 0.401810 0.313140
vt 0.508680 0.255670
vt 0.397430 0.245610
vt 0.392990 0.256390
vt 0.395420 0.257100
vt 0.399670 0.246760
vt 0.412060 0.227660
vt 0.421700 0.221180
vt 0.466720 0.216740
vt 0.477430 0.221210
vt 0.466720 0.330670
vt 0.403870 0.235910
vt 0.455360 0.214460
vt 0.477430 0.326210
vt 0.443770 0.214450
vt 0.487060 0.319740
vt 0.495260 0.311490
vt 0.390730 0.267830
vt 0.501700 0.301790
vt 0.390730 0.279500
vt 0.506130 0.291010
vt 0.392990 0.290950
vt 0.508390 0.279570
vt 0.397430 0.301730
vt 0.508390 0.267900
vt 0.403870 0.311440
vt 0.506130 0.256450
vt 0.412060 0.319700
vt 0.501700 0.245670
vt 0.421700 0.326180
vt 0.495260 0.235960
vt 0.432400 0.330660
vt 0.432400 0.216720
vt 0.487060 0.227700
vt 0.393250 0.279260
vt 0.395420 0.290240
vt 0.399510 0.289030
vt 0.397500 0.278850
vt 0.493480 0.309940
vt 0.485630 0.317840
vt 0.393250 0.268070
vt 0.499660 0.300630
vt 0.503910 0.290300
vt 0.506080 0.279320
vt 0.399670 0.300580
vt 0.506080 0.268130
vt 0.405840 0.309890
vt 0.503910 0.257160
vt 0.413700 0.317800
vt 0.499660 0.246810
vt 0.422940 0.324030
vt 0.493480 0.237510
vt 0.433210 0.328310
vt 0.433210 0.219060
vt 0.444110 0.216880
vt 0.485620 0.229590
vt 0.444110 0.330500
vt 0.422940 0.223340
vt 0.476380 0.223370
vt 0.455220 0.330510
vt 0.413700 0.229550
vt 0.466120 0.219080
vt 0.466120 0.328330
vt 0.405840 0.237460
vt 0.455220 0.216890
vt 0.476390 0.324060
vt 0.409180 0.307250
vt 0.416460 0.314590
vt 0.418890 0.311900
vt 0.412080 0.305040
vt 0.502130 0.278910
vt 0.500120 0.289090
vt 0.403450 0.298620
vt 0.502130 0.268530
vt 0.500120 0.258350
vt 0.496170 0.248760
vt 0.425030 0.320370
vt 0.490450 0.240130
vt 0.434550 0.324340
vt 0.434550 0.223030
vt 0.444660 0.221010
vt 0.483160 0.232790
vt 0.444660 0.326370
vt 0.425030 0.226990
vt 0.474590 0.227020
vt 0.454970 0.326380
vt 0.416460 0.232750
vt 0.465070 0.223040
vt 0.465070 0.324360
vt 0.409180 0.240090
vt 0.454970 0.221010
vt 0.474590 0.320390
vt 0.403450 0.248710
vt 0.483160 0.314630
vt 0.399510 0.258300
vt 0.490450 0.307300
vt 0.397500 0.268470
vt 0.496180 0.298670
vt 0.435790 0.321010
vt 0.445240 0.322900
vt 0.445980 0.319270
vt 0.437240 0.317510
vt 0.493360 0.250390
vt 0.497050 0.259350
vt 0.426900 0.317290
vt 0.488020 0.242330
vt 0.435790 0.226350
vt 0.445240 0.224460
vt 0.481210 0.235470
vt 0.426900 0.230050
vt 0.473200 0.230080
vt 0.454860 0.322910
vt 0.418890 0.235440
vt 0.464310 0.226360
vt 0.464310 0.321020
vt 0.412080 0.242290
vt 0.454860 0.224470
vt 0.473200 0.317320
vt 0.406740 0.250350
vt 0.481210 0.311930
vt 0.403050 0.259300
vt 0.488020 0.305080
vt 0.401170 0.268810
vt 0.493360 0.297020
vt 0.401170 0.278510
vt 0.497050 0.288070
vt 0.403050 0.288020
vt 0.498930 0.278560
vt 0.406740 0.296980
vt 0.498930 0.268860
vt 0.376460 0.395700
vt 0.376550 0.404290
vt 0.406500 0.397900
vt 0.406440 0.392430
vt 0.428990 0.233250
vt 0.437240 0.229820
vt 0.471890 0.233270
vt 0.479310 0.238270
vt 0.454900 0.319280
vt 0.421580 0.238240
vt 0.463650 0.229830
vt 0.463650 0.317530
vt 0.415270 0.244580
vt 0.454900 0.228070
vt 0.471890 0.314100
vt 0.410310 0.252050
vt 0.445980 0.228070
vt 0.479310 0.309110
vt 0.406900 0.260350
vt 0.485620 0.302760
vt 0.405160 0.269160
vt 0.490570 0.295300
vt 0.405160 0.278140
vt 0.097130 0.025490
vt 0.095960 0.034050
vt 0.099660 0.035440
vt 0.100740 0.027510
vt 0.406900 0.286950
vt 0.095250 0.043340
vt 0.098990 0.044040
vt 0.410310 0.295250
vt 0.095000 0.052990
vt 0.098770 0.052980
vt 0.415270 0.302720
vt 0.095250 0.062640
vt 0.098990 0.061920
vt 0.421580 0.309080
vt 0.095960 0.071910
vt 0.099660 0.070510
vt 0.428990 0.314070
vt 0.097130 0.080450
vt 0.100740 0.078420
vt 0.485620 0.244620
vt 0.778600 0.012460
vt 0.778560 0.019450
vt 0.808100 0.028590
vt 0.808120 0.024150
vt 0.003050 0.038310
vt 0.003020 0.047240
vt 0.032990 0.047330
vt 0.033010 0.041640
vt 0.376690 0.412210
vt 0.406590 0.402940
vt 0.778540 0.027400
vt 0.808080 0.033660
vt 0.376880 0.419150
vt 0.406710 0.407360
vt 0.778520 0.036020
vt 0.808070 0.039140
vt 0.102190 0.020550
vt 0.132750 0.036750
vt 0.133680 0.032320
vt 0.778520 0.044970
vt 0.808070 0.044840
vt 0.132070 0.041790
vt 0.778520 0.053900
vt 0.808070 0.050520
vt 0.131640 0.047270
vt 0.778540 0.062470
vt 0.808080 0.055980
vt 0.131500 0.052960
vt 0.778560 0.070360
vt 0.808100 0.061010
vt 0.131640 0.058650
vt 0.778600 0.077260
vt 0.808120 0.065400
vt 0.132070 0.064120
vt 0.376880 0.354340
vt 0.376690 0.361300
vt 0.406590 0.370530
vt 0.406710 0.366110
vt 0.132750 0.069160
vt 0.376550 0.369220
vt 0.406500 0.375580
vt 0.003050 0.056190
vt 0.033010 0.053030
vt 0.102190 0.085350
vt 0.133680 0.073570
vt 0.376460 0.377820
vt 0.406440 0.381050
vt 0.003130 0.064800
vt 0.033060 0.058510
vt 0.003450 0.014920
vt 0.003270 0.021830
vt 0.033150 0.031150
vt 0.033260 0.026750
vt 0.376440 0.386760
vt 0.406420 0.386740
vt 0.003270 0.072740
vt 0.033150 0.063570
vt 0.003130 0.029730
vt 0.033060 0.036180
vt 0.003450 0.079720
vt 0.033260 0.068010
vt 0.967630 0.619290
vt 0.967630 0.623590
vt 0.984850 0.623550
vt 0.984860 0.620350
vt 0.984860 0.629820
vt 0.984870 0.632650
vt 0.989550 0.631450
vt 0.989540 0.628990
vt 0.970750 0.491490
vt 0.974560 0.490970
vt 0.971420 0.473180
vt 0.968580 0.473570
vt 0.967630 0.627900
vt 0.984860 0.626750
vt 0.977910 0.490270
vt 0.973910 0.472660
vt 0.967640 0.632020
vt 0.408850 0.020980
vt 0.408770 0.024300
vt 0.426120 0.027410
vt 0.426170 0.024930
vt 0.967650 0.635820
vt 0.408720 0.028110
vt 0.426080 0.030240
vt 0.844620 0.470790
vt 0.844640 0.475090
vt 0.862000 0.473980
vt 0.861990 0.470780
vt 0.967670 0.639140
vt 0.984880 0.635120
vt 0.408690 0.032240
vt 0.426060 0.033310
vt 0.844680 0.479230
vt 0.862030 0.477060
vt 0.844840 0.455180
vt 0.844750 0.458530
vt 0.862080 0.461660
vt 0.862150 0.459170
vt 0.408690 0.036540
vt 0.426060 0.036510
vt 0.844750 0.483040
vt 0.862080 0.479900
vt 0.844680 0.462340
vt 0.862030 0.464500
vt 0.408720 0.040840
vt 0.426080 0.039720
vt 0.844840 0.486380
vt 0.862150 0.482380
vt 0.844640 0.466480
vt 0.862000 0.467580
vt 0.408770 0.044990
vt 0.426120 0.042800
vt 0.946640 0.490270
vt 0.950000 0.490970
vt 0.953140 0.473180
vt 0.950650 0.472660
vt 0.408850 0.048810
vt 0.426170 0.045650
vt 0.953830 0.491490
vt 0.955990 0.473570
vt 0.408950 0.052170
vt 0.426250 0.048150
vt 0.957980 0.491810
vt 0.959080 0.473810
vt 0.967670 0.607950
vt 0.967650 0.611310
vt 0.984870 0.614410
vt 0.984880 0.611910
vt 0.962290 0.491910
vt 0.962290 0.473890
vt 0.967640 0.615140
vt 0.984860 0.617260
vt 0.966600 0.491810
vt 0.965500 0.473810
vt 0.866760 0.476240
vt 0.866810 0.478700
vt 0.870350 0.477390
vt 0.870320 0.475330
vt 0.430800 0.031050
vt 0.430840 0.028590
vt 0.866740 0.473560
vt 0.866730 0.470780
vt 0.989560 0.633590
vt 0.430790 0.033730
vt 0.866810 0.462850
vt 0.866870 0.460680
vt 0.430790 0.036510
vt 0.866760 0.465310
vt 0.430810 0.039300
vt 0.866860 0.480860
vt 0.866740 0.467990
vt 0.430840 0.041980
vt 0.954340 0.468230
vt 0.952160 0.467770
vt 0.430890 0.044450
vt 0.956810 0.468560
vt 0.430950 0.046620
vt 0.959500 0.468770
vt 0.989550 0.615590
vt 0.989560 0.613410
vt 0.962290 0.468840
vt 0.989540 0.618070
vt 0.965080 0.468770
vt 0.989530 0.620750
vt 0.967760 0.468560
vt 0.989530 0.623540
vt 0.970230 0.468230
vt 0.989530 0.626320
vt 0.972390 0.467770
vt 0.430890 0.026440
vt 0.955650 0.464370
vt 0.957710 0.464650
vt 0.958990 0.460070
vt 0.957510 0.459870
vt 0.870320 0.466220
vt 0.870350 0.464150
vt 0.434360 0.038840
vt 0.434340 0.036510
vt 0.870400 0.479190
vt 0.870290 0.468450
vt 0.434390 0.041070
vt 0.953840 0.463990
vt 0.870290 0.470770
vt 0.434430 0.043140
vt 0.434480 0.044950
vt 0.959950 0.464820
vt 0.993040 0.616890
vt 0.993050 0.615070
vt 0.962280 0.464880
vt 0.993040 0.618950
vt 0.964610 0.464820
vt 0.993030 0.621190
vt 0.966850 0.464650
vt 0.993030 0.623520
vt 0.968910 0.464370
vt 0.993030 0.625840
vt 0.970720 0.463990
vt 0.993040 0.628070
vt 0.434390 0.029910
vt 0.434430 0.028110
vt 0.993040 0.630120
vt 0.434360 0.031960
vt 0.870290 0.473100
vt 0.993050 0.631910
vt 0.434340 0.034190
vt 0.870400 0.462350
vt 0.627420 0.014690
vt 0.625740 0.014570
vt 0.625960 0.018420
vt 0.626800 0.018480
vt 0.615010 0.028380
vt 0.616180 0.030390
vt 0.619030 0.027960
vt 0.618190 0.026520
vt 0.960600 0.460190
vt 0.617720 0.032140
vt 0.620130 0.029220
vt 0.962280 0.460230
vt 0.619570 0.033560
vt 0.621470 0.030240
vt 0.963950 0.460190
vt 0.621670 0.034600
vt 0.622970 0.030990
vt 0.965560 0.460070
vt 0.996980 0.623490
vt 0.996980 0.621820
vt 0.967040 0.459870
vt 0.996980 0.625160
vt 0.968340 0.459600
vt 0.626260 0.035370
vt 0.628580 0.035080
vt 0.627940 0.031330
vt 0.626280 0.031540
vt 0.972200 0.463530
vt 0.969400 0.459270
vt 0.630790 0.034350
vt 0.629540 0.030810
vt 0.438390 0.033240
vt 0.438410 0.031770
vt 0.874330 0.472440
vt 0.874320 0.470770
vt 0.632820 0.033210
vt 0.630990 0.029980
vt 0.438380 0.034850
vt 0.874340 0.474050
vt 0.634580 0.031690
vt 0.632260 0.028890
vt 0.438380 0.036520
vt 0.874370 0.475530
vt 0.874340 0.467490
vt 0.874370 0.466010
vt 0.438390 0.038190
vt 0.952350 0.463530
vt 0.956200 0.459600
vt 0.955130 0.459270
vt 0.874330 0.469100
vt 0.438410 0.039800
vt 0.614260 0.026190
vt 0.617650 0.024940
vt 0.624320 0.018790
vt 0.623590 0.019210
vt 0.624570 0.026670
vt 0.623820 0.026290
vt 0.624070 0.014780
vt 0.625120 0.018530
vt 0.624600 0.031420
vt 0.625390 0.026890
vt 0.622480 0.015300
vt 0.626230 0.026950
vt 0.621020 0.016130
vt 0.627070 0.026840
vt 0.619750 0.017220
vt 0.622960 0.019750
vt 0.627870 0.026580
vt 0.618730 0.018530
vt 0.622440 0.020410
vt 0.634470 0.024490
vt 0.634580 0.022830
vt 0.630400 0.022570
vt 0.630340 0.023400
vt 0.628600 0.026160
vt 0.617980 0.020020
vt 0.622070 0.021160
vt 0.634360 0.021170
vt 0.630290 0.021740
vt 0.629230 0.025620
vt 0.617550 0.021630
vt 0.621850 0.021970
vt 0.633820 0.019600
vt 0.630020 0.020950
vt 0.633280 0.027580
vt 0.629750 0.024960
vt 0.617430 0.023290
vt 0.621790 0.022800
vt 0.632990 0.018150
vt 0.629600 0.020220
vt 0.634030 0.026090
vt 0.630120 0.024210
vt 0.621900 0.023630
vt 0.631880 0.016890
vt 0.629040 0.019590
vt 0.622170 0.024420
vt 0.630550 0.015870
vt 0.628370 0.019080
vt 0.622590 0.025150
vt 0.629040 0.015130
vt 0.627620 0.018700
vt 0.623150 0.025780
vt 0.255620 0.355320
vt 0.269150 0.360920
vt 0.271710 0.351290
vt 0.260010 0.346440
vt 0.283380 0.212560
vt 0.268510 0.215520
vt 0.269140 0.218060
vt 0.283500 0.215200
vt 0.567920 0.346440
vt 0.615040 0.341520
vt 0.254510 0.357650
vt 0.268520 0.363450
vt 0.231170 0.240450
vt 0.222750 0.253050
vt 0.224940 0.254300
vt 0.233080 0.242130
vt 0.359180 0.253050
vt 0.350760 0.240450
vt 0.348570 0.242130
vt 0.356700 0.254300
vt 0.313430 0.363450
vt 0.327440 0.357650
vt 0.326050 0.355320
vt 0.312520 0.360920
vt 0.326630 0.788590
vt 0.340690 0.788620
vt 0.313420 0.215520
vt 0.298540 0.212560
vt 0.298140 0.215200
vt 0.312510 0.218060
vt 0.359190 0.325920
vt 0.364990 0.311920
vt 0.362160 0.312760
vt 0.356710 0.324670
vt 0.241900 0.349230
vt 0.243440 0.347190
vt 0.241890 0.229740
vt 0.243430 0.231790
vt 0.364990 0.267050
vt 0.362310 0.267820
vt 0.298560 0.366400
vt 0.298160 0.363770
vt 0.355300 0.788630
vt 0.327430 0.221320
vt 0.326040 0.223660
vt 0.350760 0.338520
vt 0.348580 0.336840
vt 0.231180 0.338520
vt 0.233090 0.336840
vt 0.254500 0.221320
vt 0.255610 0.223660
vt 0.367950 0.281910
vt 0.365170 0.282170
vt 0.283390 0.366400
vt 0.283510 0.363770
vt 0.369880 0.788620
vt 0.340030 0.229740
vt 0.338210 0.231790
vt 0.340040 0.349230
vt 0.338220 0.347190
vt 0.367950 0.297060
vt 0.365250 0.295930
vt 0.605980 0.221740
vt 0.591380 0.221780
vt 0.383880 0.788590
vt 0.233480 0.319930
vt 0.240520 0.330460
vt 0.244820 0.326770
vt 0.238420 0.317190
vt 0.340410 0.248540
vt 0.347440 0.259060
vt 0.284120 0.225240
vt 0.296790 0.225240
vt 0.249470 0.339410
vt 0.352290 0.270760
vt 0.354760 0.283170
vt 0.354850 0.294960
vt 0.228630 0.308240
vt 0.018600 0.487440
vt 0.018600 0.569430
vt 0.064350 0.574360
vt 0.064350 0.487440
vt 0.216490 0.296800
vt 0.226160 0.295830
vt 0.352140 0.309850
vt 0.347450 0.319930
vt 0.216490 0.282170
vt 0.226160 0.283170
vt 0.340410 0.330460
vt 0.219340 0.267820
vt 0.228630 0.270760
vt 0.331460 0.339410
vt 0.233470 0.259060
vt 0.320920 0.346440
vt 0.240510 0.248540
vt 0.309220 0.351290
vt 0.309210 0.227710
vt 0.249460 0.239590
vt 0.296800 0.353750
vt 0.320920 0.232560
vt 0.260000 0.232550
vt 0.284130 0.353750
vt 0.331450 0.239590
vt 0.271700 0.227710
vt 0.348760 0.283750
vt 0.348570 0.297130
vt 0.234010 0.306560
vt 0.003020 0.474780
vt 0.011660 0.478280
vt 0.064350 0.478270
vt 0.064350 0.474780
vt 0.231760 0.295260
vt 0.346510 0.306550
vt 0.342100 0.317190
vt 0.231760 0.283750
vt 0.335700 0.326770
vt 0.234010 0.272450
vt 0.327550 0.334910
vt 0.238410 0.261820
vt 0.317970 0.341310
vt 0.244820 0.252240
vt 0.307330 0.345710
vt 0.296010 0.231050
vt 0.307320 0.233300
vt 0.252960 0.244100
vt 0.296020 0.347960
vt 0.317960 0.237700
vt 0.262540 0.237700
vt 0.284500 0.347960
vt 0.327540 0.244100
vt 0.273190 0.233300
vt 0.273200 0.345710
vt 0.335690 0.252240
vt 0.284490 0.231050
vt 0.262550 0.341310
vt 0.342100 0.261820
vt 0.252970 0.334910
vt 0.346510 0.272450
vt 0.700050 0.565370
vt 0.692390 0.557630
vt 0.685320 0.563180
vt 0.694170 0.572110
vt 0.191090 0.319820
vt 0.206200 0.318370
vt 0.206200 0.279200
vt 0.191090 0.279180
vt 0.728400 0.586520
vt 0.716130 0.584010
vt 0.714500 0.587980
vt 0.727540 0.590650
vt 0.740520 0.467230
vt 0.751140 0.469400
vt 0.753180 0.461260
vt 0.740910 0.458760
vt 0.761150 0.571670
vt 0.751140 0.575800
vt 0.753180 0.584160
vt 0.764740 0.579390
vt 0.709060 0.571460
vt 0.704570 0.579150
vt 0.729690 0.467180
vt 0.728400 0.458710
vt 0.770160 0.565650
vt 0.775150 0.572440
vt 0.719060 0.575670
vt 0.719060 0.469270
vt 0.716130 0.461110
vt 0.777820 0.557970
vt 0.783990 0.563570
vt 0.729690 0.577840
vt 0.709060 0.473400
vt 0.704570 0.465880
vt 0.783840 0.548940
vt 0.790940 0.553130
vt 0.740520 0.577880
vt 0.740910 0.586570
vt 0.700050 0.479420
vt 0.694170 0.472840
vt 0.787980 0.538880
vt 0.795730 0.541520
vt 0.692390 0.487090
vt 0.685320 0.481700
vt 0.790100 0.528200
vt 0.798170 0.529180
vt 0.686370 0.496130
vt 0.678370 0.492140
vt 0.790100 0.517300
vt 0.798170 0.516600
vt 0.682230 0.506180
vt 0.673580 0.503750
vt 0.787440 0.504810
vt 0.795980 0.505080
vt 0.680110 0.516870
vt 0.671140 0.516090
vt 0.011990 0.437990
vt 0.006140 0.441760
vt 0.064350 0.441760
vt 0.064350 0.437990
vt 0.680110 0.527760
vt 0.671140 0.528680
vt 0.777820 0.487440
vt 0.783840 0.496520
vt 0.790480 0.491050
vt 0.783990 0.482100
vt 0.682230 0.538460
vt 0.673580 0.541030
vt 0.770160 0.479700
vt 0.775150 0.473160
vt 0.686370 0.548550
vt 0.678370 0.552680
vt 0.761150 0.473610
vt 0.764740 0.466120
vt 0.793240 0.625460
vt 0.793510 0.635860
vt 0.799280 0.634270
vt 0.799000 0.623440
vt 0.714500 0.457340
vt 0.702210 0.462410
vt 0.786640 0.566260
vt 0.794030 0.555160
vt 0.740840 0.590700
vt 0.691150 0.469800
vt 0.165010 0.163730
vt 0.155240 0.161700
vt 0.152370 0.165830
vt 0.162760 0.167990
vt 0.753890 0.588140
vt 0.681750 0.479230
vt 0.176160 0.165230
vt 0.174610 0.169580
vt 0.674360 0.490320
vt 0.188240 0.166160
vt 0.187460 0.170570
vt 0.669270 0.502670
vt 0.199930 0.166460
vt 0.199940 0.170890
vt 0.666670 0.515780
vt 0.571340 0.484840
vt 0.573930 0.487570
vt 0.615030 0.487580
vt 0.615040 0.484850
vt 0.666670 0.529160
vt 0.859620 0.163600
vt 0.870080 0.162660
vt 0.869270 0.158250
vt 0.858060 0.159240
vt 0.669270 0.542300
vt 0.848510 0.165110
vt 0.846250 0.160860
vt 0.674360 0.554680
vt 0.777240 0.470150
vt 0.766180 0.462670
vt 0.681750 0.565840
vt 0.753890 0.457500
vt 0.691150 0.575340
vt 0.740850 0.454840
vt 0.766180 0.583070
vt 0.702210 0.582820
vt 0.727540 0.454780
vt 0.777240 0.575680
vt 0.341350 0.845100
vt 0.327940 0.845080
vt 0.327940 0.927110
vt 0.341350 0.927140
vt 0.173520 0.175760
vt 0.186900 0.176780
vt 0.317140 0.839340
vt 0.306700 0.839290
vt 0.304680 0.844990
vt 0.315560 0.845040
vt 0.200820 0.177120
vt 0.329020 0.839380
vt 0.024740 0.325150
vt 0.024740 0.428270
vt 0.064350 0.428260
vt 0.064350 0.325150
vt 0.341890 0.839400
vt 0.870320 0.152030
vt 0.856950 0.153070
vt 0.355250 0.839410
vt 0.355270 0.845110
vt 0.844640 0.154750
vt 0.368590 0.839400
vt 0.369170 0.845100
vt 0.835900 0.163030
vt 0.833850 0.157010
vt 0.381400 0.839380
vt 0.382520 0.845080
vt 0.793500 0.711740
vt 0.793220 0.722040
vt 0.798980 0.724080
vt 0.799260 0.713350
vt 0.393180 0.839340
vt 0.394800 0.845040
vt 0.793700 0.699970
vt 0.799470 0.701080
vt 0.881220 0.816640
vt 0.881170 0.803320
vt 0.875390 0.803320
vt 0.875430 0.817200
vt 0.403480 0.839290
vt 0.405540 0.844980
vt 0.793820 0.687180
vt 0.799610 0.687750
vt 0.881350 0.829440
vt 0.875570 0.830550
vt 0.881550 0.765360
vt 0.881830 0.755000
vt 0.876070 0.752970
vt 0.875780 0.763770
vt 0.793870 0.673860
vt 0.799650 0.673880
vt 0.881560 0.841240
vt 0.875780 0.842840
vt 0.881340 0.777180
vt 0.875560 0.776080
vt 0.793830 0.660530
vt 0.799610 0.659990
vt 0.881840 0.851580
vt 0.876080 0.853620
vt 0.881220 0.789990
vt 0.875430 0.789440
vt 0.793710 0.647700
vt 0.799480 0.646610
vt 0.150340 0.171840
vt 0.161170 0.174090
vt 0.238680 0.575210
vt 0.249710 0.583770
vt 0.253200 0.578390
vt 0.243190 0.570620
vt 0.870320 0.072700
vt 0.856950 0.073740
vt 0.531460 0.909400
vt 0.531470 0.809630
vt 0.497330 0.893690
vt 0.497320 0.993460
vt 0.844640 0.075420
vt 0.355270 0.927140
vt 0.369170 0.927130
vt 0.833850 0.077680
vt 0.382520 0.927110
vt 0.881150 0.724080
vt 0.881430 0.713350
vt 0.394800 0.927070
vt 0.881640 0.701080
vt 0.793220 0.803320
vt 0.793270 0.817200
vt 0.405540 0.927010
vt 0.881770 0.687750
vt 0.793400 0.830550
vt 0.793910 0.752970
vt 0.793620 0.763770
vt 0.881820 0.673880
vt 0.793620 0.842840
vt 0.793400 0.776080
vt 0.881780 0.659990
vt 0.793920 0.853620
vt 0.793270 0.789440
vt 0.881650 0.646610
vt 0.150340 0.251180
vt 0.161170 0.253420
vt 0.881440 0.634270
vt 0.173520 0.255090
vt 0.881160 0.623440
vt 0.186900 0.256110
vt 0.304680 0.927020
vt 0.315560 0.927070
vt 0.200820 0.256450
vt 0.015720 0.481790
vt 0.064350 0.481790
vt 0.352400 0.522250
vt 0.350820 0.509700
vt 0.345160 0.511000
vt 0.346590 0.522420
vt 0.357330 0.508060
vt 0.352930 0.494830
vt 0.346830 0.497710
vt 0.229530 0.564670
vt 0.234890 0.561060
vt 0.359060 0.521890
vt 0.227470 0.485720
vt 0.221200 0.498170
vt 0.227340 0.500730
vt 0.233020 0.489440
vt 0.222620 0.552550
vt 0.228630 0.550060
vt 0.358050 0.535780
vt 0.351480 0.534850
vt 0.236050 0.474730
vt 0.240810 0.479470
vt 0.218220 0.539330
vt 0.224630 0.538070
vt 0.354350 0.549210
vt 0.348120 0.547040
vt 0.246620 0.465620
vt 0.250400 0.471200
vt 0.216490 0.525500
vt 0.223060 0.525520
vt 0.348080 0.561670
vt 0.342430 0.558330
vt 0.258780 0.458740
vt 0.261420 0.464960
vt 0.217490 0.511600
vt 0.223970 0.512920
vt 0.339500 0.572660
vt 0.334650 0.568300
vt 0.272050 0.454360
vt 0.273460 0.460990
vt 0.328920 0.581770
vt 0.325060 0.576570
vt 0.285920 0.452640
vt 0.286040 0.459430
vt 0.316770 0.588650
vt 0.314030 0.582810
vt 0.299860 0.453650
vt 0.298690 0.460350
vt 0.303500 0.593030
vt 0.302000 0.586780
vt 0.313340 0.457360
vt 0.310920 0.463710
vt 0.289630 0.594740
vt 0.289410 0.588340
vt 0.325840 0.463610
vt 0.322250 0.469380
vt 0.275690 0.593730
vt 0.276760 0.587420
vt 0.336870 0.472170
vt 0.332260 0.477150
vt 0.262210 0.590030
vt 0.264540 0.584060
vt 0.346020 0.482720
vt 0.340560 0.486710
vt 0.337520 0.555270
vt 0.342700 0.544990
vt 0.340360 0.544090
vt 0.335400 0.553940
vt 0.237920 0.492560
vt 0.245010 0.483480
vt 0.239620 0.557750
vt 0.233920 0.547750
vt 0.345760 0.533900
vt 0.253740 0.475960
vt 0.230280 0.536820
vt 0.263780 0.470280
vt 0.228850 0.525410
vt 0.274730 0.466660
vt 0.229680 0.513930
vt 0.286190 0.465240
vt 0.330430 0.564350
vt 0.232740 0.502840
vt 0.321700 0.571870
vt 0.311670 0.577550
vt 0.297700 0.466080
vt 0.300710 0.581170
vt 0.308830 0.469130
vt 0.289250 0.582590
vt 0.319150 0.474300
vt 0.277740 0.581750
vt 0.328260 0.481370
vt 0.266610 0.578690
vt 0.335820 0.490080
vt 0.256290 0.573530
vt 0.341520 0.500080
vt 0.247180 0.566460
vt 0.310650 0.575270
vt 0.320260 0.569830
vt 0.318560 0.567390
vt 0.309460 0.572550
vt 0.255180 0.477990
vt 0.264790 0.472560
vt 0.231350 0.525340
vt 0.232150 0.514350
vt 0.328620 0.562630
vt 0.275280 0.469090
vt 0.235080 0.503730
vt 0.286250 0.467730
vt 0.297280 0.468530
vt 0.300160 0.578740
vt 0.307930 0.471460
vt 0.289190 0.580090
vt 0.317820 0.476410
vt 0.278160 0.579290
vt 0.326540 0.483180
vt 0.267510 0.576360
vt 0.333770 0.491510
vt 0.257630 0.571420
vt 0.339240 0.501090
vt 0.248900 0.564650
vt 0.342720 0.511550
vt 0.241670 0.556310
vt 0.344090 0.522490
vt 0.240040 0.493890
vt 0.236210 0.546730
vt 0.343290 0.533470
vt 0.246820 0.485200
vt 0.232720 0.536270
vt 0.278670 0.576360
vt 0.289120 0.577120
vt 0.289060 0.573480
vt 0.279300 0.572770
vt 0.286340 0.470640
vt 0.296790 0.471390
vt 0.299520 0.575830
vt 0.306890 0.474170
vt 0.316250 0.478860
vt 0.324520 0.485270
vt 0.268570 0.573580
vt 0.331370 0.493170
vt 0.259210 0.568900
vt 0.336550 0.502250
vt 0.250940 0.562480
vt 0.339850 0.512160
vt 0.244090 0.554580
vt 0.341150 0.522520
vt 0.237840 0.504750
vt 0.242540 0.495420
vt 0.238910 0.545500
vt 0.340390 0.532940
vt 0.248970 0.487190
vt 0.235610 0.535590
vt 0.337610 0.543000
vt 0.256890 0.480360
vt 0.234310 0.525230
vt 0.332920 0.552330
vt 0.266000 0.475210
vt 0.235070 0.514820
vt 0.326490 0.560570
vt 0.275940 0.471920
vt 0.253400 0.559810
vt 0.261130 0.565800
vt 0.263870 0.561370
vt 0.256930 0.555980
vt 0.314390 0.481720
vt 0.322110 0.487710
vt 0.269870 0.570170
vt 0.328510 0.495080
vt 0.333350 0.503560
vt 0.336430 0.512820
vt 0.247000 0.552430
vt 0.337640 0.522490
vt 0.241180 0.505900
vt 0.245560 0.497190
vt 0.242170 0.543950
vt 0.336940 0.532220
vt 0.251570 0.489490
vt 0.239090 0.534700
vt 0.334340 0.541620
vt 0.258960 0.483120
vt 0.237880 0.525020
vt 0.329960 0.550330
vt 0.267470 0.478310
vt 0.238580 0.515300
vt 0.323950 0.558020
vt 0.276750 0.475240
vt 0.316550 0.564390
vt 0.286460 0.474040
vt 0.308050 0.569210
vt 0.296220 0.474750
vt 0.298760 0.572270
vt 0.305650 0.477340
vt 0.255280 0.492800
vt 0.249880 0.499710
vt 0.253620 0.501860
vt 0.258490 0.495620
vt 0.328770 0.505440
vt 0.331540 0.513760
vt 0.251180 0.549350
vt 0.332630 0.522450
vt 0.245940 0.507540
vt 0.246830 0.541730
vt 0.331990 0.531190
vt 0.244060 0.533420
vt 0.329660 0.539640
vt 0.261920 0.487070
vt 0.242970 0.524720
vt 0.325720 0.547460
vt 0.269570 0.482740
vt 0.243610 0.515980
vt 0.320320 0.554380
vt 0.277910 0.479990
vt 0.313680 0.560100
vt 0.286630 0.478910
vt 0.306030 0.564430
vt 0.295400 0.479540
vt 0.297690 0.567190
vt 0.303880 0.481870
vt 0.288970 0.568270
vt 0.311730 0.485810
vt 0.280200 0.567630
vt 0.318670 0.491190
vt 0.271720 0.565300
vt 0.324420 0.497820
vt 0.278920 0.484060
vt 0.271390 0.486550
vt 0.274740 0.494050
vt 0.280740 0.492070
vt 0.250870 0.539780
vt 0.248370 0.532280
vt 0.327720 0.530270
vt 0.325620 0.537890
vt 0.264490 0.490450
vt 0.247390 0.524430
vt 0.322060 0.544950
vt 0.247960 0.516550
vt 0.317190 0.551190
vt 0.250070 0.508920
vt 0.311190 0.556360
vt 0.286790 0.483090
vt 0.304300 0.560260
vt 0.294700 0.483660
vt 0.296770 0.562750
vt 0.302350 0.485760
vt 0.288900 0.563720
vt 0.309440 0.489310
vt 0.280990 0.563150
vt 0.315700 0.494170
vt 0.273340 0.561050
vt 0.320890 0.500150
vt 0.266250 0.557500
vt 0.324810 0.507030
vt 0.259980 0.552640
vt 0.327310 0.514530
vt 0.254790 0.546660
vt 0.328300 0.522380
vt 0.256090 0.517940
vt 0.257760 0.511870
vt 0.311220 0.545530
vt 0.306440 0.549650
vt 0.287010 0.491300
vt 0.300950 0.552760
vt 0.293310 0.491760
vt 0.294950 0.554740
vt 0.299400 0.493430
vt 0.288680 0.555510
vt 0.305040 0.496260
vt 0.282380 0.555060
vt 0.310030 0.500130
vt 0.276290 0.553380
vt 0.314160 0.504890
vt 0.270640 0.550560
vt 0.317290 0.510360
vt 0.265660 0.546690
vt 0.319280 0.516340
vt 0.261530 0.541920
vt 0.320060 0.522590
vt 0.260590 0.506250
vt 0.258400 0.536450
vt 0.319600 0.528870
vt 0.264470 0.501280
vt 0.256410 0.530470
vt 0.317930 0.534940
vt 0.269250 0.497160
vt 0.255630 0.524220
vt 0.315100 0.540570
vt 0.329680 0.415060
vt 0.342670 0.420040
vt 0.347150 0.408390
vt 0.334170 0.403410
vt 0.076870 0.486990
vt 0.076870 0.483490
vt 0.627560 0.425380
vt 0.627550 0.419740
vt 0.615030 0.477920
vt 0.627560 0.476140
vt 0.627550 0.469210
vt 0.192300 0.574360
vt 0.207410 0.574350
vt 0.207380 0.562740
vt 0.192270 0.562750
vt 0.076870 0.496150
vt 0.076870 0.490500
vt 0.064350 0.430990
vt 0.076870 0.446700
vt 0.076870 0.439700
vt 0.615010 0.441140
vt 0.615010 0.474140
vt 0.627530 0.465430
vt 0.627540 0.432430
vt 0.076870 0.436980
vt 0.076870 0.333870
vt 0.561110 0.437620
vt 0.552620 0.441120
vt 0.615030 0.437630
vt 0.555680 0.474130
vt 0.561420 0.477900
vt 0.573920 0.590690
vt 0.615020 0.590700
vt 0.022090 0.430990
vt 0.638220 0.455380
vt 0.638220 0.422380
vt 0.087550 0.447030
vt 0.087550 0.343920
vt 0.076870 0.450470
vt 0.087550 0.493540
vt 0.087550 0.460520
vt 0.627550 0.428920
vt 0.638240 0.418870
vt 0.638240 0.415330
vt 0.627550 0.478870
vt 0.638240 0.468820
vt 0.638240 0.466090
vt 0.087550 0.500550
vt 0.087550 0.497040
vt 0.087550 0.449760
vt 0.076870 0.574360
vt 0.087550 0.574360
vt 0.087550 0.506200
vt 0.638230 0.459160
vt 0.627540 0.581990
vt 0.627560 0.341520
vt 0.638250 0.341530
vt 0.638240 0.409690
vt 0.647060 0.400270
vt 0.647060 0.345880
vt 0.087550 0.456750
vt 0.096370 0.469950
vt 0.096370 0.466180
vt 0.880410 0.470640
vt 0.883710 0.473940
vt 0.883710 0.462580
vt 0.880410 0.459280
vt 0.638220 0.571940
vt 0.647040 0.562520
vt 0.647050 0.459400
vt 0.337990 0.393480
vt 0.350980 0.398460
vt 0.354200 0.390030
vt 0.341210 0.385050
vt 0.699450 0.602760
vt 0.696690 0.606050
vt 0.696690 0.617410
vt 0.699450 0.614120
vt 0.647060 0.405910
vt 0.647060 0.456670
vt 0.647050 0.449740
vt 0.192240 0.550310
vt 0.207350 0.550300
vt 0.207330 0.538940
vt 0.192220 0.538950
vt 0.880410 0.483080
vt 0.883710 0.486380
vt 0.660630 0.456680
vt 0.660620 0.449740
vt 0.207300 0.485930
vt 0.192190 0.485940
vt 0.096370 0.509970
vt 0.096370 0.515620
vt 0.109940 0.515620
vt 0.109940 0.509940
vt 0.096370 0.459180
vt 0.109940 0.466170
vt 0.109940 0.459180
vt 0.647040 0.412960
vt 0.647040 0.445960
vt 0.660610 0.445970
vt 0.660610 0.412960
vt 0.096370 0.353340
vt 0.096370 0.456450
vt 0.109940 0.456450
vt 0.109940 0.404560
vt 0.096370 0.502970
vt 0.109940 0.503030
vt 0.109940 0.470010
vt 0.647060 0.409450
vt 0.660620 0.409510
vt 0.660620 0.405970
vt 0.660630 0.459410
vt 0.096370 0.570000
vt 0.096370 0.506460
vt 0.207300 0.435720
vt 0.192190 0.435730
vt 0.208170 0.433110
vt 0.191090 0.433120
vt 0.208170 0.426340
vt 0.193060 0.426350
vt 0.207300 0.422610
vt 0.195810 0.422610
vt 0.207300 0.390660
vt 0.196420 0.390660
vt 0.207300 0.387360
vt 0.194740 0.387370
vt 0.207300 0.383960
vt 0.193950 0.383970
vt 0.207300 0.378470
vt 0.193380 0.378480
vt 0.207300 0.325850
vt 0.193380 0.325860
vt 0.660630 0.400270
vt 0.109940 0.506430
vt 0.359060 0.377410
vt 0.346070 0.372430
vt 0.660620 0.511300
vt 0.660630 0.345890
vt 0.109940 0.570000
vt 0.480980 0.897190
vt 0.480980 0.996960
vt 0.486810 0.614400
vt 0.486800 0.693730
vt 0.317940 0.601950
vt 0.317940 0.705120
vt 0.546580 0.909770
vt 0.509030 0.995920
vt 0.321340 0.914950
vt 0.321340 0.996990
vt 0.310510 0.914900
vt 0.546580 0.671850
vt 0.512480 0.612570
vt 0.306180 0.705060
vt 0.462620 0.897220
vt 0.462620 0.996990
vt 0.468780 0.614960
vt 0.468770 0.694290
vt 0.301550 0.913790
vt 0.296260 0.703940
vt 0.272790 0.704170
vt 0.278820 0.914030
vt 0.301550 0.995820
vt 0.991460 0.654700
vt 0.981250 0.645170
vt 0.968930 0.666750
vt 0.982280 0.670860
vt 0.296260 0.600770
vt 0.650020 0.215710
vt 0.659690 0.204090
vt 0.651120 0.187730
vt 0.637380 0.193940
vt 0.278820 0.996060
vt 0.967630 0.689820
vt 0.981570 0.689100
vt 0.272790 0.601000
vt 0.650300 0.169410
vt 0.635290 0.170480
vt 0.985340 0.706790
vt 0.972540 0.712340
vt 0.976480 0.718730
vt 0.987080 0.709660
vt 0.255810 0.996250
vt 0.255810 0.914220
vt 0.237510 0.914320
vt 0.248920 0.996400
vt 0.444990 0.896100
vt 0.450710 0.693730
vt 0.436260 0.691280
vt 0.431470 0.893250
vt 0.221940 0.914440
vt 0.243020 0.996560
vt 0.420750 0.688520
vt 0.415950 0.890500
vt 0.440970 0.994650
vt 0.438210 0.994070
vt 0.249760 0.704350
vt 0.249760 0.601180
vt 0.241600 0.601310
vt 0.232060 0.704440
vt 0.639540 0.147560
vt 0.653970 0.151830
vt 0.658130 0.147850
vt 0.645600 0.139480
vt 0.450710 0.614390
vt 0.447640 0.613890
vt 0.444990 0.995870
vt 0.131660 0.179280
vt 0.115980 0.283020
vt 0.128620 0.283360
vt 0.144300 0.179610
vt 0.130430 0.492960
vt 0.118790 0.492650
vt 0.132660 0.574050
vt 0.144300 0.574360
vt 0.980860 0.724080
vt 0.991460 0.715010
vt 0.238830 0.601480
vt 0.216490 0.704560
vt 0.659690 0.145100
vt 0.647160 0.136730
vt 0.441760 0.612780
vt 0.746650 0.169760
vt 0.753450 0.169780
vt 0.753450 0.100250
vt 0.746650 0.100220
vt 0.759990 0.169840
vt 0.759990 0.100310
vt 0.766020 0.169950
vt 0.766020 0.100420
vt 0.771310 0.170090
vt 0.771310 0.100560
vt 0.927590 0.082190
vt 0.922340 0.082220
vt 0.922340 0.151790
vt 0.927590 0.151760
vt 0.916340 0.082240
vt 0.916340 0.151810
vt 0.909810 0.082250
vt 0.909810 0.151820
vt 0.903020 0.082260
vt 0.903020 0.151830
vt 0.896210 0.082250
vt 0.896210 0.151820
vt 0.889660 0.082240
vt 0.889660 0.151810
vt 0.883610 0.082220
vt 0.883610 0.151790
vt 0.878290 0.082200
vt 0.878290 0.151760
vt 0.715970 0.088230
vt 0.710660 0.088370
vt 0.710660 0.157900
vt 0.715970 0.157760
vt 0.704620 0.088470
vt 0.704620 0.158000
vt 0.698070 0.088530
vt 0.698070 0.158060
vt 0.691270 0.088550
vt 0.691270 0.158080
vt 0.684470 0.088530
vt 0.684470 0.158060
vt 0.677940 0.088460
vt 0.677940 0.158000
vt 0.671930 0.088360
vt 0.671930 0.157890
vt 0.666670 0.088220
vt 0.666670 0.157750
vt 0.940600 0.522040
vt 0.935330 0.523140
vt 0.935330 0.590420
vt 0.940600 0.589320
vt 0.929310 0.523960
vt 0.929310 0.591240
vt 0.922780 0.524470
vt 0.922780 0.591750
vt 0.915980 0.524650
vt 0.915980 0.591920
vt 0.909180 0.524480
vt 0.909180 0.591760
vt 0.902630 0.523980
vt 0.902630 0.591260
vt 0.896600 0.523170
vt 0.896600 0.590440
vt 0.891310 0.522070
vt 0.891310 0.589350
vt 0.722010 0.170090
vt 0.727290 0.169950
vt 0.727290 0.100420
vt 0.722010 0.100560
vt 0.733310 0.169840
vt 0.733310 0.100310
vt 0.898050 0.597360
vt 0.903630 0.598110
vt 0.739850 0.169780
vt 0.739850 0.100250
vt 0.813240 0.934150
vt 0.817130 0.938720
vt 0.822020 0.935820
vt 0.819080 0.930690
vt 0.809490 0.947100
vt 0.814470 0.949970
vt 0.817240 0.946270
vt 0.812900 0.942530
vt 0.835070 0.996990
vt 0.835420 0.991360
vt 0.829760 0.991050
vt 0.828310 0.996610
vt 0.927140 0.518440
vt 0.921660 0.518860
vt 0.841770 0.996030
vt 0.841040 0.990560
vt 0.799490 0.956900
vt 0.805610 0.957780
vt 0.807030 0.952250
vt 0.801180 0.950290
vt 0.845490 0.929560
vt 0.844150 0.934870
vt 0.849260 0.937350
vt 0.851590 0.932520
vt 0.863120 0.980310
vt 0.858920 0.977400
vt 0.855510 0.981960
vt 0.859050 0.985760
vt 0.805730 0.982770
vt 0.810840 0.979450
vt 0.807960 0.974530
vt 0.802290 0.976890
vt 0.827380 0.933930
vt 0.825470 0.928430
vt 0.915970 0.519010
vt 0.824260 0.989620
vt 0.821750 0.994900
vt 0.804120 0.944150
vt 0.853800 0.940790
vt 0.857000 0.936620
vt 0.851280 0.985770
vt 0.854000 0.990310
vt 0.806080 0.969140
vt 0.800060 0.970460
vt 0.832990 0.933130
vt 0.832170 0.927480
vt 0.910270 0.518870
vt 0.819150 0.987140
vt 0.815650 0.991950
vt 0.808190 0.938700
vt 0.857570 0.945040
vt 0.861510 0.941700
vt 0.846390 0.988680
vt 0.848170 0.993780
vt 0.805290 0.963480
vt 0.799110 0.963710
vt 0.838660 0.933450
vt 0.838930 0.927860
vt 0.904780 0.518450
vt 0.814620 0.983710
vt 0.810240 0.987850
vt 0.932180 0.517750
vt 0.899730 0.517770
vt 0.824630 0.940830
vt 0.826930 0.944960
vt 0.830440 0.943720
vt 0.828980 0.939300
vt 0.862800 0.966720
vt 0.857700 0.965880
vt 0.856550 0.970360
vt 0.861390 0.972250
vt 0.820670 0.943180
vt 0.854550 0.974540
vt 0.835500 0.985860
vt 0.830910 0.985610
vt 0.851790 0.978240
vt 0.826450 0.984450
vt 0.848360 0.981330
vt 0.833530 0.938650
vt 0.822310 0.982440
vt 0.844400 0.983680
vt 0.838120 0.938900
vt 0.818630 0.979660
vt 0.840050 0.985220
vt 0.842580 0.940060
vt 0.815570 0.976200
vt 0.846720 0.942070
vt 0.813230 0.972220
vt 0.850400 0.944850
vt 0.811710 0.967840
vt 0.853460 0.948310
vt 0.811070 0.963260
vt 0.855800 0.952300
vt 0.860460 0.949960
vt 0.811330 0.958630
vt 0.857320 0.956670
vt 0.862330 0.955360
vt 0.812480 0.954150
vt 0.857960 0.961250
vt 0.863120 0.961010
vt 0.832000 0.981120
vt 0.828400 0.980190
vt 0.848860 0.975180
vt 0.846090 0.977670
vt 0.834120 0.943200
vt 0.825060 0.978570
vt 0.842890 0.979570
vt 0.837830 0.943410
vt 0.822090 0.976320
vt 0.839390 0.980810
vt 0.841430 0.944340
vt 0.819610 0.973530
vt 0.835710 0.981330
vt 0.844770 0.945960
vt 0.817730 0.970310
vt 0.847740 0.948210
vt 0.816500 0.966780
vt 0.850220 0.951000
vt 0.815980 0.963070
vt 0.852100 0.954220
vt 0.816190 0.959340
vt 0.853330 0.957750
vt 0.817120 0.955720
vt 0.853850 0.961460
vt 0.818730 0.952350
vt 0.853640 0.965190
vt 0.820960 0.949360
vt 0.852710 0.968810
vt 0.823730 0.946860
vt 0.851100 0.972190
vt 0.567840 0.081170
vt 0.563990 0.076650
vt 0.560530 0.080110
vt 0.565190 0.083810
vt 0.555940 0.088690
vt 0.552190 0.087600
vt 0.551100 0.093120
vt 0.554980 0.093480
vt 0.598230 0.101460
vt 0.603690 0.103160
vt 0.604650 0.098370
vt 0.598960 0.097790
vt 0.557810 0.084170
vt 0.563110 0.086920
vt 0.604650 0.093480
vt 0.598960 0.094050
vt 0.561680 0.090380
vt 0.603690 0.088690
vt 0.598230 0.090380
vt 0.560950 0.094050
vt 0.601820 0.084170
vt 0.596800 0.086920
vt 0.554990 0.098370
vt 0.560950 0.097790
vt 0.599100 0.080110
vt 0.594710 0.083810
vt 0.555940 0.103160
vt 0.561680 0.101460
vt 0.595640 0.076650
vt 0.592070 0.081170
vt 0.557810 0.107680
vt 0.563110 0.104920
vt 0.591580 0.073940
vt 0.588950 0.079090
vt 0.578080 0.114910
vt 0.577370 0.120740
vt 0.582260 0.120740
vt 0.581830 0.114910
vt 0.560530 0.111740
vt 0.565190 0.108030
vt 0.587060 0.072060
vt 0.585500 0.077660
vt 0.587060 0.119780
vt 0.585500 0.114180
vt 0.563990 0.115200
vt 0.567840 0.110670
vt 0.582260 0.071110
vt 0.581820 0.076930
vt 0.591580 0.117910
vt 0.588960 0.112750
vt 0.568060 0.117910
vt 0.570950 0.112750
vt 0.577370 0.071110
vt 0.578080 0.076930
vt 0.595650 0.115200
vt 0.592070 0.110670
vt 0.572580 0.119780
vt 0.574410 0.114180
vt 0.572570 0.072060
vt 0.574410 0.077660
vt 0.599110 0.111740
vt 0.594720 0.108030
vt 0.568050 0.073940
vt 0.570950 0.079090
vt 0.601820 0.107680
vt 0.596800 0.104920
vt 0.879530 0.342980
vt 0.879530 0.435960
vt 0.884500 0.436640
vt 0.884500 0.343650
vt 0.607120 0.087600
vt 0.604970 0.082410
vt 0.551100 0.098740
vt 0.601840 0.077740
vt 0.552200 0.104250
vt 0.597860 0.073760
vt 0.554350 0.109450
vt 0.593190 0.070640
vt 0.576850 0.124470
vt 0.582470 0.124470
vt 0.557480 0.114120
vt 0.587990 0.068490
vt 0.587990 0.123370
vt 0.561450 0.118100
vt 0.582470 0.067390
vt 0.593190 0.121220
vt 0.566130 0.121220
vt 0.576840 0.067390
vt 0.597870 0.118100
vt 0.571330 0.123370
vt 0.571330 0.068490
vt 0.601850 0.114120
vt 0.566130 0.070640
vt 0.604970 0.109450
vt 0.561450 0.073760
vt 0.607120 0.104250
vt 0.557470 0.077740
vt 0.608220 0.098740
vt 0.554350 0.082410
vt 0.608220 0.093120
vt 0.905460 0.900730
vt 0.903950 0.896200
vt 0.899450 0.896280
vt 0.900490 0.900820
vt 0.914560 0.270780
vt 0.914560 0.174680
vt 0.909580 0.174760
vt 0.909580 0.270860
vt 0.889500 0.996990
vt 0.889500 0.900890
vt 0.883890 0.900870
vt 0.883890 0.996970
vt 0.888870 0.437540
vt 0.888870 0.344560
vt 0.904180 0.174810
vt 0.904180 0.270910
vt 0.878490 0.900820
vt 0.878490 0.996910
vt 0.909810 0.996710
vt 0.909810 0.900610
vt 0.905460 0.996830
vt 0.898570 0.174830
vt 0.898570 0.270930
vt 0.873520 0.900730
vt 0.873520 0.996830
vt 0.900490 0.996910
vt 0.892960 0.174810
vt 0.892960 0.270910
vt 0.869160 0.900610
vt 0.869160 0.996710
vt 0.895100 0.900870
vt 0.895100 0.996970
vt 0.887580 0.174760
vt 0.887580 0.270860
vt 0.887860 0.623470
vt 0.887860 0.719610
vt 0.892190 0.719590
vt 0.892190 0.623440
vt 0.882630 0.174670
vt 0.882630 0.270770
vt 0.897130 0.719570
vt 0.897130 0.623430
vt 0.878290 0.174560
vt 0.878290 0.270660
vt 0.902510 0.719560
vt 0.902510 0.623420
vt 0.848230 0.344590
vt 0.848230 0.437570
vt 0.852570 0.436660
vt 0.852570 0.343670
vt 0.908120 0.719560
vt 0.908120 0.623410
vt 0.857530 0.435980
vt 0.857530 0.343000
vt 0.913730 0.719560
vt 0.913730 0.623420
vt 0.862920 0.435560
vt 0.862920 0.342580
vt 0.919130 0.719570
vt 0.919130 0.623430
vt 0.868530 0.435420
vt 0.868530 0.342430
vt 0.924120 0.719590
vt 0.924120 0.623440
vt 0.874130 0.435550
vt 0.874130 0.342570
vt 0.928500 0.719610
vt 0.928500 0.623460
vt 0.918930 0.270670
vt 0.918930 0.174570
vt 0.899680 0.508770
vt 0.901720 0.503550
vt 0.898480 0.501360
vt 0.895480 0.505940
vt 0.898580 0.170290
vt 0.893510 0.170270
vt 0.875020 0.896200
vt 0.871070 0.896090
vt 0.894570 0.896330
vt 0.888630 0.170220
vt 0.889790 0.724080
vt 0.893710 0.724060
vt 0.889490 0.896350
vt 0.884140 0.170150
vt 0.898190 0.724050
vt 0.880220 0.170040
vt 0.903060 0.724040
vt 0.850140 0.442360
vt 0.854080 0.441540
vt 0.908140 0.724030
vt 0.858580 0.440920
vt 0.913220 0.724040
vt 0.863460 0.440540
vt 0.918110 0.724050
vt 0.868530 0.440410
vt 0.922630 0.724060
vt 0.873610 0.440540
vt 0.926600 0.724080
vt 0.878500 0.440910
vt 0.917030 0.170050
vt 0.913070 0.170150
vt 0.883010 0.441520
vt 0.908550 0.170230
vt 0.884410 0.896330
vt 0.886960 0.442340
vt 0.903660 0.170270
vt 0.879530 0.896280
vt 0.907890 0.896090
vt 0.893560 0.495320
vt 0.897150 0.493250
vt 0.895990 0.490420
vt 0.892070 0.491690
vt 0.934590 0.473630
vt 0.928640 0.476460
vt 0.930130 0.480080
vt 0.936530 0.478340
vt 0.854370 0.448750
vt 0.857400 0.448120
vt 0.930890 0.483940
vt 0.937510 0.483330
vt 0.860870 0.447650
vt 0.930890 0.487860
vt 0.937510 0.488430
vt 0.864630 0.447350
vt 0.930130 0.491710
vt 0.936530 0.493420
vt 0.868550 0.447250
vt 0.928640 0.495340
vt 0.934590 0.498120
vt 0.872460 0.447350
vt 0.926480 0.498600
vt 0.931780 0.502360
vt 0.876230 0.447640
vt 0.923720 0.501380
vt 0.928210 0.505960
vt 0.879710 0.448100
vt 0.920480 0.503560
vt 0.924000 0.508780
vt 0.909310 0.460010
vt 0.909150 0.465950
vt 0.913050 0.465960
vt 0.914370 0.460010
vt 0.882750 0.448740
vt 0.916870 0.505060
vt 0.919330 0.510730
vt 0.916870 0.466720
vt 0.919330 0.461010
vt 0.891900 0.469370
vt 0.895730 0.473170
vt 0.898480 0.470400
vt 0.895480 0.465780
vt 0.913050 0.505820
vt 0.914370 0.511720
vt 0.920480 0.468230
vt 0.924000 0.462960
vt 0.901720 0.468220
vt 0.899680 0.462950
vt 0.909150 0.505820
vt 0.909310 0.511720
vt 0.923720 0.470410
vt 0.928210 0.465790
vt 0.905330 0.466720
vt 0.904350 0.461000
vt 0.905330 0.505050
vt 0.904350 0.510720
vt 0.926480 0.473190
vt 0.931780 0.469400
vt 0.895400 0.484360
vt 0.897440 0.484530
vt 0.897970 0.481870
vt 0.895990 0.481350
vt 0.926260 0.487440
vt 0.925670 0.490440
vt 0.895400 0.487420
vt 0.891310 0.487840
vt 0.924510 0.493270
vt 0.891310 0.483910
vt 0.922820 0.495810
vt 0.892070 0.480060
vt 0.920670 0.497970
vt 0.897150 0.478530
vt 0.893560 0.476440
vt 0.918140 0.499670
vt 0.909310 0.470350
vt 0.912350 0.470350
vt 0.898840 0.475980
vt 0.915330 0.500840
vt 0.915330 0.470950
vt 0.900990 0.473820
vt 0.912350 0.501440
vt 0.918140 0.472130
vt 0.903520 0.472120
vt 0.909310 0.501440
vt 0.920670 0.473830
vt 0.906330 0.470950
vt 0.906330 0.500840
vt 0.922820 0.476000
vt 0.903520 0.499670
vt 0.924510 0.478540
vt 0.900990 0.497960
vt 0.925670 0.481370
vt 0.898840 0.495800
vt 0.895730 0.498590
vt 0.926260 0.484370
vt 0.975010 0.334400
vt 0.975010 0.296310
vt 0.972420 0.296290
vt 0.972420 0.334380
vt 0.935580 0.053960
vt 0.936860 0.051760
vt 0.935130 0.051230
vt 0.933630 0.053360
vt 0.899000 0.479370
vt 0.588240 0.021230
vt 0.589250 0.023210
vt 0.591640 0.023170
vt 0.590940 0.021180
vt 0.977700 0.336410
vt 0.977710 0.334410
vt 0.974650 0.336400
vt 0.900490 0.477120
vt 0.594230 0.023140
vt 0.593880 0.021150
vt 0.971710 0.336370
vt 0.902390 0.475210
vt 0.596930 0.023130
vt 0.596930 0.021140
vt 0.970030 0.334340
vt 0.969020 0.336320
vt 0.904630 0.473700
vt 0.599630 0.023140
vt 0.599980 0.021150
vt 0.959660 0.053360
vt 0.958150 0.051230
vt 0.956430 0.051760
vt 0.957710 0.053960
vt 0.983690 0.336370
vt 0.983010 0.334380
vt 0.980410 0.334410
vt 0.980750 0.336400
vt 0.602230 0.023170
vt 0.602920 0.021180
vt 0.954340 0.052200
vt 0.955350 0.054450
vt 0.907110 0.499100
vt 0.904630 0.498060
vt 0.951950 0.052520
vt 0.952640 0.054820
vt 0.902390 0.496560
vt 0.949350 0.052720
vt 0.949710 0.055050
vt 0.900490 0.494640
vt 0.946660 0.052790
vt 0.946660 0.055120
vt 0.899000 0.492390
vt 0.943950 0.052720
vt 0.943600 0.055050
vt 0.897970 0.489890
vt 0.941360 0.052520
vt 0.940670 0.054820
vt 0.897440 0.487230
vt 0.938960 0.052200
vt 0.937960 0.054450
vt 0.987520 0.334290
vt 0.987520 0.296190
vt 0.985410 0.296250
vt 0.985410 0.334340
vt 0.594230 0.061240
vt 0.596930 0.061230
vt 0.970030 0.296240
vt 0.983010 0.296290
vt 0.599630 0.061240
vt 0.967940 0.296190
vt 0.967940 0.334280
vt 0.980410 0.296310
vt 0.602230 0.061260
vt 0.956460 0.014900
vt 0.954360 0.015340
vt 0.977710 0.296320
vt 0.604620 0.061300
vt 0.604620 0.023210
vt 0.951970 0.015670
vt 0.606720 0.061360
vt 0.606720 0.023270
vt 0.949380 0.015870
vt 0.991060 0.931680
vt 0.991060 0.893560
vt 0.988980 0.893570
vt 0.988980 0.931690
vt 0.946680 0.015930
vt 0.986600 0.893580
vt 0.986600 0.931690
vt 0.943980 0.015870
vt 0.984010 0.893590
vt 0.984010 0.931700
vt 0.941380 0.015670
vt 0.981310 0.893590
vt 0.981310 0.931700
vt 0.938980 0.015340
vt 0.978610 0.893590
vt 0.978610 0.931700
vt 0.936880 0.014900
vt 0.976000 0.893580
vt 0.976000 0.931690
vt 0.587150 0.023270
vt 0.587150 0.061360
vt 0.589250 0.061300
vt 0.973600 0.893570
vt 0.973600 0.931690
vt 0.591640 0.061260
vt 0.971490 0.893560
vt 0.971490 0.931680
vt 0.303490 0.079740
vt 0.307180 0.082010
vt 0.310660 0.077760
vt 0.307490 0.074860
vt 0.920860 0.159500
vt 0.925710 0.159470
vt 0.703630 0.165640
vt 0.709220 0.165550
vt 0.922260 0.598560
vt 0.928300 0.598090
vt 0.752940 0.092610
vt 0.746650 0.092590
vt 0.740370 0.092610
vt 0.890650 0.159520
vt 0.896710 0.159530
vt 0.673410 0.165540
vt 0.678960 0.165640
vt 0.893160 0.596340
vt 0.915310 0.159520
vt 0.697570 0.165700
vt 0.915970 0.598730
vt 0.758990 0.092670
vt 0.885050 0.159500
vt 0.668540 0.165420
vt 0.728750 0.092770
vt 0.723870 0.092900
vt 0.909280 0.159530
vt 0.691280 0.165720
vt 0.909680 0.598570
vt 0.764560 0.092770
vt 0.880140 0.159480
vt 0.933870 0.597330
vt 0.938740 0.596310
vt 0.734320 0.092670
vt 0.903000 0.159530
vt 0.685000 0.165700
vt 0.769450 0.092900
vt 0.714120 0.165420
vt 0.350310 0.077760
vt 0.353800 0.082010
vt 0.902970 0.164020
vt 0.908440 0.164010
vt 0.300520 0.085300
vt 0.304590 0.086850
vt 0.897490 0.164010
vt 0.298690 0.091330
vt 0.302990 0.092110
vt 0.892210 0.164000
vt 0.298080 0.097600
vt 0.302460 0.097570
vt 0.887330 0.163990
vt 0.298700 0.103880
vt 0.303000 0.103040
vt 0.353010 0.074860
vt 0.357020 0.079740
vt 0.300530 0.109910
vt 0.304590 0.108300
vt 0.348130 0.070860
vt 0.346060 0.074280
vt 0.303510 0.115470
vt 0.307190 0.113140
vt 0.342570 0.067890
vt 0.341220 0.071690
vt 0.752140 0.088240
vt 0.746660 0.088220
vt 0.307510 0.120340
vt 0.310680 0.117380
vt 0.696780 0.170080
vt 0.702060 0.170030
vt 0.757400 0.088290
vt 0.312390 0.124340
vt 0.314930 0.120870
vt 0.691300 0.170090
vt 0.348150 0.124340
vt 0.346080 0.120870
vt 0.341230 0.123460
vt 0.342590 0.127320
vt 0.317950 0.127320
vt 0.319770 0.123460
vt 0.685830 0.170080
vt 0.353030 0.120340
vt 0.350330 0.117380
vt 0.323990 0.129150
vt 0.325040 0.125050
vt 0.680570 0.170020
vt 0.357030 0.115470
vt 0.353810 0.113140
vt 0.741180 0.088240
vt 0.312370 0.070860
vt 0.314910 0.074280
vt 0.319760 0.071690
vt 0.317930 0.067890
vt 0.913690 0.164000
vt 0.918530 0.163990
vt 0.335980 0.125050
vt 0.330510 0.125590
vt 0.335960 0.070100
vt 0.330490 0.069560
vt 0.325020 0.070100
vt 0.356400 0.108300
vt 0.358000 0.103040
vt 0.358530 0.097570
vt 0.357990 0.092110
vt 0.356400 0.086850
vt 0.027680 0.086090
vt 0.020880 0.086060
vt 0.020880 0.155600
vt 0.027680 0.155620
vt 0.014340 0.086000
vt 0.014340 0.155530
vt 0.008310 0.085890
vt 0.008310 0.155420
vt 0.003020 0.085750
vt 0.003020 0.155280
vt 0.827810 0.083290
vt 0.822560 0.083320
vt 0.822560 0.152890
vt 0.827810 0.152860
vt 0.816560 0.083340
vt 0.816560 0.152910
vt 0.810040 0.083350
vt 0.810040 0.152920
vt 0.803240 0.083350
vt 0.803240 0.152920
vt 0.796440 0.083350
vt 0.796440 0.152920
vt 0.789880 0.083340
vt 0.789880 0.152910
vt 0.783830 0.083320
vt 0.783830 0.152890
vt 0.778520 0.083290
vt 0.778520 0.152860
vt 0.144300 0.091390
vt 0.138990 0.091530
vt 0.138990 0.161060
vt 0.144300 0.160920
vt 0.132950 0.091630
vt 0.132950 0.161160
vt 0.126400 0.091690
vt 0.126400 0.161220
vt 0.119590 0.091710
vt 0.119590 0.161240
vt 0.112800 0.091690
vt 0.112800 0.161220
vt 0.106270 0.091620
vt 0.106270 0.161160
vt 0.100260 0.091520
vt 0.100260 0.161050
vt 0.095000 0.091380
vt 0.095000 0.160920
vt 0.150340 0.151380
vt 0.155610 0.150280
vt 0.155610 0.083000
vt 0.150340 0.084100
vt 0.161630 0.149460
vt 0.161630 0.082180
vt 0.168170 0.148950
vt 0.168170 0.081670
vt 0.174970 0.148770
vt 0.174970 0.081500
vt 0.181770 0.148940
vt 0.181770 0.081660
vt 0.188310 0.149440
vt 0.188310 0.082160
vt 0.194350 0.150250
vt 0.194350 0.082980
vt 0.199640 0.151350
vt 0.199640 0.084070
vt 0.052320 0.085750
vt 0.047040 0.085890
vt 0.047040 0.155420
vt 0.052320 0.155280
vt 0.041020 0.086000
vt 0.041020 0.155530
vt 0.192890 0.076060
vt 0.187310 0.075310
vt 0.034480 0.086060
vt 0.034480 0.155600
vt 0.390570 0.130160
vt 0.394460 0.134730
vt 0.399350 0.131830
vt 0.396400 0.126700
vt 0.386820 0.143110
vt 0.391800 0.145980
vt 0.394570 0.142280
vt 0.390230 0.138540
vt 0.412400 0.192990
vt 0.412750 0.187370
vt 0.407080 0.187050
vt 0.405630 0.192610
vt 0.163810 0.154980
vt 0.169280 0.154560
vt 0.419100 0.192040
vt 0.418360 0.186570
vt 0.376820 0.152910
vt 0.382940 0.153790
vt 0.384360 0.148250
vt 0.378510 0.146300
vt 0.422820 0.125570
vt 0.421480 0.130880
vt 0.426590 0.133360
vt 0.428920 0.128530
vt 0.440450 0.176320
vt 0.436250 0.173410
vt 0.432840 0.177970
vt 0.436370 0.181770
vt 0.383060 0.178770
vt 0.388170 0.175460
vt 0.385280 0.170540
vt 0.379620 0.172900
vt 0.404700 0.129940
vt 0.402790 0.124440
vt 0.174980 0.154410
vt 0.401590 0.185630
vt 0.399080 0.190910
vt 0.381450 0.140160
vt 0.431120 0.136790
vt 0.434330 0.132620
vt 0.428610 0.181780
vt 0.431330 0.186320
vt 0.383410 0.165150
vt 0.377380 0.166470
vt 0.410320 0.129140
vt 0.409500 0.123490
vt 0.180680 0.154550
vt 0.396480 0.183150
vt 0.392980 0.187960
vt 0.385520 0.134710
vt 0.434900 0.141050
vt 0.438840 0.137710
vt 0.423720 0.184680
vt 0.425490 0.189780
vt 0.382620 0.159490
vt 0.376440 0.159720
vt 0.415980 0.129460
vt 0.416260 0.123870
vt 0.186160 0.154970
vt 0.391940 0.179720
vt 0.387570 0.183860
vt 0.158770 0.155670
vt 0.191220 0.155650
vt 0.401960 0.136830
vt 0.404260 0.140970
vt 0.407770 0.139730
vt 0.406300 0.135300
vt 0.440130 0.162720
vt 0.435030 0.161890
vt 0.433880 0.166370
vt 0.438710 0.168260
vt 0.398000 0.139190
vt 0.431880 0.170550
vt 0.412820 0.181870
vt 0.408230 0.181610
vt 0.429110 0.174250
vt 0.403780 0.180460
vt 0.425680 0.177340
vt 0.410860 0.134650
vt 0.399630 0.178450
vt 0.421720 0.179690
vt 0.415450 0.134910
vt 0.395960 0.175670
vt 0.417380 0.181220
vt 0.419900 0.136070
vt 0.392890 0.172210
vt 0.424050 0.138080
vt 0.390560 0.168220
vt 0.427720 0.140860
vt 0.389040 0.163850
vt 0.430790 0.144310
vt 0.388400 0.159270
vt 0.433120 0.148300
vt 0.437780 0.145970
vt 0.388650 0.154640
vt 0.434640 0.152680
vt 0.439660 0.151360
vt 0.389800 0.150150
vt 0.435290 0.157260
vt 0.440450 0.157020
vt 0.409330 0.177130
vt 0.405730 0.176200
vt 0.426190 0.171180
vt 0.423420 0.173680
vt 0.411450 0.139210
vt 0.402380 0.174580
vt 0.420220 0.175580
vt 0.415150 0.139420
vt 0.399410 0.172330
vt 0.416710 0.176820
vt 0.418750 0.140350
vt 0.396940 0.169540
vt 0.413030 0.177340
vt 0.422100 0.141970
vt 0.395050 0.166320
vt 0.425070 0.144220
vt 0.393820 0.162790
vt 0.427540 0.147010
vt 0.393310 0.159080
vt 0.429430 0.150230
vt 0.393510 0.155350
vt 0.430650 0.153760
vt 0.394440 0.151720
vt 0.431170 0.157470
vt 0.396060 0.148350
vt 0.430960 0.161200
vt 0.398290 0.145360
vt 0.430040 0.164820
vt 0.401060 0.142870
vt 0.428420 0.168190
vt 0.256870 0.111240
vt 0.260720 0.115760
vt 0.264180 0.112300
vt 0.259520 0.108590
vt 0.268770 0.103720
vt 0.272510 0.104810
vt 0.273610 0.099290
vt 0.269720 0.098930
vt 0.226480 0.090950
vt 0.221010 0.089240
vt 0.220060 0.094040
vt 0.225750 0.094620
vt 0.266900 0.108240
vt 0.261600 0.105480
vt 0.220060 0.098920
vt 0.225750 0.098360
vt 0.263030 0.102030
vt 0.221010 0.103720
vt 0.226480 0.102030
vt 0.263760 0.098360
vt 0.222880 0.108230
vt 0.227910 0.105480
vt 0.269720 0.094040
vt 0.263760 0.094620
vt 0.225600 0.112300
vt 0.229990 0.108590
vt 0.268770 0.089250
vt 0.263030 0.090950
vt 0.229060 0.115760
vt 0.232640 0.111240
vt 0.266900 0.084730
vt 0.261600 0.087490
vt 0.233130 0.118470
vt 0.235750 0.113320
vt 0.246630 0.077500
vt 0.247340 0.071670
vt 0.242440 0.071670
vt 0.242880 0.077500
vt 0.264180 0.080670
vt 0.259520 0.084380
vt 0.237650 0.120340
vt 0.239210 0.114750
vt 0.237650 0.072620
vt 0.239210 0.078220
vt 0.260720 0.077210
vt 0.256870 0.081740
vt 0.242440 0.121300
vt 0.242880 0.115480
vt 0.233130 0.074490
vt 0.235750 0.079660
vt 0.256650 0.074500
vt 0.253760 0.079660
vt 0.247340 0.121300
vt 0.246630 0.115480
vt 0.229060 0.077210
vt 0.232640 0.081730
vt 0.252130 0.072620
vt 0.250300 0.078230
vt 0.252130 0.120340
vt 0.250300 0.114750
vt 0.225600 0.080660
vt 0.229990 0.084380
vt 0.256650 0.118470
vt 0.253760 0.113320
vt 0.222880 0.084730
vt 0.227910 0.087490
vt 0.853960 0.598180
vt 0.853960 0.505200
vt 0.848990 0.504520
vt 0.848990 0.597500
vt 0.217580 0.104800
vt 0.219740 0.109990
vt 0.273610 0.093670
vt 0.222860 0.114670
vt 0.272510 0.088160
vt 0.226840 0.118650
vt 0.270360 0.082960
vt 0.231520 0.121770
vt 0.247860 0.067940
vt 0.242230 0.067940
vt 0.267230 0.078290
vt 0.236720 0.123920
vt 0.236720 0.069030
vt 0.263250 0.074310
vt 0.242230 0.125020
vt 0.231520 0.071190
vt 0.258580 0.071190
vt 0.247860 0.125020
vt 0.226840 0.074310
vt 0.253380 0.069040
vt 0.253380 0.123920
vt 0.222860 0.078280
vt 0.258580 0.121770
vt 0.219740 0.082960
vt 0.263250 0.118650
vt 0.217580 0.088150
vt 0.267230 0.114670
vt 0.216490 0.093660
vt 0.270360 0.110000
vt 0.216490 0.099290
vt 0.482780 0.096740
vt 0.481270 0.092210
vt 0.476780 0.092290
vt 0.477820 0.096830
vt 0.529440 0.192840
vt 0.529440 0.096740
vt 0.524460 0.096830
vt 0.524460 0.192930
vt 0.466820 0.192990
vt 0.466820 0.096900
vt 0.461210 0.096880
vt 0.461210 0.192980
vt 0.844620 0.503620
vt 0.844620 0.596600
vt 0.519060 0.096880
vt 0.519060 0.192980
vt 0.455820 0.096830
vt 0.455820 0.192920
vt 0.487130 0.192720
vt 0.487130 0.096620
vt 0.482780 0.192830
vt 0.513450 0.096890
vt 0.513450 0.192990
vt 0.450850 0.096740
vt 0.450850 0.192840
vt 0.477820 0.192920
vt 0.507840 0.096880
vt 0.507840 0.192980
vt 0.446490 0.096620
vt 0.446490 0.192720
vt 0.472430 0.096880
vt 0.472430 0.192980
vt 0.502460 0.096820
vt 0.502460 0.192920
vt 0.887880 0.753000
vt 0.887880 0.849150
vt 0.892210 0.849120
vt 0.892210 0.752980
vt 0.497510 0.096740
vt 0.497510 0.192840
vt 0.897150 0.849110
vt 0.897150 0.752960
vt 0.493170 0.096620
vt 0.493170 0.192720
vt 0.902530 0.849100
vt 0.902530 0.752950
vt 0.885270 0.596570
vt 0.885270 0.503590
vt 0.880920 0.504500
vt 0.880920 0.597480
vt 0.908130 0.849090
vt 0.908130 0.752950
vt 0.875960 0.505180
vt 0.875960 0.598160
vt 0.913750 0.849100
vt 0.913750 0.752950
vt 0.870570 0.505600
vt 0.870570 0.598580
vt 0.919150 0.849110
vt 0.919150 0.752960
vt 0.864960 0.505740
vt 0.864960 0.598730
vt 0.924140 0.849120
vt 0.924140 0.752980
vt 0.859360 0.505610
vt 0.859360 0.598590
vt 0.928520 0.849140
vt 0.928520 0.753000
vt 0.533810 0.192730
vt 0.533810 0.096630
vt 0.759830 0.033430
vt 0.757790 0.038650
vt 0.761040 0.040840
vt 0.764040 0.036260
vt 0.513460 0.092350
vt 0.508380 0.092340
vt 0.452350 0.092210
vt 0.448400 0.092100
vt 0.471900 0.092340
vt 0.503510 0.092290
vt 0.889810 0.853620
vt 0.893730 0.853600
vt 0.466820 0.092350
vt 0.499020 0.092210
vt 0.898210 0.853580
vt 0.495100 0.092110
vt 0.903080 0.853570
vt 0.883350 0.498800
vt 0.879410 0.499620
vt 0.908160 0.853570
vt 0.874920 0.500240
vt 0.913240 0.853570
vt 0.870040 0.500620
vt 0.918130 0.853580
vt 0.864960 0.500750
vt 0.922650 0.853600
vt 0.859880 0.500620
vt 0.926620 0.853610
vt 0.854990 0.500250
vt 0.531910 0.092110
vt 0.527950 0.092220
vt 0.850480 0.499640
vt 0.523430 0.092290
vt 0.461740 0.092340
vt 0.846530 0.498820
vt 0.518540 0.092340
vt 0.456850 0.092290
vt 0.485220 0.092100
vt 0.765960 0.046880
vt 0.762370 0.048950
vt 0.763540 0.051780
vt 0.767460 0.050500
vt 0.724940 0.068590
vt 0.730890 0.065760
vt 0.729400 0.062130
vt 0.723000 0.063880
vt 0.879120 0.492410
vt 0.876090 0.493040
vt 0.728640 0.058280
vt 0.722020 0.058890
vt 0.872620 0.493510
vt 0.728630 0.054360
vt 0.722010 0.053800
vt 0.868860 0.493810
vt 0.729390 0.050500
vt 0.723000 0.048800
vt 0.864940 0.493910
vt 0.730880 0.046880
vt 0.724930 0.044100
vt 0.861030 0.493810
vt 0.733050 0.043610
vt 0.727740 0.039860
vt 0.857260 0.493520
vt 0.735800 0.040840
vt 0.731310 0.036260
vt 0.853780 0.493050
vt 0.739040 0.038650
vt 0.735510 0.033430
vt 0.750230 0.082190
vt 0.750390 0.076250
vt 0.746490 0.076250
vt 0.745170 0.082190
vt 0.850740 0.492420
vt 0.742640 0.037150
vt 0.740180 0.031480
vt 0.742660 0.075490
vt 0.740210 0.081200
vt 0.767640 0.072820
vt 0.763810 0.069030
vt 0.761050 0.071800
vt 0.764060 0.076420
vt 0.746470 0.036390
vt 0.745140 0.030490
vt 0.739060 0.073980
vt 0.735540 0.079250
vt 0.757810 0.073980
vt 0.759860 0.079250
vt 0.750370 0.036390
vt 0.750200 0.030490
vt 0.735820 0.071800
vt 0.731330 0.076420
vt 0.754210 0.075490
vt 0.755190 0.081200
vt 0.754190 0.037150
vt 0.755160 0.031480
vt 0.733060 0.069030
vt 0.727750 0.072820
vt 0.764130 0.057840
vt 0.762090 0.057670
vt 0.761560 0.060330
vt 0.763540 0.060840
vt 0.733260 0.054780
vt 0.733850 0.051780
vt 0.764130 0.054780
vt 0.768220 0.054360
vt 0.735020 0.048950
vt 0.768220 0.058280
vt 0.736700 0.046400
vt 0.767460 0.062130
vt 0.738850 0.044240
vt 0.762380 0.063670
vt 0.765970 0.065760
vt 0.741380 0.042540
vt 0.750230 0.071850
vt 0.747190 0.071850
vt 0.760690 0.066220
vt 0.744190 0.041370
vt 0.744200 0.071260
vt 0.758540 0.068380
vt 0.747170 0.040770
vt 0.741390 0.070080
vt 0.756020 0.070080
vt 0.750210 0.040770
vt 0.738870 0.068380
vt 0.753210 0.071260
vt 0.753190 0.041370
vt 0.736710 0.066220
vt 0.756000 0.042540
vt 0.735020 0.063670
vt 0.758530 0.044240
vt 0.733860 0.060840
vt 0.760680 0.046400
vt 0.763800 0.043610
vt 0.733260 0.057840
vt 0.982870 0.410540
vt 0.982870 0.448630
vt 0.985460 0.448660
vt 0.985460 0.410570
vt 0.060310 0.057560
vt 0.061590 0.055360
vt 0.059860 0.054830
vt 0.058360 0.056960
vt 0.760530 0.062830
vt 0.968730 0.741120
vt 0.969740 0.743100
vt 0.972130 0.743060
vt 0.971440 0.741070
vt 0.980180 0.408540
vt 0.980170 0.410530
vt 0.983230 0.408550
vt 0.759040 0.065080
vt 0.974730 0.743030
vt 0.974370 0.741040
vt 0.986170 0.408580
vt 0.757140 0.066990
vt 0.977430 0.743020
vt 0.977430 0.741030
vt 0.987850 0.410610
vt 0.988860 0.408620
vt 0.754910 0.068500
vt 0.980130 0.743030
vt 0.980480 0.741040
vt 0.084380 0.056960
vt 0.082880 0.054830
vt 0.081160 0.055360
vt 0.082440 0.057560
vt 0.974190 0.408570
vt 0.974870 0.410560
vt 0.977470 0.410540
vt 0.977130 0.408550
vt 0.982730 0.743060
vt 0.983420 0.741070
vt 0.079070 0.055800
vt 0.080080 0.058060
vt 0.752410 0.043100
vt 0.754890 0.044140
vt 0.076680 0.056130
vt 0.077370 0.058420
vt 0.757130 0.045640
vt 0.074080 0.056330
vt 0.074440 0.058650
vt 0.759030 0.047560
vt 0.071380 0.056390
vt 0.071390 0.058730
vt 0.760530 0.049810
vt 0.068680 0.056330
vt 0.068330 0.058650
vt 0.761560 0.052310
vt 0.066090 0.056130
vt 0.065400 0.058420
vt 0.762080 0.054970
vt 0.063690 0.055800
vt 0.062690 0.058060
vt 0.970360 0.410660
vt 0.970360 0.448750
vt 0.972470 0.448700
vt 0.972470 0.410600
vt 0.974730 0.781120
vt 0.977430 0.781120
vt 0.987850 0.448700
vt 0.974870 0.448660
vt 0.980130 0.781120
vt 0.989940 0.448750
vt 0.989940 0.410660
vt 0.977470 0.448630
vt 0.982730 0.781150
vt 0.081180 0.018510
vt 0.079090 0.018940
vt 0.980170 0.448620
vt 0.985120 0.781190
vt 0.985120 0.743100
vt 0.076700 0.019270
vt 0.987220 0.781250
vt 0.987220 0.743160
vt 0.074110 0.019470
vt 0.989940 0.402480
vt 0.989940 0.364370
vt 0.987850 0.364380
vt 0.987850 0.402490
vt 0.071410 0.019540
vt 0.985470 0.364390
vt 0.985470 0.402500
vt 0.068710 0.019470
vt 0.982880 0.364400
vt 0.982880 0.402510
vt 0.066110 0.019270
vt 0.980180 0.364400
vt 0.980180 0.402510
vt 0.063710 0.018940
vt 0.977480 0.364400
vt 0.977480 0.402510
vt 0.061610 0.018510
vt 0.974880 0.364390
vt 0.974880 0.402500
vt 0.967650 0.743160
vt 0.967650 0.781250
vt 0.969740 0.781190
vt 0.972470 0.364380
vt 0.972470 0.402500
vt 0.972130 0.781150
vt 0.970360 0.364370
vt 0.970360 0.402490
vt 0.804530 0.872040
vt 0.808210 0.874310
vt 0.811700 0.870070
vt 0.808530 0.867170
vt 0.821090 0.160600
vt 0.825940 0.160570
vt 0.131960 0.168800
vt 0.137550 0.168710
vt 0.168690 0.074860
vt 0.162640 0.075330
vt 0.021390 0.163230
vt 0.027680 0.163250
vt 0.033970 0.163230
vt 0.790870 0.160620
vt 0.796930 0.160630
vt 0.101730 0.168700
vt 0.107290 0.168800
vt 0.197780 0.077080
vt 0.815540 0.160610
vt 0.125900 0.168860
vt 0.174970 0.074690
vt 0.015340 0.163170
vt 0.785280 0.160600
vt 0.096870 0.168580
vt 0.045580 0.163070
vt 0.050460 0.162940
vt 0.809510 0.160630
vt 0.119610 0.168880
vt 0.181260 0.074850
vt 0.009770 0.163070
vt 0.780360 0.160570
vt 0.157080 0.076090
vt 0.152210 0.077110
vt 0.040010 0.163170
vt 0.803220 0.160630
vt 0.113330 0.168860
vt 0.004880 0.162940
vt 0.142450 0.168580
vt 0.851350 0.870070
vt 0.854840 0.874310
vt 0.803190 0.165110
vt 0.808660 0.165110
vt 0.801560 0.877600
vt 0.805620 0.879160
vt 0.797710 0.165110
vt 0.799730 0.883630
vt 0.804030 0.884410
vt 0.792430 0.165100
vt 0.799110 0.889910
vt 0.803490 0.889880
vt 0.787560 0.165090
vt 0.799730 0.896180
vt 0.804030 0.895340
vt 0.854050 0.867170
vt 0.858050 0.872040
vt 0.801560 0.902220
vt 0.805630 0.900600
vt 0.849170 0.863170
vt 0.847100 0.866580
vt 0.804540 0.907780
vt 0.808220 0.905440
vt 0.843600 0.860200
vt 0.842250 0.863990
vt 0.022200 0.167600
vt 0.027670 0.167620
vt 0.808540 0.912650
vt 0.811710 0.909690
vt 0.125110 0.173240
vt 0.130390 0.173190
vt 0.016930 0.167550
vt 0.813420 0.916650
vt 0.815960 0.913170
vt 0.119630 0.173260
vt 0.849190 0.916650
vt 0.847120 0.913170
vt 0.842270 0.915760
vt 0.843620 0.919620
vt 0.818990 0.919620
vt 0.820810 0.915760
vt 0.114160 0.173240
vt 0.854060 0.912650
vt 0.851360 0.909690
vt 0.825030 0.921450
vt 0.826070 0.917360
vt 0.108900 0.173190
vt 0.858060 0.907780
vt 0.854850 0.905440
vt 0.033150 0.167600
vt 0.813400 0.863170
vt 0.815940 0.866580
vt 0.820790 0.863990
vt 0.818970 0.860200
vt 0.813920 0.165100
vt 0.818750 0.165080
vt 0.837010 0.917360
vt 0.831540 0.917890
vt 0.836990 0.862400
vt 0.831520 0.861860
vt 0.826050 0.862400
vt 0.857440 0.900600
vt 0.859030 0.895340
vt 0.859570 0.889880
vt 0.859030 0.884410
vt 0.857430 0.879160
vt 0.140580 0.704900
vt 0.030820 0.704910
vt 0.048470 0.724700
vt 0.136620 0.724690
vt 0.552620 0.720900
vt 0.552620 0.921720
vt 0.298080 0.183870
vt 0.298080 0.206450
vt 0.367940 0.206540
vt 0.367940 0.183960
vt 0.210450 0.704900
vt 0.194090 0.675910
vt 0.156770 0.675910
vt 0.599500 0.596730
vt 0.830200 0.276960
vt 0.778520 0.399220
vt 0.798500 0.395430
vt 0.842180 0.292100
vt 0.586690 0.996990
vt 0.793070 0.969180
vt 0.793070 0.859640
vt 0.773750 0.868390
vt 0.773750 0.960970
vt 0.931240 0.390960
vt 0.931240 0.364160
vt 0.926100 0.365430
vt 0.926100 0.391750
vt 0.030550 0.980940
vt 0.003020 0.966710
vt 0.005160 0.971770
vt 0.031730 0.985500
vt 0.210450 0.905840
vt 0.099720 0.905840
vt 0.099450 0.980940
vt 0.210180 0.980930
vt 0.030820 0.905840
vt 0.003240 0.730060
vt 0.003240 0.899450
vt 0.098220 0.985500
vt 0.205070 0.985490
vt 0.103800 0.886050
vt 0.048470 0.886050
vt 0.490240 0.354360
vt 0.490240 0.523670
vt 0.524680 0.523680
vt 0.524680 0.354360
vt 0.786320 0.996850
vt 0.748780 0.984390
vt 0.752190 0.996900
vt 0.726250 0.984420
vt 0.622330 0.596730
vt 0.838580 0.542740
vt 0.838580 0.454780
vt 0.804210 0.473970
vt 0.804210 0.538490
vt 0.150340 0.262480
vt 0.150340 0.317690
vt 0.184980 0.322140
vt 0.184980 0.281640
vt 0.192720 0.886050
vt 0.192720 0.724690
vt 0.707820 0.448750
vt 0.731890 0.287390
vt 0.666670 0.287400
vt 0.666670 0.448750
vt 0.772480 0.448750
vt 0.772480 0.287390
vt 0.150340 0.406420
vt 0.184980 0.387220
vt 0.365100 0.433470
vt 0.365100 0.594740
vt 0.399890 0.594140
vt 0.399890 0.432860
vt 0.185050 0.574360
vt 0.185050 0.413090
vt 0.150340 0.412450
vt 0.150340 0.573720
vt 0.095850 0.992680
vt 0.193390 0.992680
vt 0.010900 0.980150
vt 0.035150 0.992690
vt 0.094050 0.996980
vt 0.183180 0.996980
vt 0.988560 0.080020
vt 0.966720 0.091400
vt 0.972800 0.092610
vt 0.992760 0.082210
vt 0.038590 0.996990
vt 0.914400 0.368330
vt 0.914400 0.393620
vt 0.530720 0.581610
vt 0.539450 0.604280
vt 0.544980 0.598420
vt 0.537070 0.577860
vt 0.534070 0.526370
vt 0.540100 0.527770
vt 0.904190 0.395780
vt 0.904190 0.371600
vt 0.894910 0.376860
vt 0.894910 0.399500
vt 0.666670 0.022370
vt 0.666670 0.080190
vt 0.704000 0.080130
vt 0.704000 0.022310
vt 0.210080 0.580390
vt 0.140220 0.580390
vt 0.156570 0.609380
vt 0.193900 0.609380
vt 0.669750 0.082190
vt 0.700940 0.082140
vt 0.156780 0.609550
vt 0.194100 0.609540
vt 0.378800 0.049120
vt 0.400700 0.049090
vt 0.398490 0.045850
vt 0.381160 0.045870
vt 0.376440 0.052170
vt 0.402650 0.052140
vt 0.402650 0.014890
vt 0.376440 0.014930
vt 0.378800 0.018000
vt 0.400700 0.017980
vt 0.398490 0.021230
vt 0.381160 0.021250
vt 0.382380 0.023130
vt 0.397060 0.023110
vt 0.712780 0.602630
vt 0.712780 0.617410
vt 0.714020 0.616580
vt 0.714020 0.603480
vt 0.382380 0.043980
vt 0.397060 0.043960
vt 0.544300 0.247410
vt 0.544300 0.226560
vt 0.543090 0.227750
vt 0.543090 0.246230
vt 0.706740 0.617410
vt 0.706740 0.602630
vt 0.705500 0.603480
vt 0.705500 0.616570
vt 0.543090 0.253430
vt 0.543090 0.274280
vt 0.544470 0.273100
vt 0.544470 0.254620
vt 0.210390 0.109710
vt 0.210390 0.087660
vt 0.205680 0.087670
vt 0.205680 0.109340
vt 0.544040 0.431550
vt 0.538490 0.351090
vt 0.534050 0.350320
vt 0.539410 0.427930
vt 0.535040 0.301030
vt 0.544040 0.280310
vt 0.539410 0.282050
vt 0.530720 0.302030
vt 0.539450 0.437580
vt 0.544980 0.447260
vt 0.530720 0.250770
vt 0.530720 0.274270
vt 0.537050 0.274280
vt 0.537050 0.252230
vt 0.024710 0.173660
vt 0.003020 0.173650
vt 0.003360 0.181440
vt 0.023490 0.181440
vt 0.073870 0.319120
vt 0.073870 0.241330
vt 0.068820 0.239010
vt 0.068820 0.305180
vt 0.073870 0.192920
vt 0.069920 0.173670
vt 0.065450 0.181460
vt 0.068820 0.197830
vt 0.539860 0.170320
vt 0.539860 0.192990
vt 0.544110 0.191720
vt 0.544110 0.169450
vt 0.024880 0.238990
vt 0.003800 0.238990
vt 0.003800 0.305160
vt 0.024880 0.305160
vt 0.048220 0.239000
vt 0.048220 0.197830
vt 0.045780 0.181450
vt 0.051590 0.319120
vt 0.048220 0.305170
vt 0.771090 0.281360
vt 0.771090 0.221610
vt 0.769780 0.223790
vt 0.769780 0.278580
vt 0.365100 0.378640
vt 0.365100 0.426840
vt 0.367720 0.424350
vt 0.367720 0.381080
vt 0.671600 0.847760
vt 0.650740 0.848260
vt 0.650300 0.891650
vt 0.671600 0.891650
vt 0.671600 0.845150
vt 0.649300 0.845720
vt 0.408970 0.534810
vt 0.408970 0.475400
vt 0.406760 0.475400
vt 0.406760 0.534810
vt 0.186060 0.018480
vt 0.166850 0.019300
vt 0.166340 0.068440
vt 0.186060 0.068160
vt 0.209890 0.210080
vt 0.209890 0.189300
vt 0.206860 0.190620
vt 0.206860 0.209730
vt 0.408970 0.594740
vt 0.408970 0.540840
vt 0.405930 0.543390
vt 0.405930 0.592300
vt 0.003540 0.319100
vt 0.026340 0.319110
vt 0.003800 0.197810
vt 0.024880 0.197820
vt 0.539860 0.121430
vt 0.539860 0.144630
vt 0.544110 0.144220
vt 0.544110 0.121440
vt 0.530720 0.224730
vt 0.537050 0.227820
vt 0.973310 0.114400
vt 0.980790 0.140470
vt 0.986290 0.139660
vt 0.979130 0.114660
vt 0.904190 0.447930
vt 0.904190 0.423180
vt 0.894910 0.425160
vt 0.894910 0.448330
vt 0.469710 0.596060
vt 0.441470 0.596060
vt 0.440570 0.604270
vt 0.467780 0.604280
vt 0.470610 0.591070
vt 0.441890 0.591060
vt 0.613580 0.996980
vt 0.644060 0.996980
vt 0.623550 0.965080
vt 0.795070 0.414910
vt 0.813840 0.432700
vt 0.828020 0.423420
vt 0.812340 0.408550
vt 0.451200 0.523660
vt 0.495960 0.591070
vt 0.494630 0.596070
vt 0.491790 0.604280
vt 0.210390 0.155670
vt 0.210390 0.134130
vt 0.205680 0.133350
vt 0.205680 0.154520
vt 0.530720 0.201760
vt 0.537050 0.206270
vt 0.048730 0.173660
vt 0.914400 0.422270
vt 0.926100 0.421580
vt 0.648210 0.596730
vt 0.713500 0.996940
vt 0.700710 0.984450
vt 0.451200 0.354350
vt 0.931240 0.421330
vt 0.298080 0.158280
vt 0.367940 0.158370
vt 0.154800 0.019810
vt 0.150340 0.068670
vt 0.209890 0.177580
vt 0.206860 0.178630
vt 0.645250 0.848390
vt 0.646620 0.891650
vt 0.720060 0.617410
vt 0.722670 0.616320
vt 0.722670 0.610850
vt 0.720060 0.611960
s 1
usemtl PINTURA.001
f 1/1/1 2/2/2 3/3/3
f 4/4/4 5/5/5 2/2/2
f 6/6/6 7/7/7 4/4/4
f 8/8/8 9/9/9 6/6/6
f 10/10/10 11/11/11 8/8/8
f 12/12/12 13/13/13 10/10/10
f 14/14/14 15/15/15 12/12/12
f 16/16/16 17/17/17 14/14/14
f 18/18/18 19/19/19 16/16/16
f 20/20/20 21/21/21 18/18/18
f 22/22/22 23/23/23 20/20/20
f 24/24/24 25/25/25 22/22/22
f 26/26/26 27/27/27 24/24/24
f 28/28/28 29/29/29 26/26/26
f 30/30/30 31/31/31 28/28/28
f 1/1/1 32/32/32 30/30/30
f 1/1/1 4/4/4 2/2/2
f 8/8/8 6/6/6 4/4/4
f 12/12/12 10/10/10 8/8/8
f 16/16/16 14/14/14 12/12/12
f 20/20/20 18/18/18 16/16/16
f 24/24/24 22/22/22 20/20/20
f 28/28/28 26/26/26 24/24/24
f 1/1/1 30/30/30 28/28/28
f 1/1/1 8/8/8 4/4/4
f 16/16/16 12/12/12 8/8/8
f 24/24/24 20/20/20 16/16/16
f 1/1/1 28/28/28 24/24/24
f 1/1/1 16/16/16 8/8/8
f 1/1/1 24/24/24 16/16/16
f 33/33/33 34/34/34 35/35/35
f 36/36/36 37/37/37 34/34/34
f 38/38/38 39/39/39 36/36/36
f 40/40/40 41/41/41 38/38/38
f 42/42/42 43/43/43 40/40/40
f 44/44/44 45/45/45 42/42/42
f 46/46/46 47/47/47 44/44/44
f 48/48/48 49/49/49 46/46/46
f 50/50/50 51/51/51 48/48/48
f 52/52/52 53/53/53 50/50/50
f 54/54/54 55/55/55 52/52/52
f 56/56/56 57/57/57 54/54/54
f 58/58/58 59/59/59 56/56/56
f 60/60/60 61/61/61 58/58/58
f 62/62/62 63/63/63 60/60/60
f 33/33/33 64/64/64 62/62/62
f 33/33/33 36/36/36 34/34/34
f 40/40/40 38/38/38 36/36/36
f 44/44/44 42/42/42 40/40/40
f 48/48/48 46/46/46 44/44/44
f 52/52/52 50/50/50 48/48/48
f 56/56/56 54/54/54 52/52/52
f 60/60/60 58/58/58 56/56/56
f 33/33/33 62/62/62 60/60/60
f 33/33/33 40/40/40 36/36/36
f 48/48/48 44/44/44 40/40/40
f 56/56/56 52/52/52 48/48/48
f 33/33/33 60/60/60 56/56/56
f 33/33/33 48/48/48 40/40/40
f 33/33/33 56/56/56 48/48/48
f 65/65/33 66/66/34 67/67/35
f 68/68/36 69/69/37 66/66/34
f 70/70/38 71/71/39 68/68/36
f 72/72/40 73/73/41 70/70/38
f 74/74/42 75/75/43 72/72/40
f 76/76/44 77/77/45 74/74/42
f 78/78/46 79/79/47 76/76/44
f 80/80/48 81/81/49 78/78/46
f 82/82/50 83/83/51 80/80/48
f 84/84/52 85/85/53 82/82/50
f 86/86/54 87/87/55 84/84/52
f 88/88/56 89/89/65 86/86/54
f 90/90/58 91/91/59 88/88/56
f 92/92/60 93/93/61 90/90/58
f 94/94/62 95/95/66 92/92/60
f 65/65/33 96/96/64 94/94/62
f 65/65/33 68/68/36 66/66/34
f 72/72/40 70/70/38 68/68/36
f 76/76/44 74/74/42 72/72/40
f 80/80/48 78/78/46 76/76/44
f 84/84/52 82/82/50 80/80/48
f 88/88/56 86/86/54 84/84/52
f 92/92/60 90/90/58 88/88/56
f 65/65/33 94/94/62 92/92/60
f 65/65/33 72/72/40 68/68/36
f 80/80/48 76/76/44 72/72/40
f 88/88/56 84/84/52 80/80/48
f 65/65/33 92/92/60 88/88/56
f 65/65/33 80/80/48 72/72/40
f 65/65/33 88/88/56 80/80/48
f 97/97/67 98/98/68 99/99/67
f 100/100/67 101/101/69 102/102/70
f 97/97/67 102/102/70 98/98/68
f 97/97/67 100/100/67 102/102/70
f 97/97/67 103/103/71 104/104/72
f 105/105/67 106/106/71 103/103/71
s 0
f 99/99/67 107/107/67 108/108/67
s 1
f 109/109/67 105/105/67 103/103/71
s 0
f 97/97/67 99/99/67 108/108/67
s 1
f 108/108/67 109/109/67 103/103/71
f 97/97/67 108/108/67 103/103/71
s 0
f 110/110/73 111/111/73 112/112/73
f 113/113/67 114/114/67 115/115/67
s 1
f 116/116/74 117/117/75 118/118/74
f 119/119/76 120/120/77 117/117/75
f 116/116/74 119/119/76 117/117/75
f 101/101/69 121/121/78 122/122/79
f 123/123/80 124/124/81 121/121/78
f 101/101/69 123/123/80 121/121/78
f 125/125/82 126/126/83 127/127/84
f 98/98/68 102/102/70 126/126/83
f 125/125/82 98/98/68 126/126/83
s 0
f 128/128/85 129/129/85 130/130/85
f 131/131/85 132/132/85 129/129/85
f 128/128/85 131/131/85 129/129/85
s 1
f 133/133/86 134/134/87 135/135/86
s 0
f 136/136/88 137/137/88 134/134/88
s 1
f 133/133/86 136/136/89 134/134/87
f 138/138/90 139/139/91 140/140/90
f 141/141/92 142/142/93 139/139/91
f 138/138/90 141/141/92 139/139/91
f 101/101/69 100/100/67 143/143/94
f 144/144/95 123/123/80 101/101/69
f 144/144/95 101/101/69 143/143/94
f 145/1/96 146/30/97 147/32/98
f 148/28/4 149/31/5 146/30/97
f 150/26/99 151/29/100 148/28/4
f 152/24/101 153/27/102 150/26/99
f 154/22/103 155/25/104 152/24/101
f 156/20/105 157/23/13 154/22/103
f 158/18/106 159/21/107 156/20/105
f 160/16/108 161/19/109 158/18/106
f 162/14/110 163/17/111 160/16/108
f 164/12/112 165/15/113 162/14/110
f 166/10/114 167/13/115 164/12/112
f 168/8/116 169/11/117 166/10/114
f 170/6/118 171/9/119 168/8/116
f 172/4/28 173/7/120 170/6/118
f 174/2/30 175/5/121 172/4/28
f 145/1/96 176/3/122 174/2/30
f 145/1/96 148/28/4 146/30/97
f 152/24/101 150/26/99 148/28/4
f 156/20/105 154/22/103 152/24/101
f 160/16/108 158/18/106 156/20/105
f 164/12/112 162/14/110 160/16/108
f 168/8/116 166/10/114 164/12/112
f 172/4/28 170/6/118 168/8/116
f 145/1/96 174/2/30 172/4/28
f 145/1/96 152/24/101 148/28/4
f 160/16/108 156/20/105 152/24/101
f 168/8/116 164/12/112 160/16/108
f 145/1/96 172/4/28 168/8/116
f 145/1/96 160/16/108 152/24/101
f 145/1/96 168/8/116 160/16/108
f 177/33/34 178/62/123 179/64/37
f 180/60/38 181/63/39 178/62/123
f 182/58/40 183/61/124 180/60/38
f 184/56/42 185/59/43 182/58/40
f 186/54/44 187/57/45 184/56/42
f 188/52/46 189/55/47 186/54/44
f 190/50/48 191/53/125 188/52/46
f 192/48/50 193/51/51 190/50/48
f 194/46/52 195/49/53 192/48/50
f 196/44/126 197/47/55 194/46/52
f 198/42/56 199/45/127 196/44/126
f 200/40/58 201/43/59 198/42/56
f 202/38/128 203/41/61 200/40/58
f 204/36/62 205/39/63 202/38/128
f 206/34/33 207/37/64 204/36/62
f 177/33/34 208/35/129 206/34/33
f 177/33/34 180/60/38 178/62/123
f 184/56/42 182/58/40 180/60/38
f 188/52/46 186/54/44 184/56/42
f 192/48/50 190/50/48 188/52/46
f 196/44/126 194/46/52 192/48/50
f 200/40/58 198/42/56 196/44/126
f 204/36/62 202/38/128 200/40/58
f 177/33/34 206/34/33 204/36/62
f 177/33/34 184/56/42 180/60/38
f 192/48/50 188/52/46 184/56/42
f 200/40/58 196/44/126 192/48/50
f 177/33/34 204/36/62 200/40/58
f 177/33/34 192/48/50 184/56/42
f 177/33/34 200/40/58 192/48/50
f 209/65/34 210/94/36 211/96/37
f 212/92/38 213/95/39 210/94/36
f 214/90/40 215/93/124 212/92/38
f 216/88/42 217/91/43 214/90/40
f 218/86/44 219/89/130 216/88/42
f 220/84/46 221/87/47 218/86/44
f 222/82/48 223/85/125 220/84/46
f 224/80/50 225/83/51 222/82/48
f 226/78/52 227/81/53 224/80/50
f 228/76/126 229/79/55 226/78/52
f 230/74/56 231/77/127 228/76/126
f 232/72/58 233/75/59 230/74/56
f 234/70/128 235/73/61 232/72/58
f 236/68/62 237/71/63 234/70/128
f 238/66/33 239/69/64 236/68/62
f 209/65/34 240/67/129 238/66/33
f 209/65/34 212/92/38 210/94/36
f 216/88/42 214/90/40 212/92/38
f 220/84/46 218/86/44 216/88/42
f 224/80/50 222/82/48 220/84/46
f 228/76/126 226/78/52 224/80/50
f 232/72/58 230/74/56 228/76/126
f 236/68/62 234/70/128 232/72/58
f 209/65/34 238/66/33 236/68/62
f 209/65/34 216/88/42 212/92/38
f 224/80/50 220/84/46 216/88/42
f 232/72/58 228/76/126 224/80/50
f 209/65/34 236/68/62 232/72/58
f 209/65/34 224/80/50 216/88/42
f 209/65/34 232/72/58 224/80/50
f 241/97/67 242/101/131 243/100/67
f 244/99/67 245/98/132 246/102/133
f 241/97/67 246/102/133 242/101/131
f 241/97/67 244/99/67 246/102/133
s 0
f 241/97/67 247/107/67 244/99/67
s 1
f 248/106/71 249/105/67 250/109/67
s 0
f 241/97/67 251/108/67 247/107/67
s 1
f 252/103/71 248/106/71 250/109/67
s 0
f 241/97/67 250/109/67 251/108/67
s 1
f 241/97/67 253/104/72 252/103/71
f 241/97/67 252/103/71 250/109/67
s 0
f 254/110/73 255/112/73 256/111/73
f 257/113/67 258/115/67 259/114/67
s 1
f 260/116/134 120/120/77 261/119/135
f 262/118/134 117/117/75 120/120/77
f 260/116/134 262/118/134 120/120/77
f 263/122/79 121/121/78 124/124/81
f 242/101/69 263/122/79 124/124/81
f 125/125/82 246/102/133 245/98/132
f 127/127/84 264/126/136 246/102/133
f 125/125/82 127/127/84 246/102/133
s 0
f 265/128/85 132/132/85 131/131/85
f 265/128/85 266/130/85 132/132/85
s 1
f 133/133/86 267/137/137 268/136/137
f 135/135/86 269/134/137 267/137/137
f 133/133/86 135/135/86 267/137/137
f 270/138/138 142/142/93 141/141/92
f 271/140/138 272/139/139 142/142/93
f 270/138/138 271/140/138 142/142/93
f 273/144/95 242/101/131 274/123/80
f 275/143/94 243/100/67 242/101/131
f 273/144/95 275/143/94 242/101/131
f 276/145/140 277/146/67 278/147/141
f 276/145/140 278/147/141 279/148/142
f 279/148/142 278/147/141 280/149/143
f 279/148/142 280/149/143 281/150/144
f 281/150/144 280/149/143 282/151/145
f 281/150/144 282/151/145 283/152/146
f 283/152/146 282/151/145 284/153/147
f 283/152/146 284/153/147 285/154/148
f 286/155/149 287/156/147 288/157/150
f 286/155/149 288/157/150 289/158/151
f 289/158/151 288/157/150 290/159/152
f 289/158/151 290/159/152 291/160/153
f 291/160/153 290/159/152 292/161/154
f 291/160/153 292/161/154 293/162/155
f 293/162/155 292/161/154 294/163/156
f 293/162/155 294/163/156 295/164/157
f 296/165/158 297/166/159 298/167/160
f 296/165/158 298/167/160 299/168/161
f 300/169/162 301/170/163 302/171/164
f 300/169/162 302/171/164 303/172/165
f 303/172/165 302/171/164 304/173/166
f 303/172/165 304/173/166 305/174/167
f 305/174/167 304/173/166 306/175/168
f 305/174/167 306/175/168 307/176/169
f 308/177/170 309/178/168 310/179/171
f 308/177/170 310/179/171 311/180/172
f 311/180/172 310/179/171 312/181/173
f 311/180/172 312/181/173 313/182/174
f 313/182/174 312/181/173 314/183/175
f 313/182/174 314/183/175 315/184/176
f 315/184/176 314/183/175 316/185/73
f 315/184/176 316/185/73 317/186/177
f 317/186/177 316/185/73 318/187/178
f 317/186/177 318/187/178 319/188/179
f 319/188/179 318/187/178 320/189/180
f 319/188/179 320/189/180 321/190/181
f 321/190/181 320/189/180 322/191/182
f 321/190/181 322/191/182 323/192/183
f 323/192/183 322/191/182 324/193/184
f 323/192/183 324/193/184 325/194/185
f 326/195/186 327/196/184 328/197/187
f 326/195/186 328/197/187 329/198/188
f 329/198/188 328/197/187 330/199/189
f 329/198/188 330/199/189 331/200/190
f 331/200/190 330/199/189 332/201/191
f 331/200/190 332/201/191 333/202/192
f 334/203/193 335/204/193 336/205/194
f 334/203/193 336/205/194 337/206/195
f 338/207/196 339/208/197 340/209/198
f 338/207/196 340/209/198 341/210/199
f 341/210/199 340/209/198 342/211/200
f 341/210/199 342/211/200 343/212/201
f 343/212/201 342/211/200 344/213/202
f 343/212/201 344/213/202 345/214/203
f 345/214/203 344/213/202 346/215/204
f 345/214/203 346/215/204 347/216/205
f 348/217/206 349/218/207 350/219/208
f 348/217/206 350/219/208 351/220/209
f 351/220/209 350/219/208 352/221/210
f 351/220/209 352/221/210 353/222/211
f 354/223/212 355/224/213 356/225/214
f 354/223/212 356/225/214 357/226/215
f 353/222/211 352/221/210 358/227/216
f 353/222/211 358/227/216 359/228/217
f 277/146/67 276/145/140 359/228/217
f 277/146/67 359/228/217 358/227/216
f 295/164/157 300/169/162 360/229/218
f 295/164/157 360/229/218 361/230/219
f 362/231/220 363/232/221 364/233/222
f 362/231/220 364/233/222 365/234/223
f 319/188/179 321/190/181 366/235/224
f 319/188/179 366/235/224 367/236/225
f 343/212/201 345/214/203 368/237/226
f 343/212/201 368/237/226 369/238/227
f 286/155/149 289/158/151 370/239/228
f 286/155/149 370/239/228 371/240/229
f 311/180/172 313/182/174 372/241/230
f 311/180/172 372/241/230 373/242/231
f 331/200/190 333/202/192 374/243/232
f 331/200/190 374/243/232 375/244/233
f 276/145/140 279/148/142 376/245/234
f 276/145/140 376/245/234 377/246/235
f 359/228/217 276/145/140 377/246/235
f 359/228/217 377/246/235 378/247/236
f 300/169/162 303/172/165 379/248/237
f 300/169/162 379/248/237 360/229/218
f 321/190/181 323/192/183 380/249/238
f 321/190/181 380/249/238 366/235/224
f 345/214/203 347/216/205 381/250/239
f 345/214/203 381/250/239 368/237/226
f 289/158/151 291/160/153 382/251/240
f 289/158/151 382/251/240 370/239/228
f 313/182/174 315/184/176 383/252/241
f 313/182/174 383/252/241 372/241/230
f 333/202/192 338/207/196 384/253/242
f 333/202/192 384/253/242 374/243/232
f 279/148/142 281/150/144 385/254/243
f 279/148/142 385/254/243 376/245/234
f 303/172/165 305/174/167 386/255/244
f 303/172/165 386/255/244 379/248/237
f 323/192/183 325/194/185 387/256/245
f 323/192/183 387/256/245 380/249/238
f 348/217/206 351/220/209 388/257/246
f 348/217/206 388/257/246 389/258/247
f 291/160/153 293/162/155 390/259/248
f 291/160/153 390/259/248 382/251/240
f 315/184/176 317/186/177 391/260/249
f 315/184/176 391/260/249 383/252/241
f 338/207/196 341/210/199 392/261/250
f 338/207/196 392/261/250 384/253/242
f 281/150/144 283/152/146 393/262/251
f 281/150/144 393/262/251 385/254/243
f 305/174/167 307/176/169 394/263/252
f 305/174/167 394/263/252 386/255/244
f 326/195/186 329/198/188 395/264/253
f 326/195/186 395/264/253 396/265/254
f 351/220/209 353/222/211 397/266/255
f 351/220/209 397/266/255 388/257/246
f 293/162/155 295/164/157 361/230/219
f 293/162/155 361/230/219 390/259/248
f 317/186/177 319/188/179 367/236/225
f 317/186/177 367/236/225 391/260/249
f 341/210/199 343/212/201 369/238/227
f 341/210/199 369/238/227 392/261/250
f 283/152/146 285/154/148 398/267/229
f 283/152/146 398/267/229 393/262/251
f 308/177/170 311/180/172 373/242/231
f 308/177/170 373/242/231 399/268/252
f 329/198/188 331/200/190 375/244/233
f 329/198/188 375/244/233 395/264/253
f 353/222/211 359/228/217 378/247/236
f 353/222/211 378/247/236 397/266/255
f 400/269/256 401/270/257 402/271/258
f 400/269/256 402/271/258 403/272/259
f 404/273/260 405/274/261 406/275/262
f 404/273/260 406/275/262 407/276/263
f 363/232/221 408/277/264 409/278/265
f 363/232/221 409/278/265 364/233/222
f 405/274/261 410/279/266 411/280/267
f 405/274/261 411/280/267 406/275/262
f 408/277/264 412/281/268 400/269/256
f 408/277/264 400/269/256 409/278/265
f 410/279/266 413/282/269 414/283/270
f 410/279/266 414/283/270 411/280/267
f 412/281/268 415/284/271 401/270/257
f 412/281/268 401/270/257 400/269/256
f 413/282/269 416/285/272 417/286/273
f 413/282/269 417/286/273 414/283/270
f 415/284/271 418/287/274 419/288/275
f 415/284/271 419/288/275 401/270/257
f 420/289/276 421/290/277 422/291/278
f 420/289/276 422/291/278 423/292/279
f 416/285/272 424/293/280 425/294/281
f 416/285/272 425/294/281 417/286/273
f 418/287/274 426/295/282 427/296/283
f 418/287/274 427/296/283 419/288/275
f 421/290/277 428/297/284 429/298/285
f 421/290/277 429/298/285 422/291/278
f 424/293/280 430/299/286 431/300/287
f 424/293/280 431/300/287 425/294/281
f 426/295/282 432/301/288 433/302/289
f 426/295/282 433/302/289 427/296/283
f 428/297/284 434/303/290 435/304/291
f 428/297/284 435/304/291 429/298/285
f 430/299/286 436/305/292 437/306/293
f 430/299/286 437/306/293 431/300/287
f 432/301/288 438/307/294 439/308/295
f 432/301/288 439/308/295 433/302/289
f 434/303/290 440/309/296 441/310/297
f 434/303/290 441/310/297 435/304/291
f 436/305/292 442/311/298 443/312/299
f 436/305/292 443/312/299 437/306/293
f 438/307/294 444/313/300 445/314/301
f 438/307/294 445/314/301 439/308/295
f 440/309/296 446/315/302 447/316/303
f 440/309/296 447/316/303 441/310/297
f 442/311/298 420/289/276 423/292/279
f 442/311/298 423/292/279 443/312/299
f 444/313/300 448/317/304 449/318/305
f 444/313/300 449/318/305 445/314/301
f 446/315/302 450/319/306 451/320/307
f 446/315/302 451/320/307 447/316/303
f 448/317/304 452/321/308 453/322/309
f 448/317/304 453/322/309 449/318/305
f 450/319/306 454/323/310 455/324/311
f 450/319/306 455/324/311 451/320/307
f 452/321/308 456/325/312 457/326/313
f 452/321/308 457/326/313 453/322/309
f 454/323/310 458/327/314 459/328/315
f 454/323/310 459/328/315 455/324/311
f 456/325/312 460/329/316 461/330/317
f 456/325/312 461/330/317 457/326/313
f 458/327/314 362/231/220 365/234/223
f 458/327/314 365/234/223 459/328/315
f 460/329/316 404/273/260 407/276/263
f 460/329/316 407/276/263 461/330/317
f 462/331/75 463/332/75 464/333/318
f 462/331/75 464/333/318 465/334/319
f 414/283/270 417/286/273 466/335/320
f 414/283/270 466/335/320 467/336/321
f 401/270/257 419/288/275 468/337/322
f 401/270/257 468/337/322 402/271/258
f 423/292/279 422/291/278 469/338/323
f 423/292/279 469/338/323 470/339/324
f 417/286/273 425/294/281 471/340/325
f 417/286/273 471/340/325 466/335/320
f 419/288/275 427/296/283 472/331/326
f 419/288/275 472/331/326 468/337/322
f 422/291/278 429/298/285 473/341/327
f 422/291/278 473/341/327 469/338/323
f 425/294/281 431/300/287 474/342/328
f 425/294/281 474/342/328 471/340/325
f 427/296/283 433/302/289 475/332/329
f 427/296/283 475/332/329 472/331/326
f 429/298/285 435/304/291 476/343/330
f 429/298/285 476/343/330 473/341/327
f 431/300/287 437/306/293 477/344/331
f 431/300/287 477/344/331 474/342/328
f 433/302/289 439/308/295 478/345/332
f 433/302/289 478/345/332 475/332/329
f 435/304/291 441/310/297 479/346/333
f 435/304/291 479/346/333 476/343/330
f 437/306/293 443/312/299 480/347/334
f 437/306/293 480/347/334 477/344/331
f 439/308/295 445/314/301 481/348/335
f 439/308/295 481/348/335 478/345/332
f 441/310/297 447/316/303 482/349/336
f 441/310/297 482/349/336 479/346/333
f 443/312/299 423/292/279 470/339/324
f 443/312/299 470/339/324 480/347/334
f 445/314/301 449/318/305 483/350/337
f 445/314/301 483/350/337 481/348/335
f 447/316/303 451/320/307 484/351/338
f 447/316/303 484/351/338 482/349/336
f 449/318/305 453/322/309 485/352/339
f 449/318/305 485/352/339 483/350/337
f 451/320/307 455/324/311 486/353/340
f 451/320/307 486/353/340 484/351/338
f 453/322/309 457/326/313 487/354/341
f 453/322/309 487/354/341 485/352/339
f 455/324/311 459/328/315 488/355/342
f 455/324/311 488/355/342 486/353/340
f 457/326/313 461/330/317 489/356/343
f 457/326/313 489/356/343 487/354/341
f 459/328/315 365/234/223 490/357/344
f 459/328/315 490/357/344 488/355/342
f 461/330/317 407/276/263 491/358/345
f 461/330/317 491/358/345 489/356/343
f 365/234/223 364/233/222 492/359/346
f 365/234/223 492/359/346 490/357/344
f 407/276/263 406/275/262 493/360/347
f 407/276/263 493/360/347 491/358/345
f 364/233/222 409/278/265 494/361/348
f 364/233/222 494/361/348 492/359/346
f 406/275/262 411/280/267 495/362/349
f 406/275/262 495/362/349 493/360/347
f 409/278/265 400/269/256 403/272/259
f 409/278/265 403/272/259 494/361/348
f 411/280/267 414/283/270 467/336/321
f 411/280/267 467/336/321 495/362/349
f 496/363/350 497/364/351 498/365/352
f 496/363/350 498/365/352 499/366/353
f 500/341/75 501/343/75 502/367/354
f 500/341/75 502/367/354 503/368/355
f 504/342/75 505/344/75 506/369/356
f 504/342/75 506/369/356 507/370/357
f 463/332/75 508/345/75 509/371/358
f 463/332/75 509/371/358 464/333/318
f 501/343/75 510/346/75 511/372/359
f 501/343/75 511/372/359 502/367/354
f 505/344/75 512/347/75 513/373/360
f 505/344/75 513/373/360 506/369/356
f 508/345/75 514/348/75 515/374/361
f 508/345/75 515/374/361 509/371/358
f 510/346/75 516/349/75 496/363/350
f 510/346/75 496/363/350 511/372/359
f 512/347/75 517/339/75 518/375/362
f 512/347/75 518/375/362 513/373/360
f 514/348/75 519/350/75 520/376/363
f 514/348/75 520/376/363 515/374/361
f 516/349/75 521/351/75 497/364/351
f 516/349/75 497/364/351 496/363/350
f 519/350/75 522/352/75 523/377/364
f 519/350/75 523/377/364 520/376/363
f 521/351/75 524/353/75 525/378/365
f 521/351/75 525/378/365 497/364/351
f 522/352/75 526/354/75 527/379/366
f 522/352/75 527/379/366 523/377/364
f 524/353/75 528/355/75 529/380/367
f 524/353/75 529/380/367 525/378/365
f 526/354/75 530/356/75 531/381/368
f 526/354/75 531/381/368 527/379/366
f 528/355/75 532/357/75 533/382/369
f 528/355/75 533/382/369 529/380/367
f 530/356/75 534/358/75 535/383/370
f 530/356/75 535/383/370 531/381/368
f 532/357/75 536/359/75 537/384/371
f 532/357/75 537/384/371 533/382/369
f 534/358/75 538/360/75 539/385/372
f 534/358/75 539/385/372 535/383/370
f 536/359/75 540/361/75 541/386/373
f 536/359/75 541/386/373 537/384/371
f 538/360/75 542/362/75 543/387/374
f 538/360/75 543/387/374 539/385/372
f 540/361/75 544/272/75 545/388/375
f 540/361/75 545/388/375 541/386/373
f 542/362/75 546/336/75 547/389/376
f 542/362/75 547/389/376 543/387/374
f 544/272/75 548/271/75 549/390/377
f 544/272/75 549/390/377 545/388/375
f 546/336/75 550/335/75 551/391/378
f 546/336/75 551/391/378 547/389/376
f 548/271/75 552/337/75 553/392/379
f 548/271/75 553/392/379 549/390/377
f 517/339/75 554/338/75 555/393/380
f 517/339/75 555/393/380 518/375/362
f 550/335/75 556/340/75 557/394/381
f 550/335/75 557/394/381 551/391/378
f 552/337/75 462/331/75 465/334/319
f 552/337/75 465/334/319 553/392/379
f 554/338/75 500/341/75 503/368/355
f 554/338/75 503/368/355 555/393/380
f 556/340/75 504/342/75 507/370/357
f 556/340/75 507/370/357 557/394/381
f 558/395/382 559/396/383 560/397/384
f 558/395/382 560/397/384 561/398/385
f 520/376/363 523/377/364 562/399/386
f 520/376/363 562/399/386 563/400/387
f 497/364/351 525/378/365 564/401/388
f 497/364/351 564/401/388 498/365/352
f 523/377/364 527/379/366 565/402/389
f 523/377/364 565/402/389 562/399/386
f 525/378/365 529/380/367 558/395/382
f 525/378/365 558/395/382 564/401/388
f 527/379/366 531/381/368 566/403/390
f 527/379/366 566/403/390 565/402/389
f 529/380/367 533/382/369 559/396/383
f 529/380/367 559/396/383 558/395/382
f 531/381/368 535/383/370 567/404/391
f 531/381/368 567/404/391 566/403/390
f 533/382/369 537/384/371 568/405/392
f 533/382/369 568/405/392 559/396/383
f 535/383/370 539/385/372 569/406/393
f 535/383/370 569/406/393 567/404/391
f 537/384/371 541/386/373 570/407/394
f 537/384/371 570/407/394 568/405/392
f 539/385/372 543/387/374 571/408/395
f 539/385/372 571/408/395 569/406/393
f 541/386/373 545/388/375 572/409/396
f 541/386/373 572/409/396 570/407/394
f 543/387/374 547/389/376 573/410/397
f 543/387/374 573/410/397 571/408/395
f 545/388/375 549/390/377 574/411/398
f 545/388/375 574/411/398 572/409/396
f 547/389/376 551/391/378 575/412/399
f 547/389/376 575/412/399 573/410/397
f 549/390/377 553/392/379 576/413/400
f 549/390/377 576/413/400 574/411/398
f 518/375/362 555/393/380 577/414/401
f 518/375/362 577/414/401 578/415/402
f 551/391/378 557/394/381 579/416/403
f 551/391/378 579/416/403 575/412/399
f 553/392/379 465/334/319 580/417/404
f 553/392/379 580/417/404 576/413/400
f 555/393/380 503/368/355 581/418/405
f 555/393/380 581/418/405 577/414/401
f 557/394/381 507/370/357 582/419/406
f 557/394/381 582/419/406 579/416/403
f 465/334/319 464/333/318 583/420/407
f 465/334/319 583/420/407 580/417/404
f 503/368/355 502/367/354 584/421/408
f 503/368/355 584/421/408 581/418/405
f 507/370/357 506/369/356 585/422/409
f 507/370/357 585/422/409 582/419/406
f 464/333/318 509/371/358 586/423/410
f 464/333/318 586/423/410 583/420/407
f 502/367/354 511/372/359 587/424/411
f 502/367/354 587/424/411 584/421/408
f 506/369/356 513/373/360 588/425/412
f 506/369/356 588/425/412 585/422/409
f 509/371/358 515/374/361 589/426/413
f 509/371/358 589/426/413 586/423/410
f 511/372/359 496/363/350 499/366/353
f 511/372/359 499/366/353 587/424/411
f 513/373/360 518/375/362 578/415/402
f 513/373/360 578/415/402 588/425/412
f 515/374/361 520/376/363 563/400/387
f 515/374/361 563/400/387 589/426/413
f 590/427/414 591/428/415 592/429/416
f 590/427/414 592/429/416 593/430/417
f 566/403/390 567/404/391 594/431/418
f 566/403/390 594/431/418 595/432/419
f 559/396/383 568/405/392 596/433/420
f 559/396/383 596/433/420 560/397/384
f 567/404/391 569/406/393 597/434/421
f 567/404/391 597/434/421 594/431/418
f 568/405/392 570/407/394 590/427/414
f 568/405/392 590/427/414 596/433/420
f 569/406/393 571/408/395 598/435/422
f 569/406/393 598/435/422 597/434/421
f 570/407/394 572/409/396 591/428/415
f 570/407/394 591/428/415 590/427/414
f 571/408/395 573/410/397 599/436/423
f 571/408/395 599/436/423 598/435/422
f 572/409/396 574/411/398 600/437/424
f 572/409/396 600/437/424 591/428/415
f 573/410/397 575/412/399 601/438/425
f 573/410/397 601/438/425 599/436/423
f 574/411/398 576/413/400 602/439/426
f 574/411/398 602/439/426 600/437/424
f 578/415/402 577/414/401 603/440/427
f 578/415/402 603/440/427 604/441/428
f 575/412/399 579/416/403 605/442/429
f 575/412/399 605/442/429 601/438/425
f 576/413/400 580/417/404 606/443/430
f 576/413/400 606/443/430 602/439/426
f 577/414/401 581/418/405 607/444/431
f 577/414/401 607/444/431 603/440/427
f 579/416/403 582/419/406 608/445/432
f 579/416/403 608/445/432 605/442/429
f 580/417/404 583/420/407 609/446/433
f 580/417/404 609/446/433 606/443/430
f 581/418/405 584/421/408 610/447/434
f 581/418/405 610/447/434 607/444/431
f 582/419/406 585/422/409 611/448/435
f 582/419/406 611/448/435 608/445/432
f 583/420/407 586/423/410 612/449/436
f 583/420/407 612/449/436 609/446/433
f 584/421/408 587/424/411 613/450/437
f 584/421/408 613/450/437 610/447/434
f 585/422/409 588/425/412 614/451/438
f 585/422/409 614/451/438 611/448/435
f 586/423/410 589/426/413 615/452/439
f 586/423/410 615/452/439 612/449/436
f 587/424/411 499/366/353 616/453/440
f 587/424/411 616/453/440 613/450/437
f 588/425/412 578/415/402 604/441/428
f 588/425/412 604/441/428 614/451/438
f 589/426/413 563/400/387 617/454/441
f 589/426/413 617/454/441 615/452/439
f 499/366/353 498/365/352 618/455/442
f 499/366/353 618/455/442 616/453/440
f 563/400/387 562/399/386 619/456/443
f 563/400/387 619/456/443 617/454/441
f 498/365/352 564/401/388 620/457/444
f 498/365/352 620/457/444 618/455/442
f 562/399/386 565/402/389 621/458/445
f 562/399/386 621/458/445 619/456/443
f 564/401/388 558/395/382 561/398/385
f 564/401/388 561/398/385 620/457/444
f 565/402/389 566/403/390 595/432/419
f 565/402/389 595/432/419 621/458/445
f 622/459/446 623/460/447 624/461/448
f 622/459/446 624/461/448 625/462/449
f 598/435/422 599/436/423 626/463/450
f 598/435/422 626/463/450 627/464/451
f 591/428/415 600/437/424 628/465/452
f 591/428/415 628/465/452 592/429/416
f 599/436/423 601/438/425 629/466/453
f 599/436/423 629/466/453 626/463/450
f 600/437/424 602/439/426 622/459/446
f 600/437/424 622/459/446 628/465/452
f 604/441/428 603/440/427 630/467/454
f 604/441/428 630/467/454 631/468/455
f 601/438/425 605/442/429 632/469/456
f 601/438/425 632/469/456 629/466/453
f 602/439/426 606/443/430 623/460/447
f 602/439/426 623/460/447 622/459/446
f 603/440/427 607/444/431 633/470/457
f 603/440/427 633/470/457 630/467/454
f 605/442/429 608/445/432 634/471/458
f 605/442/429 634/471/458 632/469/456
f 606/443/430 609/446/433 635/472/459
f 606/443/430 635/472/459 623/460/447
f 607/444/431 610/447/434 636/473/460
f 607/444/431 636/473/460 633/470/457
f 608/445/432 611/448/435 637/474/461
f 608/445/432 637/474/461 634/471/458
f 609/446/433 612/449/436 638/475/462
f 609/446/433 638/475/462 635/472/459
f 610/447/434 613/450/437 639/476/463
f 610/447/434 639/476/463 636/473/460
f 611/448/435 614/451/438 640/477/464
f 611/448/435 640/477/464 637/474/461
f 612/449/436 615/452/439 641/478/465
f 612/449/436 641/478/465 638/475/462
f 613/450/437 616/453/440 642/479/466
f 613/450/437 642/479/466 639/476/463
f 614/451/438 604/441/428 631/468/455
f 614/451/438 631/468/455 640/477/464
f 615/452/439 617/454/441 643/480/467
f 615/452/439 643/480/467 641/478/465
f 616/453/440 618/455/442 644/481/468
f 616/453/440 644/481/468 642/479/466
f 617/454/441 619/456/443 645/482/469
f 617/454/441 645/482/469 643/480/467
f 618/455/442 620/457/444 646/483/470
f 618/455/442 646/483/470 644/481/468
f 619/456/443 621/458/445 647/484/471
f 619/456/443 647/484/471 645/482/469
f 620/457/444 561/398/385 648/485/472
f 620/457/444 648/485/472 646/483/470
f 621/458/445 595/432/419 649/486/473
f 621/458/445 649/486/473 647/484/471
f 561/398/385 560/397/384 650/487/474
f 561/398/385 650/487/474 648/485/472
f 595/432/419 594/431/418 651/488/475
f 595/432/419 651/488/475 649/486/473
f 560/397/384 596/433/420 652/489/476
f 560/397/384 652/489/476 650/487/474
f 594/431/418 597/434/421 653/490/477
f 594/431/418 653/490/477 651/488/475
f 596/433/420 590/427/414 593/430/417
f 596/433/420 593/430/417 652/489/476
f 597/434/421 598/435/422 627/464/451
f 597/434/421 627/464/451 653/490/477
f 654/491/478 655/492/479 656/493/480
f 654/491/478 656/493/480 657/494/481
f 630/467/454 633/470/457 658/495/482
f 630/467/454 658/495/482 659/496/483
f 632/469/456 634/471/458 660/497/484
f 632/469/456 660/497/484 661/498/485
f 623/460/447 635/472/459 662/499/486
f 623/460/447 662/499/486 624/461/448
f 633/470/457 636/473/460 663/500/487
f 633/470/457 663/500/487 658/495/482
f 634/471/458 637/474/461 664/501/488
f 634/471/458 664/501/488 660/497/484
f 635/472/459 638/475/462 665/502/489
f 635/472/459 665/502/489 662/499/486
f 636/473/460 639/476/463 666/503/490
f 636/473/460 666/503/490 663/500/487
f 637/474/461 640/477/464 667/504/491
f 637/474/461 667/504/491 664/501/488
f 638/475/462 641/478/465 668/505/492
f 638/475/462 668/505/492 665/502/489
f 639/476/463 642/479/466 669/506/493
f 639/476/463 669/506/493 666/503/490
f 640/477/464 631/468/455 670/507/494
f 640/477/464 670/507/494 667/504/491
f 641/478/465 643/480/467 671/508/495
f 641/478/465 671/508/495 668/505/492
f 642/479/466 644/481/468 672/509/496
f 642/479/466 672/509/496 669/506/493
f 643/480/467 645/482/469 673/510/497
f 643/480/467 673/510/497 671/508/495
f 644/481/468 646/483/470 674/511/498
f 644/481/468 674/511/498 672/509/496
f 645/482/469 647/484/471 675/512/499
f 645/482/469 675/512/499 673/510/497
f 646/483/470 648/485/472 676/513/500
f 646/483/470 676/513/500 674/511/498
f 677/514/501 678/515/473 679/516/502
f 677/514/501 679/516/502 680/517/503
f 648/485/472 650/487/474 681/518/504
f 648/485/472 681/518/504 676/513/500
f 678/515/473 682/519/505 683/520/506
f 678/515/473 683/520/506 679/516/502
f 650/487/474 652/489/476 684/521/507
f 650/487/474 684/521/507 681/518/504
f 682/519/505 685/522/477 686/523/508
f 682/519/505 686/523/508 683/520/506
f 652/489/476 593/430/417 687/524/509
f 652/489/476 687/524/509 684/521/507
f 685/522/477 688/525/510 689/526/511
f 685/522/477 689/526/511 686/523/508
f 593/430/417 592/429/416 690/527/512
f 593/430/417 690/527/512 687/524/509
f 688/525/510 691/528/513 692/529/514
f 688/525/510 692/529/514 689/526/511
f 592/429/416 628/465/452 693/530/515
f 592/429/416 693/530/515 690/527/512
f 691/528/513 694/531/516 695/532/517
f 691/528/513 695/532/517 692/529/514
f 628/465/452 622/459/446 625/462/449
f 628/465/452 625/462/449 693/530/515
f 631/468/455 630/467/454 659/496/483
f 631/468/455 659/496/483 670/507/494
f 629/466/453 632/469/456 661/498/485
f 629/466/453 661/498/485 696/533/518
f 697/534/519 698/535/520 699/536/521
f 697/534/519 699/536/521 700/537/522
f 701/538/523 702/539/524 703/540/525
f 701/538/523 703/540/525 704/541/526
f 655/492/479 705/542/495 706/543/527
f 655/492/479 706/543/527 656/493/480
f 698/535/520 707/544/528 708/545/529
f 698/535/520 708/545/529 699/536/521
f 705/542/495 709/546/530 710/547/531
f 705/542/495 710/547/531 706/543/527
f 707/544/528 711/548/532 712/549/533
f 707/544/528 712/549/533 708/545/529
f 713/550/530 680/517/503 714/551/534
f 713/550/530 714/551/534 715/552/531
f 711/548/532 716/553/535 717/554/536
f 711/548/532 717/554/536 712/549/533
f 680/517/503 679/516/502 718/555/537
f 680/517/503 718/555/537 714/551/534
f 716/553/535 719/556/538 720/557/539
f 716/553/535 720/557/539 717/554/536
f 679/516/502 683/520/506 721/558/540
f 679/516/502 721/558/540 718/555/537
f 719/556/538 722/559/541 723/560/542
f 719/556/538 723/560/542 720/557/539
f 683/520/506 686/523/508 724/561/543
f 683/520/506 724/561/543 721/558/540
f 722/559/541 725/562/544 726/563/545
f 722/559/541 726/563/545 723/560/542
f 686/523/508 689/526/511 727/564/546
f 686/523/508 727/564/546 724/561/543
f 725/562/544 728/565/512 729/566/547
f 725/562/544 729/566/547 726/563/545
f 689/526/511 692/529/514 730/567/548
f 689/526/511 730/567/548 727/564/546
f 731/568/549 732/569/550 733/570/551
f 731/568/549 733/570/551 734/571/552
f 692/529/514 695/532/517 735/572/553
f 692/529/514 735/572/553 730/567/548
f 732/569/550 736/573/554 737/574/555
f 732/569/550 737/574/555 733/570/551
f 702/539/524 738/575/556 739/576/557
f 702/539/524 739/576/557 703/540/525
f 695/532/517 740/577/558 741/578/559
f 695/532/517 741/578/559 735/572/553
f 736/573/554 742/579/560 743/580/561
f 736/573/554 743/580/561 737/574/555
f 738/575/556 744/581/562 745/582/563
f 738/575/556 745/582/563 739/576/557
f 746/583/564 747/584/565 748/585/566
f 746/583/564 748/585/566 749/586/567
f 742/579/560 750/587/568 751/588/569
f 742/579/560 751/588/569 743/580/561
f 744/581/562 752/589/570 753/590/571
f 744/581/562 753/590/571 745/582/563
f 747/584/565 754/591/572 755/592/573
f 747/584/565 755/592/573 748/585/566
f 750/587/568 654/491/478 657/494/481
f 750/587/568 657/494/481 751/588/569
f 752/589/570 756/593/519 757/594/522
f 752/589/570 757/594/522 753/590/571
f 754/591/572 701/538/523 704/541/526
f 754/591/572 704/541/526 755/592/573
f 758/595/574 759/596/575 760/597/576
f 758/595/574 760/597/576 761/598/577
f 762/599/578 763/600/579 764/601/580
f 762/599/578 764/601/580 765/602/581
f 766/603/582 767/604/583 768/605/584
f 766/603/582 768/605/584 769/606/585
f 759/596/575 770/607/586 771/608/587
f 759/596/575 771/608/587 760/597/576
f 767/604/583 772/609/588 773/610/589
f 767/604/583 773/610/589 768/605/584
f 770/607/586 774/611/590 762/599/578
f 770/607/586 762/599/578 771/608/587
f 775/612/591 776/613/592 777/614/593
f 775/612/591 777/614/593 778/615/589
f 774/611/590 779/616/594 763/600/579
f 774/611/590 763/600/579 762/599/578
f 776/613/592 780/617/595 781/618/596
f 776/613/592 781/618/596 777/614/593
f 782/619/597 783/620/598 784/621/599
f 782/619/597 784/621/599 785/622/600
f 779/616/594 786/623/601 787/624/602
f 779/616/594 787/624/602 763/600/579
f 780/617/595 788/625/603 789/626/604
f 780/617/595 789/626/604 781/618/596
f 783/620/598 790/627/605 791/628/606
f 783/620/598 791/628/606 784/621/599
f 792/629/601 793/630/607 794/631/608
f 792/629/601 794/631/608 795/632/602
f 788/625/603 796/633/609 797/634/610
f 788/625/603 797/634/610 789/626/604
f 790/627/605 798/635/611 799/636/612
f 790/627/605 799/636/612 791/628/606
f 793/630/607 800/637/613 801/638/614
f 793/630/607 801/638/614 794/631/608
f 796/633/609 802/639/615 803/640/616
f 796/633/609 803/640/616 797/634/610
f 798/635/611 804/641/617 805/642/618
f 798/635/611 805/642/618 799/636/612
f 800/637/613 806/643/619 807/644/620
f 800/637/613 807/644/620 801/638/614
f 802/639/615 808/645/621 809/646/622
f 802/639/615 809/646/622 803/640/616
f 810/647/623 811/648/624 812/649/625
f 810/647/623 812/649/625 813/650/626
f 806/643/619 782/619/597 785/622/600
f 806/643/619 785/622/600 807/644/620
f 808/645/621 814/651/627 815/652/628
f 808/645/621 815/652/628 809/646/622
f 811/648/624 816/653/629 817/654/630
f 811/648/624 817/654/630 812/649/625
f 814/651/627 818/655/631 819/656/632
f 814/651/627 819/656/632 815/652/628
f 816/653/629 820/657/633 821/658/634
f 816/653/629 821/658/634 817/654/630
f 822/659/631 823/660/635 824/661/636
f 822/659/631 824/661/636 825/662/637
f 820/657/633 826/663/638 827/664/639
f 820/657/633 827/664/639 821/658/634
f 823/660/635 828/665/640 829/666/641
f 823/660/635 829/666/641 824/661/636
f 826/663/638 830/667/642 831/668/643
f 826/663/638 831/668/643 827/664/639
f 828/665/640 758/595/574 761/598/577
f 828/665/640 761/598/577 829/666/641
f 830/667/642 766/603/582 769/606/585
f 830/667/642 769/606/585 831/668/643
f 832/669/644 833/670/645 834/671/646
f 832/669/644 834/671/646 835/672/647
f 777/614/593 781/618/596 836/673/648
f 777/614/593 836/673/648 837/674/649
f 785/622/600 784/621/599 838/675/650
f 785/622/600 838/675/650 839/676/651
f 763/600/579 787/624/602 840/677/652
f 763/600/579 840/677/652 764/601/580
f 781/618/596 789/626/604 841/678/653
f 781/618/596 841/678/653 836/673/648
f 784/621/599 791/628/606 832/669/644
f 784/621/599 832/669/644 838/675/650
f 795/632/602 794/631/608 842/679/654
f 795/632/602 842/679/654 843/680/652
f 789/626/604 797/634/610 844/681/655
f 789/626/604 844/681/655 841/678/653
f 791/628/606 799/636/612 833/670/645
f 791/628/606 833/670/645 832/669/644
f 794/631/608 801/638/614 845/682/656
f 794/631/608 845/682/656 842/679/654
f 797/634/610 803/640/616 846/683/657
f 797/634/610 846/683/657 844/681/655
f 799/636/612 805/642/618 847/684/658
f 799/636/612 847/684/658 833/670/645
f 801/638/614 807/644/620 848/685/659
f 801/638/614 848/685/659 845/682/656
f 803/640/616 809/646/622 849/686/660
f 803/640/616 849/686/660 846/683/657
f 813/650/626 812/649/625 850/687/661
f 813/650/626 850/687/661 851/688/662
f 807/644/620 785/622/600 839/676/651
f 807/644/620 839/676/651 848/685/659
f 809/646/622 815/652/628 852/689/663
f 809/646/622 852/689/663 849/686/660
f 812/649/625 817/654/630 853/690/664
f 812/649/625 853/690/664 850/687/661
f 815/652/628 819/656/632 854/691/665
f 815/652/628 854/691/665 852/689/663
f 817/654/630 821/658/634 855/692/666
f 817/654/630 855/692/666 853/690/664
f 825/662/637 824/661/636 856/693/667
f 825/662/637 856/693/667 857/694/668
f 821/658/634 827/664/639 858/695/669
f 821/658/634 858/695/669 855/692/666
f 824/661/636 829/666/641 859/696/670
f 824/661/636 859/696/670 856/693/667
f 827/664/639 831/668/643 860/697/671
f 827/664/639 860/697/671 858/695/669
f 829/666/641 761/598/577 861/698/672
f 829/666/641 861/698/672 859/696/670
f 831/668/643 769/606/585 862/699/673
f 831/668/643 862/699/673 860/697/671
f 761/598/577 760/597/576 863/700/674
f 761/598/577 863/700/674 861/698/672
f 769/606/585 768/605/584 864/701/675
f 769/606/585 864/701/675 862/699/673
f 760/597/576 771/608/587 865/702/676
f 760/597/576 865/702/676 863/700/674
f 768/605/584 773/610/589 866/703/677
f 768/605/584 866/703/677 864/701/675
f 771/608/587 762/599/578 765/602/581
f 771/608/587 765/602/581 865/702/676
f 778/615/589 777/614/593 837/674/649
f 778/615/589 837/674/649 867/704/678
f 868/705/679 869/706/680 870/707/681
f 868/705/679 870/707/681 871/708/682
f 842/679/654 845/682/656 872/709/683
f 842/679/654 872/709/683 873/710/684
f 844/681/655 846/683/657 874/711/685
f 844/681/655 874/711/685 875/712/686
f 833/670/645 847/684/658 876/713/687
f 833/670/645 876/713/687 834/671/646
f 845/682/656 848/685/659 877/714/688
f 845/682/656 877/714/688 872/709/683
f 846/683/657 849/686/660 878/715/689
f 846/683/657 878/715/689 874/711/685
f 851/688/662 850/687/661 868/705/679
f 851/688/662 868/705/679 879/716/690
f 848/685/659 839/676/651 880/717/691
f 848/685/659 880/717/691 877/714/688
f 849/686/660 852/689/663 881/718/692
f 849/686/660 881/718/692 878/715/689
f 850/687/661 853/690/664 869/706/680
f 850/687/661 869/706/680 868/705/679
f 852/689/663 854/691/665 882/719/693
f 852/689/663 882/719/693 881/718/692
f 853/690/664 855/692/666 883/720/694
f 853/690/664 883/720/694 869/706/680
f 857/694/668 856/693/667 884/721/695
f 857/694/668 884/721/695 885/722/693
f 855/692/666 858/695/669 886/723/696
f 855/692/666 886/723/696 883/720/694
f 856/693/667 859/696/670 887/724/697
f 856/693/667 887/724/697 884/721/695
f 858/695/669 860/697/671 888/725/698
f 858/695/669 888/725/698 886/723/696
f 859/696/670 861/698/672 889/726/699
f 859/696/670 889/726/699 887/724/697
f 860/697/671 862/699/673 890/727/700
f 860/697/671 890/727/700 888/725/698
f 861/698/672 863/700/674 891/728/701
f 861/698/672 891/728/701 889/726/699
f 862/699/673 864/701/675 892/729/702
f 862/699/673 892/729/702 890/727/700
f 863/700/674 865/702/676 893/730/703
f 863/700/674 893/730/703 891/728/701
f 864/701/675 866/703/677 894/731/704
f 864/701/675 894/731/704 892/729/702
f 865/702/676 765/602/581 895/732/705
f 865/702/676 895/732/705 893/730/703
f 867/704/678 837/674/649 896/733/706
f 867/704/678 896/733/706 897/734/704
f 765/602/581 764/601/580 898/735/707
f 765/602/581 898/735/707 895/732/705
f 837/674/649 836/673/648 899/736/708
f 837/674/649 899/736/708 896/733/706
f 839/676/651 838/675/650 900/737/709
f 839/676/651 900/737/709 880/717/691
f 764/601/580 840/677/652 901/738/710
f 764/601/580 901/738/710 898/735/707
f 836/673/648 841/678/653 902/739/711
f 836/673/648 902/739/711 899/736/708
f 838/675/650 832/669/644 835/672/647
f 838/675/650 835/672/647 900/737/709
f 843/680/652 842/679/654 873/710/684
f 843/680/652 873/710/684 903/740/710
f 841/678/653 844/681/655 875/712/686
f 841/678/653 875/712/686 902/739/711
f 904/741/712 905/742/713 906/743/714
f 904/741/712 906/743/714 907/744/715
f 908/745/716 909/746/693 910/747/717
f 908/745/716 910/747/717 911/748/718
f 869/706/680 883/720/694 912/749/719
f 869/706/680 912/749/719 870/707/681
f 909/746/693 913/750/695 914/751/720
f 909/746/693 914/751/720 910/747/717
f 883/720/694 886/723/696 915/752/721
f 883/720/694 915/752/721 912/749/719
f 913/750/695 916/753/697 917/754/722
f 913/750/695 917/754/722 914/751/720
f 886/723/696 888/725/698 918/755/713
f 886/723/696 918/755/713 915/752/721
f 916/753/697 919/756/699 920/757/723
f 916/753/697 920/757/723 917/754/722
f 888/725/698 890/727/700 921/758/724
f 888/725/698 921/758/724 918/755/713
f 889/726/699 891/728/701 922/759/725
f 889/726/699 922/759/725 923/760/723
f 890/727/700 892/729/702 924/761/726
f 890/727/700 924/761/726 921/758/724
f 891/728/701 893/730/703 925/762/727
f 891/728/701 925/762/727 922/759/725
f 892/729/702 894/731/704 926/763/728
f 892/729/702 926/763/728 924/761/726
f 927/764/703 928/765/729 929/766/730
f 927/764/703 929/766/730 930/767/727
f 894/731/704 931/768/706 932/769/731
f 894/731/704 932/769/731 926/763/728
f 928/765/729 933/770/732 934/771/733
f 928/765/729 934/771/733 929/766/730
f 896/733/706 899/736/708 935/772/734
f 896/733/706 935/772/734 936/773/731
f 880/717/691 900/737/709 937/774/735
f 880/717/691 937/774/735 938/775/736
f 933/770/732 939/776/710 940/777/737
f 933/770/732 940/777/737 934/771/733
f 899/736/708 902/739/711 941/778/738
f 899/736/708 941/778/738 935/772/734
f 900/737/709 835/672/647 942/779/739
f 900/737/709 942/779/739 937/774/735
f 939/776/710 943/780/740 944/781/741
f 939/776/710 944/781/741 940/777/737
f 902/739/711 875/712/686 945/782/742
f 902/739/711 945/782/742 941/778/738
f 835/672/647 834/671/646 946/783/743
f 835/672/647 946/783/743 942/779/739
f 873/710/684 872/709/683 947/784/744
f 873/710/684 947/784/744 948/785/745
f 875/712/686 874/711/685 949/786/746
f 875/712/686 949/786/746 945/782/742
f 950/787/646 879/716/690 951/788/747
f 950/787/646 951/788/747 952/789/743
f 872/709/683 877/714/688 953/790/748
f 872/709/683 953/790/748 947/784/744
f 874/711/685 878/715/689 954/791/749
f 874/711/685 954/791/749 949/786/746
f 879/716/690 868/705/679 871/708/682
f 879/716/690 871/708/682 951/788/747
f 877/714/688 880/717/691 938/775/736
f 877/714/688 938/775/736 953/790/748
f 955/792/750 908/745/716 911/748/718
f 955/792/750 911/748/718 956/793/751
f 957/794/752 958/795/753 20/20/20
f 957/794/752 20/20/20 23/23/23
f 917/754/722 920/757/723 959/796/754
f 917/754/722 959/796/754 960/797/755
f 905/742/713 961/798/756 962/799/757
f 905/742/713 962/799/757 906/743/714
f 920/757/723 963/800/725 964/801/758
f 920/757/723 964/801/758 959/796/754
f 961/798/756 965/802/726 957/794/752
f 961/798/756 957/794/752 962/799/757
f 963/800/725 930/767/727 966/803/759
f 963/800/725 966/803/759 964/801/758
f 965/802/726 967/804/760 958/795/753
f 965/802/726 958/795/753 957/794/752
f 930/767/727 929/766/730 968/805/761
f 930/767/727 968/805/761 966/803/759
f 967/804/760 969/806/762 970/807/763
f 967/804/760 970/807/763 958/795/753
f 929/766/730 934/771/733 971/808/764
f 929/766/730 971/808/764 968/805/761
f 969/806/762 972/809/765 973/810/766
f 969/806/762 973/810/766 970/807/763
f 974/811/736 975/812/767 976/813/768
f 974/811/736 976/813/768 977/814/769
f 934/771/733 940/777/737 978/815/770
f 934/771/733 978/815/770 971/808/764
f 972/809/765 979/816/771 980/817/772
f 972/809/765 980/817/772 973/810/766
f 975/812/767 981/818/773 982/819/774
f 975/812/767 982/819/774 976/813/768
f 940/777/737 944/781/741 983/820/775
f 940/777/737 983/820/775 978/815/770
f 979/816/771 984/821/776 985/822/777
f 979/816/771 985/822/777 980/817/772
f 981/818/773 986/823/778 987/824/779
f 981/818/773 987/824/779 982/819/774
f 944/781/741 988/825/744 989/826/780
f 944/781/741 989/826/780 983/820/775
f 984/821/776 990/827/781 991/828/782
f 984/821/776 991/828/782 985/822/777
f 986/823/778 992/829/783 993/830/784
f 986/823/778 993/830/784 987/824/779
f 988/825/744 994/831/748 995/832/785
f 988/825/744 995/832/785 989/826/780
f 990/827/781 956/793/751 996/833/786
f 990/827/781 996/833/786 991/828/782
f 992/829/783 997/834/787 998/835/788
f 992/829/783 998/835/788 993/830/784
f 994/831/748 974/811/736 977/814/769
f 994/831/748 977/814/769 995/832/785
f 956/793/751 911/748/718 999/836/789
f 956/793/751 999/836/789 996/833/786
f 997/834/787 1000/837/790 1001/838/791
f 997/834/787 1001/838/791 998/835/788
f 911/748/718 910/747/717 1002/839/792
f 911/748/718 1002/839/792 999/836/789
f 1000/837/790 1003/840/793 1004/841/794
f 1000/837/790 1004/841/794 1001/838/791
f 910/747/717 914/751/720 1005/842/795
f 910/747/717 1005/842/795 1002/839/792
f 1003/840/793 904/741/712 907/744/715
f 1003/840/793 907/744/715 1004/841/794
f 914/751/720 917/754/722 960/797/755
f 914/751/720 960/797/755 1005/842/795
f 966/803/759 968/805/761 6/6/6
f 966/803/759 6/6/6 9/9/9
f 958/795/753 970/807/763 21/21/21
f 958/795/753 21/21/21 20/20/20
f 968/805/761 971/808/764 7/7/7
f 968/805/761 7/7/7 6/6/6
f 970/807/763 973/810/766 18/18/18
f 970/807/763 18/18/18 21/21/21
f 977/814/769 976/813/768 32/32/32
f 977/814/769 32/32/32 1/1/1
f 971/808/764 978/815/770 4/4/4
f 971/808/764 4/4/4 7/7/7
f 973/810/766 980/817/772 19/19/19
f 973/810/766 19/19/19 18/18/18
f 976/813/768 982/819/774 30/30/30
f 976/813/768 30/30/30 32/32/32
f 978/815/770 983/820/775 5/5/5
f 978/815/770 5/5/5 4/4/4
f 980/817/772 985/822/777 16/16/16
f 980/817/772 16/16/16 19/19/19
f 982/819/774 987/824/779 31/31/31
f 982/819/774 31/31/31 30/30/30
f 983/820/775 989/826/780 2/2/2
f 983/820/775 2/2/2 5/5/5
f 985/822/777 991/828/782 17/17/17
f 985/822/777 17/17/17 16/16/16
f 987/824/779 993/830/784 28/28/28
f 987/824/779 28/28/28 31/31/31
f 989/826/780 995/832/785 3/3/3
f 989/826/780 3/3/3 2/2/2
f 991/828/782 996/833/786 14/14/14
f 991/828/782 14/14/14 17/17/17
f 993/830/784 998/835/788 29/29/29
f 993/830/784 29/29/29 28/28/28
f 995/832/785 977/814/769 1/1/1
f 995/832/785 1/1/1 3/3/3
f 996/833/786 999/836/789 15/15/15
f 996/833/786 15/15/15 14/14/14
f 998/835/788 1001/838/791 26/26/26
f 998/835/788 26/26/26 29/29/29
f 999/836/789 1002/839/792 12/12/12
f 999/836/789 12/12/12 15/15/15
f 1001/838/791 1004/841/794 27/27/27
f 1001/838/791 27/27/27 26/26/26
f 1002/839/792 1005/842/795 13/13/13
f 1002/839/792 13/13/13 12/12/12
f 1004/841/794 907/744/715 24/24/24
f 1004/841/794 24/24/24 27/27/27
f 1005/842/795 960/797/755 10/10/10
f 1005/842/795 10/10/10 13/13/13
f 907/744/715 906/743/714 25/25/25
f 907/744/715 25/25/25 24/24/24
f 960/797/755 959/796/754 11/11/11
f 960/797/755 11/11/11 10/10/10
f 906/743/714 962/799/757 22/22/22
f 906/743/714 22/22/22 25/25/25
f 959/796/754 964/801/758 8/8/8
f 959/796/754 8/8/8 11/11/11
f 962/799/757 957/794/752 23/23/23
f 962/799/757 23/23/23 22/22/22
f 964/801/758 966/803/759 9/9/9
f 964/801/758 9/9/9 8/8/8
f 1006/843/796 1007/844/797 1008/845/798
f 1006/843/796 1008/845/798 1009/846/799
f 1010/847/800 1011/848/801 1012/849/802
f 1010/847/800 1012/849/802 1013/850/803
f 1014/851/73 296/165/158 299/168/161
f 1014/851/73 299/168/161 1015/852/73
f 1016/853/804 1017/854/805 1007/844/797
f 1016/853/804 1007/844/797 1006/843/796
f 1018/855/806 1019/856/807 1020/857/808
f 1018/855/806 1020/857/808 1021/858/809
f 1022/859/810 1023/860/811 1024/861/812
f 1022/859/810 1024/861/812 1025/862/813
f 1026/863/814 1027/864/815 1028/865/816
f 1026/863/814 1028/865/816 1029/866/817
f 1030/201/818 1031/199/212 1032/867/215
f 1030/201/818 1032/867/215 1033/868/819
f 1034/869/820 1035/870/821 1036/871/822
f 1034/869/820 1036/871/822 1037/872/823
f 1035/870/821 1010/847/800 1013/850/803
f 1035/870/821 1013/850/803 1036/871/822
f 1038/873/824 1039/874/825 1040/875/826
f 1038/873/824 1040/875/826 1041/876/827
f 1042/877/828 1016/853/804 1006/843/796
f 1042/877/828 1006/843/796 1043/878/829
f 1044/879/830 1018/855/806 1021/858/809
f 1044/879/830 1021/858/809 1045/880/831
f 1046/881/832 1022/859/810 1025/862/813
f 1046/881/832 1025/862/813 1047/882/833
f 1048/883/834 1026/863/814 1029/866/817
f 1048/883/834 1029/866/817 1049/884/835
f 1050/208/836 1030/201/818 1033/868/819
f 1050/208/836 1033/868/819 1051/885/837
f 1052/886/838 1034/869/820 1037/872/823
f 1052/886/838 1037/872/823 1053/887/839
f 1054/888/840 1038/873/824 1041/876/827
f 1054/888/840 1041/876/827 1055/889/841
f 1056/890/842 1042/877/828 1043/878/829
f 1056/890/842 1043/878/829 1057/891/843
f 1058/892/844 1044/879/830 1045/880/831
f 1058/892/844 1045/880/831 1059/893/845
f 1060/894/846 1046/881/832 1047/882/833
f 1060/894/846 1047/882/833 1061/895/847
f 1062/896/848 1048/883/834 1049/884/835
f 1062/896/848 1049/884/835 1063/897/849
f 1064/209/850 1050/208/836 1051/885/837
f 1064/209/850 1051/885/837 1065/898/851
f 1066/899/852 1052/886/838 1053/887/839
f 1066/899/852 1053/887/839 1067/900/853
f 1068/901/854 1054/888/840 1055/889/841
f 1068/901/854 1055/889/841 1069/902/855
f 355/224/213 1056/890/842 1057/891/843
f 355/224/213 1057/891/843 356/225/214
f 1011/848/801 1058/892/844 1059/893/845
f 1011/848/801 1059/893/845 1012/849/802
f 1070/903/856 1060/894/846 1061/895/847
f 1070/903/856 1061/895/847 1071/904/857
f 1072/187/858 1073/185/859 1074/905/849
f 1072/187/858 1074/905/849 1075/906/860
f 1076/211/807 1064/209/850 1065/898/851
f 1076/211/807 1065/898/851 1077/907/861
f 1023/860/811 1066/899/852 1067/900/853
f 1023/860/811 1067/900/853 1024/861/812
f 1027/864/815 1068/901/854 1069/902/855
f 1027/864/815 1069/902/855 1028/865/816
f 1078/908/862 1079/909/863 1080/910/864
f 1078/908/862 1080/910/864 1081/911/865
f 1025/862/813 1024/861/812 1082/912/866
f 1025/862/813 1082/912/866 1083/913/867
f 1036/871/822 1013/850/803 1084/914/868
f 1036/871/822 1084/914/868 1085/915/869
f 1043/878/829 1006/843/796 1009/846/799
f 1043/878/829 1009/846/799 1086/916/870
f 1047/882/833 1025/862/813 1083/913/867
f 1047/882/833 1083/913/867 1087/917/871
f 1057/891/843 1043/878/829 1086/916/870
f 1057/891/843 1086/916/870 1079/909/863
f 1061/895/847 1047/882/833 1087/917/871
f 1061/895/847 1087/917/871 1088/918/872
f 356/225/214 1057/891/843 1079/909/863
f 356/225/214 1079/909/863 1078/908/862
f 1071/904/857 1061/895/847 1088/918/872
f 1071/904/857 1088/918/872 1089/919/873
f 357/226/215 356/225/214 1078/908/862
f 357/226/215 1078/908/862 1090/920/874
f 1091/921/875 1092/922/67 1093/923/67
f 1091/921/875 1093/923/67 1094/924/876
f 1095/925/819 357/226/215 1090/920/874
f 1095/925/819 1090/920/874 1096/926/877
f 1041/876/827 1040/875/826 1097/927/878
f 1041/876/827 1097/927/878 1098/928/879
f 1099/929/880 1095/925/819 1096/926/877
f 1099/929/880 1096/926/877 1100/930/881
f 1055/889/841 1041/876/827 1098/928/879
f 1055/889/841 1098/928/879 1101/931/882
f 1102/932/883 1099/929/880 1100/930/881
f 1102/932/883 1100/930/881 1103/933/884
f 1069/902/855 1055/889/841 1101/931/882
f 1069/902/855 1101/931/882 1104/934/885
f 1020/857/808 1102/932/883 1103/933/884
f 1020/857/808 1103/933/884 1105/935/886
f 1028/865/816 1069/902/855 1104/934/885
f 1028/865/816 1104/934/885 1106/936/887
f 1021/858/809 1020/857/808 1105/935/886
f 1021/858/809 1105/935/886 1107/937/888
f 1029/866/817 1028/865/816 1106/936/887
f 1029/866/817 1106/936/887 1108/938/889
f 1037/872/823 1036/871/822 1085/915/869
f 1037/872/823 1085/915/869 1109/939/890
f 1045/880/831 1021/858/809 1107/937/888
f 1045/880/831 1107/937/888 1110/940/891
f 1049/884/835 1029/866/817 1108/938/889
f 1049/884/835 1108/938/889 1111/941/892
f 1053/887/839 1037/872/823 1109/939/890
f 1053/887/839 1109/939/890 1112/942/893
f 1059/893/845 1045/880/831 1110/940/891
f 1059/893/845 1110/940/891 1113/943/894
f 1063/897/849 1049/884/835 1111/941/892
f 1063/897/849 1111/941/892 1114/944/895
f 1067/900/853 1053/887/839 1112/942/893
f 1067/900/853 1112/942/893 1115/945/896
f 1012/849/802 1059/893/845 1113/943/894
f 1012/849/802 1113/943/894 1116/946/897
f 1007/844/797 1063/897/849 1114/944/895
f 1007/844/797 1114/944/895 1008/845/798
f 1024/861/812 1067/900/853 1115/945/896
f 1024/861/812 1115/945/896 1082/912/866
f 1013/850/803 1012/849/802 1116/946/897
f 1013/850/803 1116/946/897 1084/914/868
f 1089/919/873 1088/918/872 1117/947/898
f 1089/919/873 1117/947/898 1118/948/899
f 1090/920/874 1078/908/862 1081/911/865
f 1090/920/874 1081/911/865 1119/949/900
f 1120/950/901 1121/951/901 1122/952/902
f 1120/950/901 1122/952/902 1123/953/903
f 1096/926/877 1090/920/874 1119/949/900
f 1096/926/877 1119/949/900 1124/954/904
f 1098/928/879 1097/927/878 1125/955/905
f 1098/928/879 1125/955/905 1126/956/906
f 1100/930/881 1096/926/877 1124/954/904
f 1100/930/881 1124/954/904 1127/957/907
f 1101/931/882 1098/928/879 1126/956/906
f 1101/931/882 1126/956/906 1128/958/908
f 1103/933/884 1100/930/881 1127/957/907
f 1103/933/884 1127/957/907 1129/959/909
f 1104/934/885 1101/931/882 1128/958/908
f 1104/934/885 1128/958/908 1130/960/910
f 1105/935/886 1103/933/884 1129/959/909
f 1105/935/886 1129/959/909 1131/961/911
f 1106/936/887 1104/934/885 1130/960/910
f 1106/936/887 1130/960/910 1132/962/912
f 1107/937/888 1105/935/886 1131/961/911
f 1107/937/888 1131/961/911 1133/963/913
f 1108/938/889 1106/936/887 1132/962/912
f 1108/938/889 1132/962/912 1134/964/914
f 1109/939/890 1085/915/869 1135/965/915
f 1109/939/890 1135/965/915 1136/966/916
f 1110/940/891 1107/937/888 1133/963/913
f 1110/940/891 1133/963/913 1137/967/917
f 1111/941/892 1108/938/889 1134/964/914
f 1111/941/892 1134/964/914 1138/968/918
f 1112/942/893 1109/939/890 1136/966/916
f 1112/942/893 1136/966/916 1139/969/919
f 1113/943/894 1110/940/891 1137/967/917
f 1113/943/894 1137/967/917 1140/970/920
f 1114/944/895 1111/941/892 1138/968/918
f 1114/944/895 1138/968/918 1141/971/921
f 1115/945/896 1112/942/893 1139/969/919
f 1115/945/896 1139/969/919 1142/972/922
f 1116/946/897 1113/943/894 1140/970/920
f 1116/946/897 1140/970/920 1143/973/923
f 1008/845/798 1114/944/895 1141/971/921
f 1008/845/798 1141/971/921 1144/974/924
f 1082/912/866 1115/945/896 1142/972/922
f 1082/912/866 1142/972/922 1145/975/925
f 1084/914/868 1116/946/897 1143/973/923
f 1084/914/868 1143/973/923 1146/976/926
f 1009/846/799 1008/845/798 1144/974/924
f 1009/846/799 1144/974/924 1147/977/927
f 1083/913/867 1082/912/866 1145/975/925
f 1083/913/867 1145/975/925 1148/978/928
f 1085/915/869 1084/914/868 1146/976/926
f 1085/915/869 1146/976/926 1135/965/915
f 1086/916/870 1009/846/799 1147/977/927
f 1086/916/870 1147/977/927 1149/979/929
f 1087/917/871 1083/913/867 1148/978/928
f 1087/917/871 1148/978/928 1150/980/930
f 1079/909/863 1086/916/870 1149/979/929
f 1079/909/863 1149/979/929 1080/910/864
f 1088/918/872 1087/917/871 1150/980/930
f 1088/918/872 1150/980/930 1117/947/898
f 1151/981/931 1152/982/932 1153/983/933
f 1151/981/931 1153/983/933 1154/984/934
s 0
f 1155/985/75 1156/986/75 1157/987/75
f 1155/985/75 1157/987/75 1158/988/75
s 1
f 1159/989/935 1160/990/936 1161/991/937
f 1159/989/935 1161/991/937 1162/992/938
f 1163/993/939 1164/994/940 1165/995/941
f 1163/993/939 1165/995/941 1166/996/942
f 1167/997/943 1168/998/944 1169/999/945
f 1167/997/943 1169/999/945 1170/1000/946
f 1171/1001/947 1151/981/931 1154/984/934
f 1171/1001/947 1154/984/934 1172/1002/948
f 1173/1003/949 1163/993/939 1166/996/942
f 1173/1003/949 1166/996/942 1174/1004/950
f 1175/1005/951 1167/997/943 1170/1000/946
f 1175/1005/951 1170/1000/946 1176/1006/952
f 1177/1007/953 1171/1001/947 1172/1002/948
f 1177/1007/953 1172/1002/948 1160/990/936
f 1178/1008/954 1173/1003/949 1174/1004/950
f 1178/1008/954 1174/1004/950 1179/1009/955
f 1180/1010/956 1175/1005/951 1176/1006/952
f 1180/1010/956 1176/1006/952 1181/1011/957
f 1182/1012/958 1177/1007/953 1160/990/936
f 1182/1012/958 1160/990/936 1159/989/935
f 1183/1013/959 1178/1008/954 1179/1009/955
f 1183/1013/959 1179/1009/955 1184/1014/960
f 1185/1015/961 1180/1010/956 1181/1011/957
f 1185/1015/961 1181/1011/957 1186/1016/962
f 1187/1017/963 1182/1012/958 1159/989/935
f 1187/1017/963 1159/989/935 1188/1018/964
f 1189/1019/965 1183/1013/959 1184/1014/960
f 1189/1019/965 1184/1014/960 1190/1020/966
f 1191/1021/967 1185/1015/961 1186/1016/962
f 1191/1021/967 1186/1016/962 1192/1022/968
f 1168/998/944 1187/1017/963 1188/1018/964
f 1168/998/944 1188/1018/964 1169/999/945
f 1193/1023/969 1189/1019/965 1190/1020/966
f 1193/1023/969 1190/1020/966 1194/1024/970
f 1195/1025/971 1191/1021/967 1192/1022/968
f 1195/1025/971 1192/1022/968 1196/1026/972
f 1197/1027/973 1193/1023/969 1194/1024/970
f 1197/1027/973 1194/1024/970 1198/1028/974
f 1199/1029/975 1195/1025/971 1196/1026/972
f 1199/1029/975 1196/1026/972 1200/1030/976
f 1201/1031/977 1197/1027/973 1198/1028/974
f 1201/1031/977 1198/1028/974 1202/1032/978
f 1203/1033/979 1199/1029/975 1200/1030/976
f 1203/1033/979 1200/1030/976 1204/1034/980
f 1205/1035/981 1201/1031/977 1202/1032/978
f 1205/1035/981 1202/1032/978 1206/1036/982
f 1207/1037/983 1208/1038/983 1209/1039/984
f 1207/1037/983 1209/1039/984 1210/1040/985
f 1211/1041/986 1205/1035/981 1206/1036/982
f 1211/1041/986 1206/1036/982 1212/1042/987
f 1213/1043/988 1214/1044/989 1215/1045/990
f 1213/1043/988 1215/1045/990 1216/1046/991
f 1217/1047/992 1211/1041/986 1212/1042/987
f 1217/1047/992 1212/1042/987 1218/1048/993
f 1219/1049/994 1213/1043/988 1216/1046/991
f 1219/1049/994 1216/1046/991 1220/1050/995
f 1221/1051/996 1217/1047/992 1218/1048/993
f 1221/1051/996 1218/1048/993 1222/1052/997
f 1223/1053/998 1219/1049/994 1220/1050/995
f 1223/1053/998 1220/1050/995 1224/1054/999
f 1152/982/932 1221/1051/996 1222/1052/997
f 1152/982/932 1222/1052/997 1153/983/933
f 1164/994/940 1223/1053/998 1224/1054/999
f 1164/994/940 1224/1054/999 1165/995/941
f 1225/1055/1000 1226/1056/1001 1227/1057/1002
f 1225/1055/1000 1227/1057/1002 1228/1058/1003
f 1184/1014/960 1179/1009/955 1229/1059/1004
f 1184/1014/960 1229/1059/1004 1230/1060/1005
f 1186/1016/962 1181/1011/957 1231/1061/1006
f 1186/1016/962 1231/1061/1006 1232/1062/1007
f 1188/1018/964 1159/989/935 1162/992/938
f 1188/1018/964 1162/992/938 1233/1063/1008
f 1190/1020/966 1184/1014/960 1230/1060/1005
f 1190/1020/966 1230/1060/1005 1234/1064/1009
f 1235/1065/1010 1236/1066/962 1237/1067/1011
f 1235/1065/1010 1237/1067/1011 1238/1068/1012
f 1169/999/945 1188/1018/964 1233/1063/1008
f 1169/999/945 1233/1063/1008 1239/1069/1013
f 1194/1024/970 1190/1020/966 1234/1064/1009
f 1194/1024/970 1234/1064/1009 1240/1070/1014
f 1241/1071/1015 1235/1065/1010 1238/1068/1012
f 1241/1071/1015 1238/1068/1012 1242/1072/1016
f 1198/1028/974 1194/1024/970 1240/1070/1014
f 1198/1028/974 1240/1070/1014 1243/1073/1017
f 1244/1074/1018 1241/1071/1015 1242/1072/1016
f 1244/1074/1018 1242/1072/1016 1245/1075/1019
f 1202/1032/978 1198/1028/974 1243/1073/1017
f 1202/1032/978 1243/1073/1017 1246/1076/1020
f 1247/1077/1021 1244/1074/1018 1245/1075/1019
f 1247/1077/1021 1245/1075/1019 1248/1078/1022
f 1206/1036/982 1202/1032/978 1246/1076/1020
f 1206/1036/982 1246/1076/1020 1249/1079/1023
f 1250/1080/1024 1251/1081/1025 1252/1082/1026
f 1250/1080/1024 1252/1082/1026 1253/1083/1027
f 1212/1042/987 1206/1036/982 1249/1079/1023
f 1212/1042/987 1249/1079/1023 1254/1084/1028
f 1255/1085/1029 1256/1086/990 1257/1087/1030
f 1255/1085/1029 1257/1087/1030 1258/1088/1031
f 1218/1048/993 1212/1042/987 1254/1084/1028
f 1218/1048/993 1254/1084/1028 1259/1089/1032
f 1260/1090/1033 1255/1085/1029 1258/1088/1031
f 1260/1090/1033 1258/1088/1031 1261/1091/1034
f 1222/1052/997 1218/1048/993 1259/1089/1032
f 1222/1052/997 1259/1089/1032 1262/1092/1035
f 1224/1054/999 1220/1050/995 1263/1093/1036
f 1224/1054/999 1263/1093/1036 1264/1094/1037
f 1153/983/933 1222/1052/997 1262/1092/1035
f 1153/983/933 1262/1092/1035 1265/1095/1038
f 1165/995/941 1224/1054/999 1264/1094/1037
f 1165/995/941 1264/1094/1037 1266/1096/1039
f 1154/984/934 1153/983/933 1265/1095/1038
f 1154/984/934 1265/1095/1038 1267/1097/1040
f 1166/996/942 1165/995/941 1266/1096/1039
f 1166/996/942 1266/1096/1039 1268/1098/1041
f 1170/1000/946 1169/999/945 1239/1069/1013
f 1170/1000/946 1239/1069/1013 1269/1099/1042
f 1172/1002/948 1154/984/934 1267/1097/1040
f 1172/1002/948 1267/1097/1040 1270/1100/1043
f 1174/1004/950 1166/996/942 1268/1098/1041
f 1174/1004/950 1268/1098/1041 1271/1101/1044
f 1176/1006/952 1170/1000/946 1269/1099/1042
f 1176/1006/952 1269/1099/1042 1272/1102/1045
f 1160/990/936 1172/1002/948 1270/1100/1043
f 1160/990/936 1270/1100/1043 1161/991/937
f 1179/1009/955 1174/1004/950 1271/1101/1044
f 1179/1009/955 1271/1101/1044 1229/1059/1004
f 1181/1011/957 1176/1006/952 1272/1102/1045
f 1181/1011/957 1272/1102/1045 1231/1061/1006
f 1273/1103/1046 1274/1104/1047 1275/1105/1048
f 1273/1103/1046 1275/1105/1048 1276/1106/1049
f 1245/1075/1019 1242/1072/1016 1277/1107/1050
f 1245/1075/1019 1277/1107/1050 1278/1108/1051
f 1279/1109/1052 1280/1110/1000 1281/1111/1053
f 1279/1109/1052 1281/1111/1053 1282/1112/1054
f 1248/1078/1022 1245/1075/1019 1278/1108/1051
f 1248/1078/1022 1278/1108/1051 1283/1113/1055
f 1284/1114/1056 1279/1109/1052 1282/1112/1054
f 1284/1114/1056 1282/1112/1054 1274/1104/1047
f 1285/1115/67 1286/1116/1057 1287/1117/1058
f 1285/1115/67 1287/1117/1058 1288/1118/67
f 1289/1119/1059 1284/1114/1056 1274/1104/1047
f 1289/1119/1059 1274/1104/1047 1273/1103/1046
f 1258/1088/1031 1257/1087/1030 1290/1120/1060
f 1258/1088/1031 1290/1120/1060 1291/1121/1061
f 1292/1122/1062 1289/1119/1059 1273/1103/1046
f 1292/1122/1062 1273/1103/1046 1293/1123/1063
f 1261/1091/1034 1258/1088/1031 1291/1121/1061
f 1261/1091/1034 1291/1121/1061 1294/1124/1064
f 1295/1125/1065 1292/1122/1062 1293/1123/1063
f 1295/1125/1065 1293/1123/1063 1296/1126/1066
f 1297/1127/1067 1261/1091/1034 1294/1124/1064
f 1297/1127/1067 1294/1124/1064 1298/1128/1068
f 1299/1129/1069 1295/1125/1065 1296/1126/1066
f 1299/1129/1069 1296/1126/1066 1300/1130/1070
f 1301/1131/1071 1302/1132/1072 1303/1133/1073
f 1301/1131/1071 1303/1133/1073 1304/1134/1074
f 1305/1135/1075 1299/1129/1069 1300/1130/1070
f 1305/1135/1075 1300/1130/1070 1306/1136/1076
f 1307/1137/1077 1301/1131/1071 1304/1134/1074
f 1307/1137/1077 1304/1134/1074 1308/1138/1078
f 1309/1139/1079 1310/1140/1080 1311/1141/1081
f 1309/1139/1079 1311/1141/1081 1312/1142/1082
f 1313/1143/1083 1305/1135/1075 1306/1136/1076
f 1313/1143/1083 1306/1136/1076 1314/1144/1084
f 1315/1145/1044 1307/1137/1077 1308/1138/1078
f 1315/1145/1044 1308/1138/1078 1316/1146/1085
f 1317/1147/1086 1309/1139/1079 1312/1142/1082
f 1317/1147/1086 1312/1142/1082 1318/1148/1087
f 1319/1149/1088 1320/1150/1083 1321/1151/1084
f 1319/1149/1088 1321/1151/1084 1322/1152/1089
f 1323/1153/1090 1315/1145/1044 1316/1146/1085
f 1323/1153/1090 1316/1146/1085 1324/1154/1091
f 1325/1155/1092 1317/1147/1086 1318/1148/1087
f 1325/1155/1092 1318/1148/1087 1326/1156/1093
f 1327/1157/1094 1319/1149/1088 1322/1152/1089
f 1327/1157/1094 1322/1152/1089 1328/1158/1095
f 1329/1159/1096 1323/1153/1090 1324/1154/1091
f 1329/1159/1096 1324/1154/1091 1330/1160/1097
f 1331/1161/1098 1325/1155/1092 1326/1156/1093
f 1331/1161/1098 1326/1156/1093 1332/1162/1099
f 1333/1163/1100 1327/1157/1094 1328/1158/1095
f 1333/1163/1100 1328/1158/1095 1334/1164/1101
f 1335/1165/1009 1329/1159/1096 1330/1160/1097
f 1335/1165/1009 1330/1160/1097 1336/1166/1102
f 1238/1068/1012 1237/1067/1011 1337/1167/1103
f 1238/1068/1012 1337/1167/1103 1338/1168/1104
f 1310/1140/1080 1333/1163/1100 1334/1164/1101
f 1310/1140/1080 1334/1164/1101 1311/1141/1081
f 1226/1056/1001 1335/1165/1009 1336/1166/1102
f 1226/1056/1001 1336/1166/1102 1227/1057/1002
f 1242/1072/1016 1238/1068/1012 1338/1168/1104
f 1242/1072/1016 1338/1168/1104 1277/1107/1050
f 1339/1169/1105 1340/1170/1106 1341/1171/1107
f 1339/1169/1105 1341/1171/1107 1342/1172/1108
f 1291/1121/1061 1290/1120/1060 1343/1173/1109
f 1291/1121/1061 1343/1173/1109 1344/1174/164
f 1345/1175/1110 1346/1176/1110 1347/1177/1111
f 1345/1175/1110 1347/1177/1111 1348/1178/1112
f 1294/1124/1064 1291/1121/1061 1344/1174/164
f 1294/1124/1064 1344/1174/164 1349/1179/166
f 1296/1126/1066 1293/1123/1063 1350/1180/197
f 1296/1126/1066 1350/1180/197 1351/1181/198
f 1298/1128/1068 1294/1124/1064 1349/1179/166
f 1298/1128/1068 1349/1179/166 1352/1182/168
f 1300/1130/1070 1296/1126/1066 1351/1181/198
f 1300/1130/1070 1351/1181/198 1353/1183/200
f 1304/1134/1074 1303/1133/1073 1354/1184/168
f 1304/1134/1074 1354/1184/168 1355/1185/171
f 1306/1136/1076 1300/1130/1070 1353/1183/200
f 1306/1136/1076 1353/1183/200 1356/1186/202
f 1308/1138/1078 1304/1134/1074 1355/1185/171
f 1308/1138/1078 1355/1185/171 1357/1187/1113
f 1312/1142/1082 1311/1141/1081 1358/1188/67
f 1312/1142/1082 1358/1188/67 1359/1189/141
f 1314/1144/1084 1306/1136/1076 1356/1186/202
f 1314/1144/1084 1356/1186/202 1360/1190/1114
f 1316/1146/1085 1308/1138/1078 1357/1187/1113
f 1316/1146/1085 1357/1187/1113 1361/1191/175
f 1318/1148/1087 1312/1142/1082 1359/1189/141
f 1318/1148/1087 1359/1189/141 1362/1192/143
f 1322/1152/1089 1321/1151/1084 1363/1193/207
f 1322/1152/1089 1363/1193/207 1364/1194/208
f 1324/1154/1091 1316/1146/1085 1361/1191/175
f 1324/1154/1091 1361/1191/175 1365/1195/73
f 1326/1156/1093 1318/1148/1087 1362/1192/143
f 1326/1156/1093 1362/1192/143 1366/1196/145
f 1328/1158/1095 1322/1152/1089 1364/1194/208
f 1328/1158/1095 1364/1194/208 1367/1197/1115
f 1330/1160/1097 1324/1154/1091 1365/1195/73
f 1330/1160/1097 1365/1195/73 1368/1198/178
f 1332/1162/1099 1326/1156/1093 1366/1196/145
f 1332/1162/1099 1366/1196/145 1369/1199/147
f 1334/1164/1101 1328/1158/1095 1367/1197/1115
f 1334/1164/1101 1367/1197/1115 1370/1200/216
f 1336/1166/1102 1330/1160/1097 1368/1198/178
f 1336/1166/1102 1368/1198/178 1371/1201/180
f 1338/1168/1104 1337/1167/1103 1372/1202/147
f 1338/1168/1104 1372/1202/147 1373/1203/150
f 1311/1141/1081 1334/1164/1101 1370/1200/216
f 1311/1141/1081 1370/1200/216 1358/1188/67
f 1227/1057/1002 1336/1166/1102 1371/1201/180
f 1227/1057/1002 1371/1201/180 1374/1204/182
f 1277/1107/1050 1338/1168/1104 1373/1203/150
f 1277/1107/1050 1373/1203/150 1375/1205/1116
f 1228/1058/1003 1227/1057/1002 1374/1204/182
f 1228/1058/1003 1374/1204/182 1376/1206/184
f 1278/1108/1051 1277/1107/1050 1375/1205/1116
f 1278/1108/1051 1375/1205/1116 1377/1207/154
f 1282/1112/1054 1281/1111/1053 1378/1208/184
f 1282/1112/1054 1378/1208/184 1379/1209/187
f 1283/1113/1055 1278/1108/1051 1377/1207/154
f 1283/1113/1055 1377/1207/154 1380/1210/1117
f 1274/1104/1047 1282/1112/1054 1379/1209/187
f 1274/1104/1047 1379/1209/187 1275/1105/1048
f 1381/1211/1118 1091/921/875 1094/924/876
f 1381/1211/1118 1094/924/876 1382/1212/1119
f 1383/1213/1120 1384/1214/1121 1385/1215/1122
f 1383/1213/1120 1385/1215/1122 1386/1216/1123
f 1387/1217/1124 1388/1218/1125 1389/1219/1126
f 1387/1217/1124 1389/1219/1126 1384/1214/1121
f 1390/1220/1127 1339/1169/1105 1342/1172/1108
f 1390/1220/1127 1342/1172/1108 1391/1221/1128
f 1392/1222/1129 1387/1217/1124 1384/1214/1121
f 1392/1222/1129 1384/1214/1121 1383/1213/1120
f 1393/1223/1130 1394/1224/1131 1395/1225/1132
f 1393/1223/1130 1395/1225/1132 1396/1226/1133
f 1397/1227/1134 1390/1220/1127 1391/1221/1128
f 1397/1227/1134 1391/1221/1128 1398/1228/1135
f 1399/1229/1136 1392/1222/1129 1383/1213/1120
f 1399/1229/1136 1383/1213/1120 1400/1230/1137
f 1401/1231/1138 1393/1223/1130 1396/1226/1133
f 1401/1231/1138 1396/1226/1133 1402/1232/1139
f 1403/1233/1140 1397/1227/1134 1398/1228/1135
f 1403/1233/1140 1398/1228/1135 1404/1234/1141
f 1405/1235/1142 1399/1229/1136 1400/1230/1137
f 1405/1235/1142 1400/1230/1137 1406/1236/1143
f 1407/1237/1144 1401/1231/1138 1402/1232/1139
f 1407/1237/1144 1402/1232/1139 1408/1238/1145
f 1409/1239/1146 1403/1233/1140 1404/1234/1141
f 1409/1239/1146 1404/1234/1141 1410/1240/1147
f 1411/1241/1148 1405/1235/1142 1406/1236/1143
f 1411/1241/1148 1406/1236/1143 1412/1242/1149
f 1413/1243/1150 1407/1237/1144 1408/1238/1145
f 1413/1243/1150 1408/1238/1145 1414/1244/1151
f 1415/1245/1152 1409/1239/1146 1410/1240/1147
f 1415/1245/1152 1410/1240/1147 1416/1246/1153
f 1417/1247/1154 1411/1241/1148 1412/1242/1149
f 1417/1247/1154 1412/1242/1149 1418/1248/1155
f 1419/1249/1156 1413/1243/1150 1414/1244/1151
f 1419/1249/1156 1414/1244/1151 1420/1250/1157
f 1394/1224/1131 1415/1245/1152 1416/1246/1153
f 1394/1224/1131 1416/1246/1153 1395/1225/1132
f 1421/1251/1158 1417/1247/1154 1418/1248/1155
f 1421/1251/1158 1418/1248/1155 1422/1252/1159
f 1423/1253/1160 1419/1249/1156 1420/1250/1157
f 1423/1253/1160 1420/1250/1157 1424/1254/1161
f 1425/1255/1162 1421/1251/1158 1422/1252/1159
f 1425/1255/1162 1422/1252/1159 1426/1256/1163
f 1427/1257/1164 1423/1253/1160 1424/1254/1161
f 1427/1257/1164 1424/1254/1161 1428/1258/1165
f 1429/1259/1166 1425/1255/1162 1426/1256/1163
f 1429/1259/1166 1426/1256/1163 1430/1260/1167
f 1431/1261/1168 1427/1257/1164 1428/1258/1165
f 1431/1261/1168 1428/1258/1165 1432/1262/1169
f 1433/1263/1170 1429/1259/1166 1430/1260/1167
f 1433/1263/1170 1430/1260/1167 1434/1264/1171
f 1435/1265/1172 1431/1261/1168 1432/1262/1169
f 1435/1265/1172 1432/1262/1169 1436/1266/1173
f 1437/1267/1174 1433/1263/1170 1434/1264/1171
f 1437/1267/1174 1434/1264/1171 1438/1268/1175
f 1439/1269/1176 1435/1265/1172 1436/1266/1173
f 1439/1269/1176 1436/1266/1173 1440/1270/1177
f 1441/1271/1178 1437/1267/1174 1438/1268/1175
f 1441/1271/1178 1438/1268/1175 1442/1272/1179
f 1443/1273/1180 1439/1269/1176 1440/1270/1177
f 1443/1273/1180 1440/1270/1177 1444/1274/1181
f 1340/1170/1106 1441/1271/1178 1442/1272/1179
f 1340/1170/1106 1442/1272/1179 1341/1171/1107
f 1388/1218/1125 1443/1273/1180 1444/1274/1181
f 1388/1218/1125 1444/1274/1181 1389/1219/1126
f 1445/1275/1182 1446/1276/1183 1447/1277/1184
f 1445/1275/1182 1447/1277/1184 1448/1278/1185
f 1402/1232/1139 1396/1226/1133 1449/1279/1186
f 1402/1232/1139 1449/1279/1186 1450/1280/1187
f 1398/1228/1135 1391/1221/1128 1451/1281/1188
f 1398/1228/1135 1451/1281/1188 1452/1282/1189
f 1400/1230/1137 1383/1213/1120 1386/1216/1123
f 1400/1230/1137 1386/1216/1123 1453/1283/1190
f 1408/1238/1145 1402/1232/1139 1450/1280/1187
f 1408/1238/1145 1450/1280/1187 1454/1284/1191
f 1404/1234/1141 1398/1228/1135 1452/1282/1189
f 1404/1234/1141 1452/1282/1189 1455/1285/1192
f 1414/1244/1151 1408/1238/1145 1454/1284/1191
f 1414/1244/1151 1454/1284/1191 1456/1286/1193
f 1406/1236/1143 1400/1230/1137 1453/1283/1190
f 1406/1236/1143 1453/1283/1190 1446/1276/1183
f 1410/1240/1147 1404/1234/1141 1455/1285/1192
f 1410/1240/1147 1455/1285/1192 1457/1287/1194
f 1420/1250/1157 1414/1244/1151 1456/1286/1193
f 1420/1250/1157 1456/1286/1193 1458/1288/1195
f 1412/1242/1149 1406/1236/1143 1446/1276/1183
f 1412/1242/1149 1446/1276/1183 1445/1275/1182
f 1416/1246/1153 1410/1240/1147 1457/1287/1194
f 1416/1246/1153 1457/1287/1194 1459/1289/1196
f 1424/1254/1161 1420/1250/1157 1458/1288/1195
f 1424/1254/1161 1458/1288/1195 1460/1290/1197
f 1418/1248/1155 1412/1242/1149 1445/1275/1182
f 1418/1248/1155 1445/1275/1182 1461/1291/1198
f 1395/1225/1132 1416/1246/1153 1459/1289/1196
f 1395/1225/1132 1459/1289/1196 1462/1292/1199
f 1422/1252/1159 1418/1248/1155 1461/1291/1198
f 1422/1252/1159 1461/1291/1198 1463/1293/1200
f 1426/1256/1163 1422/1252/1159 1463/1293/1200
f 1426/1256/1163 1463/1293/1200 1464/1294/1201
f 1428/1258/1165 1424/1254/1161 1460/1290/1197
f 1428/1258/1165 1460/1290/1197 1465/1295/1202
f 1430/1260/1167 1426/1256/1163 1464/1294/1201
f 1430/1260/1167 1464/1294/1201 1466/1296/1203
f 1432/1262/1169 1428/1258/1165 1465/1295/1202
f 1432/1262/1169 1465/1295/1202 1467/1297/1204
f 1434/1264/1171 1430/1260/1167 1466/1296/1203
f 1434/1264/1171 1466/1296/1203 1468/1298/1205
f 1436/1266/1173 1432/1262/1169 1467/1297/1204
f 1436/1266/1173 1467/1297/1204 1469/1299/1206
f 1438/1268/1175 1434/1264/1171 1468/1298/1205
f 1438/1268/1175 1468/1298/1205 1470/1300/1207
f 1440/1270/1177 1436/1266/1173 1469/1299/1206
f 1440/1270/1177 1469/1299/1206 1471/1301/1208
f 1442/1272/1179 1438/1268/1175 1470/1300/1207
f 1442/1272/1179 1470/1300/1207 1472/1302/1209
f 1444/1274/1181 1440/1270/1177 1471/1301/1208
f 1444/1274/1181 1471/1301/1208 1473/1303/1210
f 1341/1171/1107 1442/1272/1179 1472/1302/1209
f 1341/1171/1107 1472/1302/1209 1474/1304/1211
f 1389/1219/1126 1444/1274/1181 1473/1303/1210
f 1389/1219/1126 1473/1303/1210 1475/1305/1212
f 1342/1172/1108 1341/1171/1107 1474/1304/1211
f 1342/1172/1108 1474/1304/1211 1476/1306/1213
f 1384/1214/1121 1389/1219/1126 1475/1305/1212
f 1384/1214/1121 1475/1305/1212 1385/1215/1122
f 1396/1226/1133 1395/1225/1132 1462/1292/1199
f 1396/1226/1133 1462/1292/1199 1449/1279/1186
f 1391/1221/1128 1342/1172/1108 1476/1306/1213
f 1391/1221/1128 1476/1306/1213 1451/1281/1188
f 1477/1307/1214 1478/1308/1215 1479/1309/1216
f 1477/1307/1214 1479/1309/1216 1480/1310/1217
f 1456/1286/1193 1454/1284/1191 1481/1311/1218
f 1456/1286/1193 1481/1311/1218 1482/1312/1219
f 1459/1289/1196 1457/1287/1194 1483/1313/1220
f 1459/1289/1196 1483/1313/1220 1484/1314/1221
f 1461/1291/1198 1445/1275/1182 1448/1278/1185
f 1461/1291/1198 1448/1278/1185 1485/1315/1222
f 1458/1288/1195 1456/1286/1193 1482/1312/1219
f 1458/1288/1195 1482/1312/1219 1486/1316/1223
f 1462/1292/1199 1459/1289/1196 1484/1314/1221
f 1462/1292/1199 1484/1314/1221 1487/1317/1224
f 1463/1293/1200 1461/1291/1198 1485/1315/1222
f 1463/1293/1200 1485/1315/1222 1478/1308/1215
f 1460/1290/1197 1458/1288/1195 1486/1316/1223
f 1460/1290/1197 1486/1316/1223 1488/1318/1225
f 1464/1294/1201 1463/1293/1200 1478/1308/1215
f 1464/1294/1201 1478/1308/1215 1477/1307/1214
f 1465/1295/1202 1460/1290/1197 1488/1318/1225
f 1465/1295/1202 1488/1318/1225 1489/1319/1226
f 1466/1296/1203 1464/1294/1201 1477/1307/1214
f 1466/1296/1203 1477/1307/1214 1490/1320/1227
f 1467/1297/1204 1465/1295/1202 1489/1319/1226
f 1467/1297/1204 1489/1319/1226 1491/1321/1228
f 1468/1298/1205 1466/1296/1203 1490/1320/1227
f 1468/1298/1205 1490/1320/1227 1492/1322/1229
f 1469/1299/1206 1467/1297/1204 1491/1321/1228
f 1469/1299/1206 1491/1321/1228 1493/1323/1230
f 1470/1300/1207 1468/1298/1205 1492/1322/1229
f 1470/1300/1207 1492/1322/1229 1494/1324/1231
f 1471/1301/1208 1469/1299/1206 1493/1323/1230
f 1471/1301/1208 1493/1323/1230 1495/1325/1232
f 1472/1302/1209 1470/1300/1207 1494/1324/1231
f 1472/1302/1209 1494/1324/1231 1496/1326/1233
f 1473/1303/1210 1471/1301/1208 1495/1325/1232
f 1473/1303/1210 1495/1325/1232 1497/1327/1234
f 1474/1304/1211 1472/1302/1209 1496/1326/1233
f 1474/1304/1211 1496/1326/1233 1498/1328/1235
f 1475/1305/1212 1473/1303/1210 1497/1327/1234
f 1475/1305/1212 1497/1327/1234 1499/1329/1236
f 1476/1306/1213 1474/1304/1211 1498/1328/1235
f 1476/1306/1213 1498/1328/1235 1500/1330/1237
f 1385/1215/1122 1475/1305/1212 1499/1329/1236
f 1385/1215/1122 1499/1329/1236 1501/1331/1238
f 1451/1281/1188 1476/1306/1213 1500/1330/1237
f 1451/1281/1188 1500/1330/1237 1502/1332/1239
f 1386/1216/1123 1385/1215/1122 1501/1331/1238
f 1386/1216/1123 1501/1331/1238 1503/1333/1240
f 1449/1279/1186 1462/1292/1199 1487/1317/1224
f 1449/1279/1186 1487/1317/1224 1504/1334/1241
f 1452/1282/1189 1451/1281/1188 1502/1332/1239
f 1452/1282/1189 1502/1332/1239 1505/1335/1242
f 1453/1283/1190 1386/1216/1123 1503/1333/1240
f 1453/1283/1190 1503/1333/1240 1506/1336/1243
f 1450/1280/1187 1449/1279/1186 1504/1334/1241
f 1450/1280/1187 1504/1334/1241 1507/1337/1244
f 1455/1285/1192 1452/1282/1189 1505/1335/1242
f 1455/1285/1192 1505/1335/1242 1508/1338/1245
f 1446/1276/1183 1453/1283/1190 1506/1336/1243
f 1446/1276/1183 1506/1336/1243 1447/1277/1184
f 1454/1284/1191 1450/1280/1187 1507/1337/1244
f 1454/1284/1191 1507/1337/1244 1481/1311/1218
f 1457/1287/1194 1455/1285/1192 1508/1338/1245
f 1457/1287/1194 1508/1338/1245 1483/1313/1220
f 1509/1339/1246 1510/1340/1247 1511/1341/1248
f 1509/1339/1246 1511/1341/1248 1512/1342/1249
f 1489/1319/1226 1488/1318/1225 1513/1343/1250
f 1489/1319/1226 1513/1343/1250 1514/1344/1251
f 1490/1320/1227 1477/1307/1214 1480/1310/1217
f 1490/1320/1227 1480/1310/1217 1515/1345/1252
f 1491/1321/1228 1489/1319/1226 1514/1344/1251
f 1491/1321/1228 1514/1344/1251 1516/1346/1253
f 1492/1322/1229 1490/1320/1227 1515/1345/1252
f 1492/1322/1229 1515/1345/1252 1510/1340/1247
f 1493/1323/1230 1491/1321/1228 1516/1346/1253
f 1493/1323/1230 1516/1346/1253 1517/1347/1254
f 1494/1324/1231 1492/1322/1229 1510/1340/1247
f 1494/1324/1231 1510/1340/1247 1509/1339/1246
f 1495/1325/1232 1493/1323/1230 1517/1347/1254
f 1495/1325/1232 1517/1347/1254 1518/1348/1255
f 1496/1326/1233 1494/1324/1231 1509/1339/1246
f 1496/1326/1233 1509/1339/1246 1519/1349/1256
f 1497/1327/1234 1495/1325/1232 1518/1348/1255
f 1497/1327/1234 1518/1348/1255 1520/1350/1257
f 1498/1328/1235 1496/1326/1233 1519/1349/1256
f 1498/1328/1235 1519/1349/1256 1521/1351/1258
f 1499/1329/1236 1497/1327/1234 1520/1350/1257
f 1499/1329/1236 1520/1350/1257 1522/1352/1259
f 1500/1330/1237 1498/1328/1235 1521/1351/1258
f 1500/1330/1237 1521/1351/1258 1523/1353/1260
f 1501/1331/1238 1499/1329/1236 1522/1352/1259
f 1501/1331/1238 1522/1352/1259 1524/1354/1261
f 1502/1332/1239 1500/1330/1237 1523/1353/1260
f 1502/1332/1239 1523/1353/1260 1525/1355/1262
f 1503/1333/1240 1501/1331/1238 1524/1354/1261
f 1503/1333/1240 1524/1354/1261 1526/1356/1263
f 1504/1334/1241 1487/1317/1224 1527/1357/1264
f 1504/1334/1241 1527/1357/1264 1528/1358/1265
f 1505/1335/1242 1502/1332/1239 1525/1355/1262
f 1505/1335/1242 1525/1355/1262 1529/1359/1266
f 1506/1336/1243 1503/1333/1240 1526/1356/1263
f 1506/1336/1243 1526/1356/1263 1530/1360/1267
f 1507/1337/1244 1504/1334/1241 1528/1358/1265
f 1507/1337/1244 1528/1358/1265 1531/1361/1268
f 1508/1338/1245 1505/1335/1242 1529/1359/1266
f 1508/1338/1245 1529/1359/1266 1532/1362/1269
f 1447/1277/1184 1506/1336/1243 1530/1360/1267
f 1447/1277/1184 1530/1360/1267 1533/1363/1270
f 1481/1311/1218 1507/1337/1244 1531/1361/1268
f 1481/1311/1218 1531/1361/1268 1534/1364/1271
f 1483/1313/1220 1508/1338/1245 1532/1362/1269
f 1483/1313/1220 1532/1362/1269 1535/1365/1272
f 1448/1278/1185 1447/1277/1184 1533/1363/1270
f 1448/1278/1185 1533/1363/1270 1536/1366/1273
f 1482/1312/1219 1481/1311/1218 1534/1364/1271
f 1482/1312/1219 1534/1364/1271 1537/1367/1274
f 1484/1314/1221 1483/1313/1220 1535/1365/1272
f 1484/1314/1221 1535/1365/1272 1538/1368/1275
f 1485/1315/1222 1448/1278/1185 1536/1366/1273
f 1485/1315/1222 1536/1366/1273 1539/1369/1276
f 1486/1316/1223 1482/1312/1219 1537/1367/1274
f 1486/1316/1223 1537/1367/1274 1540/1370/1277
f 1487/1317/1224 1484/1314/1221 1538/1368/1275
f 1487/1317/1224 1538/1368/1275 1527/1357/1264
f 1478/1308/1215 1485/1315/1222 1539/1369/1276
f 1478/1308/1215 1539/1369/1276 1479/1309/1216
f 1488/1318/1225 1486/1316/1223 1540/1370/1277
f 1488/1318/1225 1540/1370/1277 1513/1343/1250
f 1541/1371/1278 1542/1372/1279 1543/1373/1280
f 1541/1371/1278 1543/1373/1280 1544/1374/1281
f 1518/1348/1255 1517/1347/1254 1545/1375/1282
f 1518/1348/1255 1545/1375/1282 1546/1376/1283
f 1519/1349/1256 1509/1339/1246 1512/1342/1249
f 1519/1349/1256 1512/1342/1249 1547/1377/1284
f 1520/1350/1257 1518/1348/1255 1546/1376/1283
f 1520/1350/1257 1546/1376/1283 1548/1378/1285
f 1521/1351/1258 1519/1349/1256 1547/1377/1284
f 1521/1351/1258 1547/1377/1284 1542/1372/1279
f 1522/1352/1259 1520/1350/1257 1548/1378/1285
f 1522/1352/1259 1548/1378/1285 1549/1379/1286
f 1523/1353/1260 1521/1351/1258 1542/1372/1279
f 1523/1353/1260 1542/1372/1279 1541/1371/1278
f 1524/1354/1261 1522/1352/1259 1549/1379/1286
f 1524/1354/1261 1549/1379/1286 1550/1380/1287
f 1525/1355/1262 1523/1353/1260 1541/1371/1278
f 1525/1355/1262 1541/1371/1278 1551/1381/1288
f 1526/1356/1263 1524/1354/1261 1550/1380/1287
f 1526/1356/1263 1550/1380/1287 1552/1382/1289
f 1528/1358/1265 1527/1357/1264 1553/1383/1290
f 1528/1358/1265 1553/1383/1290 1554/1384/1291
f 1529/1359/1266 1525/1355/1262 1551/1381/1288
f 1529/1359/1266 1551/1381/1288 1555/1385/1292
f 1530/1360/1267 1526/1356/1263 1552/1382/1289
f 1530/1360/1267 1552/1382/1289 1556/1386/1293
f 1531/1361/1268 1528/1358/1265 1554/1384/1291
f 1531/1361/1268 1554/1384/1291 1557/1387/1294
f 1532/1362/1269 1529/1359/1266 1555/1385/1292
f 1532/1362/1269 1555/1385/1292 1558/1388/1295
f 1533/1363/1270 1530/1360/1267 1556/1386/1293
f 1533/1363/1270 1556/1386/1293 1559/1389/1296
f 1534/1364/1271 1531/1361/1268 1557/1387/1294
f 1534/1364/1271 1557/1387/1294 1560/1390/1297
f 1535/1365/1272 1532/1362/1269 1558/1388/1295
f 1535/1365/1272 1558/1388/1295 1561/1391/1298
f 1536/1366/1273 1533/1363/1270 1559/1389/1296
f 1536/1366/1273 1559/1389/1296 1562/1392/1299
f 1537/1367/1274 1534/1364/1271 1560/1390/1297
f 1537/1367/1274 1560/1390/1297 1563/1393/1300
f 1538/1368/1275 1535/1365/1272 1561/1391/1298
f 1538/1368/1275 1561/1391/1298 1564/1394/1301
f 1539/1369/1276 1536/1366/1273 1562/1392/1299
f 1539/1369/1276 1562/1392/1299 1565/1395/1302
f 1540/1370/1277 1537/1367/1274 1563/1393/1300
f 1540/1370/1277 1563/1393/1300 1566/1396/1303
f 1527/1357/1264 1538/1368/1275 1564/1394/1301
f 1527/1357/1264 1564/1394/1301 1553/1383/1290
f 1479/1309/1216 1539/1369/1276 1565/1395/1302
f 1479/1309/1216 1565/1395/1302 1567/1397/1304
f 1513/1343/1250 1540/1370/1277 1566/1396/1303
f 1513/1343/1250 1566/1396/1303 1568/1398/1305
f 1480/1310/1217 1479/1309/1216 1567/1397/1304
f 1480/1310/1217 1567/1397/1304 1569/1399/1306
f 1514/1344/1251 1513/1343/1250 1568/1398/1305
f 1514/1344/1251 1568/1398/1305 1570/1400/1307
f 1515/1345/1252 1480/1310/1217 1569/1399/1306
f 1515/1345/1252 1569/1399/1306 1571/1401/1308
f 1516/1346/1253 1514/1344/1251 1570/1400/1307
f 1516/1346/1253 1570/1400/1307 1572/1402/1309
f 1510/1340/1247 1515/1345/1252 1571/1401/1308
f 1510/1340/1247 1571/1401/1308 1511/1341/1248
f 1517/1347/1254 1516/1346/1253 1572/1402/1309
f 1517/1347/1254 1572/1402/1309 1545/1375/1282
f 1573/1403/1310 1574/1404/1311 1575/1405/1312
f 1573/1403/1310 1575/1405/1312 1576/1406/1313
f 1550/1380/1287 1549/1379/1286 1577/1407/1314
f 1550/1380/1287 1577/1407/1314 1578/1408/1315
f 1551/1381/1288 1541/1371/1278 1544/1374/1281
f 1551/1381/1288 1544/1374/1281 1579/1409/1316
f 1552/1382/1289 1550/1380/1287 1578/1408/1315
f 1552/1382/1289 1578/1408/1315 1580/1410/1317
f 1554/1384/1291 1553/1383/1290 1581/1411/1318
f 1554/1384/1291 1581/1411/1318 1574/1404/1311
f 1555/1385/1292 1551/1381/1288 1579/1409/1316
f 1555/1385/1292 1579/1409/1316 1582/1412/1319
f 1556/1386/1293 1552/1382/1289 1580/1410/1317
f 1556/1386/1293 1580/1410/1317 1583/1413/1320
f 1557/1387/1294 1554/1384/1291 1574/1404/1311
f 1557/1387/1294 1574/1404/1311 1573/1403/1310
f 1558/1388/1295 1555/1385/1292 1582/1412/1319
f 1558/1388/1295 1582/1412/1319 1584/1414/1321
f 1559/1389/1296 1556/1386/1293 1583/1413/1320
f 1559/1389/1296 1583/1413/1320 1585/1415/1322
f 1560/1390/1297 1557/1387/1294 1573/1403/1310
f 1560/1390/1297 1573/1403/1310 1586/1416/1323
f 1561/1391/1298 1558/1388/1295 1584/1414/1321
f 1561/1391/1298 1584/1414/1321 1587/1417/1324
f 1562/1392/1299 1559/1389/1296 1585/1415/1322
f 1562/1392/1299 1585/1415/1322 1588/1418/1325
f 1563/1393/1300 1560/1390/1297 1586/1416/1323
f 1563/1393/1300 1586/1416/1323 1589/1419/1326
f 1564/1394/1301 1561/1391/1298 1587/1417/1324
f 1564/1394/1301 1587/1417/1324 1590/1420/1327
f 1565/1395/1302 1562/1392/1299 1588/1418/1325
f 1565/1395/1302 1588/1418/1325 1591/1421/1328
f 1566/1396/1303 1563/1393/1300 1589/1419/1326
f 1566/1396/1303 1589/1419/1326 1592/1422/1329
f 1553/1383/1290 1564/1394/1301 1590/1420/1327
f 1553/1383/1290 1590/1420/1327 1581/1411/1318
f 1567/1397/1304 1565/1395/1302 1591/1421/1328
f 1567/1397/1304 1591/1421/1328 1593/1423/1330
f 1568/1398/1305 1566/1396/1303 1592/1422/1329
f 1568/1398/1305 1592/1422/1329 1594/1424/1331
f 1569/1399/1306 1567/1397/1304 1593/1423/1330
f 1569/1399/1306 1593/1423/1330 1595/1425/1332
f 1570/1400/1307 1568/1398/1305 1594/1424/1331
f 1570/1400/1307 1594/1424/1331 1596/1426/1333
f 1571/1401/1308 1569/1399/1306 1595/1425/1332
f 1571/1401/1308 1595/1425/1332 1597/1427/1334
f 1572/1402/1309 1570/1400/1307 1596/1426/1333
f 1572/1402/1309 1596/1426/1333 1598/1428/1335
f 1511/1341/1248 1571/1401/1308 1597/1427/1334
f 1511/1341/1248 1597/1427/1334 1599/1429/1336
f 1545/1375/1282 1572/1402/1309 1598/1428/1335
f 1545/1375/1282 1598/1428/1335 1600/1430/1337
f 1512/1342/1249 1511/1341/1248 1599/1429/1336
f 1512/1342/1249 1599/1429/1336 1601/1431/1338
f 1546/1376/1283 1545/1375/1282 1600/1430/1337
f 1546/1376/1283 1600/1430/1337 1602/1432/1339
f 1547/1377/1284 1512/1342/1249 1601/1431/1338
f 1547/1377/1284 1601/1431/1338 1603/1433/1340
f 1548/1378/1285 1546/1376/1283 1602/1432/1339
f 1548/1378/1285 1602/1432/1339 1604/1434/1341
f 1542/1372/1279 1547/1377/1284 1603/1433/1340
f 1542/1372/1279 1603/1433/1340 1543/1373/1280
f 1549/1379/1286 1548/1378/1285 1604/1434/1341
f 1549/1379/1286 1604/1434/1341 1577/1407/1314
s 0
f 1605/1435/86 1606/1436/86 1607/1437/86
f 1605/1435/86 1607/1437/86 1608/1438/86
s 1
f 1584/1414/1321 1582/1412/1319 1609/1439/1342
f 1584/1414/1321 1609/1439/1342 1610/1440/1343
f 1585/1415/1322 1583/1413/1320 1611/1441/1344
f 1585/1415/1322 1611/1441/1344 1612/1442/1345
f 1586/1416/1323 1573/1403/1310 1576/1406/1313
f 1586/1416/1323 1576/1406/1313 1613/1443/1346
f 1587/1417/1324 1584/1414/1321 1610/1440/1343
f 1587/1417/1324 1610/1440/1343 1614/1444/1347
f 1588/1418/1325 1585/1415/1322 1612/1442/1345
f 1588/1418/1325 1612/1442/1345 1615/1445/1348
f 1589/1419/1326 1586/1416/1323 1613/1443/1346
f 1589/1419/1326 1613/1443/1346 1616/1436/1349
f 1590/1420/1327 1587/1417/1324 1614/1444/1347
f 1590/1420/1327 1614/1444/1347 1617/1446/1350
f 1591/1421/1328 1588/1418/1325 1615/1445/1348
f 1591/1421/1328 1615/1445/1348 1618/1447/1351
f 1592/1422/1329 1589/1419/1326 1616/1436/1349
f 1592/1422/1329 1616/1436/1349 1619/1435/1352
f 1581/1411/1318 1590/1420/1327 1617/1446/1350
f 1581/1411/1318 1617/1446/1350 1620/1448/1353
f 1593/1423/1330 1591/1421/1328 1618/1447/1351
f 1593/1423/1330 1618/1447/1351 1621/1449/1354
f 1594/1424/1331 1592/1422/1329 1619/1435/1352
f 1594/1424/1331 1619/1435/1352 1622/1450/1355
f 1595/1425/1332 1593/1423/1330 1621/1449/1354
f 1595/1425/1332 1621/1449/1354 1623/1451/1356
f 1596/1426/1333 1594/1424/1331 1622/1450/1355
f 1596/1426/1333 1622/1450/1355 1624/1452/1357
f 1597/1427/1334 1595/1425/1332 1623/1451/1356
f 1597/1427/1334 1623/1451/1356 1625/1453/1358
f 1598/1428/1335 1596/1426/1333 1624/1452/1357
f 1598/1428/1335 1624/1452/1357 1626/1454/1359
f 1599/1429/1336 1597/1427/1334 1625/1453/1358
f 1599/1429/1336 1625/1453/1358 1627/1455/1360
f 1600/1430/1337 1598/1428/1335 1626/1454/1359
f 1600/1430/1337 1626/1454/1359 1628/1456/1361
f 1601/1431/1338 1599/1429/1336 1627/1455/1360
f 1601/1431/1338 1627/1455/1360 1629/1457/1362
f 1602/1432/1339 1600/1430/1337 1628/1456/1361
f 1602/1432/1339 1628/1456/1361 1630/1458/1363
f 1603/1433/1340 1601/1431/1338 1629/1457/1362
f 1603/1433/1340 1629/1457/1362 1631/1459/1364
f 1604/1434/1341 1602/1432/1339 1630/1458/1363
f 1604/1434/1341 1630/1458/1363 1632/1460/1365
f 1543/1373/1280 1603/1433/1340 1631/1459/1364
f 1543/1373/1280 1631/1459/1364 1633/1461/1366
f 1577/1407/1314 1604/1434/1341 1632/1460/1365
f 1577/1407/1314 1632/1460/1365 1634/1462/1367
f 1544/1374/1281 1543/1373/1280 1633/1461/1366
f 1544/1374/1281 1633/1461/1366 1635/1463/1368
f 1578/1408/1315 1577/1407/1314 1634/1462/1367
f 1578/1408/1315 1634/1462/1367 1636/1464/1369
f 1579/1409/1316 1544/1374/1281 1635/1463/1368
f 1579/1409/1316 1635/1463/1368 1637/1465/1370
f 1580/1410/1317 1578/1408/1315 1636/1464/1369
f 1580/1410/1317 1636/1464/1369 1638/1466/1371
f 1574/1404/1311 1581/1411/1318 1620/1448/1353
f 1574/1404/1311 1620/1448/1353 1575/1405/1312
f 1582/1412/1319 1579/1409/1316 1637/1465/1370
f 1582/1412/1319 1637/1465/1370 1609/1439/1342
f 1583/1413/1320 1580/1410/1317 1638/1466/1371
f 1583/1413/1320 1638/1466/1371 1611/1441/1344
s 0
f 1639/1448/86 1640/1446/86 1641/1467/86
f 1639/1448/86 1641/1467/86 1642/1468/86
f 1643/1449/86 1644/1447/86 1645/1469/86
f 1643/1449/86 1645/1469/86 1646/1470/86
f 1647/1450/86 1605/1435/86 1608/1438/86
f 1647/1450/86 1608/1438/86 1648/1471/86
f 1649/1451/86 1643/1449/86 1646/1470/86
f 1649/1451/86 1646/1470/86 1650/1472/86
f 1651/1452/86 1647/1450/86 1648/1471/86
f 1651/1452/86 1648/1471/86 1652/1473/86
f 1653/1453/86 1649/1451/86 1650/1472/86
f 1653/1453/86 1650/1472/86 1654/1474/86
f 1655/1454/86 1651/1452/86 1652/1473/86
f 1655/1454/86 1652/1473/86 1656/1475/86
f 1657/1455/86 1653/1453/86 1654/1474/86
f 1657/1455/86 1654/1474/86 1658/1476/86
f 1659/1456/86 1655/1454/86 1656/1475/86
f 1659/1456/86 1656/1475/86 1660/1477/86
f 1661/1457/86 1657/1455/86 1658/1476/86
f 1661/1457/86 1658/1476/86 1662/1478/86
f 1663/1458/86 1659/1456/86 1660/1477/86
f 1663/1458/86 1660/1477/86 1664/1479/86
f 1665/1459/86 1661/1457/86 1662/1478/86
f 1665/1459/86 1662/1478/86 1666/1480/86
f 1667/1460/86 1663/1458/86 1664/1479/86
f 1667/1460/86 1664/1479/86 1668/1481/86
f 1669/1461/86 1665/1459/86 1666/1480/86
f 1669/1461/86 1666/1480/86 1670/1482/86
f 1671/1462/86 1667/1460/86 1668/1481/86
f 1671/1462/86 1668/1481/86 1672/1483/86
f 1673/1463/86 1669/1461/86 1670/1482/86
f 1673/1463/86 1670/1482/86 1674/1484/86
f 1675/1464/86 1671/1462/86 1672/1483/86
f 1675/1464/86 1672/1483/86 1676/1485/86
f 1677/1465/86 1673/1463/86 1674/1484/86
f 1677/1465/86 1674/1484/86 1678/1486/86
f 1679/1466/86 1675/1464/86 1676/1485/86
f 1679/1466/86 1676/1485/86 1680/1487/86
f 1681/1405/86 1639/1448/86 1642/1468/86
f 1681/1405/86 1642/1468/86 1682/1488/86
f 1683/1439/86 1677/1465/86 1678/1486/86
f 1683/1439/86 1678/1486/86 1684/1489/86
f 1685/1441/86 1679/1466/86 1680/1487/86
f 1685/1441/86 1680/1487/86 1686/1490/86
f 1687/1406/86 1681/1405/86 1682/1488/86
f 1687/1406/86 1682/1488/86 1688/1491/86
f 1689/1440/86 1683/1439/86 1684/1489/86
f 1689/1440/86 1684/1489/86 1690/1492/86
f 1691/1442/86 1685/1441/86 1686/1490/86
f 1691/1442/86 1686/1490/86 1692/1493/86
f 1693/1443/86 1687/1406/86 1688/1491/86
f 1693/1443/86 1688/1491/86 1694/1494/86
f 1695/1444/86 1689/1440/86 1690/1492/86
f 1695/1444/86 1690/1492/86 1696/1495/86
f 1697/1445/86 1691/1442/86 1692/1493/86
f 1697/1445/86 1692/1493/86 1698/1496/86
f 1606/1436/86 1693/1443/86 1694/1494/86
f 1606/1436/86 1694/1494/86 1607/1437/86
f 1640/1446/86 1695/1444/86 1696/1495/86
f 1640/1446/86 1696/1495/86 1641/1467/86
f 1644/1447/86 1697/1445/86 1698/1496/86
f 1644/1447/86 1698/1496/86 1645/1469/86
s 1
f 1699/1497/1372 1700/1498/1372 1701/1499/86
f 1699/1497/1372 1701/1499/86 1702/1500/86
f 1123/953/903 1122/952/902 1703/1501/1373
f 1123/953/903 1703/1501/1373 1704/1502/1374
f 299/168/161 298/167/160 1705/1503/1375
f 299/168/161 1705/1503/1375 1706/1504/1376
f 1707/1505/1377 1708/1083/1378 1709/1506/1379
f 1707/1505/1377 1709/1506/1379 1710/1507/1380
f 1711/1508/1381 1712/1509/1381 1713/1510/1382
f 1711/1508/1381 1713/1510/1382 1714/1511/1382
f 1382/1212/1119 1094/924/876 1715/1512/1383
f 1382/1212/1119 1715/1512/1383 1716/1513/1384
f 1717/1514/1385 1718/1040/67 1719/1515/67
f 1717/1514/1385 1719/1515/67 1720/1516/1386
f 1721/1517/1387 1722/1518/1388 1723/1519/1389
f 1721/1517/1387 1723/1519/1389 1724/1520/1390
f 1288/1118/67 1287/1117/1058 1725/1521/1391
f 1288/1118/67 1725/1521/1391 1726/1522/67
s 0
f 1727/1038/67 1728/950/67 1729/953/67
f 1727/1038/67 1729/953/67 1730/1039/67
s 1
f 1731/1523/1392 1732/1524/1392 1733/1517/1393
f 1731/1523/1392 1733/1517/1393 1734/1525/1394
f 1735/1526/1395 1736/1527/1396 1707/1505/1377
f 1735/1526/1395 1707/1505/1377 1737/1518/1397
f 1251/1081/1025 1738/1528/73 1739/1529/73
f 1251/1081/1025 1739/1529/73 1252/1082/1026
f 1740/1530/1398 1741/1037/67 1718/1040/67
f 1740/1530/1398 1718/1040/67 1717/1514/1385
f 1742/951/67 1381/1211/1118 1382/1212/1119
f 1742/951/67 1382/1212/1119 1743/952/67
f 1744/1261/1399 1745/1265/1400 1700/1498/1372
f 1744/1261/1399 1700/1498/1372 1699/1497/1372
f 1736/1527/1396 1746/1080/1401 1708/1083/1378
f 1736/1527/1396 1708/1083/1378 1707/1505/1377
f 297/166/159 1747/1523/1402 1748/1525/1403
f 297/166/159 1748/1525/1403 298/167/160
f 1286/1116/1057 1740/1530/1398 1717/1514/1385
f 1286/1116/1057 1717/1514/1385 1287/1117/1058
f 1724/1520/1390 1723/1519/1389 1749/1531/1404
f 1724/1520/1390 1749/1531/1404 1750/1532/1405
f 1726/1522/67 1725/1521/1391 1751/1533/1406
f 1726/1522/67 1751/1533/1406 1752/1534/67
s 0
f 1753/1535/67 1754/1502/67 1755/1536/67
f 1753/1535/67 1755/1536/67 1756/1537/67
s 1
f 1705/1503/1375 1757/1538/1407 1758/1539/1408
f 1705/1503/1375 1758/1539/1408 1759/1540/1409
f 1760/1506/1410 1761/1541/1411 1762/1542/1412
f 1760/1506/1410 1762/1542/1412 1763/1543/1413
f 1764/1501/67 1716/1513/1384 1765/1544/1414
f 1764/1501/67 1765/1544/1414 1766/1545/67
f 1725/1521/1391 1720/1516/1386 1767/1546/1415
f 1725/1521/1391 1767/1546/1415 1751/1533/1406
f 1715/1512/1383 1768/1547/67 1769/1548/67
f 1715/1512/1383 1769/1548/67 1770/1549/1416
f 1771/1519/1417 1710/1507/1380 1772/1550/1418
f 1771/1519/1417 1772/1550/1418 1773/1531/1419
f 1252/1082/1026 1739/1529/73 1774/1551/73
f 1252/1082/1026 1774/1551/73 1761/1541/1411
f 1734/1525/1394 1733/1517/1393 1775/1520/1420
f 1734/1525/1394 1775/1520/1420 1776/1538/1421
f 1210/1040/985 1209/1039/984 1777/1535/1422
f 1210/1040/985 1777/1535/1422 1778/1515/1423
f 1015/852/73 299/168/161 1706/1504/1376
f 1015/852/73 1706/1504/1376 1779/1552/73
f 1737/1518/1397 1707/1505/1377 1710/1507/1380
f 1737/1518/1397 1710/1507/1380 1771/1519/1417
f 1094/924/876 1093/923/67 1768/1547/67
f 1094/924/876 1768/1547/67 1715/1512/1383
f 1287/1117/1058 1717/1514/1385 1720/1516/1386
f 1287/1117/1058 1720/1516/1386 1725/1521/1391
f 1743/952/67 1382/1212/1119 1716/1513/1384
f 1743/952/67 1716/1513/1384 1764/1501/67
f 1253/1083/1027 1252/1082/1026 1761/1541/1411
f 1253/1083/1027 1761/1541/1411 1760/1506/1410
f 298/167/160 1748/1525/1403 1757/1538/1407
f 298/167/160 1757/1538/1407 1705/1503/1375
s 0
f 1730/1039/67 1729/953/67 1754/1502/67
f 1730/1039/67 1754/1502/67 1753/1535/67
s 1
f 1780/1553/73 1781/1554/1424 1782/1555/1425
f 1780/1553/73 1782/1555/1425 1783/1556/73
f 1784/1557/1426 1785/1537/1427 1786/1558/1428
f 1784/1557/1426 1786/1558/1428 1787/1559/1429
f 1788/1560/1430 1789/1561/1431 1790/1562/1432
f 1788/1560/1430 1790/1562/1432 1791/1563/1432
f 1762/1542/1412 1792/1564/73 1793/1565/73
f 1762/1542/1412 1793/1565/73 1794/1566/1433
f 1795/1567/1434 1796/1568/1435 1797/1569/1434
f 1795/1567/1434 1797/1569/1434 1798/1570/1435
f 1799/1571/1436 1800/1572/1437 1801/1573/1438
f 1799/1571/1436 1801/1573/1438 1802/1574/1438
f 1781/1554/1424 1803/1540/1439 1804/1575/1440
f 1781/1554/1424 1804/1575/1440 1782/1555/1425
f 1772/1550/1418 1805/1543/1441 1806/1576/1442
f 1772/1550/1418 1806/1576/1442 1807/1577/1443
f 1808/1578/1444 1809/1579/1444 1810/1580/1445
f 1808/1578/1444 1810/1580/1445 1811/1581/1445
f 1720/1516/1386 1719/1515/67 1812/1557/67
f 1720/1516/1386 1812/1557/67 1767/1546/1415
f 1716/1513/1384 1715/1512/1383 1770/1549/1416
f 1716/1513/1384 1770/1549/1416 1765/1544/1414
f 1714/1511/1382 1713/1510/1382 1809/1579/1444
f 1714/1511/1382 1809/1579/1444 1808/1578/1444
f 1710/1507/1380 1709/1506/1379 1805/1543/1441
f 1710/1507/1380 1805/1543/1441 1772/1550/1418
f 1706/1504/1376 1705/1503/1375 1803/1540/1439
f 1706/1504/1376 1803/1540/1439 1781/1554/1424
f 1704/1502/1374 1703/1501/1373 1813/1545/1437
f 1704/1502/1374 1813/1545/1437 1814/1536/1436
f 1702/1500/86 1701/1499/86 1796/1568/1435
f 1702/1500/86 1796/1568/1435 1795/1567/1434
f 1761/1541/1411 1774/1551/73 1792/1564/73
f 1761/1541/1411 1792/1564/73 1762/1542/1412
f 1815/1582/1421 1816/1583/1446 1789/1561/1431
f 1815/1582/1421 1789/1561/1431 1788/1560/1430
f 1778/1515/1423 1777/1535/1422 1785/1537/1427
f 1778/1515/1423 1785/1537/1427 1784/1557/1426
f 1779/1552/73 1706/1504/1376 1781/1554/1424
f 1779/1552/73 1781/1554/1424 1780/1553/73
f 1807/1577/1443 1806/1576/1442 1817/1584/1401
f 1807/1577/1443 1817/1584/1401 1818/1585/1447
f 1811/1581/1445 1810/1580/1445 1819/1586/1448
f 1811/1581/1445 1819/1586/1448 1820/1587/1448
f 1821/1588/1449 1822/1589/1450 1823/1590/1451
f 1821/1588/1449 1823/1590/1451 1824/1591/1452
f 1825/1592/1453 1787/1559/1429 1826/1593/1454
f 1825/1592/1453 1826/1593/1454 1827/1594/1455
f 1828/1595/1456 1829/1596/1457 1830/1597/1458
f 1828/1595/1456 1830/1597/1458 1831/1598/1458
f 1832/1599/67 1833/1600/1459 1834/1601/1455
f 1832/1599/67 1834/1601/1455 1835/1602/67
f 1786/1558/1428 1836/1603/1460 1837/1604/1461
f 1786/1558/1428 1837/1604/1461 1838/1605/1462
f 1804/1575/1440 1839/1606/1463 1840/1607/1464
f 1804/1575/1440 1840/1607/1464 1841/1608/1465
f 1842/1576/1466 1794/1566/1433 1843/1609/1467
f 1842/1576/1466 1843/1609/1467 1844/1584/1024
f 1773/1531/1419 1772/1550/1418 1807/1577/1443
f 1773/1531/1419 1807/1577/1443 1845/1596/1468
f 1770/1549/1416 1769/1548/67 1846/1610/67
f 1770/1549/1416 1846/1610/67 1822/1589/1450
f 1751/1533/1406 1767/1546/1415 1825/1592/1453
f 1751/1533/1406 1825/1592/1453 1833/1600/1459
f 1766/1545/67 1765/1544/1414 1821/1588/1449
f 1766/1545/67 1821/1588/1449 1847/1611/1469
f 1763/1543/1413 1762/1542/1412 1794/1566/1433
f 1763/1543/1413 1794/1566/1433 1842/1576/1466
f 1759/1540/1409 1758/1539/1408 1839/1606/1463
f 1759/1540/1409 1839/1606/1463 1804/1575/1440
f 1756/1537/67 1755/1536/67 1836/1603/1460
f 1756/1537/67 1836/1603/1460 1786/1558/1428
f 1752/1534/67 1751/1533/1406 1833/1600/1459
f 1752/1534/67 1833/1600/1459 1832/1599/67
f 1750/1532/1405 1749/1531/1404 1829/1596/1457
f 1750/1532/1405 1829/1596/1457 1828/1595/1456
f 1767/1546/1415 1812/1557/67 1787/1559/1429
f 1767/1546/1415 1787/1559/1429 1825/1592/1453
f 1765/1544/1414 1770/1549/1416 1822/1589/1450
f 1765/1544/1414 1822/1589/1450 1821/1588/1449
f 1819/1586/1448 1848/1612/1470 1849/1613/1470
f 1819/1586/1448 1849/1613/1470 1820/1587/1448
s 0
f 1849/1613/1470 1848/1612/1470 1850/1614/1470
f 1849/1613/1470 1850/1614/1470 1851/1615/1470
f 1851/1615/1470 1850/1614/1470 1852/1616/1470
f 1851/1615/1470 1852/1616/1470 1853/1617/1470
f 1853/1617/1470 1852/1616/1470 1854/1618/1470
f 1853/1617/1470 1854/1618/1470 1855/1619/1470
f 1855/1619/1470 1854/1618/1470 1856/1620/1470
f 1855/1619/1470 1856/1620/1470 1857/1621/1470
f 1857/1621/1470 1856/1620/1470 1858/1622/1470
f 1857/1621/1470 1858/1622/1470 1859/1623/1470
f 1859/1623/1470 1858/1622/1470 1860/1624/1470
f 1859/1623/1470 1860/1624/1470 1861/1625/1470
f 1861/1625/1470 1860/1624/1470 1862/1626/1470
f 1861/1625/1470 1862/1626/1470 1863/1627/1470
f 1863/1627/1470 1862/1626/1470 1864/1628/1470
f 1863/1627/1470 1864/1628/1470 1865/1629/1470
s 1
f 1782/1555/1425 1804/1575/1440 1841/1608/1465
f 1782/1555/1425 1841/1608/1465 1866/1630/1471
f 1836/1603/1460 1847/1611/1469 1867/1631/1472
f 1836/1603/1460 1867/1631/1472 1837/1604/1461
f 1798/1570/1435 1797/1569/1434 1868/1632/86
f 1798/1570/1435 1868/1632/86 1869/1633/86
f 1794/1566/1433 1793/1565/73 1870/1634/73
f 1794/1566/1433 1870/1634/73 1843/1609/1467
f 1839/1606/1463 1871/1595/1473 1872/1598/1474
f 1839/1606/1463 1872/1598/1474 1840/1607/1464
f 1787/1559/1429 1786/1558/1428 1838/1605/1462
f 1787/1559/1429 1838/1605/1462 1826/1593/1454
f 1783/1556/73 1782/1555/1425 1866/1630/1471
f 1783/1556/73 1866/1630/1471 1873/1635/73
f 1874/1596/1475 1807/1577/1443 1818/1585/1447
f 1874/1596/1475 1818/1585/1447 1875/1597/1475
f 1822/1589/1450 1846/1610/67 1876/1636/67
f 1822/1589/1450 1876/1636/67 1823/1590/1451
f 1833/1600/1459 1825/1592/1453 1827/1594/1455
f 1833/1600/1459 1827/1594/1455 1834/1601/1455
f 1847/1611/1469 1821/1588/1449 1824/1591/1452
f 1847/1611/1469 1824/1591/1452 1867/1631/1472
f 1348/1178/1112 1347/1177/1111 1877/1637/1476
f 1348/1178/1112 1877/1637/1476 1878/1638/1477
f 337/206/195 336/205/194 1879/1639/1478
f 337/206/195 1879/1639/1478 1880/1640/1479
f 1881/208/1480 1882/207/1480 1883/1641/1481
f 1881/208/1480 1883/1641/1481 1884/1642/1482
f 1885/1643/1483 1886/1175/1483 1887/1178/1484
f 1885/1643/1483 1887/1178/1484 1888/1644/1484
f 1889/1180/1485 1890/1123/1485 1891/1645/1486
f 1889/1180/1485 1891/1645/1486 1892/1646/1487
f 1293/1123/1063 1273/1103/1046 1893/1647/1488
f 1293/1123/1063 1893/1647/1488 1894/1645/1488
f 1895/204/1489 1896/1648/1489 1897/1649/1490
f 1895/204/1489 1897/1649/1490 1898/205/1490
f 1030/201/818 1050/208/836 1899/1642/1491
f 1030/201/818 1899/1642/1491 1900/1650/1491
f 337/206/195 1880/1640/1479 1877/1637/1476
f 337/206/195 1877/1637/1476 1347/1177/1111
f 1878/1638/1477 1877/1637/1476 1901/1651/1492
f 1878/1638/1477 1901/1651/1492 1902/1652/1493
f 1880/1640/1479 1879/1639/1478 1903/1653/1494
f 1880/1640/1479 1903/1653/1494 1904/1654/1495
f 1905/1655/1496 1906/1656/1497 1907/1657/1498
f 1905/1655/1496 1907/1657/1498 1908/1658/1499
f 1892/1646/1487 1891/1645/1486 1905/1655/1496
f 1892/1646/1487 1905/1655/1496 1909/1659/1500
f 1884/1642/1482 1906/1656/1497 1905/1655/1496
f 1884/1642/1482 1905/1655/1496 1891/1645/1486
f 1910/1660/1501 1911/1661/1501 1912/1662/1502
f 1910/1660/1501 1912/1662/1502 1913/1663/1503
f 1884/1642/1482 1883/1641/1481 1914/1664/1504
f 1884/1642/1482 1914/1664/1504 1906/1656/1497
f 1915/1665/1505 1916/1666/1505 1917/1667/1506
f 1915/1665/1505 1917/1667/1506 1918/1668/1507
f 1877/1637/1476 1880/1640/1479 1904/1654/1495
f 1877/1637/1476 1904/1654/1495 1901/1651/1492
f 1909/1659/1500 1905/1655/1496 1908/1658/1499
f 1909/1659/1500 1908/1658/1499 1919/1669/1508
f 1913/1663/1503 1912/1662/1502 1920/1670/1509
f 1913/1663/1503 1920/1670/1509 1921/1671/1510
f 1906/1656/1497 1914/1664/1504 1922/1672/1511
f 1906/1656/1497 1922/1672/1511 1907/1657/1498
f 1918/1668/1507 1917/1667/1506 1923/1673/1512
f 1918/1668/1507 1923/1673/1512 1924/1674/1513
f 1925/1675/1514 1926/1676/1515 1927/1677/1516
f 1925/1675/1514 1927/1677/1516 1928/1678/1517
f 1929/1679/1518 1930/1680/1519 1931/1681/1520
f 1929/1679/1518 1931/1681/1520 1932/1682/1521
f 1933/1683/1522 1934/1684/1523 1935/1685/1524
f 1933/1683/1522 1935/1685/1524 1936/1686/1525
f 1932/1682/1521 1931/1681/1520 1937/1687/1526
f 1932/1682/1521 1937/1687/1526 1938/1688/1527
f 1936/1686/1525 1935/1685/1524 1939/1689/1528
f 1936/1686/1525 1939/1689/1528 1940/1690/1529
f 1941/1691/1530 1936/1686/1525 1940/1690/1529
f 1941/1691/1530 1940/1690/1529 1942/1692/1531
f 1943/1693/1532 1944/1694/1533 1945/1695/1534
f 1943/1693/1532 1945/1695/1534 1946/1696/1535
f 1947/1697/1536 1948/1698/1537 1949/1699/1538
f 1947/1697/1536 1949/1699/1538 1950/1700/1539
f 1930/1680/1519 1943/1693/1532 1946/1696/1535
f 1930/1680/1519 1946/1696/1535 1931/1681/1520
f 1934/1684/1523 1951/1701/1540 1952/1702/1541
f 1934/1684/1523 1952/1702/1541 1935/1685/1524
f 1953/1703/1542 1933/1683/1522 1936/1686/1525
f 1953/1703/1542 1936/1686/1525 1941/1691/1530
f 1954/1704/1543 1955/1705/1544 1956/1706/1545
f 1954/1704/1543 1956/1706/1545 1957/1707/1543
f 1958/1708/1546 1959/1709/1547 1960/1710/1548
f 1958/1708/1546 1960/1710/1548 1961/1711/1548
f 1956/1706/1545 1955/1705/1544 1959/1709/1547
f 1956/1706/1545 1959/1709/1547 1958/1708/1546
f 1928/1678/1517 1927/1677/1516 1962/1712/1549
f 1928/1678/1517 1962/1712/1549 1963/1713/1549
f 1946/1696/1535 1945/1695/1534 1964/1714/1550
f 1946/1696/1535 1964/1714/1550 1965/1715/1551
f 1950/1700/1539 1949/1699/1538 1966/1716/1552
f 1950/1700/1539 1966/1716/1552 1967/1717/1552
f 1931/1681/1520 1946/1696/1535 1965/1715/1551
f 1931/1681/1520 1965/1715/1551 1937/1687/1526
f 1935/1685/1524 1952/1702/1541 1968/1718/1553
f 1935/1685/1524 1968/1718/1553 1939/1689/1528
f 1969/1719/67 1970/1720/216 1971/1721/1554
f 1969/1719/67 1971/1721/1554 1972/1722/1555
f 1970/1720/216 1973/1723/210 1974/1724/1556
f 1970/1720/216 1974/1724/1556 1971/1721/1554
f 1973/1723/210 1975/1725/1557 1976/1726/1558
f 1973/1723/210 1976/1726/1558 1974/1724/1556
f 1975/1725/1557 1977/1727/207 1978/1728/1559
f 1975/1725/1557 1978/1728/1559 1976/1726/1558
f 1979/1729/207 1980/1730/202 1981/1731/1560
f 1979/1729/207 1981/1731/1560 1982/1732/1561
f 1980/1730/202 1983/1733/1562 1984/1734/1563
f 1980/1730/202 1984/1734/1563 1981/1731/1560
f 1983/1733/1562 1985/1735/1564 1986/1736/1565
f 1983/1733/1562 1986/1736/1565 1984/1734/1563
f 1985/1735/1564 1987/1737/1566 1988/1738/1567
f 1985/1735/1564 1988/1738/1567 1986/1736/1565
f 1987/1737/1566 1989/1739/1568 1990/1740/1569
f 1987/1737/1566 1990/1740/1569 1988/1738/1567
f 1989/1739/1568 1991/1741/1048 1992/1742/1570
f 1989/1739/1568 1992/1742/1570 1990/1740/1569
f 1991/1741/1048 1993/1743/187 1994/1744/1571
f 1991/1741/1048 1994/1744/1571 1992/1742/1570
f 1993/1743/187 1995/1745/184 1996/1746/1572
f 1993/1743/187 1996/1746/1572 1994/1744/1571
f 1997/1747/184 1998/1748/182 1999/1749/1573
f 1997/1747/184 1999/1749/1573 2000/1750/1574
f 1998/1748/182 2001/1751/180 2002/1752/1575
f 1998/1748/182 2002/1752/1575 1999/1749/1573
f 2001/1751/180 2003/1753/178 2004/1754/1576
f 2001/1751/180 2004/1754/1576 2002/1752/1575
f 2003/1753/178 2005/1755/73 2006/1756/1577
f 2003/1753/178 2006/1756/1577 2004/1754/1576
f 2005/1755/73 2007/1757/175 2008/1758/1578
f 2005/1755/73 2008/1758/1578 2006/1756/1577
f 2007/1757/175 2009/1759/1579 2010/1760/1580
f 2007/1757/175 2010/1760/1580 2008/1758/1578
f 2009/1759/1579 2011/1761/171 2012/1762/1581
f 2009/1759/1579 2012/1762/1581 2010/1760/1580
f 2011/1761/171 2013/1763/168 2014/1764/1582
f 2011/1761/171 2014/1764/1582 2012/1762/1581
f 2015/1765/1583 2016/1766/166 2017/1767/1584
f 2015/1765/1583 2017/1767/1584 2018/1768/1582
f 2016/1766/166 2019/1769/1585 2020/1770/1586
f 2016/1766/166 2020/1770/1586 2017/1767/1584
f 2019/1769/1585 2021/1771/1587 2022/1772/1588
f 2019/1769/1585 2022/1772/1588 2020/1770/1586
f 2021/1771/1587 2023/1773/1470 2024/1774/1589
f 2021/1771/1587 2024/1774/1589 2022/1772/1588
f 2023/1773/1470 2025/1775/1590 2026/1776/1591
f 2023/1773/1470 2026/1776/1591 2024/1774/1589
f 2025/1775/1590 2027/1777/152 2028/1778/1592
f 2025/1775/1590 2028/1778/1592 2026/1776/1591
f 2027/1777/152 2029/1779/150 2030/1780/1593
f 2027/1777/152 2030/1780/1593 2028/1778/1592
f 2029/1779/150 2031/1781/147 2032/1782/1594
f 2029/1779/150 2032/1782/1594 2030/1780/1593
f 2033/1783/147 2034/1784/145 2035/1785/1595
f 2033/1783/147 2035/1785/1595 2036/1786/1594
f 2034/1784/145 2037/1787/143 2038/1788/1596
f 2034/1784/145 2038/1788/1596 2035/1785/1595
f 2030/1780/1593 2039/1789/1597 2040/1790/1598
f 2030/1780/1593 2040/1790/1598 2028/1778/1592
f 2037/1787/143 2041/1791/141 2042/1792/1599
f 2037/1787/143 2042/1792/1599 2038/1788/1596
f 2041/1791/141 1969/1719/67 1972/1722/1555
f 2041/1791/141 1972/1722/1555 2042/1792/1599
f 2043/1793/1600 2044/1794/1601 2045/1795/1602
f 2043/1793/1600 2045/1795/1602 2046/1796/1603
f 2047/1797/1604 2048/1798/1605 2049/1799/1606
f 2047/1797/1604 2049/1799/1606 2050/1800/1607
f 2051/1801/1608 2052/1802/1609 2053/1803/1610
f 2051/1801/1608 2053/1803/1610 2054/1804/1611
f 2055/1769/1612 2056/1805/1613 2057/1806/1614
f 2055/1769/1612 2057/1806/1614 2058/1771/1615
f 2059/1807/1616 2060/1808/1617 2052/1802/1609
f 2059/1807/1616 2052/1802/1609 2051/1801/1608
f 2061/1809/1618 2062/1810/1619 2063/1811/1620
f 2061/1809/1618 2063/1811/1620 2064/1812/1621
f 2065/1813/1622 2066/1814/1623 2067/1815/1624
f 2065/1813/1622 2067/1815/1624 2068/1816/1625
f 2069/1817/1626 2070/1818/1627 2071/1819/1628
f 2069/1817/1626 2071/1819/1628 2072/1820/1629
f 2073/1821/1630 2074/1822/1631 2075/1823/1632
f 2073/1821/1630 2075/1823/1632 2076/1824/1633
f 2046/1796/1603 2045/1795/1602 2077/1825/1634
f 2046/1796/1603 2077/1825/1634 2078/1826/1635
f 2058/1771/1615 2057/1806/1614 2079/1827/1636
f 2058/1771/1615 2079/1827/1636 2080/1773/1637
f 2054/1804/1611 2053/1803/1610 2081/1828/1638
f 2054/1804/1611 2081/1828/1638 2082/1829/1639
f 2064/1812/1621 2063/1811/1620 2047/1797/1604
f 2064/1812/1621 2047/1797/1604 2083/1830/1640
f 2068/1816/1625 2067/1815/1624 2084/1831/1641
f 2068/1816/1625 2084/1831/1641 2085/1832/1642
f 2072/1820/1629 2071/1819/1628 2086/1833/1643
f 2072/1820/1629 2086/1833/1643 2087/1834/1644
f 2076/1824/1633 2075/1823/1632 2088/1835/1645
f 2076/1824/1633 2088/1835/1645 2089/1836/1646
f 2078/1826/1635 2077/1825/1634 2090/1837/1647
f 2078/1826/1635 2090/1837/1647 2091/1838/1648
f 2080/1773/1637 2079/1827/1636 2092/1839/1649
f 2080/1773/1637 2092/1839/1649 2093/1775/1650
f 2082/1829/1639 2081/1828/1638 2094/1840/1651
f 2082/1829/1639 2094/1840/1651 2095/1841/1652
f 2083/1830/1640 2047/1797/1604 2050/1800/1607
f 2083/1830/1640 2050/1800/1607 2096/1842/1653
f 2085/1832/1642 2084/1831/1641 2097/1843/1654
f 2085/1832/1642 2097/1843/1654 2098/1844/1655
f 2087/1834/1644 2086/1833/1643 2099/1845/1656
f 2087/1834/1644 2099/1845/1656 2100/1846/1657
f 2089/1836/1646 2088/1835/1645 2101/1847/1658
f 2089/1836/1646 2101/1847/1658 2102/1848/1659
f 2091/1838/1648 2090/1837/1647 2103/1849/1660
f 2091/1838/1648 2103/1849/1660 2104/1850/1661
f 2093/1775/1650 2092/1839/1649 2105/1851/1662
f 2093/1775/1650 2105/1851/1662 2106/1777/1663
f 2095/1841/1652 2094/1840/1651 2107/1852/1664
f 2095/1841/1652 2107/1852/1664 2108/1853/1665
f 2096/1842/1653 2050/1800/1607 2044/1794/1601
f 2096/1842/1653 2044/1794/1601 2043/1793/1600
f 2109/1766/1666 2110/1854/1667 2056/1805/1613
f 2109/1766/1666 2056/1805/1613 2055/1769/1612
f 2100/1846/1657 2099/1845/1656 2060/1808/1617
f 2100/1846/1657 2060/1808/1617 2059/1807/1616
f 2102/1848/1659 2101/1847/1658 2062/1810/1619
f 2102/1848/1659 2062/1810/1619 2061/1809/1618
f 2104/1850/1661 2103/1849/1660 2066/1814/1623
f 2104/1850/1661 2066/1814/1623 2065/1813/1622
f 2106/1777/1663 2105/1851/1662 2111/1855/1627
f 2106/1777/1663 2111/1855/1627 2112/1779/1626
f 2108/1853/1665 2107/1852/1664 2074/1822/1631
f 2108/1853/1665 2074/1822/1631 2073/1821/1630
f 2113/1856/1668 2114/1857/1669 2115/1858/1670
f 2113/1856/1668 2115/1858/1670 2116/1859/1671
f 2117/1860/1672 2118/1861/1673 2119/1862/1674
f 2117/1860/1672 2119/1862/1674 2120/1863/1675
f 2050/1800/1607 2049/1799/1606 2121/1864/1676
f 2050/1800/1607 2121/1864/1676 2044/1794/1601
f 2120/1863/1675 2119/1862/1674 2122/1865/1677
f 2120/1863/1675 2122/1865/1677 2070/1818/1627
f 2044/1794/1601 2121/1864/1676 2113/1856/1668
f 2044/1794/1601 2113/1856/1668 2045/1795/1602
f 2052/1802/1609 2123/1866/1678 2124/1867/1679
f 2052/1802/1609 2124/1867/1679 2053/1803/1610
f 2070/1818/1627 2122/1865/1677 2125/1868/1680
f 2070/1818/1627 2125/1868/1680 2071/1819/1628
f 2045/1795/1602 2113/1856/1668 2116/1859/1671
f 2045/1795/1602 2116/1859/1671 2077/1825/1634
f 2053/1803/1610 2124/1867/1679 2126/1869/1681
f 2053/1803/1610 2126/1869/1681 2081/1828/1638
f 2071/1819/1628 2125/1868/1680 2127/1870/1682
f 2071/1819/1628 2127/1870/1682 2086/1833/1643
f 2077/1825/1634 2116/1859/1671 2128/1871/1683
f 2077/1825/1634 2128/1871/1683 2090/1837/1647
f 2081/1828/1638 2126/1869/1681 2129/1872/1684
f 2081/1828/1638 2129/1872/1684 2094/1840/1651
f 2086/1833/1643 2127/1870/1682 2130/1873/1685
f 2086/1833/1643 2130/1873/1685 2099/1845/1656
f 2090/1837/1647 2128/1871/1683 2131/1874/1686
f 2090/1837/1647 2131/1874/1686 2103/1849/1660
f 2094/1840/1651 2129/1872/1684 2132/1875/1687
f 2094/1840/1651 2132/1875/1687 2107/1852/1664
f 2099/1845/1656 2130/1873/1685 2133/1876/1688
f 2099/1845/1656 2133/1876/1688 2060/1808/1617
f 2103/1849/1660 2131/1874/1686 2134/1877/1689
f 2103/1849/1660 2134/1877/1689 2066/1814/1623
f 2107/1852/1664 2132/1875/1687 2135/1878/1690
f 2107/1852/1664 2135/1878/1690 2074/1822/1631
f 2060/1808/1617 2133/1876/1688 2123/1866/1678
f 2060/1808/1617 2123/1866/1678 2052/1802/1609
f 2066/1814/1623 2134/1877/1689 2136/1879/1691
f 2066/1814/1623 2136/1879/1691 2067/1815/1624
f 2074/1822/1631 2135/1878/1690 2137/1880/1692
f 2074/1822/1631 2137/1880/1692 2075/1823/1632
f 2067/1815/1624 2136/1879/1691 2138/1881/1693
f 2067/1815/1624 2138/1881/1693 2084/1831/1641
f 2075/1823/1632 2137/1880/1692 2139/1882/1694
f 2075/1823/1632 2139/1882/1694 2088/1835/1645
f 2084/1831/1641 2138/1881/1693 2140/1883/1695
f 2084/1831/1641 2140/1883/1695 2097/1843/1654
f 2088/1835/1645 2139/1882/1694 2141/1884/1696
f 2088/1835/1645 2141/1884/1696 2101/1847/1658
f 2097/1843/1654 2140/1883/1695 2142/1885/1697
f 2097/1843/1654 2142/1885/1697 2143/1886/1613
f 2101/1847/1658 2141/1884/1696 2144/1887/1698
f 2101/1847/1658 2144/1887/1698 2062/1810/1619
f 2143/1886/1613 2142/1885/1697 2145/1888/1699
f 2143/1886/1613 2145/1888/1699 2146/1889/1700
f 2062/1810/1619 2144/1887/1698 2147/1890/1701
f 2062/1810/1619 2147/1890/1701 2063/1811/1620
f 2146/1889/1700 2145/1888/1699 2148/1891/1702
f 2146/1889/1700 2148/1891/1702 2149/1892/1703
f 2063/1811/1620 2147/1890/1701 2048/1798/1605
f 2063/1811/1620 2048/1798/1605 2047/1797/1604
f 2149/1892/1703 2148/1891/1702 2118/1861/1673
f 2149/1892/1703 2118/1861/1673 2117/1860/1672
f 2124/1867/1679 2150/1893/1704 2151/1894/1705
f 2124/1867/1679 2151/1894/1705 2126/1869/1681
f 2125/1868/1680 2152/1895/1706 2153/1896/1707
f 2125/1868/1680 2153/1896/1707 2127/1870/1682
f 2116/1859/1671 2115/1858/1670 2154/1897/1708
f 2116/1859/1671 2154/1897/1708 2128/1871/1683
f 2126/1869/1681 2151/1894/1705 2155/1898/1709
f 2126/1869/1681 2155/1898/1709 2129/1872/1684
f 2127/1870/1682 2153/1896/1707 2156/1899/1710
f 2127/1870/1682 2156/1899/1710 2130/1873/1685
f 2128/1871/1683 2154/1897/1708 2157/1900/1711
f 2128/1871/1683 2157/1900/1711 2131/1874/1686
f 2129/1872/1684 2155/1898/1709 2158/1901/1712
f 2129/1872/1684 2158/1901/1712 2132/1875/1687
f 2130/1873/1685 2156/1899/1710 2159/1902/1713
f 2130/1873/1685 2159/1902/1713 2133/1876/1688
f 2131/1874/1686 2157/1900/1711 2160/1903/1714
f 2131/1874/1686 2160/1903/1714 2134/1877/1689
f 2132/1875/1687 2158/1901/1712 2161/1904/1715
f 2132/1875/1687 2161/1904/1715 2135/1878/1690
f 2133/1876/1688 2159/1902/1713 2162/1905/1716
f 2133/1876/1688 2162/1905/1716 2123/1866/1678
f 2134/1877/1689 2160/1903/1714 2163/1906/1717
f 2134/1877/1689 2163/1906/1717 2136/1879/1691
f 2135/1878/1690 2161/1904/1715 2164/1907/1718
f 2135/1878/1690 2164/1907/1718 2137/1880/1692
f 2136/1879/1691 2163/1906/1717 2165/1908/1719
f 2136/1879/1691 2165/1908/1719 2138/1881/1693
f 2137/1880/1692 2164/1907/1718 2166/1909/1720
f 2137/1880/1692 2166/1909/1720 2139/1882/1694
f 2138/1881/1693 2165/1908/1719 2167/1910/1721
f 2138/1881/1693 2167/1910/1721 2140/1883/1695
f 2139/1882/1694 2166/1909/1720 2168/1911/1722
f 2139/1882/1694 2168/1911/1722 2141/1884/1696
f 2140/1883/1695 2167/1910/1721 2169/1912/1723
f 2140/1883/1695 2169/1912/1723 2142/1885/1697
f 2141/1884/1696 2168/1911/1722 2170/1913/1724
f 2141/1884/1696 2170/1913/1724 2144/1887/1698
f 2142/1885/1697 2169/1912/1723 2171/1914/1725
f 2142/1885/1697 2171/1914/1725 2145/1888/1699
f 2144/1887/1698 2170/1913/1724 2172/1915/1726
f 2144/1887/1698 2172/1915/1726 2147/1890/1701
f 2145/1888/1699 2171/1914/1725 2173/1916/1727
f 2145/1888/1699 2173/1916/1727 2148/1891/1702
f 2147/1890/1701 2172/1915/1726 2174/1917/1728
f 2147/1890/1701 2174/1917/1728 2048/1798/1605
f 2148/1891/1702 2173/1916/1727 2175/1918/1729
f 2148/1891/1702 2175/1918/1729 2118/1861/1673
f 2048/1798/1605 2174/1917/1728 2176/1919/1730
f 2048/1798/1605 2176/1919/1730 2049/1799/1606
f 2118/1861/1673 2175/1918/1729 2177/1920/1731
f 2118/1861/1673 2177/1920/1731 2119/1862/1674
f 2049/1799/1606 2176/1919/1730 2178/1921/1732
f 2049/1799/1606 2178/1921/1732 2121/1864/1676
f 2119/1862/1674 2177/1920/1731 2179/1922/1733
f 2119/1862/1674 2179/1922/1733 2122/1865/1677
f 2121/1864/1676 2178/1921/1732 2114/1857/1669
f 2121/1864/1676 2114/1857/1669 2113/1856/1668
f 2123/1866/1678 2162/1905/1716 2150/1893/1704
f 2123/1866/1678 2150/1893/1704 2124/1867/1679
f 2122/1865/1677 2179/1922/1733 2152/1895/1706
f 2122/1865/1677 2152/1895/1706 2125/1868/1680
f 2180/1923/1734 2181/1924/1735 2182/1925/1736
f 2180/1923/1734 2182/1925/1736 2183/1926/1737
f 2184/1927/1738 2185/1928/1739 2186/1929/1740
f 2184/1927/1738 2186/1929/1740 2187/1930/1741
f 2188/1931/1742 2189/1932/1743 2190/1933/1744
f 2188/1931/1742 2190/1933/1744 2191/1934/1745
f 2183/1926/1737 2182/1925/1736 2192/1935/1746
f 2183/1926/1737 2192/1935/1746 2193/1936/1747
f 2191/1934/1745 2190/1933/1744 2194/1937/1748
f 2191/1934/1745 2194/1937/1748 2195/1938/1749
f 2193/1936/1747 2192/1935/1746 2184/1927/1738
f 2193/1936/1747 2184/1927/1738 2196/1939/1750
f 2195/1938/1749 2194/1937/1748 2197/1940/1751
f 2195/1938/1749 2197/1940/1751 2198/1941/1752
f 2196/1939/1750 2184/1927/1738 2187/1930/1741
f 2196/1939/1750 2187/1930/1741 2199/1942/1753
f 2198/1941/1752 2197/1940/1751 2200/1943/1754
f 2198/1941/1752 2200/1943/1754 2201/1944/1755
f 2199/1942/1753 2187/1930/1741 2202/1945/1756
f 2199/1942/1753 2202/1945/1756 2203/1946/1757
f 2201/1944/1755 2200/1943/1754 2204/1947/1758
f 2201/1944/1755 2204/1947/1758 2205/1948/1759
f 2203/1946/1757 2202/1945/1756 2206/1949/1760
f 2203/1946/1757 2206/1949/1760 2207/1950/1761
f 2205/1948/1759 2204/1947/1758 2208/1951/1762
f 2205/1948/1759 2208/1951/1762 2209/1952/1763
f 2207/1950/1761 2206/1949/1760 2210/1953/1764
f 2207/1950/1761 2210/1953/1764 2211/1954/1765
f 2209/1952/1763 2208/1951/1762 2212/1955/1766
f 2209/1952/1763 2212/1955/1766 2213/1956/1767
f 2214/1957/1768 2215/1958/1769 2216/1959/1770
f 2214/1957/1768 2216/1959/1770 2217/1960/1771
f 2211/1954/1765 2210/1953/1764 2218/1961/1772
f 2211/1954/1765 2218/1961/1772 2219/1962/1773
f 2213/1956/1767 2212/1955/1766 2220/1963/1774
f 2213/1956/1767 2220/1963/1774 2221/1964/1775
f 2217/1960/1771 2216/1959/1770 2222/1965/1776
f 2217/1960/1771 2222/1965/1776 2223/1966/1777
f 2219/1962/1773 2218/1961/1772 2224/1967/1778
f 2219/1962/1773 2224/1967/1778 2225/1968/1779
f 2221/1964/1775 2220/1963/1774 2226/1969/1780
f 2221/1964/1775 2226/1969/1780 2227/1970/1781
f 2223/1966/1777 2222/1965/1776 2228/1971/1782
f 2223/1966/1777 2228/1971/1782 2229/1972/1783
f 2225/1968/1779 2224/1967/1778 2230/1973/1784
f 2225/1968/1779 2230/1973/1784 2231/1974/1785
f 2227/1970/1781 2226/1969/1780 2232/1975/1786
f 2227/1970/1781 2232/1975/1786 2233/1976/1787
f 2229/1972/1783 2228/1971/1782 2234/1977/1788
f 2229/1972/1783 2234/1977/1788 2235/1978/1789
f 2231/1974/1785 2230/1973/1784 2236/1979/1790
f 2231/1974/1785 2236/1979/1790 2237/1980/1791
f 2233/1976/1787 2232/1975/1786 2238/1981/1792
f 2233/1976/1787 2238/1981/1792 2239/1982/1793
f 2235/1978/1789 2234/1977/1788 2240/1983/1794
f 2235/1978/1789 2240/1983/1794 2241/1984/1795
f 2237/1980/1791 2236/1979/1790 2215/1958/1769
f 2237/1980/1791 2215/1958/1769 2214/1957/1768
f 2239/1982/1793 2238/1981/1792 2242/1985/1796
f 2239/1982/1793 2242/1985/1796 2243/1986/1797
f 2241/1984/1795 2240/1983/1794 2244/1987/1798
f 2241/1984/1795 2244/1987/1798 2245/1988/1799
f 2243/1986/1797 2242/1985/1796 2181/1924/1735
f 2243/1986/1797 2181/1924/1735 2180/1923/1734
f 2245/1988/1799 2244/1987/1798 2189/1932/1743
f 2245/1988/1799 2189/1932/1743 2188/1931/1742
f 2246/1989/152 2247/1990/152 2248/1991/150
f 2246/1989/152 2248/1991/150 2249/1992/150
f 2197/1940/1751 2250/1993/1800 2251/1994/1801
f 2197/1940/1751 2251/1994/1801 2200/1943/1754
f 2187/1930/1741 2186/1929/1740 2252/1995/1802
f 2187/1930/1741 2252/1995/1802 2202/1945/1756
f 2200/1943/1754 2251/1994/1801 2253/1996/1803
f 2200/1943/1754 2253/1996/1803 2204/1947/1758
f 2202/1945/1756 2252/1995/1802 2254/1997/1804
f 2202/1945/1756 2254/1997/1804 2206/1949/1760
f 2204/1947/1758 2253/1996/1803 2255/1998/1805
f 2204/1947/1758 2255/1998/1805 2208/1951/1762
f 2206/1949/1760 2254/1997/1804 2256/1999/1806
f 2206/1949/1760 2256/1999/1806 2210/1953/1764
f 2208/1951/1762 2255/1998/1805 2257/2000/1807
f 2208/1951/1762 2257/2000/1807 2212/1955/1766
f 2215/1958/1769 2258/2001/1808 2259/2002/1809
f 2215/1958/1769 2259/2002/1809 2216/1959/1770
f 2210/1953/1764 2256/1999/1806 2260/2003/1810
f 2210/1953/1764 2260/2003/1810 2218/1961/1772
f 2212/1955/1766 2257/2000/1807 2261/2004/1811
f 2212/1955/1766 2261/2004/1811 2220/1963/1774
f 2216/1959/1770 2259/2002/1809 2262/2005/1812
f 2216/1959/1770 2262/2005/1812 2222/1965/1776
f 2218/1961/1772 2260/2003/1810 2263/2006/1813
f 2218/1961/1772 2263/2006/1813 2224/1967/1778
f 2220/1963/1774 2261/2004/1811 2264/2007/1814
f 2220/1963/1774 2264/2007/1814 2226/1969/1780
f 2222/1965/1776 2262/2005/1812 2265/2008/1815
f 2222/1965/1776 2265/2008/1815 2228/1971/1782
f 2224/1967/1778 2263/2006/1813 2266/2009/1816
f 2224/1967/1778 2266/2009/1816 2230/1973/1784
f 2226/1969/1780 2264/2007/1814 2267/2010/1817
f 2226/1969/1780 2267/2010/1817 2232/1975/1786
f 2228/1971/1782 2265/2008/1815 2268/2011/1818
f 2228/1971/1782 2268/2011/1818 2234/1977/1788
f 2230/1973/1784 2266/2009/1816 2269/2012/1819
f 2230/1973/1784 2269/2012/1819 2236/1979/1790
f 2232/1975/1786 2267/2010/1817 2270/2013/1820
f 2232/1975/1786 2270/2013/1820 2238/1981/1792
f 2234/1977/1788 2268/2011/1818 2271/2014/1821
f 2234/1977/1788 2271/2014/1821 2240/1983/1794
f 2236/1979/1790 2269/2012/1819 2258/2001/1808
f 2236/1979/1790 2258/2001/1808 2215/1958/1769
f 2238/1981/1792 2270/2013/1820 2272/2015/1822
f 2238/1981/1792 2272/2015/1822 2242/1985/1796
f 2240/1983/1794 2271/2014/1821 2273/2016/1823
f 2240/1983/1794 2273/2016/1823 2244/1987/1798
f 2242/1985/1796 2272/2015/1822 2274/2017/1824
f 2242/1985/1796 2274/2017/1824 2181/1924/1735
f 2244/1987/1798 2273/2016/1823 2275/2018/1825
f 2244/1987/1798 2275/2018/1825 2189/1932/1743
f 2181/1924/1735 2274/2017/1824 2276/2019/1826
f 2181/1924/1735 2276/2019/1826 2182/1925/1736
f 2189/1932/1743 2275/2018/1825 2277/2020/1827
f 2189/1932/1743 2277/2020/1827 2190/1933/1744
f 2182/1925/1736 2276/2019/1826 2278/2021/1828
f 2182/1925/1736 2278/2021/1828 2192/1935/1746
f 2190/1933/1744 2277/2020/1827 2279/2022/1829
f 2190/1933/1744 2279/2022/1829 2194/1937/1748
f 2192/1935/1746 2278/2021/1828 2185/1928/1739
f 2192/1935/1746 2185/1928/1739 2184/1927/1738
f 2194/1937/1748 2279/2022/1829 2250/1993/1800
f 2194/1937/1748 2250/1993/1800 2197/1940/1751
f 2280/2023/1830 2281/2024/1831 2282/2025/1832
f 2280/2023/1830 2282/2025/1832 2283/2026/1833
f 2284/2027/182 2285/2028/182 2286/2029/180
f 2284/2027/182 2286/2029/180 2287/2030/180
f 2288/2031/67 2289/2032/67 2290/2033/216
f 2288/2031/67 2290/2033/216 2291/2034/216
f 2249/1992/150 2248/1991/150 2292/2035/147
f 2249/1992/150 2292/2035/147 2293/2036/147
f 2287/2030/180 2286/2029/180 2294/2037/178
f 2287/2030/180 2294/2037/178 2295/2038/178
f 2291/2034/216 2290/2033/216 2296/2039/210
f 2291/2034/216 2296/2039/210 2297/2040/210
f 2298/2041/147 2299/2042/147 2300/2023/145
f 2298/2041/147 2300/2023/145 2301/2043/145
f 2295/2038/178 2294/2037/178 2302/2044/73
f 2295/2038/178 2302/2044/73 2303/2045/73
f 2297/2040/210 2296/2039/210 2304/2046/208
f 2297/2040/210 2304/2046/208 2305/2047/208
f 2301/2043/145 2300/2023/145 2306/2026/143
f 2301/2043/145 2306/2026/143 2307/2048/143
f 2303/2045/73 2302/2044/73 2308/2049/175
f 2303/2045/73 2308/2049/175 2309/2050/175
f 2305/2047/208 2304/2046/208 2310/2051/207
f 2305/2047/208 2310/2051/207 2311/2052/207
f 2307/2048/143 2306/2026/143 2312/2053/141
f 2307/2048/143 2312/2053/141 2313/2054/141
f 2309/2050/175 2308/2049/175 2314/2055/1113
f 2309/2050/175 2314/2055/1113 2315/2056/1113
f 2316/2057/204 2317/2058/207 2318/2059/202
f 2316/2057/204 2318/2059/202 2319/2060/1834
f 2313/2054/141 2312/2053/141 2289/2032/67
f 2313/2054/141 2289/2032/67 2288/2031/67
f 2315/2056/1113 2314/2055/1113 2320/2061/171
f 2315/2056/1113 2320/2061/171 2321/2062/171
f 2319/2060/1834 2318/2059/202 2322/2063/1835
f 2319/2060/1834 2322/2063/1835 2323/2064/200
f 2321/2062/171 2320/2061/171 2324/2065/168
f 2321/2062/171 2324/2065/168 2325/2066/168
f 2323/2064/200 2322/2063/1835 2326/2067/198
f 2323/2064/200 2326/2067/198 2327/2068/198
f 2328/2069/168 2329/2070/1583 2330/2071/1836
f 2328/2069/168 2330/2071/1836 2331/2072/1836
f 2327/2068/198 2326/2067/198 2332/2073/1566
f 2327/2068/198 2332/2073/1566 2333/2074/1566
f 2331/2072/1836 2330/2071/1836 2334/2075/164
f 2331/2072/1836 2334/2075/164 2335/2076/164
f 2333/2074/1566 2332/2073/1566 2336/2077/1568
f 2333/2074/1566 2336/2077/1568 2337/2078/1837
f 2335/2076/164 2334/2075/164 2338/2079/1838
f 2335/2076/164 2338/2079/1838 2339/2080/1838
f 2337/2078/1837 2336/2077/1568 2340/2081/1839
f 2337/2078/1837 2340/2081/1839 2341/2082/189
f 2339/2080/1838 2338/2079/1838 2342/2083/1470
f 2339/2080/1838 2342/2083/1470 2343/2084/1470
f 2341/2082/189 2340/2081/1839 2344/2085/187
f 2341/2082/189 2344/2085/187 2345/2086/187
f 2343/2084/1470 2342/2083/1470 2346/2087/1590
f 2343/2084/1470 2346/2087/1590 2347/2088/1590
f 2345/2086/187 2344/2085/187 2348/2089/184
f 2345/2086/187 2348/2089/184 2349/2090/184
f 2347/2088/1590 2346/2087/1590 2247/1990/152
f 2347/2088/1590 2247/1990/152 2246/1989/152
f 2350/2091/184 2351/2092/184 2285/2028/182
f 2350/2091/184 2285/2028/182 2284/2027/182
f 2352/2093/1840 2353/2094/1841 2354/2095/1842
f 2352/2093/1840 2354/2095/1842 2355/2096/1843
f 2356/2044/1844 2357/2097/1845 2358/2098/1846
f 2356/2044/1844 2358/2098/1846 2359/2049/1847
f 2360/2046/1848 2361/2099/1849 2362/2100/1850
f 2360/2046/1848 2362/2100/1850 2363/2051/1851
f 2283/2026/1833 2282/2025/1832 2364/2101/1852
f 2283/2026/1833 2364/2101/1852 2365/2053/1853
f 2359/2049/1847 2358/2098/1846 2366/2102/1854
f 2359/2049/1847 2366/2102/1854 2367/2055/1855
f 2368/2058/1856 2369/2103/1857 2370/2104/1858
f 2368/2058/1856 2370/2104/1858 2371/2059/1859
f 2365/2053/1853 2364/2101/1852 2372/2105/1860
f 2365/2053/1853 2372/2105/1860 2373/2032/1861
f 2367/2055/1855 2366/2102/1854 2374/2106/1862
f 2367/2055/1855 2374/2106/1862 2375/2061/1863
f 2371/2059/1859 2370/2104/1858 2376/2107/1864
f 2371/2059/1859 2376/2107/1864 2377/2063/1865
f 2375/2061/1863 2374/2106/1862 2378/2108/1866
f 2375/2061/1863 2378/2108/1866 2379/2065/1867
f 2377/2063/1865 2376/2107/1864 2380/2109/1868
f 2377/2063/1865 2380/2109/1868 2381/2067/1869
f 2382/2070/1867 2383/2110/1843 2384/2111/1870
f 2382/2070/1867 2384/2111/1870 2385/2071/1871
f 2381/2067/1869 2380/2109/1868 2386/2112/1872
f 2381/2067/1869 2386/2112/1872 2387/2073/1873
f 2385/2071/1871 2384/2111/1870 2388/2113/1874
f 2385/2071/1871 2388/2113/1874 2389/2075/1875
f 2387/2073/1873 2386/2112/1872 2390/2114/1876
f 2387/2073/1873 2390/2114/1876 2391/2077/1877
f 2389/2075/1875 2388/2113/1874 2392/2115/1878
f 2389/2075/1875 2392/2115/1878 2393/2079/1879
f 2391/2077/1877 2390/2114/1876 2394/2116/1880
f 2391/2077/1877 2394/2116/1880 2395/2081/1881
f 2393/2079/1879 2392/2115/1878 2396/2117/1882
f 2393/2079/1879 2396/2117/1882 2397/2083/1883
f 2395/2081/1881 2394/2116/1880 2398/2118/1884
f 2395/2081/1881 2398/2118/1884 2399/2085/1885
f 2397/2083/1883 2396/2117/1882 2400/2119/1886
f 2397/2083/1883 2400/2119/1886 2401/2087/1887
f 2399/2085/1885 2398/2118/1884 2402/2120/1888
f 2399/2085/1885 2402/2120/1888 2403/2089/1889
f 2401/2087/1887 2400/2119/1886 2404/2121/1890
f 2401/2087/1887 2404/2121/1890 2405/1990/1891
f 2406/2092/1889 2407/2122/1888 2408/2123/1892
f 2406/2092/1889 2408/2123/1892 2409/2028/1893
f 2405/1990/1891 2404/2121/1890 2410/2124/1894
f 2405/1990/1891 2410/2124/1894 2411/1991/1895
f 2409/2028/1893 2408/2123/1892 2412/2125/1896
f 2409/2028/1893 2412/2125/1896 2413/2029/1897
f 2373/2032/1861 2372/2105/1860 2414/2126/1898
f 2373/2032/1861 2414/2126/1898 2415/2033/1899
f 2411/1991/1895 2410/2124/1894 2416/2127/1900
f 2411/1991/1895 2416/2127/1900 2417/2035/1901
f 2413/2029/1897 2412/2125/1896 2418/2128/1902
f 2413/2029/1897 2418/2128/1902 2419/2037/1903
f 2415/2033/1899 2414/2126/1898 2420/2129/1904
f 2415/2033/1899 2420/2129/1904 2421/2039/1905
f 2422/2042/1906 2423/2130/1907 2281/2024/1831
f 2422/2042/1906 2281/2024/1831 2280/2023/1830
f 2419/2037/1903 2418/2128/1902 2357/2097/1845
f 2419/2037/1903 2357/2097/1845 2356/2044/1844
f 2421/2039/1905 2420/2129/1904 2361/2099/1849
f 2421/2039/1905 2361/2099/1849 2360/2046/1848
f 2424/2131/1908 2425/2132/1909 2426/2133/1910
f 2424/2131/1908 2426/2133/1910 2427/2134/1911
f 2428/2135/1912 2429/2136/1913 2430/2137/1914
f 2428/2135/1912 2430/2137/1914 2431/2138/1915
f 2383/2110/1843 2432/2139/1916 2433/2140/1917
f 2383/2110/1843 2433/2140/1917 2384/2111/1870
f 2431/2138/1915 2430/2137/1914 2434/2141/1918
f 2431/2138/1915 2434/2141/1918 2435/2142/1919
f 2384/2111/1870 2433/2140/1917 2436/2143/1920
f 2384/2111/1870 2436/2143/1920 2388/2113/1874
f 2435/2142/1919 2434/2141/1918 2437/2144/1921
f 2435/2142/1919 2437/2144/1921 2438/2145/1922
f 2388/2113/1874 2436/2143/1920 2439/2146/1923
f 2388/2113/1874 2439/2146/1923 2392/2115/1878
f 2438/2145/1922 2437/2144/1921 2440/2147/1924
f 2438/2145/1922 2440/2147/1924 2441/2148/1880
f 2392/2115/1878 2439/2146/1923 2442/2149/1925
f 2392/2115/1878 2442/2149/1925 2396/2117/1882
f 2441/2148/1880 2440/2147/1924 2443/2150/1926
f 2441/2148/1880 2443/2150/1926 2444/2151/1884
f 2396/2117/1882 2442/2149/1925 2445/2152/1927
f 2396/2117/1882 2445/2152/1927 2400/2119/1886
f 2444/2151/1884 2443/2150/1926 2446/2153/1928
f 2444/2151/1884 2446/2153/1928 2447/2154/1929
f 2400/2119/1886 2445/2152/1927 2448/2155/1930
f 2400/2119/1886 2448/2155/1930 2404/2121/1890
f 2447/2154/1929 2446/2153/1928 2449/2156/1931
f 2447/2154/1929 2449/2156/1931 2450/2157/1932
f 2404/2121/1890 2448/2155/1930 2451/2158/1933
f 2404/2121/1890 2451/2158/1933 2410/2124/1894
f 2450/2157/1932 2449/2156/1931 2452/2159/1934
f 2450/2157/1932 2452/2159/1934 2453/2160/1935
f 2454/2161/1936 2455/2162/1937 2456/2163/1938
f 2454/2161/1936 2456/2163/1938 2457/2164/1939
f 2410/2124/1894 2451/2158/1933 2458/2165/1940
f 2410/2124/1894 2458/2165/1940 2416/2127/1900
f 2453/2160/1935 2452/2159/1934 2459/2166/1941
f 2453/2160/1935 2459/2166/1941 2460/2167/1942
f 2457/2164/1939 2456/2163/1938 2461/2168/1943
f 2457/2164/1939 2461/2168/1943 2462/2169/1944
f 2463/2170/1900 2464/2171/1945 2465/2172/1946
f 2463/2170/1900 2465/2172/1946 2466/2173/1947
f 2460/2167/1942 2459/2166/1941 2467/2174/1948
f 2460/2167/1942 2467/2174/1948 2468/2175/1845
f 2462/2169/1944 2461/2168/1943 2469/2176/1949
f 2462/2169/1944 2469/2176/1949 2470/2177/1950
f 2466/2173/1947 2465/2172/1946 2471/2178/1951
f 2466/2173/1947 2471/2178/1951 2472/2179/1952
f 2468/2175/1845 2467/2174/1948 2473/2180/1953
f 2468/2175/1845 2473/2180/1953 2474/2181/1954
f 2470/2177/1950 2469/2176/1949 2475/2182/1955
f 2470/2177/1950 2475/2182/1955 2476/2183/1956
f 2472/2179/1952 2471/2178/1951 2477/2184/1957
f 2472/2179/1952 2477/2184/1957 2478/2185/1958
f 2474/2181/1954 2473/2180/1953 2479/2186/1959
f 2474/2181/1954 2479/2186/1959 2480/2187/1960
f 2476/2183/1956 2475/2182/1955 2481/2188/1961
f 2476/2183/1956 2481/2188/1961 2482/2189/1962
f 2478/2185/1958 2477/2184/1957 2455/2162/1937
f 2478/2185/1958 2455/2162/1937 2454/2161/1936
f 2480/2187/1960 2479/2186/1959 2353/2094/1841
f 2480/2187/1960 2353/2094/1841 2352/2093/1840
f 2482/2189/1962 2481/2188/1961 2429/2136/1913
f 2482/2189/1962 2429/2136/1913 2428/2135/1912
f 2483/2190/1963 2484/2191/1963 2485/2192/1964
f 2483/2190/1963 2485/2192/1964 2486/2193/1965
f 2437/2144/1921 2487/2194/1966 2488/2195/1967
f 2437/2144/1921 2488/2195/1967 2440/2147/1924
f 2427/2134/1911 2426/2133/1910 2489/2196/1968
f 2427/2134/1911 2489/2196/1968 2490/2197/1969
f 2440/2147/1924 2488/2195/1967 2491/2198/1970
f 2440/2147/1924 2491/2198/1970 2443/2150/1926
f 2490/2197/1969 2489/2196/1968 2492/2190/1971
f 2490/2197/1969 2492/2190/1971 2493/2199/1927
f 2443/2150/1926 2491/2198/1970 2494/2200/1972
f 2443/2150/1926 2494/2200/1972 2446/2153/1928
f 2493/2199/1927 2492/2190/1971 2495/2193/1973
f 2493/2199/1927 2495/2193/1973 2496/2201/1930
f 2446/2153/1928 2494/2200/1972 2497/2202/1974
f 2446/2153/1928 2497/2202/1974 2449/2156/1931
f 2496/2201/1930 2495/2193/1973 2498/2203/1975
f 2496/2201/1930 2498/2203/1975 2499/2204/1976
f 2449/2156/1931 2497/2202/1974 2500/2205/1977
f 2449/2156/1931 2500/2205/1977 2452/2159/1934
f 2455/2162/1937 2501/2206/1978 2502/2207/1979
f 2455/2162/1937 2502/2207/1979 2456/2163/1938
f 2499/2204/1976 2498/2203/1975 2503/2208/1980
f 2499/2204/1976 2503/2208/1980 2464/2171/1945
f 2452/2159/1934 2500/2205/1977 2504/2209/1981
f 2452/2159/1934 2504/2209/1981 2459/2166/1941
f 2456/2163/1938 2502/2207/1979 2505/2210/1982
f 2456/2163/1938 2505/2210/1982 2461/2168/1943
f 2464/2171/1945 2503/2208/1980 2506/2211/1983
f 2464/2171/1945 2506/2211/1983 2465/2172/1946
f 2459/2166/1941 2504/2209/1981 2507/2212/1984
f 2459/2166/1941 2507/2212/1984 2467/2174/1948
f 2461/2168/1943 2505/2210/1982 2508/2213/1985
f 2461/2168/1943 2508/2213/1985 2469/2176/1949
f 2465/2172/1946 2506/2211/1983 2509/2214/1986
f 2465/2172/1946 2509/2214/1986 2471/2178/1951
f 2467/2174/1948 2507/2212/1984 2510/2215/1987
f 2467/2174/1948 2510/2215/1987 2473/2180/1953
f 2469/2176/1949 2508/2213/1985 2511/2216/1988
f 2469/2176/1949 2511/2216/1988 2475/2182/1955
f 2471/2178/1951 2509/2214/1986 2512/2217/1989
f 2471/2178/1951 2512/2217/1989 2477/2184/1957
f 2473/2180/1953 2510/2215/1987 2513/2218/1990
f 2473/2180/1953 2513/2218/1990 2479/2186/1959
f 2475/2182/1955 2511/2216/1988 2514/2219/1991
f 2475/2182/1955 2514/2219/1991 2481/2188/1961
f 2477/2184/1957 2512/2217/1989 2501/2206/1978
f 2477/2184/1957 2501/2206/1978 2455/2162/1937
f 2479/2186/1959 2513/2218/1990 2515/2220/1992
f 2479/2186/1959 2515/2220/1992 2353/2094/1841
f 2481/2188/1961 2514/2219/1991 2516/2221/1993
f 2481/2188/1961 2516/2221/1993 2429/2136/1913
f 2353/2094/1841 2515/2220/1992 2517/2222/1994
f 2353/2094/1841 2517/2222/1994 2354/2095/1842
f 2429/2136/1913 2516/2221/1993 2518/2223/1995
f 2429/2136/1913 2518/2223/1995 2430/2137/1914
f 2354/2095/1842 2517/2222/1994 2519/2224/1996
f 2354/2095/1842 2519/2224/1996 2520/2225/1997
f 2430/2137/1914 2518/2223/1995 2521/2226/1998
f 2430/2137/1914 2521/2226/1998 2434/2141/1918
f 2520/2225/1997 2519/2224/1996 2425/2132/1909
f 2520/2225/1997 2425/2132/1909 2424/2131/1908
f 2434/2141/1918 2521/2226/1998 2487/2194/1966
f 2434/2141/1918 2487/2194/1966 2437/2144/1921
f 2522/2227/175 2523/2228/175 2524/2229/1579
f 2522/2227/175 2524/2229/1579 2525/2230/1579
f 2526/2231/1999 2527/2232/2000 2528/2233/2001
f 2526/2231/1999 2528/2233/2001 2529/2234/2001
f 2486/2193/1965 2485/2192/1964 2530/2235/2002
f 2486/2193/1965 2530/2235/2002 2531/2203/2003
f 2532/2236/2004 2533/2237/2001 2534/2238/2005
f 2532/2236/2004 2534/2238/2005 2535/2239/2006
f 2536/2240/2007 2537/2241/2007 2538/2227/2008
f 2536/2240/2007 2538/2227/2008 2539/2242/2008
f 2531/2203/2003 2530/2235/2002 2540/2243/2009
f 2531/2203/2003 2540/2243/2009 2541/2208/2010
f 2535/2239/2006 2534/2238/2005 2542/2244/2011
f 2535/2239/2006 2542/2244/2011 2543/2245/2012
f 2539/2242/2008 2538/2227/2008 2544/2230/2013
f 2539/2242/2008 2544/2230/2013 2545/2246/2014
f 2541/2208/2010 2540/2243/2009 2546/2247/2015
f 2541/2208/2010 2546/2247/2015 2547/2211/2015
f 2543/2245/2012 2542/2244/2011 2548/2248/2016
f 2543/2245/2012 2548/2248/2016 2549/2249/2016
f 2545/2246/2014 2544/2230/2013 2550/2250/2017
f 2545/2246/2014 2550/2250/2017 2551/2251/2018
f 2547/2211/2015 2546/2247/2015 2552/2252/2019
f 2547/2211/2015 2552/2252/2019 2553/2214/2019
f 2549/2249/2016 2548/2248/2016 2554/2253/2020
f 2549/2249/2016 2554/2253/2020 2555/2254/2021
f 2556/2255/2022 2557/2256/2017 2558/2257/2023
f 2556/2255/2022 2558/2257/2023 2559/2258/2023
f 2560/2259/2019 2561/2260/2019 2562/2261/2024
f 2560/2259/2019 2562/2261/2024 2563/2262/2024
f 2555/2254/2021 2554/2253/2020 2564/2263/2025
f 2555/2254/2021 2564/2263/2025 2565/2264/2025
f 2559/2258/2023 2558/2257/2023 2566/2265/2026
f 2559/2258/2023 2566/2265/2026 2567/2266/2027
f 2563/2262/2024 2562/2261/2024 2537/2241/2007
f 2563/2262/2024 2537/2241/2007 2536/2240/2007
f 2568/2218/2025 2569/2267/2025 2570/2268/2028
f 2568/2218/2025 2570/2268/2028 2571/2220/2028
f 2567/2266/2027 2566/2265/2026 2572/2269/2029
f 2567/2266/2027 2572/2269/2029 2573/2270/2030
f 2571/2220/2028 2570/2268/2028 2574/2271/2031
f 2571/2220/2028 2574/2271/2031 2575/2222/2031
f 2573/2270/2030 2572/2269/2029 2576/2272/2032
f 2573/2270/2030 2576/2272/2032 2577/2273/2032
f 2575/2222/2031 2574/2271/2031 2578/2274/2033
f 2575/2222/2031 2578/2274/2033 2579/2224/2033
f 2577/2273/2032 2576/2272/2032 2580/2275/2034
f 2577/2273/2032 2580/2275/2034 2581/2276/2034
f 2579/2224/2033 2578/2274/2033 2582/2277/2035
f 2579/2224/2033 2582/2277/2035 2583/2132/2036
f 2581/2276/2034 2580/2275/2034 2584/2278/2037
f 2581/2276/2034 2584/2278/2037 2585/2279/2037
f 2583/2132/2036 2582/2277/2035 2586/2280/2038
f 2583/2132/2036 2586/2280/2038 2587/2133/2038
f 2585/2279/2037 2584/2278/2037 2588/2281/2039
f 2585/2279/2037 2588/2281/2039 2589/2282/2040
f 2587/2133/2038 2586/2280/2038 2590/2283/2041
f 2587/2133/2038 2590/2283/2041 2591/2196/2041
f 2589/2282/2040 2588/2281/2039 2592/2284/2042
f 2589/2282/2040 2592/2284/2042 2593/2285/2042
f 2591/2196/2041 2590/2283/2041 2484/2191/1963
f 2591/2196/2041 2484/2191/1963 2483/2190/1963
f 2593/2285/2042 2592/2284/2042 2527/2232/2000
f 2593/2285/2042 2527/2232/2000 2526/2231/1999
f 2594/2286/184 2595/2287/184 2596/2288/2043
f 2594/2286/184 2596/2288/2043 2597/2289/2043
f 2598/2244/2044 2599/2290/2044 2600/2291/67
f 2598/2244/2044 2600/2291/67 2601/2248/67
f 2525/2230/1579 2524/2229/1579 2602/2292/171
f 2525/2230/1579 2602/2292/171 2603/2250/171
f 2597/2289/2043 2596/2288/2043 2604/2293/2045
f 2597/2289/2043 2604/2293/2045 2605/2260/2045
f 2601/2248/67 2600/2291/67 2606/2294/2046
f 2601/2248/67 2606/2294/2046 2607/2253/2046
f 2603/2250/171 2602/2292/171 2608/2295/168
f 2603/2250/171 2608/2295/168 2609/2296/168
f 2605/2260/2045 2604/2293/2045 2610/2297/2047
f 2605/2260/2045 2610/2297/2047 2611/2261/2047
f 2607/2253/2046 2606/2294/2046 2612/2298/2048
f 2607/2253/2046 2612/2298/2048 2613/2263/2048
f 2614/2257/2049 2615/2299/2049 2616/2300/166
f 2614/2257/2049 2616/2300/166 2617/2265/166
f 2611/2261/2047 2610/2297/2047 2618/2301/73
f 2611/2261/2047 2618/2301/73 2619/2241/73
f 2613/2263/2048 2612/2298/2048 2620/2302/1557
f 2613/2263/2048 2620/2302/1557 2621/2303/1557
f 2617/2265/166 2616/2300/166 2622/2304/1585
f 2617/2265/166 2622/2304/1585 2623/2269/1585
f 2621/2303/1557 2620/2302/1557 2624/2305/207
f 2621/2303/1557 2624/2305/207 2625/2306/207
f 2623/2269/1585 2622/2304/1585 2626/2307/1838
f 2623/2269/1585 2626/2307/1838 2627/2272/1838
f 2628/2308/1114 2629/2309/1114 2630/2310/202
f 2628/2308/1114 2630/2310/202 2631/2311/202
f 2627/2272/1838 2626/2307/1838 2632/2312/1470
f 2627/2272/1838 2632/2312/1470 2633/2275/1470
f 2631/2311/202 2630/2310/202 2634/2313/1562
f 2631/2311/202 2634/2313/1562 2635/2314/1562
f 2633/2275/1470 2632/2312/1470 2636/2315/2050
f 2633/2275/1470 2636/2315/2050 2637/2278/2050
f 2635/2314/1562 2634/2313/1562 2638/2316/198
f 2635/2314/1562 2638/2316/198 2639/2317/2051
f 2637/2278/2050 2636/2315/2050 2640/2318/2052
f 2637/2278/2050 2640/2318/2052 2641/2281/2052
f 2639/2317/2051 2638/2316/198 2642/2319/1566
f 2639/2317/2051 2642/2319/1566 2643/2320/1566
f 2641/2281/2052 2640/2318/2052 2644/2321/2053
f 2641/2281/2052 2644/2321/2053 2645/2284/2053
f 2643/2320/1566 2642/2319/1566 2646/2322/2054
f 2643/2320/1566 2646/2322/2054 2647/2323/1837
f 2645/2284/2053 2644/2321/2053 2648/2324/147
f 2645/2284/2053 2648/2324/147 2649/2232/147
f 2647/2323/1837 2646/2322/2054 2650/2325/2055
f 2647/2323/1837 2650/2325/2055 2651/2326/2055
f 2652/2327/147 2653/2328/147 2654/2329/145
f 2652/2327/147 2654/2329/145 2655/2237/145
f 2651/2326/2055 2650/2325/2055 2656/2330/187
f 2651/2326/2055 2656/2330/187 2657/2331/187
f 2655/2237/145 2654/2329/145 2658/2332/2056
f 2655/2237/145 2658/2332/2056 2659/2238/2056
f 2619/2241/73 2618/2301/73 2523/2228/175
f 2619/2241/73 2523/2228/175 2522/2227/175
f 2657/2331/187 2656/2330/187 2660/2333/184
f 2657/2331/187 2660/2333/184 2661/2334/2057
f 2659/2238/2056 2658/2332/2056 2599/2290/2044
f 2659/2238/2056 2599/2290/2044 2598/2244/2044
f 2662/2335/2058 2663/2336/2059 2664/2337/2060
f 2662/2335/2058 2664/2337/2060 2665/2338/2061
f 1981/1731/1560 2666/2339/2062 2667/2340/2063
f 1981/1731/1560 2667/2340/2063 1982/1732/1561
f 2002/1752/1575 2668/2341/2064 2669/2342/2065
f 2002/1752/1575 2669/2342/2065 1999/1749/1573
f 2022/1772/1588 2670/2343/2066 2671/2344/2067
f 2022/1772/1588 2671/2344/2067 2020/1770/1586
f 1971/1721/1554 2672/2345/2068 2673/2346/2069
f 1971/1721/1554 2673/2346/2069 1972/1722/1555
f 1972/1722/1555 2673/2346/2069 2674/2347/2070
f 1972/1722/1555 2674/2347/2070 2042/1792/1599
f 1992/1742/1570 2675/2348/2071 2676/2349/2072
f 1992/1742/1570 2676/2349/2072 1990/1740/1569
f 2012/1762/1581 2677/2350/2073 2678/2351/2074
f 2012/1762/1581 2678/2351/2074 2010/1760/1580
f 2032/1782/1594 2679/2352/2075 2039/1789/1597
f 2032/1782/1594 2039/1789/1597 2030/1780/1593
f 1984/1734/1563 2680/2353/2076 2666/2339/2062
f 1984/1734/1563 2666/2339/2062 1981/1731/1560
f 2004/1754/1576 2681/2354/2077 2668/2341/2064
f 2004/1754/1576 2668/2341/2064 2002/1752/1575
f 2024/1774/1589 2682/2355/2078 2670/2343/2066
f 2024/1774/1589 2670/2343/2066 2022/1772/1588
f 1974/1724/1556 2683/2356/2079 2672/2345/2068
f 1974/1724/1556 2672/2345/2068 1971/1721/1554
f 1994/1744/1571 2684/2357/2080 2675/2348/2071
f 1994/1744/1571 2675/2348/2071 1992/1742/1570
f 2014/1764/1582 2685/2358/2081 2677/2350/2073
f 2014/1764/1582 2677/2350/2073 2012/1762/1581
f 2035/1785/1595 2686/2359/2082 2687/2360/2075
f 2035/1785/1595 2687/2360/2075 2036/1786/1594
f 1986/1736/1565 2688/2361/2083 2680/2353/2076
f 1986/1736/1565 2680/2353/2076 1984/1734/1563
f 2006/1756/1577 2689/2362/2084 2681/2354/2077
f 2006/1756/1577 2681/2354/2077 2004/1754/1576
f 2026/1776/1591 2690/2363/2085 2682/2355/2078
f 2026/1776/1591 2682/2355/2078 2024/1774/1589
f 1976/1726/1558 2691/2364/2086 2683/2356/2079
f 1976/1726/1558 2683/2356/2079 1974/1724/1556
f 1996/1746/1572 2692/2365/2087 2684/2357/2080
f 1996/1746/1572 2684/2357/2080 1994/1744/1571
f 2017/1767/1584 2693/2366/2058 2694/2367/2088
f 2017/1767/1584 2694/2367/2088 2018/1768/1582
f 2038/1788/1596 2695/2368/2089 2686/2359/2082
f 2038/1788/1596 2686/2359/2082 2035/1785/1595
f 1988/1738/1567 2696/2369/2090 2688/2361/2083
f 1988/1738/1567 2688/2361/2083 1986/1736/1565
f 2008/1758/1578 2697/2370/2091 2689/2362/2084
f 2008/1758/1578 2689/2362/2084 2006/1756/1577
f 2028/1778/1592 2040/1790/1598 2690/2363/2085
f 2028/1778/1592 2690/2363/2085 2026/1776/1591
f 1978/1728/1559 2698/2371/2063 2691/2364/2086
f 1978/1728/1559 2691/2364/2086 1976/1726/1558
f 1999/1749/1573 2669/2342/2065 2699/2372/2092
f 1999/1749/1573 2699/2372/2092 2000/1750/1574
f 2020/1770/1586 2671/2344/2067 2693/2366/2058
f 2020/1770/1586 2693/2366/2058 2017/1767/1584
f 2042/1792/1599 2674/2347/2070 2695/2368/2089
f 2042/1792/1599 2695/2368/2089 2038/1788/1596
f 1990/1740/1569 2676/2349/2072 2696/2369/2090
f 1990/1740/1569 2696/2369/2090 1988/1738/1567
f 2010/1760/1580 2678/2351/2074 2697/2370/2091
f 2010/1760/1580 2697/2370/2091 2008/1758/1578
f 2700/2373/2093 55/55/55 54/54/54
f 2700/2373/2093 54/54/54 2701/2374/2094
f 2696/2369/2090 2702/2375/2095 2703/2376/2096
f 2696/2369/2090 2703/2376/2096 2688/2361/2083
f 2704/2377/2097 2705/2378/2098 2663/2336/2059
f 2704/2377/2097 2663/2336/2059 2662/2335/2058
f 2676/2349/2072 2706/2379/2099 2702/2375/2095
f 2676/2349/2072 2702/2375/2095 2696/2369/2090
f 2707/2380/2100 2708/2381/2101 2705/2378/2098
f 2707/2380/2100 2705/2378/2098 2704/2377/2097
f 2675/2348/2071 2709/2382/2102 2706/2379/2099
f 2675/2348/2071 2706/2379/2099 2676/2349/2072
f 2710/2383/2103 2711/2384/2104 2708/2381/2101
f 2710/2383/2103 2708/2381/2101 2707/2380/2100
f 2684/2357/2080 2712/2385/2105 2709/2382/2102
f 2684/2357/2080 2709/2382/2102 2675/2348/2071
f 2713/2386/2106 2714/2387/2107 2711/2384/2104
f 2713/2386/2106 2711/2384/2104 2710/2383/2103
f 2715/2388/2087 2700/2373/2093 2701/2374/2094
f 2715/2388/2087 2701/2374/2094 2716/2389/2080
f 2717/2390/2108 2718/2391/2109 2714/2387/2107
f 2717/2390/2108 2714/2387/2107 2713/2386/2106
f 2719/2392/2065 2720/2393/2110 2700/2373/2093
f 2719/2392/2065 2700/2373/2093 2715/2388/2087
f 2721/2394/2111 2722/2395/2112 2718/2391/2109
f 2721/2394/2111 2718/2391/2109 2717/2390/2108
f 2723/2396/2113 2724/2397/2114 2720/2393/2110
f 2723/2396/2113 2720/2393/2110 2719/2392/2065
f 2672/2345/2068 2725/2398/2115 2726/2399/2116
f 2672/2345/2068 2726/2399/2116 2673/2346/2069
f 2727/2400/2117 2728/2401/2118 2722/2395/2112
f 2727/2400/2117 2722/2395/2112 2721/2394/2111
f 2681/2354/2077 2729/2402/2119 2730/2403/2114
f 2681/2354/2077 2730/2403/2114 2668/2341/2064
f 2683/2356/2079 2731/2404/2120 2725/2398/2115
f 2683/2356/2079 2725/2398/2115 2672/2345/2068
f 2732/2405/2121 2733/2406/2122 2728/2401/2118
f 2732/2405/2121 2728/2401/2118 2727/2400/2117
f 2689/2362/2084 2734/2407/2123 2729/2402/2119
f 2689/2362/2084 2729/2402/2119 2681/2354/2077
f 2735/2408/2124 2736/2409/2125 2737/2410/2126
f 2735/2408/2124 2737/2410/2126 2738/2411/2127
f 2739/2412/2128 2740/2413/2129 2733/2406/2122
f 2739/2412/2128 2733/2406/2122 2732/2405/2121
f 2697/2370/2091 2741/2414/2130 2734/2407/2123
f 2697/2370/2091 2734/2407/2123 2689/2362/2084
f 2742/2415/2131 2743/2416/2132 2736/2409/2125
f 2742/2415/2131 2736/2409/2125 2735/2408/2124
f 2744/2417/2070 2745/2418/2133 2740/2413/2129
f 2744/2417/2070 2740/2413/2129 2739/2412/2128
f 2678/2351/2074 2746/2419/2134 2741/2414/2130
f 2678/2351/2074 2741/2414/2130 2697/2370/2091
f 2747/2420/2062 2748/2421/2135 2743/2416/2132
f 2747/2420/2062 2743/2416/2132 2742/2415/2131
f 2673/2346/2069 2726/2399/2116 2749/2422/2133
f 2673/2346/2069 2749/2422/2133 2674/2347/2070
f 2750/2423/2136 2751/2424/2137 2752/2425/2134
f 2750/2423/2136 2752/2425/2134 2753/2426/2138
f 2680/2353/2076 2754/2427/2139 2755/2428/2135
f 2680/2353/2076 2755/2428/2135 2666/2339/2062
f 2665/2338/2061 2664/2337/2060 2751/2424/2137
f 2665/2338/2061 2751/2424/2137 2750/2423/2136
f 2688/2361/2083 2703/2376/2096 2754/2427/2139
f 2688/2361/2083 2754/2427/2139 2680/2353/2076
f 2718/2391/2109 41/41/41 40/40/40
f 2718/2391/2109 40/40/40 2714/2387/2107
f 2720/2393/2110 52/52/52 55/55/55
f 2720/2393/2110 55/55/55 2700/2373/2093
f 2722/2395/2112 38/38/38 41/41/41
f 2722/2395/2112 41/41/41 2718/2391/2109
f 2724/2397/2114 53/53/53 52/52/52
f 2724/2397/2114 52/52/52 2720/2393/2110
f 2756/2429/2140 33/33/33 35/35/35
f 2756/2429/2140 35/35/35 2757/2430/2141
f 2728/2401/2118 39/39/39 38/38/38
f 2728/2401/2118 38/38/38 2722/2395/2112
f 2758/2431/2119 50/50/50 53/53/53
f 2758/2431/2119 53/53/53 2724/2397/2114
f 2737/2410/2126 64/64/64 33/33/33
f 2737/2410/2126 33/33/33 2756/2429/2140
f 2733/2406/2122 36/36/36 39/39/39
f 2733/2406/2122 39/39/39 2728/2401/2118
f 2759/2432/2142 51/51/51 50/50/50
f 2759/2432/2142 50/50/50 2758/2431/2119
f 2736/2409/2125 62/62/62 64/64/64
f 2736/2409/2125 64/64/64 2737/2410/2126
f 2740/2413/2129 37/37/37 36/36/36
f 2740/2413/2129 36/36/36 2733/2406/2122
f 2760/2433/2143 48/48/48 51/51/51
f 2760/2433/2143 51/51/51 2759/2432/2142
f 2743/2416/2132 63/63/63 62/62/62
f 2743/2416/2132 62/62/62 2736/2409/2125
f 2745/2418/2133 34/34/34 37/37/37
f 2745/2418/2133 37/37/37 2740/2413/2129
f 2752/2425/2134 49/49/49 48/48/48
f 2752/2425/2134 48/48/48 2760/2433/2143
f 2748/2421/2135 60/60/60 63/63/63
f 2748/2421/2135 63/63/63 2743/2416/2132
f 2757/2430/2141 35/35/35 34/34/34
f 2757/2430/2141 34/34/34 2745/2418/2133
f 2751/2424/2137 46/46/46 49/49/49
f 2751/2424/2137 49/49/49 2752/2425/2134
f 2761/2434/2144 61/61/61 60/60/60
f 2761/2434/2144 60/60/60 2748/2421/2135
f 2664/2337/2060 47/47/47 46/46/46
f 2664/2337/2060 46/46/46 2751/2424/2137
f 2762/2435/2096 58/58/58 61/61/61
f 2762/2435/2096 61/61/61 2761/2434/2144
f 2663/2336/2059 44/44/44 47/47/47
f 2663/2336/2059 47/47/47 2664/2337/2060
f 2763/2436/2145 59/59/59 58/58/58
f 2763/2436/2145 58/58/58 2762/2435/2096
f 2705/2378/2098 45/45/45 44/44/44
f 2705/2378/2098 44/44/44 2663/2336/2059
f 2764/2437/2146 56/56/56 59/59/59
f 2764/2437/2146 59/59/59 2763/2436/2145
f 2708/2381/2101 42/42/42 45/45/45
f 2708/2381/2101 45/45/45 2705/2378/2098
f 2765/2438/2147 57/57/57 56/56/56
f 2765/2438/2147 56/56/56 2764/2437/2146
f 2711/2384/2104 43/43/43 42/42/42
f 2711/2384/2104 42/42/42 2708/2381/2101
f 2701/2374/2094 54/54/54 57/57/57
f 2701/2374/2094 57/57/57 2765/2438/2147
f 2714/2387/2107 40/40/40 43/43/43
f 2714/2387/2107 43/43/43 2711/2384/2104
f 2766/2439/67 2767/2440/216 2768/2441/1554
f 2766/2439/67 2768/2441/1554 2769/2442/1555
f 2767/2440/216 2770/2443/210 2771/2444/1556
f 2767/2440/216 2771/2444/1556 2768/2441/1554
f 2770/2443/210 2772/2445/1557 2773/2446/1558
f 2770/2443/210 2773/2446/1558 2771/2444/1556
f 2772/2445/1557 2774/2447/207 2775/2448/1559
f 2772/2445/1557 2775/2448/1559 2773/2446/1558
f 2776/2449/207 2777/2450/202 2778/2451/1560
f 2776/2449/207 2778/2451/1560 2779/2452/1561
f 2777/2450/202 2780/2453/1562 2781/2454/1563
f 2777/2450/202 2781/2454/1563 2778/2451/1560
f 2780/2453/1562 2782/2455/1564 2783/2456/1565
f 2780/2453/1562 2783/2456/1565 2781/2454/1563
f 2782/2455/1564 2784/2457/1566 2785/2458/1567
f 2782/2455/1564 2785/2458/1567 2783/2456/1565
f 2784/2457/1566 2786/2459/1568 2787/2460/1569
f 2784/2457/1566 2787/2460/1569 2785/2458/1567
f 2786/2459/1568 2788/2461/1048 2789/2462/1570
f 2786/2459/1568 2789/2462/1570 2787/2460/1569
f 2788/2461/1048 2790/2463/187 2791/2464/1571
f 2788/2461/1048 2791/2464/1571 2789/2462/1570
f 2790/2463/187 2792/2465/184 2793/2466/1572
f 2790/2463/187 2793/2466/1572 2791/2464/1571
f 2794/2467/184 2795/2468/182 2796/2469/1573
f 2794/2467/184 2796/2469/1573 2797/2470/1574
f 2795/2468/182 2798/2471/180 2799/2472/1575
f 2795/2468/182 2799/2472/1575 2796/2469/1573
f 2798/2471/180 2800/2473/178 2801/2474/1576
f 2798/2471/180 2801/2474/1576 2799/2472/1575
f 2800/2473/178 2802/2475/73 2803/2476/1577
f 2800/2473/178 2803/2476/1577 2801/2474/1576
f 2802/2475/73 2804/2477/175 2805/2478/1578
f 2802/2475/73 2805/2478/1578 2803/2476/1577
f 2804/2477/175 2806/2479/1579 2807/2480/1580
f 2804/2477/175 2807/2480/1580 2805/2478/1578
f 2806/2479/1579 2808/2481/171 2809/2482/1581
f 2806/2479/1579 2809/2482/1581 2807/2480/1580
f 2808/2481/171 2810/2483/168 2811/2484/1582
f 2808/2481/171 2811/2484/1582 2809/2482/1581
f 2812/2485/1583 2813/2486/166 2814/2487/1584
f 2812/2485/1583 2814/2487/1584 2815/2488/1582
f 2813/2486/166 2816/2489/1585 2817/2490/1586
f 2813/2486/166 2817/2490/1586 2814/2487/1584
f 2816/2489/1585 2818/2491/1587 2819/2492/1588
f 2816/2489/1585 2819/2492/1588 2817/2490/1586
f 2818/2491/1587 2820/2493/1470 2821/2494/1589
f 2818/2491/1587 2821/2494/1589 2819/2492/1588
f 2820/2493/1470 2822/2495/1590 2823/2496/1591
f 2820/2493/1470 2823/2496/1591 2821/2494/1589
f 2822/2495/1590 2824/2497/152 2825/2498/1592
f 2822/2495/1590 2825/2498/1592 2823/2496/1591
f 2824/2497/152 2826/2499/150 2827/2500/1593
f 2824/2497/152 2827/2500/1593 2825/2498/1592
f 2826/2499/150 2828/2501/147 2829/2502/1594
f 2826/2499/150 2829/2502/1594 2827/2500/1593
f 2830/2503/147 2831/2504/145 2832/2505/1595
f 2830/2503/147 2832/2505/1595 2833/2506/1594
f 2831/2504/145 2834/2507/143 2835/2508/1596
f 2831/2504/145 2835/2508/1596 2832/2505/1595
f 2827/2500/1593 2836/2509/1597 2837/2510/1598
f 2827/2500/1593 2837/2510/1598 2825/2498/1592
f 2834/2507/143 2838/2511/141 2839/2512/1599
f 2834/2507/143 2839/2512/1599 2835/2508/1596
f 2838/2511/141 2766/2439/67 2769/2442/1555
f 2838/2511/141 2769/2442/1555 2839/2512/1599
f 2840/2513/1600 2841/2514/1601 2842/2515/1602
f 2840/2513/1600 2842/2515/1602 2843/2516/1603
f 2844/2517/1604 2845/2518/1605 2846/2519/1606
f 2844/2517/1604 2846/2519/1606 2847/2520/1607
f 2848/2521/1608 2849/2522/1609 2850/2523/1610
f 2848/2521/1608 2850/2523/1610 2851/2524/1611
f 2852/2489/1612 2853/2525/1613 2854/2526/1614
f 2852/2489/1612 2854/2526/1614 2855/2491/1615
f 2856/2527/1616 2857/2528/1617 2849/2522/1609
f 2856/2527/1616 2849/2522/1609 2848/2521/1608
f 2858/2529/1618 2859/2530/1619 2860/2531/1620
f 2858/2529/1618 2860/2531/1620 2861/2532/1621
f 2862/2533/1622 2863/2534/1623 2864/2535/1624
f 2862/2533/1622 2864/2535/1624 2865/2536/1625
f 2866/2537/1626 2867/2538/1627 2868/2539/1628
f 2866/2537/1626 2868/2539/1628 2869/2540/1629
f 2870/2541/1630 2871/2542/1631 2872/2543/1632
f 2870/2541/1630 2872/2543/1632 2873/2544/1633
f 2843/2516/1603 2842/2515/1602 2874/2545/1634
f 2843/2516/1603 2874/2545/1634 2875/2546/1635
f 2855/2491/1615 2854/2526/1614 2876/2547/1636
f 2855/2491/1615 2876/2547/1636 2877/2493/1637
f 2851/2524/1611 2850/2523/1610 2878/2548/1638
f 2851/2524/1611 2878/2548/1638 2879/2549/1639
f 2861/2532/1621 2860/2531/1620 2844/2517/1604
f 2861/2532/1621 2844/2517/1604 2880/2550/1640
f 2865/2536/1625 2864/2535/1624 2881/2551/1641
f 2865/2536/1625 2881/2551/1641 2882/2552/1642
f 2869/2540/1629 2868/2539/1628 2883/2553/1643
f 2869/2540/1629 2883/2553/1643 2884/2554/1644
f 2873/2544/1633 2872/2543/1632 2885/2555/1645
f 2873/2544/1633 2885/2555/1645 2886/2556/1646
f 2875/2546/1635 2874/2545/1634 2887/2557/1647
f 2875/2546/1635 2887/2557/1647 2888/2558/1648
f 2877/2493/1637 2876/2547/1636 2889/2559/1649
f 2877/2493/1637 2889/2559/1649 2890/2495/1650
f 2879/2549/1639 2878/2548/1638 2891/2560/1651
f 2879/2549/1639 2891/2560/1651 2892/2561/1652
f 2880/2550/1640 2844/2517/1604 2847/2520/1607
f 2880/2550/1640 2847/2520/1607 2893/2562/1653
f 2882/2552/1642 2881/2551/1641 2894/2563/1667
f 2882/2552/1642 2894/2563/1667 2895/2564/1655
f 2884/2554/1644 2883/2553/1643 2896/2565/1656
f 2884/2554/1644 2896/2565/1656 2897/2566/1657
f 2886/2556/1646 2885/2555/1645 2898/2567/1658
f 2886/2556/1646 2898/2567/1658 2899/2568/1659
f 2888/2558/1648 2887/2557/1647 2900/2569/1660
f 2888/2558/1648 2900/2569/1660 2901/2570/1661
f 2890/2495/1650 2889/2559/1649 2902/2571/1662
f 2890/2495/1650 2902/2571/1662 2903/2497/1663
f 2892/2561/1652 2891/2560/1651 2904/2572/1664
f 2892/2561/1652 2904/2572/1664 2905/2573/1665
f 2893/2562/1653 2847/2520/1607 2841/2514/1601
f 2893/2562/1653 2841/2514/1601 2840/2513/1600
f 2906/2486/1666 2907/2574/1667 2853/2525/1613
f 2906/2486/1666 2853/2525/1613 2852/2489/1612
f 2897/2566/1657 2896/2565/1656 2857/2528/1617
f 2897/2566/1657 2857/2528/1617 2856/2527/1616
f 2899/2568/1659 2898/2567/1658 2859/2530/1619
f 2899/2568/1659 2859/2530/1619 2858/2529/1618
f 2901/2570/1661 2900/2569/1660 2863/2534/1623
f 2901/2570/1661 2863/2534/1623 2862/2533/1622
f 2903/2497/1663 2902/2571/1662 2908/2575/1627
f 2903/2497/1663 2908/2575/1627 2909/2499/1626
f 2905/2573/1665 2904/2572/1664 2871/2542/1631
f 2905/2573/1665 2871/2542/1631 2870/2541/1630
f 2910/2576/1668 2911/2577/1669 2912/2578/1670
f 2910/2576/1668 2912/2578/1670 2913/2579/1671
f 2914/2580/1672 2915/2581/1673 2916/2582/2148
f 2914/2580/1672 2916/2582/2148 2917/2583/1675
f 2847/2520/1607 2846/2519/1606 2918/2584/1676
f 2847/2520/1607 2918/2584/1676 2841/2514/1601
f 2917/2583/1675 2916/2582/2148 2919/2585/1677
f 2917/2583/1675 2919/2585/1677 2867/2538/1627
f 2841/2514/1601 2918/2584/1676 2910/2576/1668
f 2841/2514/1601 2910/2576/1668 2842/2515/1602
f 2849/2522/1609 2920/2586/1678 2921/2587/1679
f 2849/2522/1609 2921/2587/1679 2850/2523/1610
f 2867/2538/1627 2919/2585/1677 2922/2588/1680
f 2867/2538/1627 2922/2588/1680 2868/2539/1628
f 2842/2515/1602 2910/2576/1668 2913/2579/1671
f 2842/2515/1602 2913/2579/1671 2874/2545/1634
f 2850/2523/1610 2921/2587/1679 2923/2589/1681
f 2850/2523/1610 2923/2589/1681 2878/2548/1638
f 2868/2539/1628 2922/2588/1680 2924/2590/1682
f 2868/2539/1628 2924/2590/1682 2883/2553/1643
f 2874/2545/1634 2913/2579/1671 2925/2591/1683
f 2874/2545/1634 2925/2591/1683 2887/2557/1647
f 2878/2548/1638 2923/2589/1681 2926/2592/1684
f 2878/2548/1638 2926/2592/1684 2891/2560/1651
f 2883/2553/1643 2924/2590/1682 2927/2593/1685
f 2883/2553/1643 2927/2593/1685 2896/2565/1656
f 2887/2557/1647 2925/2591/1683 2928/2594/1686
f 2887/2557/1647 2928/2594/1686 2900/2569/1660
f 2891/2560/1651 2926/2592/1684 2929/2595/1687
f 2891/2560/1651 2929/2595/1687 2904/2572/1664
f 2896/2565/1656 2927/2593/1685 2930/2596/1688
f 2896/2565/1656 2930/2596/1688 2857/2528/1617
f 2900/2569/1660 2928/2594/1686 2931/2597/1689
f 2900/2569/1660 2931/2597/1689 2863/2534/1623
f 2904/2572/1664 2929/2595/1687 2932/2598/1690
f 2904/2572/1664 2932/2598/1690 2871/2542/1631
f 2857/2528/1617 2930/2596/1688 2920/2586/1678
f 2857/2528/1617 2920/2586/1678 2849/2522/1609
f 2863/2534/1623 2931/2597/1689 2933/2599/1691
f 2863/2534/1623 2933/2599/1691 2864/2535/1624
f 2871/2542/1631 2932/2598/1690 2934/2600/2149
f 2871/2542/1631 2934/2600/2149 2872/2543/1632
f 2864/2535/1624 2933/2599/1691 2935/2601/1693
f 2864/2535/1624 2935/2601/1693 2881/2551/1641
f 2872/2543/1632 2934/2600/2149 2936/2602/1694
f 2872/2543/1632 2936/2602/1694 2885/2555/1645
f 2881/2551/1641 2935/2601/1693 2937/2603/2150
f 2881/2551/1641 2937/2603/2150 2894/2563/1667
f 2885/2555/1645 2936/2602/1694 2938/2604/1696
f 2885/2555/1645 2938/2604/1696 2898/2567/1658
f 2894/2563/1667 2937/2603/2150 2939/2605/1697
f 2894/2563/1667 2939/2605/1697 2940/2606/1613
f 2898/2567/1658 2938/2604/1696 2941/2607/1698
f 2898/2567/1658 2941/2607/1698 2859/2530/1619
f 2940/2606/1613 2939/2605/1697 2942/2608/1699
f 2940/2606/1613 2942/2608/1699 2943/2609/1700
f 2859/2530/1619 2941/2607/1698 2944/2610/1701
f 2859/2530/1619 2944/2610/1701 2860/2531/1620
f 2943/2609/1700 2942/2608/1699 2945/2611/1702
f 2943/2609/1700 2945/2611/1702 2946/2612/1703
f 2860/2531/1620 2944/2610/1701 2845/2518/1605
f 2860/2531/1620 2845/2518/1605 2844/2517/1604
f 2946/2612/1703 2945/2611/1702 2915/2581/1673
f 2946/2612/1703 2915/2581/1673 2914/2580/1672
f 2921/2587/1679 2947/2613/1704 2948/2614/1705
f 2921/2587/1679 2948/2614/1705 2923/2589/1681
f 2922/2588/1680 2949/2615/1706 2950/2616/1707
f 2922/2588/1680 2950/2616/1707 2924/2590/1682
f 2913/2579/1671 2912/2578/1670 2951/2617/1708
f 2913/2579/1671 2951/2617/1708 2925/2591/1683
f 2923/2589/1681 2948/2614/1705 2952/2618/2151
f 2923/2589/1681 2952/2618/2151 2926/2592/1684
f 2924/2590/1682 2950/2616/1707 2953/2619/1710
f 2924/2590/1682 2953/2619/1710 2927/2593/1685
f 2925/2591/1683 2951/2617/1708 2954/2620/1711
f 2925/2591/1683 2954/2620/1711 2928/2594/1686
f 2926/2592/1684 2952/2618/2151 2955/2621/1712
f 2926/2592/1684 2955/2621/1712 2929/2595/1687
f 2927/2593/1685 2953/2619/1710 2956/2622/1713
f 2927/2593/1685 2956/2622/1713 2930/2596/1688
f 2928/2594/1686 2954/2620/1711 2957/2623/1714
f 2928/2594/1686 2957/2623/1714 2931/2597/1689
f 2929/2595/1687 2955/2621/1712 2958/2624/1715
f 2929/2595/1687 2958/2624/1715 2932/2598/1690
f 2930/2596/1688 2956/2622/1713 2959/2625/1716
f 2930/2596/1688 2959/2625/1716 2920/2586/1678
f 2931/2597/1689 2957/2623/1714 2960/2626/1717
f 2931/2597/1689 2960/2626/1717 2933/2599/1691
f 2932/2598/1690 2958/2624/1715 2961/2627/1718
f 2932/2598/1690 2961/2627/1718 2934/2600/2149
f 2933/2599/1691 2960/2626/1717 2962/2628/1719
f 2933/2599/1691 2962/2628/1719 2935/2601/1693
f 2934/2600/2149 2961/2627/1718 2963/2629/1720
f 2934/2600/2149 2963/2629/1720 2936/2602/1694
f 2935/2601/1693 2962/2628/1719 2964/2630/1721
f 2935/2601/1693 2964/2630/1721 2937/2603/2150
f 2936/2602/1694 2963/2629/1720 2965/2631/1722
f 2936/2602/1694 2965/2631/1722 2938/2604/1696
f 2937/2603/2150 2964/2630/1721 2966/2632/2152
f 2937/2603/2150 2966/2632/2152 2939/2605/1697
f 2938/2604/1696 2965/2631/1722 2967/2633/1724
f 2938/2604/1696 2967/2633/1724 2941/2607/1698
f 2939/2605/1697 2966/2632/2152 2968/2634/1725
f 2939/2605/1697 2968/2634/1725 2942/2608/1699
f 2941/2607/1698 2967/2633/1724 2969/2635/1726
f 2941/2607/1698 2969/2635/1726 2944/2610/1701
f 2942/2608/1699 2968/2634/1725 2970/2636/1727
f 2942/2608/1699 2970/2636/1727 2945/2611/1702
f 2944/2610/1701 2969/2635/1726 2971/2637/2153
f 2944/2610/1701 2971/2637/2153 2845/2518/1605
f 2945/2611/1702 2970/2636/1727 2972/2638/1729
f 2945/2611/1702 2972/2638/1729 2915/2581/1673
f 2845/2518/1605 2971/2637/2153 2973/2639/2154
f 2845/2518/1605 2973/2639/2154 2846/2519/1606
f 2915/2581/1673 2972/2638/1729 2974/2640/2155
f 2915/2581/1673 2974/2640/2155 2916/2582/2148
f 2846/2519/1606 2973/2639/2154 2975/2641/1732
f 2846/2519/1606 2975/2641/1732 2918/2584/1676
f 2916/2582/2148 2974/2640/2155 2976/2642/1733
f 2916/2582/2148 2976/2642/1733 2919/2585/1677
f 2918/2584/1676 2975/2641/1732 2911/2577/1669
f 2918/2584/1676 2911/2577/1669 2910/2576/1668
f 2920/2586/1678 2959/2625/1716 2947/2613/1704
f 2920/2586/1678 2947/2613/1704 2921/2587/1679
f 2919/2585/1677 2976/2642/1733 2949/2615/1706
f 2919/2585/1677 2949/2615/1706 2922/2588/1680
f 2977/2643/1734 2978/2644/1735 2979/2645/1736
f 2977/2643/1734 2979/2645/1736 2980/2646/1737
f 2981/2647/1738 2982/2648/1739 2983/2649/1740
f 2981/2647/1738 2983/2649/1740 2984/2650/1741
f 2985/2651/1742 2986/2652/1743 2987/2653/1744
f 2985/2651/1742 2987/2653/1744 2988/2654/1745
f 2980/2646/1737 2979/2645/1736 2989/2655/1746
f 2980/2646/1737 2989/2655/1746 2990/2656/1747
f 2988/2654/1745 2987/2653/1744 2991/2657/1748
f 2988/2654/1745 2991/2657/1748 2992/2658/1749
f 2990/2656/1747 2989/2655/1746 2981/2647/1738
f 2990/2656/1747 2981/2647/1738 2993/2659/1750
f 2992/2658/1749 2991/2657/1748 2994/2660/1751
f 2992/2658/1749 2994/2660/1751 2995/2661/1752
f 2993/2659/1750 2981/2647/1738 2984/2650/1741
f 2993/2659/1750 2984/2650/1741 2996/2662/1753
f 2995/2661/1752 2994/2660/1751 2997/2663/2156
f 2995/2661/1752 2997/2663/2156 2998/2664/1755
f 2996/2662/1753 2984/2650/1741 2999/2665/1756
f 2996/2662/1753 2999/2665/1756 3000/2666/1757
f 2998/2664/1755 2997/2663/2156 3001/2667/1758
f 2998/2664/1755 3001/2667/1758 3002/2668/1759
f 3000/2666/1757 2999/2665/1756 3003/2669/1760
f 3000/2666/1757 3003/2669/1760 3004/2670/1761
f 3002/2668/1759 3001/2667/1758 3005/2671/1762
f 3002/2668/1759 3005/2671/1762 3006/2672/1763
f 3004/2670/1761 3003/2669/1760 3007/2673/1764
f 3004/2670/1761 3007/2673/1764 3008/2674/1765
f 3006/2672/1763 3005/2671/1762 3009/2675/1766
f 3006/2672/1763 3009/2675/1766 3010/2676/1767
f 3011/2677/1768 3012/2678/1769 3013/2679/1770
f 3011/2677/1768 3013/2679/1770 3014/2680/1771
f 3008/2674/1765 3007/2673/1764 3015/2681/1772
f 3008/2674/1765 3015/2681/1772 3016/2682/1773
f 3010/2676/1767 3009/2675/1766 3017/2683/1774
f 3010/2676/1767 3017/2683/1774 3018/2684/1775
f 3014/2680/1771 3013/2679/1770 3019/2685/1776
f 3014/2680/1771 3019/2685/1776 3020/2686/1777
f 3016/2682/1773 3015/2681/1772 3021/2687/1778
f 3016/2682/1773 3021/2687/1778 3022/2688/1779
f 3018/2684/1775 3017/2683/1774 3023/2689/2157
f 3018/2684/1775 3023/2689/2157 3024/2690/1781
f 3020/2686/1777 3019/2685/1776 3025/2691/1782
f 3020/2686/1777 3025/2691/1782 3026/2692/1783
f 3022/2688/1779 3021/2687/1778 3027/2693/1784
f 3022/2688/1779 3027/2693/1784 3028/2694/1785
f 3024/2690/1781 3023/2689/2157 3029/2695/1786
f 3024/2690/1781 3029/2695/1786 3030/2696/1787
f 3026/2692/1783 3025/2691/1782 3031/2697/1788
f 3026/2692/1783 3031/2697/1788 3032/2698/2158
f 3028/2694/1785 3027/2693/1784 3033/2699/1790
f 3028/2694/1785 3033/2699/1790 3034/2700/1791
f 3030/2696/1787 3029/2695/1786 3035/2701/2159
f 3030/2696/1787 3035/2701/2159 3036/2702/1793
f 3032/2698/2158 3031/2697/1788 3037/2703/1794
f 3032/2698/2158 3037/2703/1794 3038/2704/1795
f 3034/2700/1791 3033/2699/1790 3012/2678/1769
f 3034/2700/1791 3012/2678/1769 3011/2677/1768
f 3036/2702/1793 3035/2701/2159 3039/2705/1796
f 3036/2702/1793 3039/2705/1796 3040/2706/2160
f 3038/2704/1795 3037/2703/1794 3041/2707/1798
f 3038/2704/1795 3041/2707/1798 3042/2708/1799
f 3040/2706/2160 3039/2705/1796 2978/2644/1735
f 3040/2706/2160 2978/2644/1735 2977/2643/1734
f 3042/2708/1799 3041/2707/1798 2986/2652/1743
f 3042/2708/1799 2986/2652/1743 2985/2651/1742
f 3043/2709/152 3044/2710/152 3045/2711/150
f 3043/2709/152 3045/2711/150 3046/2712/150
f 2994/2660/1751 3047/2713/1800 3048/2714/1801
f 2994/2660/1751 3048/2714/1801 2997/2663/2156
f 2984/2650/1741 2983/2649/1740 3049/2715/1802
f 2984/2650/1741 3049/2715/1802 2999/2665/1756
f 2997/2663/2156 3048/2714/1801 3050/2716/1803
f 2997/2663/2156 3050/2716/1803 3001/2667/1758
f 2999/2665/1756 3049/2715/1802 3051/2717/1804
f 2999/2665/1756 3051/2717/1804 3003/2669/1760
f 3001/2667/1758 3050/2716/1803 3052/2718/2161
f 3001/2667/1758 3052/2718/2161 3005/2671/1762
f 3003/2669/1760 3051/2717/1804 3053/2719/1806
f 3003/2669/1760 3053/2719/1806 3007/2673/1764
f 3005/2671/1762 3052/2718/2161 3054/2720/1807
f 3005/2671/1762 3054/2720/1807 3009/2675/1766
f 3012/2678/1769 3055/2721/1808 3056/2722/1809
f 3012/2678/1769 3056/2722/1809 3013/2679/1770
f 3007/2673/1764 3053/2719/1806 3057/2723/1810
f 3007/2673/1764 3057/2723/1810 3015/2681/1772
f 3009/2675/1766 3054/2720/1807 3058/2724/1811
f 3009/2675/1766 3058/2724/1811 3017/2683/1774
f 3013/2679/1770 3056/2722/1809 3059/2725/1812
f 3013/2679/1770 3059/2725/1812 3019/2685/1776
f 3015/2681/1772 3057/2723/1810 3060/2726/1813
f 3015/2681/1772 3060/2726/1813 3021/2687/1778
f 3017/2683/1774 3058/2724/1811 3061/2727/1814
f 3017/2683/1774 3061/2727/1814 3023/2689/2157
f 3019/2685/1776 3059/2725/1812 3062/2728/1815
f 3019/2685/1776 3062/2728/1815 3025/2691/1782
f 3021/2687/1778 3060/2726/1813 3063/2729/1816
f 3021/2687/1778 3063/2729/1816 3027/2693/1784
f 3023/2689/2157 3061/2727/1814 3064/2730/1817
f 3023/2689/2157 3064/2730/1817 3029/2695/1786
f 3025/2691/1782 3062/2728/1815 3065/2731/1818
f 3025/2691/1782 3065/2731/1818 3031/2697/1788
f 3027/2693/1784 3063/2729/1816 3066/2732/2162
f 3027/2693/1784 3066/2732/2162 3033/2699/1790
f 3029/2695/1786 3064/2730/1817 3067/2733/1820
f 3029/2695/1786 3067/2733/1820 3035/2701/2159
f 3031/2697/1788 3065/2731/1818 3068/2734/1821
f 3031/2697/1788 3068/2734/1821 3037/2703/1794
f 3033/2699/1790 3066/2732/2162 3055/2721/1808
f 3033/2699/1790 3055/2721/1808 3012/2678/1769
f 3035/2701/2159 3067/2733/1820 3069/2735/2163
f 3035/2701/2159 3069/2735/2163 3039/2705/1796
f 3037/2703/1794 3068/2734/1821 3070/2736/1823
f 3037/2703/1794 3070/2736/1823 3041/2707/1798
f 3039/2705/1796 3069/2735/2163 3071/2737/1824
f 3039/2705/1796 3071/2737/1824 2978/2644/1735
f 3041/2707/1798 3070/2736/1823 3072/2738/1825
f 3041/2707/1798 3072/2738/1825 2986/2652/1743
f 2978/2644/1735 3071/2737/1824 3073/2739/1826
f 2978/2644/1735 3073/2739/1826 2979/2645/1736
f 2986/2652/1743 3072/2738/1825 3074/2740/1827
f 2986/2652/1743 3074/2740/1827 2987/2653/1744
f 2979/2645/1736 3073/2739/1826 3075/2741/1828
f 2979/2645/1736 3075/2741/1828 2989/2655/1746
f 2987/2653/1744 3074/2740/1827 3076/2742/1829
f 2987/2653/1744 3076/2742/1829 2991/2657/1748
f 2989/2655/1746 3075/2741/1828 2982/2648/1739
f 2989/2655/1746 2982/2648/1739 2981/2647/1738
f 2991/2657/1748 3076/2742/1829 3047/2713/1800
f 2991/2657/1748 3047/2713/1800 2994/2660/1751
f 3077/2743/1830 3078/2744/1831 3079/2745/1832
f 3077/2743/1830 3079/2745/1832 3080/2746/1833
f 3081/2747/182 3082/2748/182 3083/2749/180
f 3081/2747/182 3083/2749/180 3084/2750/180
f 3085/2751/67 3086/2752/67 3087/2753/216
f 3085/2751/67 3087/2753/216 3088/2754/216
f 3046/2712/150 3045/2711/150 3089/2755/147
f 3046/2712/150 3089/2755/147 3090/2756/147
f 3084/2750/180 3083/2749/180 3091/2757/178
f 3084/2750/180 3091/2757/178 3092/2758/178
f 3088/2754/216 3087/2753/216 3093/2759/210
f 3088/2754/216 3093/2759/210 3094/2760/210
f 3095/2761/147 3096/2762/147 3097/2743/145
f 3095/2761/147 3097/2743/145 3098/2763/145
f 3092/2758/178 3091/2757/178 3099/2764/73
f 3092/2758/178 3099/2764/73 3100/2765/73
f 3094/2760/210 3093/2759/210 3101/2766/208
f 3094/2760/210 3101/2766/208 3102/2767/208
f 3098/2763/145 3097/2743/145 3103/2746/143
f 3098/2763/145 3103/2746/143 3104/2768/143
f 3100/2765/73 3099/2764/73 3105/2769/175
f 3100/2765/73 3105/2769/175 3106/2770/175
f 3102/2767/208 3101/2766/208 3107/2771/207
f 3102/2767/208 3107/2771/207 3108/2772/207
f 3104/2768/143 3103/2746/143 3109/2773/141
f 3104/2768/143 3109/2773/141 3110/2774/141
f 3106/2770/175 3105/2769/175 3111/2775/1113
f 3106/2770/175 3111/2775/1113 3112/2776/1113
f 3113/2777/204 3114/2778/207 3115/2779/202
f 3113/2777/204 3115/2779/202 3116/2780/1834
f 3110/2774/141 3109/2773/141 3086/2752/67
f 3110/2774/141 3086/2752/67 3085/2751/67
f 3112/2776/1113 3111/2775/1113 3117/2781/171
f 3112/2776/1113 3117/2781/171 3118/2782/171
f 3116/2780/1834 3115/2779/202 3119/2783/1835
f 3116/2780/1834 3119/2783/1835 3120/2784/200
f 3118/2782/171 3117/2781/171 3121/2785/168
f 3118/2782/171 3121/2785/168 3122/2786/168
f 3120/2784/200 3119/2783/1835 3123/2787/198
f 3120/2784/200 3123/2787/198 3124/2788/198
f 3125/2789/168 3126/2790/1583 3127/2791/1836
f 3125/2789/168 3127/2791/1836 3128/2792/1836
f 3124/2788/198 3123/2787/198 3129/2793/1566
f 3124/2788/198 3129/2793/1566 3130/2794/1566
f 3128/2792/1836 3127/2791/1836 3131/2795/164
f 3128/2792/1836 3131/2795/164 3132/2796/164
f 3130/2794/1566 3129/2793/1566 3133/2797/1568
f 3130/2794/1566 3133/2797/1568 3134/2798/1837
f 3132/2796/164 3131/2795/164 3135/2799/1838
f 3132/2796/164 3135/2799/1838 3136/2800/1838
f 3134/2798/1837 3133/2797/1568 3137/2801/1839
f 3134/2798/1837 3137/2801/1839 3138/2802/189
f 3136/2800/1838 3135/2799/1838 3139/2803/1470
f 3136/2800/1838 3139/2803/1470 3140/2804/1470
f 3138/2802/189 3137/2801/1839 3141/2805/187
f 3138/2802/189 3141/2805/187 3142/2806/187
f 3140/2804/1470 3139/2803/1470 3143/2807/1590
f 3140/2804/1470 3143/2807/1590 3144/2808/1590
f 3142/2806/187 3141/2805/187 3145/2809/184
f 3142/2806/187 3145/2809/184 3146/2810/184
f 3144/2808/1590 3143/2807/1590 3044/2710/152
f 3144/2808/1590 3044/2710/152 3043/2709/152
f 3147/2811/184 3148/2812/184 3082/2748/182
f 3147/2811/184 3082/2748/182 3081/2747/182
f 3149/2813/1840 3150/2814/1841 3151/2815/1842
f 3149/2813/1840 3151/2815/1842 3152/2816/1843
f 3153/2764/2164 3154/2817/1845 3155/2818/1846
f 3153/2764/2164 3155/2818/1846 3156/2769/1847
f 3157/2766/1848 3158/2819/1849 3159/2820/1850
f 3157/2766/1848 3159/2820/1850 3160/2771/1851
f 3080/2746/1833 3079/2745/1832 3161/2821/2165
f 3080/2746/1833 3161/2821/2165 3162/2773/1853
f 3156/2769/1847 3155/2818/1846 3163/2822/1960
f 3156/2769/1847 3163/2822/1960 3164/2775/2166
f 3165/2778/1856 3166/2823/1857 3167/2824/1858
f 3165/2778/1856 3167/2824/1858 3168/2779/1859
f 3162/2773/1853 3161/2821/2165 3169/2825/1860
f 3162/2773/1853 3169/2825/1860 3170/2752/1861
f 3164/2775/2166 3163/2822/1960 3171/2826/1862
f 3164/2775/2166 3171/2826/1862 3172/2781/1863
f 3168/2779/1859 3167/2824/1858 3173/2827/1864
f 3168/2779/1859 3173/2827/1864 3174/2783/1865
f 3172/2781/1863 3171/2826/1862 3175/2828/1866
f 3172/2781/1863 3175/2828/1866 3176/2785/1867
f 3174/2783/1865 3173/2827/1864 3177/2829/1868
f 3174/2783/1865 3177/2829/1868 3178/2787/1869
f 3179/2790/1867 3180/2830/1843 3181/2831/1870
f 3179/2790/1867 3181/2831/1870 3182/2791/1871
f 3178/2787/1869 3177/2829/1868 3183/2832/1872
f 3178/2787/1869 3183/2832/1872 3184/2793/1873
f 3182/2791/1871 3181/2831/1870 3185/2833/1874
f 3182/2791/1871 3185/2833/1874 3186/2795/1875
f 3184/2793/1873 3183/2832/1872 3187/2834/1876
f 3184/2793/1873 3187/2834/1876 3188/2797/1877
f 3186/2795/1875 3185/2833/1874 3189/2835/1878
f 3186/2795/1875 3189/2835/1878 3190/2799/1879
f 3188/2797/1877 3187/2834/1876 3191/2836/1880
f 3188/2797/1877 3191/2836/1880 3192/2801/1881
f 3190/2799/1879 3189/2835/1878 3193/2837/1882
f 3190/2799/1879 3193/2837/1882 3194/2803/1883
f 3192/2801/1881 3191/2836/1880 3195/2838/1884
f 3192/2801/1881 3195/2838/1884 3196/2805/1885
f 3194/2803/1883 3193/2837/1882 3197/2839/1886
f 3194/2803/1883 3197/2839/1886 3198/2807/1887
f 3196/2805/1885 3195/2838/1884 3199/2840/1888
f 3196/2805/1885 3199/2840/1888 3200/2809/1889
f 3198/2807/1887 3197/2839/1886 3201/2841/1890
f 3198/2807/1887 3201/2841/1890 3202/2710/1891
f 3203/2812/1889 3204/2842/1888 3205/2843/1892
f 3203/2812/1889 3205/2843/1892 3206/2748/1893
f 3202/2710/1891 3201/2841/1890 3207/2844/1894
f 3202/2710/1891 3207/2844/1894 3208/2711/1895
f 3206/2748/1893 3205/2843/1892 3209/2845/1896
f 3206/2748/1893 3209/2845/1896 3210/2749/1897
f 3170/2752/1861 3169/2825/1860 3211/2846/1898
f 3170/2752/1861 3211/2846/1898 3212/2753/1899
f 3208/2711/1895 3207/2844/1894 3213/2847/1900
f 3208/2711/1895 3213/2847/1900 3214/2755/1901
f 3210/2749/1897 3209/2845/1896 3215/2848/1902
f 3210/2749/1897 3215/2848/1902 3216/2757/1903
f 3212/2753/1899 3211/2846/1898 3217/2849/1904
f 3212/2753/1899 3217/2849/1904 3218/2759/1905
f 3219/2762/1906 3220/2850/1907 3078/2744/1831
f 3219/2762/1906 3078/2744/1831 3077/2743/1830
f 3216/2757/1903 3215/2848/1902 3154/2817/1845
f 3216/2757/1903 3154/2817/1845 3153/2764/2164
f 3218/2759/1905 3217/2849/1904 3158/2819/1849
f 3218/2759/1905 3158/2819/1849 3157/2766/1848
f 3221/2851/2167 3222/2852/2168 3223/2853/1910
f 3221/2851/2167 3223/2853/1910 3224/2854/1911
f 3225/2855/1912 3226/2856/1913 3227/2857/1914
f 3225/2855/1912 3227/2857/1914 3228/2858/1915
f 3180/2830/1843 3229/2859/1916 3230/2860/2169
f 3180/2830/1843 3230/2860/2169 3181/2831/1870
f 3228/2858/1915 3227/2857/1914 3231/2861/1918
f 3228/2858/1915 3231/2861/1918 3232/2862/1919
f 3181/2831/1870 3230/2860/2169 3233/2863/1920
f 3181/2831/1870 3233/2863/1920 3185/2833/1874
f 3232/2862/1919 3231/2861/1918 3234/2864/1921
f 3232/2862/1919 3234/2864/1921 3235/2865/1922
f 3185/2833/1874 3233/2863/1920 3236/2866/1923
f 3185/2833/1874 3236/2866/1923 3189/2835/1878
f 3235/2865/1922 3234/2864/1921 3237/2867/1924
f 3235/2865/1922 3237/2867/1924 3238/2868/1880
f 3189/2835/1878 3236/2866/1923 3239/2869/1925
f 3189/2835/1878 3239/2869/1925 3193/2837/1882
f 3238/2868/1880 3237/2867/1924 3240/2870/1926
f 3238/2868/1880 3240/2870/1926 3241/2871/1884
f 3193/2837/1882 3239/2869/1925 3242/2872/1927
f 3193/2837/1882 3242/2872/1927 3197/2839/1886
f 3241/2871/1884 3240/2870/1926 3243/2873/1928
f 3241/2871/1884 3243/2873/1928 3244/2874/1929
f 3197/2839/1886 3242/2872/1927 3245/2875/2170
f 3197/2839/1886 3245/2875/2170 3201/2841/1890
f 3244/2874/1929 3243/2873/1928 3246/2876/1931
f 3244/2874/1929 3246/2876/1931 3247/2877/1932
f 3201/2841/1890 3245/2875/2170 3248/2878/1933
f 3201/2841/1890 3248/2878/1933 3207/2844/1894
f 3247/2877/1932 3246/2876/1931 3249/2879/1934
f 3247/2877/1932 3249/2879/1934 3250/2880/1935
f 3251/2881/1936 3252/2882/1937 3253/2883/1938
f 3251/2881/1936 3253/2883/1938 3254/2884/1939
f 3207/2844/1894 3248/2878/1933 3255/2885/1940
f 3207/2844/1894 3255/2885/1940 3213/2847/1900
f 3250/2880/1935 3249/2879/1934 3256/2886/1941
f 3250/2880/1935 3256/2886/1941 3257/2887/1942
f 3254/2884/1939 3253/2883/1938 3258/2888/1943
f 3254/2884/1939 3258/2888/1943 3259/2889/1944
f 3260/2890/1900 3261/2891/1945 3262/2892/1946
f 3260/2890/1900 3262/2892/1946 3263/2893/1947
f 3257/2887/1942 3256/2886/1941 3264/2894/1948
f 3257/2887/1942 3264/2894/1948 3265/2895/1845
f 3259/2889/1944 3258/2888/1943 3266/2896/1949
f 3259/2889/1944 3266/2896/1949 3267/2897/1950
f 3263/2893/1947 3262/2892/1946 3268/2898/1951
f 3263/2893/1947 3268/2898/1951 3269/2899/1952
f 3265/2895/1845 3264/2894/1948 3270/2900/1953
f 3265/2895/1845 3270/2900/1953 3271/2901/1954
f 3267/2897/1950 3266/2896/1949 3272/2902/1955
f 3267/2897/1950 3272/2902/1955 3273/2903/1956
f 3269/2899/1952 3268/2898/1951 3274/2904/1957
f 3269/2899/1952 3274/2904/1957 3275/2905/1958
f 3271/2901/1954 3270/2900/1953 3276/2906/1959
f 3271/2901/1954 3276/2906/1959 3277/2907/1960
f 3273/2903/1956 3272/2902/1955 3278/2908/1961
f 3273/2903/1956 3278/2908/1961 3279/2909/1962
f 3275/2905/1958 3274/2904/1957 3252/2882/1937
f 3275/2905/1958 3252/2882/1937 3251/2881/1936
f 3277/2907/1960 3276/2906/1959 3150/2814/1841
f 3277/2907/1960 3150/2814/1841 3149/2813/1840
f 3279/2909/1962 3278/2908/1961 3226/2856/1913
f 3279/2909/1962 3226/2856/1913 3225/2855/1912
f 3280/2910/1963 3281/2911/1963 3282/2912/1964
f 3280/2910/1963 3282/2912/1964 3283/2913/1965
f 3234/2864/1921 3284/2914/1966 3285/2915/1967
f 3234/2864/1921 3285/2915/1967 3237/2867/1924
f 3224/2854/1911 3223/2853/1910 3286/2916/1968
f 3224/2854/1911 3286/2916/1968 3287/2917/1969
f 3237/2867/1924 3285/2915/1967 3288/2918/1970
f 3237/2867/1924 3288/2918/1970 3240/2870/1926
f 3287/2917/1969 3286/2916/1968 3289/2910/1971
f 3287/2917/1969 3289/2910/1971 3290/2919/1927
f 3240/2870/1926 3288/2918/1970 3291/2920/1972
f 3240/2870/1926 3291/2920/1972 3243/2873/1928
f 3290/2919/1927 3289/2910/1971 3292/2913/1973
f 3290/2919/1927 3292/2913/1973 3293/2921/1930
f 3243/2873/1928 3291/2920/1972 3294/2922/1974
f 3243/2873/1928 3294/2922/1974 3246/2876/1931
f 3293/2921/1930 3292/2913/1973 3295/2923/1975
f 3293/2921/1930 3295/2923/1975 3296/2924/1976
f 3246/2876/1931 3294/2922/1974 3297/2925/1977
f 3246/2876/1931 3297/2925/1977 3249/2879/1934
f 3252/2882/1937 3298/2926/1978 3299/2927/1979
f 3252/2882/1937 3299/2927/1979 3253/2883/1938
f 3296/2924/1976 3295/2923/1975 3300/2928/1980
f 3296/2924/1976 3300/2928/1980 3261/2891/1945
f 3249/2879/1934 3297/2925/1977 3301/2929/1981
f 3249/2879/1934 3301/2929/1981 3256/2886/1941
f 3253/2883/1938 3299/2927/1979 3302/2930/1982
f 3253/2883/1938 3302/2930/1982 3258/2888/1943
f 3261/2891/1945 3300/2928/1980 3303/2931/1983
f 3261/2891/1945 3303/2931/1983 3262/2892/1946
f 3256/2886/1941 3301/2929/1981 3304/2932/1984
f 3256/2886/1941 3304/2932/1984 3264/2894/1948
f 3258/2888/1943 3302/2930/1982 3305/2933/1985
f 3258/2888/1943 3305/2933/1985 3266/2896/1949
f 3262/2892/1946 3303/2931/1983 3306/2934/1986
f 3262/2892/1946 3306/2934/1986 3268/2898/1951
f 3264/2894/1948 3304/2932/1984 3307/2935/1987
f 3264/2894/1948 3307/2935/1987 3270/2900/1953
f 3266/2896/1949 3305/2933/1985 3308/2936/1988
f 3266/2896/1949 3308/2936/1988 3272/2902/1955
f 3268/2898/1951 3306/2934/1986 3309/2937/1989
f 3268/2898/1951 3309/2937/1989 3274/2904/1957
f 3270/2900/1953 3307/2935/1987 3310/2938/1990
f 3270/2900/1953 3310/2938/1990 3276/2906/1959
f 3272/2902/1955 3308/2936/1988 3311/2939/1991
f 3272/2902/1955 3311/2939/1991 3278/2908/1961
f 3274/2904/1957 3309/2937/1989 3298/2926/1978
f 3274/2904/1957 3298/2926/1978 3252/2882/1937
f 3276/2906/1959 3310/2938/1990 3312/2940/1992
f 3276/2906/1959 3312/2940/1992 3150/2814/1841
f 3278/2908/1961 3311/2939/1991 3313/2941/2171
f 3278/2908/1961 3313/2941/2171 3226/2856/1913
f 3150/2814/1841 3312/2940/1992 3314/2942/1994
f 3150/2814/1841 3314/2942/1994 3151/2815/1842
f 3226/2856/1913 3313/2941/2171 3315/2943/1995
f 3226/2856/1913 3315/2943/1995 3227/2857/1914
f 3151/2815/1842 3314/2942/1994 3316/2944/1996
f 3151/2815/1842 3316/2944/1996 3317/2945/2169
f 3227/2857/1914 3315/2943/1995 3318/2946/1998
f 3227/2857/1914 3318/2946/1998 3231/2861/1918
f 3317/2945/2169 3316/2944/1996 3222/2852/2168
f 3317/2945/2169 3222/2852/2168 3221/2851/2167
f 3231/2861/1918 3318/2946/1998 3284/2914/1966
f 3231/2861/1918 3284/2914/1966 3234/2864/1921
f 3319/2947/2172 3320/2948/2173 3321/2949/1579
f 3319/2947/2172 3321/2949/1579 3322/2950/1579
f 3323/2951/2174 3324/2952/2175 3325/2953/2001
f 3323/2951/2174 3325/2953/2001 3326/2954/2001
f 3283/2913/1965 3282/2912/1964 3327/2955/2002
f 3283/2913/1965 3327/2955/2002 3328/2923/2003
f 3329/2956/2004 3330/2957/2001 3331/2958/2005
f 3329/2956/2004 3331/2958/2005 3332/2959/2006
f 3333/2960/2176 3334/2961/2177 3335/2947/2178
f 3333/2960/2176 3335/2947/2178 3336/2962/2008
f 3328/2923/2003 3327/2955/2002 3337/2963/2009
f 3328/2923/2003 3337/2963/2009 3338/2928/2179
f 3332/2959/2006 3331/2958/2005 3339/2964/2011
f 3332/2959/2006 3339/2964/2011 3340/2965/2012
f 3336/2962/2008 3335/2947/2178 3341/2950/2180
f 3336/2962/2008 3341/2950/2180 3342/2966/2181
f 3338/2928/2179 3337/2963/2009 3343/2967/2182
f 3338/2928/2179 3343/2967/2182 3344/2931/2182
f 3340/2965/2012 3339/2964/2011 3345/2968/2016
f 3340/2965/2012 3345/2968/2016 3346/2969/2016
f 3342/2966/2181 3341/2950/2180 3347/2970/2017
f 3342/2966/2181 3347/2970/2017 3348/2971/2017
f 3344/2931/2182 3343/2967/2182 3349/2972/2019
f 3344/2931/2182 3349/2972/2019 3350/2934/2019
f 3346/2969/2016 3345/2968/2016 3351/2973/2020
f 3346/2969/2016 3351/2973/2020 3352/2974/2021
f 3353/2975/2022 3354/2976/2017 3355/2977/2023
f 3353/2975/2022 3355/2977/2023 3356/2978/2023
f 3357/2979/2019 3358/2980/2019 3359/2981/2183
f 3357/2979/2019 3359/2981/2183 3360/2982/2024
f 3352/2974/2021 3351/2973/2020 3361/2983/2025
f 3352/2974/2021 3361/2983/2025 3362/2984/2025
f 3356/2978/2023 3355/2977/2023 3363/2985/2026
f 3356/2978/2023 3363/2985/2026 3364/2986/2027
f 3360/2982/2024 3359/2981/2183 3334/2961/2177
f 3360/2982/2024 3334/2961/2177 3333/2960/2176
f 3365/2938/2184 3366/2987/2025 3367/2988/2185
f 3365/2938/2184 3367/2988/2185 3368/2940/2186
f 3364/2986/2027 3363/2985/2026 3369/2989/2029
f 3364/2986/2027 3369/2989/2029 3370/2990/2030
f 3368/2940/2186 3367/2988/2185 3371/2991/2187
f 3368/2940/2186 3371/2991/2187 3372/2942/2187
f 3370/2990/2030 3369/2989/2029 3373/2992/2032
f 3370/2990/2030 3373/2992/2032 3374/2993/2032
f 3372/2942/2187 3371/2991/2187 3375/2994/2033
f 3372/2942/2187 3375/2994/2033 3376/2944/2033
f 3374/2993/2032 3373/2992/2032 3377/2995/2034
f 3374/2993/2032 3377/2995/2034 3378/2996/2034
f 3376/2944/2033 3375/2994/2033 3379/2997/2035
f 3376/2944/2033 3379/2997/2035 3380/2852/2188
f 3378/2996/2034 3377/2995/2034 3381/2998/2037
f 3378/2996/2034 3381/2998/2037 3382/2999/2037
f 3380/2852/2188 3379/2997/2035 3383/3000/2038
f 3380/2852/2188 3383/3000/2038 3384/2853/2038
f 3382/2999/2037 3381/2998/2037 3385/3001/2039
f 3382/2999/2037 3385/3001/2039 3386/3002/2040
f 3384/2853/2038 3383/3000/2038 3387/3003/2041
f 3384/2853/2038 3387/3003/2041 3388/2916/2041
f 3386/3002/2040 3385/3001/2039 3389/3004/2189
f 3386/3002/2040 3389/3004/2189 3390/3005/2190
f 3388/2916/2041 3387/3003/2041 3281/2911/1963
f 3388/2916/2041 3281/2911/1963 3280/2910/1963
f 3390/3005/2190 3389/3004/2189 3324/2952/2175
f 3390/3005/2190 3324/2952/2175 3323/2951/2174
f 3391/3006/184 3392/3007/184 3393/3008/182
f 3391/3006/184 3393/3008/182 3394/3009/182
f 3395/2964/2044 3396/3010/2044 3397/3011/67
f 3395/2964/2044 3397/3011/67 3398/2968/67
f 3322/2950/1579 3321/2949/1579 3399/3012/2191
f 3322/2950/1579 3399/3012/2191 3400/2970/2191
f 3394/3009/182 3393/3008/182 3401/3013/2045
f 3394/3009/182 3401/3013/2045 3402/2980/2045
f 3398/2968/67 3397/3011/67 3403/3014/2046
f 3398/2968/67 3403/3014/2046 3404/2973/2046
f 3400/2970/2191 3399/3012/2191 3405/3015/168
f 3400/2970/2191 3405/3015/168 3406/3016/168
f 3402/2980/2045 3401/3013/2045 3407/3017/2192
f 3402/2980/2045 3407/3017/2192 3408/2981/2192
f 3404/2973/2046 3403/3014/2046 3409/3018/2048
f 3404/2973/2046 3409/3018/2048 3410/2983/2048
f 3411/2977/2049 3412/3019/2049 3413/3020/166
f 3411/2977/2049 3413/3020/166 3414/2985/166
f 3408/2981/2192 3407/3017/2192 3415/3021/73
f 3408/2981/2192 3415/3021/73 3416/2961/73
f 3410/2983/2048 3409/3018/2048 3417/3022/208
f 3410/2983/2048 3417/3022/208 3418/3023/208
f 3414/2985/166 3413/3020/166 3419/3024/1585
f 3414/2985/166 3419/3024/1585 3420/2989/1585
f 3418/3023/208 3417/3022/208 3421/3025/207
f 3418/3023/208 3421/3025/207 3422/3026/207
f 3420/2989/1585 3419/3024/1585 3423/3027/1838
f 3420/2989/1585 3423/3027/1838 3424/2992/1838
f 3425/3028/1114 3426/3029/1114 3427/3030/1834
f 3425/3028/1114 3427/3030/1834 3428/3031/1834
f 3424/2992/1838 3423/3027/1838 3429/3032/1470
f 3424/2992/1838 3429/3032/1470 3430/2995/1470
f 3428/3031/1834 3427/3030/1834 3431/3033/1562
f 3428/3031/1834 3431/3033/1562 3432/3034/1562
f 3430/2995/1470 3429/3032/1470 3433/3035/2050
f 3430/2995/1470 3433/3035/2050 3434/2998/2050
f 3432/3034/1562 3431/3033/1562 3435/3036/198
f 3432/3034/1562 3435/3036/198 3436/3037/2051
f 3434/2998/2050 3433/3035/2050 3437/3038/2052
f 3434/2998/2050 3437/3038/2052 3438/3001/2052
f 3436/3037/2051 3435/3036/198 3439/3039/1566
f 3436/3037/2051 3439/3039/1566 3440/3040/1566
f 3438/3001/2052 3437/3038/2052 3441/3041/150
f 3438/3001/2052 3441/3041/150 3442/3004/150
f 3440/3040/1566 3439/3039/1566 3443/3042/2054
f 3440/3040/1566 3443/3042/2054 3444/3043/1837
f 3442/3004/150 3441/3041/150 3445/3044/147
f 3442/3004/150 3445/3044/147 3446/2952/147
f 3444/3043/1837 3443/3042/2054 3447/3045/2055
f 3444/3043/1837 3447/3045/2055 3448/3046/2055
f 3449/3047/147 3450/3048/147 3451/3049/2193
f 3449/3047/147 3451/3049/2193 3452/2957/2193
f 3448/3046/2055 3447/3045/2055 3453/3050/187
f 3448/3046/2055 3453/3050/187 3454/3051/187
f 3452/2957/2193 3451/3049/2193 3455/3052/2056
f 3452/2957/2193 3455/3052/2056 3456/2958/2056
f 3416/2961/73 3415/3021/73 3320/2948/2173
f 3416/2961/73 3320/2948/2173 3319/2947/2172
f 3454/3051/187 3453/3050/187 3457/3053/184
f 3454/3051/187 3457/3053/184 3458/3054/2057
f 3456/2958/2056 3455/3052/2056 3396/3010/2044
f 3456/2958/2056 3396/3010/2044 3395/2964/2044
f 3459/3055/2058 3460/3056/2059 3461/3057/2194
f 3459/3055/2058 3461/3057/2194 3462/3058/2061
f 2778/2451/1560 3463/3059/2062 3464/3060/2063
f 2778/2451/1560 3464/3060/2063 2779/2452/1561
f 2799/2472/1575 3465/3061/2064 3466/3062/2065
f 2799/2472/1575 3466/3062/2065 2796/2469/1573
f 2819/2492/1588 3467/3063/2066 3468/3064/2067
f 2819/2492/1588 3468/3064/2067 2817/2490/1586
f 2768/2441/1554 3469/3065/2068 3470/3066/2069
f 2768/2441/1554 3470/3066/2069 2769/2442/1555
f 2769/2442/1555 3470/3066/2069 3471/3067/2070
f 2769/2442/1555 3471/3067/2070 2839/2512/1599
f 2789/2462/1570 3472/3068/2071 3473/3069/2072
f 2789/2462/1570 3473/3069/2072 2787/2460/1569
f 2809/2482/1581 3474/3070/2073 3475/3071/2074
f 2809/2482/1581 3475/3071/2074 2807/2480/1580
f 2829/2502/1594 3476/3072/2075 2836/2509/1597
f 2829/2502/1594 2836/2509/1597 2827/2500/1593
f 2781/2454/1563 3477/3073/2076 3463/3059/2062
f 2781/2454/1563 3463/3059/2062 2778/2451/1560
f 2801/2474/1576 3478/3074/2077 3465/3061/2064
f 2801/2474/1576 3465/3061/2064 2799/2472/1575
f 2821/2494/1589 3479/3075/2078 3467/3063/2066
f 2821/2494/1589 3467/3063/2066 2819/2492/1588
f 2771/2444/1556 3480/3076/2079 3469/3065/2068
f 2771/2444/1556 3469/3065/2068 2768/2441/1554
f 2791/2464/1571 3481/3077/2080 3472/3068/2071
f 2791/2464/1571 3472/3068/2071 2789/2462/1570
f 2811/2484/1582 3482/3078/2081 3474/3070/2073
f 2811/2484/1582 3474/3070/2073 2809/2482/1581
f 2832/2505/1595 3483/3079/2082 3484/3080/2075
f 2832/2505/1595 3484/3080/2075 2833/2506/1594
f 2783/2456/1565 3485/3081/2083 3477/3073/2076
f 2783/2456/1565 3477/3073/2076 2781/2454/1563
f 2803/2476/1577 3486/3082/2084 3478/3074/2077
f 2803/2476/1577 3478/3074/2077 2801/2474/1576
f 2823/2496/1591 3487/3083/2085 3479/3075/2078
f 2823/2496/1591 3479/3075/2078 2821/2494/1589
f 2773/2446/1558 3488/3084/2086 3480/3076/2079
f 2773/2446/1558 3480/3076/2079 2771/2444/1556
f 2793/2466/1572 3489/3085/2087 3481/3077/2080
f 2793/2466/1572 3481/3077/2080 2791/2464/1571
f 2814/2487/1584 3490/3086/2058 3491/3087/2088
f 2814/2487/1584 3491/3087/2088 2815/2488/1582
f 2835/2508/1596 3492/3088/2089 3483/3079/2082
f 2835/2508/1596 3483/3079/2082 2832/2505/1595
f 2785/2458/1567 3493/3089/2090 3485/3081/2083
f 2785/2458/1567 3485/3081/2083 2783/2456/1565
f 2805/2478/1578 3494/3090/2091 3486/3082/2084
f 2805/2478/1578 3486/3082/2084 2803/2476/1577
f 2825/2498/1592 2837/2510/1598 3487/3083/2085
f 2825/2498/1592 3487/3083/2085 2823/2496/1591
f 2775/2448/1559 3495/3091/2063 3488/3084/2086
f 2775/2448/1559 3488/3084/2086 2773/2446/1558
f 2796/2469/1573 3466/3062/2065 3496/3092/2092
f 2796/2469/1573 3496/3092/2092 2797/2470/1574
f 2817/2490/1586 3468/3064/2067 3490/3086/2058
f 2817/2490/1586 3490/3086/2058 2814/2487/1584
f 2839/2512/1599 3471/3067/2070 3492/3088/2089
f 2839/2512/1599 3492/3088/2089 2835/2508/1596
f 2787/2460/1569 3473/3069/2072 3493/3089/2090
f 2787/2460/1569 3493/3089/2090 2785/2458/1567
f 2807/2480/1580 3475/3071/2074 3494/3090/2091
f 2807/2480/1580 3494/3090/2091 2805/2478/1578
f 3497/3093/2093 87/87/55 86/86/54
f 3497/3093/2093 86/86/54 3498/3094/2094
f 3493/3089/2090 3499/3095/2095 3500/3096/2096
f 3493/3089/2090 3500/3096/2096 3485/3081/2083
f 3501/3097/2097 3502/3098/2098 3460/3056/2059
f 3501/3097/2097 3460/3056/2059 3459/3055/2058
f 3473/3069/2072 3503/3099/2099 3499/3095/2095
f 3473/3069/2072 3499/3095/2095 3493/3089/2090
f 3504/3100/2100 3505/3101/2101 3502/3098/2098
f 3504/3100/2100 3502/3098/2098 3501/3097/2097
f 3472/3068/2071 3506/3102/2102 3503/3099/2099
f 3472/3068/2071 3503/3099/2099 3473/3069/2072
f 3507/3103/2103 3508/3104/2104 3505/3101/2101
f 3507/3103/2103 3505/3101/2101 3504/3100/2100
f 3481/3077/2080 3509/3105/2105 3506/3102/2102
f 3481/3077/2080 3506/3102/2102 3472/3068/2071
f 3510/3106/2106 3511/3107/2107 3508/3104/2104
f 3510/3106/2106 3508/3104/2104 3507/3103/2103
f 3512/3108/2087 3497/3093/2093 3498/3094/2094
f 3512/3108/2087 3498/3094/2094 3513/3109/2080
f 3514/3110/2108 3515/3111/2109 3511/3107/2107
f 3514/3110/2108 3511/3107/2107 3510/3106/2106
f 3516/3112/2065 3517/3113/2110 3497/3093/2093
f 3516/3112/2065 3497/3093/2093 3512/3108/2087
f 3518/3114/2111 3519/3115/2112 3515/3111/2109
f 3518/3114/2111 3515/3111/2109 3514/3110/2108
f 3520/3116/2113 3521/3117/2114 3517/3113/2110
f 3520/3116/2113 3517/3113/2110 3516/3112/2065
f 3469/3065/2068 3522/3118/2115 3523/3119/2116
f 3469/3065/2068 3523/3119/2116 3470/3066/2069
f 3524/3120/2117 3525/3121/2118 3519/3115/2112
f 3524/3120/2117 3519/3115/2112 3518/3114/2111
f 3478/3074/2077 3526/3122/2119 3527/3123/2114
f 3478/3074/2077 3527/3123/2114 3465/3061/2064
f 3480/3076/2079 3528/3124/2120 3522/3118/2115
f 3480/3076/2079 3522/3118/2115 3469/3065/2068
f 3529/3125/2121 3530/3126/2122 3525/3121/2118
f 3529/3125/2121 3525/3121/2118 3524/3120/2117
f 3486/3082/2084 3531/3127/2123 3526/3122/2119
f 3486/3082/2084 3526/3122/2119 3478/3074/2077
f 3532/3128/2124 3533/3129/2125 3534/3130/2126
f 3532/3128/2124 3534/3130/2126 3535/3131/2127
f 3536/3132/2128 3537/3133/2129 3530/3126/2122
f 3536/3132/2128 3530/3126/2122 3529/3125/2121
f 3494/3090/2091 3538/3134/2130 3531/3127/2123
f 3494/3090/2091 3531/3127/2123 3486/3082/2084
f 3539/3135/2131 3540/3136/2132 3533/3129/2125
f 3539/3135/2131 3533/3129/2125 3532/3128/2124
f 3541/3137/2070 3542/3138/2133 3537/3133/2129
f 3541/3137/2070 3537/3133/2129 3536/3132/2128
f 3475/3071/2074 3543/3139/2134 3538/3134/2130
f 3475/3071/2074 3538/3134/2130 3494/3090/2091
f 3544/3140/2062 3545/3141/2135 3540/3136/2132
f 3544/3140/2062 3540/3136/2132 3539/3135/2131
f 3470/3066/2069 3523/3119/2116 3546/3142/2133
f 3470/3066/2069 3546/3142/2133 3471/3067/2070
f 3547/3143/2136 3548/3144/2137 3549/3145/2134
f 3547/3143/2136 3549/3145/2134 3550/3146/2138
f 3477/3073/2076 3551/3147/2139 3552/3148/2135
f 3477/3073/2076 3552/3148/2135 3463/3059/2062
f 3462/3058/2061 3461/3057/2194 3548/3144/2137
f 3462/3058/2061 3548/3144/2137 3547/3143/2136
f 3485/3081/2083 3500/3096/2096 3551/3147/2139
f 3485/3081/2083 3551/3147/2139 3477/3073/2076
f 3515/3111/2109 73/73/41 72/72/40
f 3515/3111/2109 72/72/40 3511/3107/2107
f 3517/3113/2110 84/84/52 87/87/55
f 3517/3113/2110 87/87/55 3497/3093/2093
f 3519/3115/2112 70/70/38 73/73/41
f 3519/3115/2112 73/73/41 3515/3111/2109
f 3521/3117/2114 85/85/53 84/84/52
f 3521/3117/2114 84/84/52 3517/3113/2110
f 3553/3149/2140 65/65/33 67/67/35
f 3553/3149/2140 67/67/35 3554/3150/2141
f 3525/3121/2118 71/71/39 70/70/38
f 3525/3121/2118 70/70/38 3519/3115/2112
f 3555/3151/2119 82/82/50 85/85/53
f 3555/3151/2119 85/85/53 3521/3117/2114
f 3534/3130/2126 96/96/64 65/65/33
f 3534/3130/2126 65/65/33 3553/3149/2140
f 3530/3126/2122 68/68/36 71/71/39
f 3530/3126/2122 71/71/39 3525/3121/2118
f 3556/3152/2142 83/83/51 82/82/50
f 3556/3152/2142 82/82/50 3555/3151/2119
f 3533/3129/2125 94/94/62 96/96/64
f 3533/3129/2125 96/96/64 3534/3130/2126
f 3537/3133/2129 69/69/37 68/68/36
f 3537/3133/2129 68/68/36 3530/3126/2122
f 3557/3153/2143 80/80/48 83/83/51
f 3557/3153/2143 83/83/51 3556/3152/2142
f 3540/3136/2132 95/95/66 94/94/62
f 3540/3136/2132 94/94/62 3533/3129/2125
f 3542/3138/2133 66/66/34 69/69/37
f 3542/3138/2133 69/69/37 3537/3133/2129
f 3549/3145/2134 81/81/49 80/80/48
f 3549/3145/2134 80/80/48 3557/3153/2143
f 3545/3141/2135 92/92/60 95/95/66
f 3545/3141/2135 95/95/66 3540/3136/2132
f 3554/3150/2141 67/67/35 66/66/34
f 3554/3150/2141 66/66/34 3542/3138/2133
f 3548/3144/2137 78/78/46 81/81/49
f 3548/3144/2137 81/81/49 3549/3145/2134
f 3558/3154/2144 93/93/61 92/92/60
f 3558/3154/2144 92/92/60 3545/3141/2135
f 3461/3057/2194 79/79/47 78/78/46
f 3461/3057/2194 78/78/46 3548/3144/2137
f 3559/3155/2096 90/90/58 93/93/61
f 3559/3155/2096 93/93/61 3558/3154/2144
f 3460/3056/2059 76/76/44 79/79/47
f 3460/3056/2059 79/79/47 3461/3057/2194
f 3560/3156/2145 91/91/59 90/90/58
f 3560/3156/2145 90/90/58 3559/3155/2096
f 3502/3098/2098 77/77/45 76/76/44
f 3502/3098/2098 76/76/44 3460/3056/2059
f 3561/3157/2146 88/88/56 91/91/59
f 3561/3157/2146 91/91/59 3560/3156/2145
f 3505/3101/2101 74/74/42 77/77/45
f 3505/3101/2101 77/77/45 3502/3098/2098
f 3562/3158/2147 89/89/65 88/88/56
f 3562/3158/2147 88/88/56 3561/3157/2146
f 3508/3104/2104 75/75/43 74/74/42
f 3508/3104/2104 74/74/42 3505/3101/2101
f 3498/3094/2094 86/86/54 89/89/65
f 3498/3094/2094 89/89/65 3562/3158/2147
f 3511/3107/2107 72/72/40 75/75/43
f 3511/3107/2107 75/75/43 3508/3104/2104
f 3563/3159/2195 3564/3160/2196 3565/3161/1566
f 3563/3159/2195 3565/3161/1566 3566/3162/1566
f 3567/3163/2197 3568/3164/2198 3569/100/2199
f 3567/3163/2197 3569/100/2199 3570/97/2200
s 0
f 3571/3165/75 3572/3166/75 3573/3167/75
f 3571/3165/75 3573/3167/75 3574/3168/75
s 1
f 3563/3159/2195 3575/3169/2201 3576/3170/2202
f 3563/3159/2195 3576/3170/2202 3577/3171/2202
f 3578/3172/2203 3567/3163/2197 3570/97/2200
f 3578/3172/2203 3570/97/2200 3579/104/2203
s 0
f 3580/3173/2204 3581/3174/2204 3582/3175/2204
f 3580/3173/2204 3582/3175/2204 3583/3176/2204
s 1
f 3568/3164/2198 3584/3177/2205 3585/143/2205
f 3568/3164/2198 3585/143/2205 3569/100/2199
s 0
f 3586/3178/2206 3587/3179/2206 3588/3180/2206
f 3586/3178/2206 3588/3180/2206 3589/3181/2206
s 1
f 3590/3182/2207 3591/3183/2208 3592/3184/2209
f 3590/3182/2207 3592/3184/2209 3593/3185/2210
f 3594/3186/2211 3595/3187/2212 3596/3188/2213
f 3594/3186/2211 3596/3188/2213 3597/3189/2214
f 3598/3190/2215 3599/3191/2215 3600/3192/2216
f 3598/3190/2215 3600/3192/2216 3601/3193/2217
f 3602/3194/2218 3564/3160/2196 3603/3195/2219
f 3602/3194/2218 3603/3195/2219 3604/3196/2220
f 3601/3193/2217 3600/3192/2216 3605/3197/2221
f 3601/3193/2217 3605/3197/2221 3606/3198/2222
f 3600/3192/2216 3599/3191/2215 3602/3194/2218
f 3600/3192/2216 3602/3194/2218 3594/3186/2211
f 3602/3194/2218 3599/3191/2215 3607/3199/1566
f 3602/3194/2218 3607/3199/1566 3608/3200/1566
s 0
f 3609/3201/73 3610/3202/73 3611/3203/73
f 3609/3201/73 3611/3203/73 3612/3204/73
s 1
f 3613/3205/2223 3614/3178/2224 3615/3181/2224
f 3613/3205/2223 3615/3181/2224 3616/3206/2225
f 3594/3186/2211 3602/3194/2218 3604/3196/2220
f 3594/3186/2211 3604/3196/2220 3595/3187/2212
f 3617/3207/2226 3613/3205/2223 3616/3206/2225
f 3617/3207/2226 3616/3206/2225 3618/3208/2226
f 3619/3209/2227 3620/3172/2227 104/104/72
f 3619/3209/2227 104/104/72 103/103/71
s 0
f 3621/3210/75 3622/3211/75 3623/3212/75
f 3621/3210/75 3623/3212/75 3624/3213/75
f 3625/3214/86 3626/3215/86 3627/3216/86
f 3625/3214/86 3627/3216/86 3628/3217/86
s 1
f 3564/3160/2196 3602/3194/2218 3608/3200/1566
f 3564/3160/2196 3608/3200/1566 3565/3161/1566
f 3599/3191/2215 3598/3190/2215 3629/3218/1566
f 3599/3191/2215 3629/3218/1566 3607/3199/1566
f 3575/3169/2201 3563/3159/2195 3566/3162/1566
f 3575/3169/2201 3566/3162/1566 3630/3219/1566
f 3598/3190/2215 3575/3169/2201 3630/3219/1566
f 3598/3190/2215 3630/3219/1566 3629/3218/1566
s 0
f 3631/3220/1566 3632/3221/1566 3633/3222/1566
f 3631/3220/1566 3633/3222/1566 3634/3223/1566
f 3632/3221/1566 3631/3220/1566 3635/3224/1566
f 3632/3221/1566 3635/3224/1566 3636/3225/1566
f 3626/3215/86 3637/3226/86 3638/3227/86
f 3626/3215/86 3638/3227/86 3627/3216/86
f 3639/3228/2228 3640/3229/2228 3641/3230/2228
f 3639/3228/2228 3641/3230/2228 3642/3231/2228
f 3643/3232/2229 3644/3233/2229 3645/3234/2229
f 3643/3232/2229 3645/3234/2229 3646/3235/2229
s 1
f 3606/3198/2222 3605/3197/2221 3647/3236/2230
f 3606/3198/2222 3647/3236/2230 3648/3237/2231
f 3597/3189/2214 3596/3188/2213 3649/3238/2232
f 3597/3189/2214 3649/3238/2232 3650/3239/2233
f 3605/3197/2221 3597/3189/2214 3650/3239/2233
f 3605/3197/2221 3650/3239/2233 3647/3236/2230
f 3600/3192/2216 3594/3186/2211 3597/3189/2214
f 3600/3192/2216 3597/3189/2214 3605/3197/2221
f 3648/3237/2231 3647/3236/2230 3651/3240/2234
f 3648/3237/2231 3651/3240/2234 3652/3241/2234
f 3653/3242/2235 3654/3243/2236 3655/3244/2237
f 3653/3242/2235 3655/3244/2237 3656/3245/2238
f 3647/3236/2230 3650/3239/2233 3657/3246/2234
f 3647/3236/2230 3657/3246/2234 3651/3240/2234
f 3593/3185/2210 3592/3184/2209 3658/3247/2239
f 3593/3185/2210 3658/3247/2239 3659/3248/2240
f 3660/3249/2241 3661/3250/2242 3662/3251/2242
f 3660/3249/2241 3662/3251/2242 3663/3252/2243
f 3664/3253/2244 3660/3249/2241 3663/3252/2243
f 3664/3253/2244 3663/3252/2243 3665/3254/2244
s 0
f 3666/3255/1353 3667/3256/1353 3668/3257/1353
f 3666/3255/1353 3668/3257/1353 3669/3258/1353
s 1
f 3659/3248/2240 3658/3247/2239 3670/3256/2245
f 3659/3248/2240 3670/3256/2245 3671/3255/2245
s 0
f 3672/3259/2246 3673/3260/2246 3674/3261/2246
f 3672/3259/2246 3674/3261/2246 3675/3262/2246
f 3676/3263/2202 3677/3264/2202 3678/3265/2202
f 3676/3263/2202 3678/3265/2202 3679/3266/2202
s 1
f 3575/3169/2201 3676/3263/2202 3679/3266/2202
f 3575/3169/2201 3679/3266/2202 3576/3170/2202
f 3677/3264/2202 3563/3159/2195 3577/3171/2202
s 0
f 3677/3264/2202 3577/3171/2202 3678/3265/2202
s 1
f 3680/3261/2247 3681/3260/2247 3682/3267/2248
f 3680/3261/2247 3682/3267/2248 3683/3268/2249
s 0
f 3684/3269/2250 3685/3171/2250 3686/3170/2250
f 3684/3269/2250 3686/3170/2250 3687/3270/2250
s 1
f 3688/3271/2251 3689/3272/2252 3690/3273/2253
f 3688/3271/2251 3690/3273/2253 3691/3274/2254
f 3692/3275/2255 3693/3276/2255 3689/3272/2252
f 3692/3275/2255 3689/3272/2252 3688/3271/2251
f 3694/3277/2256 3695/3278/2256 3696/3279/2257
f 3694/3277/2256 3696/3279/2257 3697/3280/2258
f 3698/3278/2259 3699/3275/2259 3688/3271/2251
f 3698/3278/2259 3688/3271/2251 3696/3279/2257
f 3700/3281/2260 3701/3282/2260 3702/3283/2261
f 3700/3281/2260 3702/3283/2261 3703/3284/2261
f 3689/3272/2252 3697/3280/2258 3704/3281/2262
f 3689/3272/2252 3704/3281/2262 3690/3273/2253
f 3697/3280/2258 3696/3279/2257 3705/3282/2263
f 3697/3280/2258 3705/3282/2263 3704/3281/2262
f 3696/3279/2257 3688/3271/2251 3691/3274/2254
f 3696/3279/2257 3691/3274/2254 3705/3282/2263
f 3706/3285/2264 3707/3286/2264 3708/3287/2265
f 3706/3285/2264 3708/3287/2265 3709/3288/2265
f 3710/3282/2266 3711/3274/2266 3712/3289/2267
f 3710/3282/2266 3712/3289/2267 3713/3283/2268
f 3714/3274/2269 3715/3273/2269 3716/3290/2270
f 3714/3274/2269 3716/3290/2270 3717/3289/2270
f 3718/3273/2271 3719/3281/2271 3720/3284/2272
f 3718/3273/2271 3720/3284/2272 3721/3290/2273
f 3722/3291/2274 3723/3292/2275 3724/3293/2276
f 3722/3291/2274 3724/3293/2276 3725/3294/2277
f 3726/3295/2278 3727/3296/2278 3728/3297/2279
f 3726/3295/2278 3728/3297/2279 3729/3298/2279
f 3730/3299/2267 3731/3300/2267 3732/3301/2280
f 3730/3299/2267 3732/3301/2280 3733/3302/2281
s 0
f 3734/3303/2282 3735/3304/2282 3736/3305/2282
f 3734/3303/2282 3736/3305/2282 3737/3306/2282
f 3738/3307/2283 3739/3308/2283 3740/3309/2283
f 3738/3307/2283 3740/3309/2283 3741/3310/2283
s 1
f 3742/3311/2284 3743/3312/2285 3744/3313/2285
f 3742/3311/2284 3744/3313/2285 3745/3314/2286
s 0
f 3746/3315/2244 3664/3253/2244 3665/3254/2244
f 3746/3315/2244 3665/3254/2244 3747/3316/2244
s 1
f 3748/3317/2287 3749/3318/2287 3750/3319/2287
f 3748/3317/2287 3750/3319/2287 3751/3320/2287
f 3752/3321/2288 3753/3322/2288 3754/3323/2289
f 3752/3321/2288 3754/3323/2289 3755/3324/2289
s 0
f 3756/3325/2290 3757/3326/2290 3758/3327/2290
f 3756/3325/2290 3758/3327/2290 3759/3328/2290
s 1
f 3760/3329/2291 3761/3330/2292 3762/3331/2293
f 3760/3329/2291 3762/3331/2293 3763/3332/2294
f 3764/3333/2295 3765/3334/2295 3766/3335/2296
f 3764/3333/2295 3766/3335/2296 3767/3336/2297
f 3739/3308/2283 3742/3311/2284 3745/3314/2286
f 3739/3308/2283 3745/3314/2286 3740/3309/2283
f 3768/3337/86 3769/3338/86 3770/3339/2298
f 3768/3337/86 3770/3339/2298 3771/3340/2299
f 3772/3341/86 3773/3327/86 3763/3332/2294
f 3772/3341/86 3763/3332/2294 3774/3342/2300
f 3774/3342/2300 3763/3332/2294 3762/3331/2293
f 3774/3342/2300 3762/3331/2293 3775/3343/2289
s 0
f 3757/3326/2290 3776/3329/2290 3777/3332/2290
f 3757/3326/2290 3777/3332/2290 3758/3327/2290
s 1
f 3778/3344/2301 3779/3325/2302 3780/3328/2303
f 3778/3344/2301 3780/3328/2303 3781/3345/2304
s 0
f 3782/3346/2305 3783/3347/2305 3784/3348/2305
f 3782/3346/2306 3784/3348/2306 3785/3349/2306
f 3786/3350/2307 3787/3351/2307 3788/3352/2307
f 3786/3350/2308 3788/3352/2308 3789/3353/2308
f 3790/3354/67 3791/3355/67 3792/3356/67
f 3790/3354/67 3792/3356/67 3793/3357/67
s 1
f 3794/3358/2309 3795/3359/2310 3796/3355/2311
f 3794/3358/2309 3796/3355/2311 3797/3354/2312
s 0
f 3798/3360/2313 3799/3361/2313 3800/3362/2313
f 3798/3360/2313 3800/3362/2313 3801/3363/2313
f 3802/3364/67 3803/3365/67 3804/3366/67
f 3802/3364/67 3804/3366/67 3805/3367/67
s 1
f 3806/3368/2314 3807/3369/2315 3808/3370/2316
f 3806/3368/2314 3808/3370/2316 3809/3371/2314
s 0
f 3810/3372/2317 3811/3373/2317 3812/3374/2317
f 3810/3372/2317 3812/3374/2317 3813/3375/2317
s 1
f 3814/3376/2301 3815/3377/2301 3771/3340/2299
f 3814/3376/2301 3771/3340/2299 3770/3339/2298
f 3816/3378/2300 3817/3379/2300 3755/3324/2289
f 3816/3378/2300 3755/3324/2289 3754/3323/2289
f 3769/3338/86 3768/3337/86 3817/3379/2300
f 3769/3338/86 3817/3379/2300 3816/3378/2300
f 3818/3380/2295 3819/3381/2295 3820/3382/2301
f 3818/3380/2295 3820/3382/2301 3821/3383/2301
s 0
f 3822/3384/2287 3748/3317/2287 3751/3320/2287
f 3822/3384/2287 3751/3320/2287 3823/3385/2287
s 1
f 3824/3386/2318 3825/3387/2318 3826/3388/2319
f 3824/3386/2318 3826/3388/2319 3827/3389/2319
s 0
f 3828/3390/1353 3829/3391/1353 3830/3392/1353
f 3828/3390/1353 3830/3392/1353 3831/3393/1353
s 1
f 3832/3394/2320 3833/3395/2320 3834/3396/2318
f 3832/3394/2320 3834/3396/2318 3835/3397/2318
f 3836/3398/2321 3837/3399/2322 3833/3395/2320
f 3836/3398/2321 3833/3395/2320 3832/3394/2320
f 3838/3400/2323 3839/3401/2207 144/144/2324
f 3838/3400/2323 144/144/2324 3840/3402/2324
s 0
f 3841/3403/2325 3842/3404/2325 3843/3405/2325
f 3841/3403/2325 3843/3405/2325 3844/3406/2325
s 1
f 3610/3202/73 3845/3407/73 3837/3399/2322
f 3610/3202/73 3837/3399/2322 3836/3398/2321
f 3611/3203/73 3610/3202/73 3836/3398/2321
f 3611/3203/73 3836/3398/2321 3846/3408/2326
s 0
f 3847/3174/2325 3841/3403/2325 3844/3406/2325
f 3847/3174/2325 3844/3406/2325 3848/3175/2325
s 1
f 3849/3177/2327 3838/3400/2323 3840/3402/2324
f 3849/3177/2327 3840/3402/2324 143/143/2328
f 3846/3408/2326 3836/3398/2321 3832/3394/2320
f 3846/3408/2326 3832/3394/2320 3850/3409/2329
f 3850/3409/2329 3832/3394/2320 3835/3397/2318
f 3850/3409/2329 3835/3397/2318 3851/3410/2330
f 3654/3243/2236 3824/3386/2318 3827/3389/2319
f 3654/3243/2236 3827/3389/2319 3655/3244/2237
s 0
f 3852/3411/2282 3853/3412/2282 3854/3413/2282
f 3852/3411/2282 3854/3413/2282 3855/3414/2282
f 3856/3415/2287 3822/3384/2287 3823/3385/2287
f 3856/3415/2287 3823/3385/2287 3857/3416/2287
s 1
f 3761/3330/2292 3858/3417/2288 3775/3343/2289
f 3761/3330/2292 3775/3343/2289 3762/3331/2293
f 3773/3327/86 3772/3341/86 3781/3345/2304
f 3773/3327/86 3781/3345/2304 3780/3328/2303
f 3859/3418/2240 3659/3248/2240 3671/3255/2245
f 3859/3418/2240 3671/3255/2245 3860/3391/2245
s 0
f 3829/3391/1353 3666/3255/1353 3669/3258/1353
f 3829/3391/1353 3669/3258/1353 3830/3392/1353
s 1
f 3861/3419/2210 3593/3185/2210 3659/3248/2240
f 3861/3419/2210 3659/3248/2240 3859/3418/2240
f 3862/3420/2227 3619/3209/2227 103/103/71
f 3862/3420/2227 103/103/71 106/106/71
s 0
f 3863/3421/2226 3617/3207/2226 3618/3208/2226
f 3863/3421/2226 3618/3208/2226 3864/3422/2226
f 3865/3423/73 3845/3407/73 3610/3202/73
f 3865/3423/73 3610/3202/73 3609/3201/73
s 1
f 3866/3424/2207 3590/3182/2207 3593/3185/2210
f 3866/3424/2207 3593/3185/2210 3861/3419/2210
s 0
f 3867/3425/75 3571/3165/75 3574/3168/75
f 3867/3425/75 3574/3168/75 3868/3426/75
f 3804/3366/67 3803/3365/67 3869/3427/67
f 3804/3366/67 3869/3427/67 3870/3428/67
s 1
f 3808/3370/2316 3807/3369/2315 3871/3429/2331
f 3808/3370/2316 3871/3429/2331 3872/3430/2331
s 0
f 3792/3356/67 3791/3355/67 3873/3431/67
f 3792/3356/67 3873/3431/67 3874/3432/67
s 1
f 3875/3433/2311 3876/3434/2332 3877/3435/2333
f 3875/3433/2311 3877/3435/2333 3878/3436/2334
f 3879/145/2335 3880/148/217 3881/147/216
f 3879/145/2335 3881/147/216 3882/146/67
f 3880/148/217 3883/150/211 3884/149/210
f 3880/148/217 3884/149/210 3881/147/216
f 3883/150/211 3885/152/209 3886/151/208
f 3883/150/211 3886/151/208 3884/149/210
f 3885/152/209 3887/154/206 3888/153/207
f 3885/152/209 3888/153/207 3886/151/208
f 3889/155/205 3890/158/2336 3891/157/202
f 3889/155/205 3891/157/202 3892/156/204
f 3890/158/2336 3893/160/2337 3894/159/200
f 3890/158/2336 3894/159/200 3891/157/202
f 3893/160/2337 3895/162/199 3896/161/198
f 3893/160/2337 3896/161/198 3894/159/200
f 3895/162/199 3897/164/196 3898/163/197
f 3895/162/199 3898/163/197 3896/161/198
f 3899/165/158 3900/168/2338 3901/167/2339
f 3899/165/158 3901/167/2339 3902/166/159
f 3903/169/192 3904/172/2340 3905/171/1048
f 3903/169/192 3905/171/1048 3906/170/1049
f 3904/172/2340 3907/174/188 3908/173/187
f 3904/172/2340 3908/173/187 3905/171/1048
f 3907/174/188 3909/176/186 3910/175/184
f 3907/174/188 3910/175/184 3908/173/187
f 3911/177/186 3912/180/2341 3913/179/182
f 3911/177/186 3913/179/182 3914/178/184
f 3912/180/2341 3915/182/181 3916/181/180
f 3912/180/2341 3916/181/180 3913/179/182
f 3915/182/181 3917/184/179 3918/183/178
f 3915/182/181 3918/183/178 3916/181/180
f 3917/184/179 3919/186/177 3920/185/73
f 3917/184/179 3920/185/73 3918/183/178
f 3919/186/177 3921/188/176 3922/187/175
f 3919/186/177 3922/187/175 3920/185/73
f 3921/188/176 3923/190/174 3924/189/1113
f 3921/188/176 3924/189/1113 3922/187/175
f 3923/190/174 3925/192/172 3926/191/2342
f 3923/190/174 3926/191/2342 3924/189/1113
f 3925/192/172 3927/194/170 3928/193/168
f 3925/192/172 3928/193/168 3926/191/2342
f 3929/195/169 3930/198/2343 3931/197/166
f 3929/195/169 3931/197/166 3932/196/1583
f 3930/198/2343 3933/200/2344 3934/199/164
f 3930/198/2343 3934/199/164 3931/197/166
f 3933/200/2344 3935/202/162 3936/201/1109
f 3933/200/2344 3936/201/1109 3934/199/164
f 3937/203/2345 3938/206/2346 3939/205/2347
f 3937/203/2345 3939/205/2347 3940/204/2345
f 3941/207/2348 3942/210/155 3943/209/154
f 3941/207/2348 3943/209/154 3944/208/1117
f 3942/210/155 3945/212/153 3946/211/1116
f 3942/210/155 3946/211/1116 3943/209/154
f 3945/212/153 3947/214/2349 3948/213/150
f 3945/212/153 3948/213/150 3946/211/1116
f 3947/214/2349 3949/216/149 3950/215/147
f 3947/214/2349 3950/215/147 3948/213/150
f 3951/217/148 3952/220/146 3953/219/145
f 3951/217/148 3953/219/145 3954/218/147
f 3952/220/146 3955/222/144 3956/221/143
f 3952/220/146 3956/221/143 3953/219/145
f 3957/223/2350 3958/226/2351 3959/225/2352
f 3957/223/2350 3959/225/2352 3960/224/2353
f 3955/222/144 3961/228/142 3962/227/141
f 3955/222/144 3962/227/141 3956/221/143
f 3961/228/142 3879/145/2335 3882/146/67
f 3961/228/142 3882/146/67 3962/227/141
f 3897/164/196 3963/230/242 3964/229/2354
f 3897/164/196 3964/229/2354 3903/169/192
f 3965/231/2355 3966/234/263 3967/233/317
f 3965/231/2355 3967/233/317 3968/232/316
f 3921/188/176 3969/236/241 3970/235/2356
f 3921/188/176 3970/235/2356 3923/190/174
f 3945/212/153 3971/238/2357 3972/237/2358
f 3945/212/153 3972/237/2358 3947/214/2349
f 3889/155/205 3973/240/247 3974/239/2359
f 3889/155/205 3974/239/2359 3890/158/2336
f 3912/180/2341 3975/242/238 3976/241/224
f 3912/180/2341 3976/241/224 3915/182/181
f 3933/200/2344 3977/244/2360 3978/243/2361
f 3933/200/2344 3978/243/2361 3935/202/162
f 3879/145/2335 3979/246/235 3980/245/236
f 3879/145/2335 3980/245/236 3880/148/217
f 3961/228/142 3981/247/2362 3979/246/235
f 3961/228/142 3979/246/235 3879/145/2335
f 3903/169/192 3964/229/2354 3982/248/2363
f 3903/169/192 3982/248/2363 3904/172/2340
f 3923/190/174 3970/235/2356 3983/249/2364
f 3923/190/174 3983/249/2364 3925/192/172
f 3947/214/2349 3972/237/2358 3984/250/229
f 3947/214/2349 3984/250/229 3949/216/149
f 3890/158/2336 3974/239/2359 3985/251/2365
f 3890/158/2336 3985/251/2365 3893/160/2337
f 3915/182/181 3976/241/224 3986/252/225
f 3915/182/181 3986/252/225 3917/184/179
f 3935/202/162 3978/243/2361 3987/253/219
f 3935/202/162 3987/253/219 3941/207/2348
f 3880/148/217 3980/245/236 3988/254/2366
f 3880/148/217 3988/254/2366 3883/150/211
f 3904/172/2340 3982/248/2363 3989/255/2367
f 3904/172/2340 3989/255/2367 3907/174/188
f 3925/192/172 3983/249/2364 3990/256/252
f 3925/192/172 3990/256/252 3927/194/170
f 3951/217/148 3991/258/229 3992/257/251
f 3951/217/148 3992/257/251 3952/220/146
f 3893/160/2337 3985/251/2365 3993/259/2368
f 3893/160/2337 3993/259/2368 3895/162/199
f 3917/184/179 3986/252/225 3994/260/249
f 3917/184/179 3994/260/249 3919/186/177
f 3941/207/2348 3987/253/219 3995/261/248
f 3941/207/2348 3995/261/248 3942/210/155
f 3883/150/211 3988/254/2366 3996/262/246
f 3883/150/211 3996/262/246 3885/152/209
f 3907/174/188 3989/255/2367 3997/263/254
f 3907/174/188 3997/263/254 3909/176/186
f 3929/195/169 3998/265/252 3999/264/2369
f 3929/195/169 3999/264/2369 3930/198/2343
f 3952/220/146 3992/257/251 4000/266/243
f 3952/220/146 4000/266/243 3955/222/144
f 3895/162/199 3993/259/2368 3963/230/242
f 3895/162/199 3963/230/242 3897/164/196
f 3919/186/177 3994/260/249 3969/236/241
f 3919/186/177 3969/236/241 3921/188/176
f 3942/210/155 3995/261/248 3971/238/2357
f 3942/210/155 3971/238/2357 3945/212/153
f 3885/152/209 3996/262/246 4001/267/247
f 3885/152/209 4001/267/247 3887/154/206
f 3911/177/186 4002/268/254 3975/242/238
f 3911/177/186 3975/242/238 3912/180/2341
f 3930/198/2343 3999/264/2369 3977/244/2360
f 3930/198/2343 3977/244/2360 3933/200/2344
f 3955/222/144 4000/266/243 3981/247/2362
f 3955/222/144 3981/247/2362 3961/228/142
f 4003/269/309 4004/272/2370 4005/271/337
f 4003/269/309 4005/271/337 4006/270/305
f 4007/273/2371 4008/276/223 4009/275/2372
f 4007/273/2371 4009/275/2372 4010/274/314
f 3968/232/316 3967/233/317 4011/278/313
f 3968/232/316 4011/278/313 4012/277/312
f 4010/274/314 4009/275/2372 4013/280/311
f 4010/274/314 4013/280/311 4014/279/310
f 4012/277/312 4011/278/313 4003/269/309
f 4012/277/312 4003/269/309 4015/281/308
f 4014/279/310 4013/280/311 4016/283/307
f 4014/279/310 4016/283/307 4017/282/306
f 4015/281/308 4003/269/309 4006/270/305
f 4015/281/308 4006/270/305 4018/284/304
f 4017/282/306 4016/283/307 4019/286/2373
f 4017/282/306 4019/286/2373 4020/285/302
f 4018/284/304 4006/270/305 4021/288/301
f 4018/284/304 4021/288/301 4022/287/300
f 4023/289/276 4024/292/279 4025/291/299
f 4023/289/276 4025/291/299 4026/290/298
f 4020/285/302 4019/286/2373 4027/294/297
f 4020/285/302 4027/294/297 4028/293/2374
f 4022/287/300 4021/288/301 4029/296/295
f 4022/287/300 4029/296/295 4030/295/294
f 4026/290/298 4025/291/299 4031/298/293
f 4026/290/298 4031/298/293 4032/297/292
f 4028/293/2374 4027/294/297 4033/300/291
f 4028/293/2374 4033/300/291 4034/299/290
f 4030/295/294 4029/296/295 4035/302/289
f 4030/295/294 4035/302/289 4036/301/288
f 4032/297/292 4031/298/293 4037/304/287
f 4032/297/292 4037/304/287 4038/303/2375
f 4034/299/290 4033/300/291 4039/306/285
f 4034/299/290 4039/306/285 4040/305/284
f 4036/301/288 4035/302/289 4041/308/283
f 4036/301/288 4041/308/283 4042/307/2376
f 4038/303/2375 4037/304/287 4043/310/281
f 4038/303/2375 4043/310/281 4044/309/2377
f 4040/305/284 4039/306/285 4045/312/278
f 4040/305/284 4045/312/278 4046/311/277
f 4042/307/2376 4041/308/283 4047/314/275
f 4042/307/2376 4047/314/275 4048/313/2378
f 4044/309/2377 4043/310/281 4049/316/273
f 4044/309/2377 4049/316/273 4050/315/2379
f 4046/311/277 4045/312/278 4024/292/279
f 4046/311/277 4024/292/279 4023/289/276
f 4048/313/2378 4047/314/275 4051/318/2380
f 4048/313/2378 4051/318/2380 4052/317/271
f 4050/315/2379 4049/316/273 4053/320/2381
f 4050/315/2379 4053/320/2381 4054/319/269
f 4052/317/271 4051/318/2380 4055/322/256
f 4052/317/271 4055/322/256 4056/321/2382
f 4054/319/269 4053/320/2381 4057/324/267
f 4054/319/269 4057/324/267 4058/323/266
f 4056/321/2382 4055/322/256 4059/326/265
f 4056/321/2382 4059/326/265 4060/325/264
f 4058/323/266 4057/324/267 4061/328/2383
f 4058/323/266 4061/328/2383 4062/327/2384
f 4060/325/264 4059/326/265 4063/330/222
f 4060/325/264 4063/330/222 4064/329/221
f 4062/327/2384 4061/328/2383 3966/234/263
f 4062/327/2384 3966/234/263 3965/231/2355
f 4064/329/221 4063/330/222 4008/276/223
f 4064/329/221 4008/276/223 4007/273/2371
f 4065/331/75 4066/334/2385 4067/333/318
f 4065/331/75 4067/333/318 4068/332/75
f 4016/283/307 4069/336/2386 4070/335/2387
f 4016/283/307 4070/335/2387 4019/286/2373
f 4006/270/305 4005/271/337 4071/337/2388
f 4006/270/305 4071/337/2388 4021/288/301
f 4024/292/279 4072/339/324 4073/338/334
f 4024/292/279 4073/338/334 4025/291/299
f 4019/286/2373 4070/335/2387 4074/340/333
f 4019/286/2373 4074/340/333 4027/294/297
f 4021/288/301 4071/337/2388 4075/331/2389
f 4021/288/301 4075/331/2389 4029/296/295
f 4025/291/299 4073/338/334 4076/341/331
f 4025/291/299 4076/341/331 4031/298/293
f 4027/294/297 4074/340/333 4077/342/330
f 4027/294/297 4077/342/330 4033/300/291
f 4029/296/295 4075/331/2389 4078/332/329
f 4029/296/295 4078/332/329 4035/302/289
f 4031/298/293 4076/341/331 4079/343/328
f 4031/298/293 4079/343/328 4037/304/287
f 4033/300/291 4077/342/330 4080/344/327
f 4033/300/291 4080/344/327 4039/306/285
f 4035/302/289 4078/332/329 4081/345/2390
f 4035/302/289 4081/345/2390 4041/308/283
f 4037/304/287 4079/343/328 4082/346/325
f 4037/304/287 4082/346/325 4043/310/281
f 4039/306/285 4080/344/327 4083/347/323
f 4039/306/285 4083/347/323 4045/312/278
f 4041/308/283 4081/345/2390 4084/348/322
f 4041/308/283 4084/348/322 4047/314/275
f 4043/310/281 4082/346/325 4085/349/2391
f 4043/310/281 4085/349/2391 4049/316/273
f 4045/312/278 4083/347/323 4072/339/324
f 4045/312/278 4072/339/324 4024/292/279
f 4047/314/275 4084/348/322 4086/350/2392
f 4047/314/275 4086/350/2392 4051/318/2380
f 4049/316/273 4085/349/2391 4087/351/321
f 4049/316/273 4087/351/321 4053/320/2381
f 4051/318/2380 4086/350/2392 4088/352/2393
f 4051/318/2380 4088/352/2393 4055/322/256
f 4053/320/2381 4087/351/321 4089/353/349
f 4053/320/2381 4089/353/349 4057/324/267
f 4055/322/256 4088/352/2393 4090/354/348
f 4055/322/256 4090/354/348 4059/326/265
f 4057/324/267 4089/353/349 4091/355/347
f 4057/324/267 4091/355/347 4061/328/2383
f 4059/326/265 4090/354/348 4092/356/346
f 4059/326/265 4092/356/346 4063/330/222
f 4061/328/2383 4091/355/347 4093/357/2394
f 4061/328/2383 4093/357/2394 3966/234/263
f 4063/330/222 4092/356/346 4094/358/344
f 4063/330/222 4094/358/344 4008/276/223
f 3966/234/263 4093/357/2394 4095/359/343
f 3966/234/263 4095/359/343 3967/233/317
f 4008/276/223 4094/358/344 4096/360/2395
f 4008/276/223 4096/360/2395 4009/275/2372
f 3967/233/317 4095/359/343 4097/361/341
f 3967/233/317 4097/361/341 4011/278/313
f 4009/275/2372 4096/360/2395 4098/362/340
f 4009/275/2372 4098/362/340 4013/280/311
f 4011/278/313 4097/361/341 4004/272/2370
f 4011/278/313 4004/272/2370 4003/269/309
f 4013/280/311 4098/362/340 4069/336/2386
f 4013/280/311 4069/336/2386 4016/283/307
f 4099/363/2396 4100/366/2397 4101/365/2398
f 4099/363/2396 4101/365/2398 4102/364/376
f 4103/341/75 4104/368/2399 4105/367/2400
f 4103/341/75 4105/367/2400 4106/343/75
f 4107/342/75 4108/370/354 4109/369/355
f 4107/342/75 4109/369/355 4110/344/75
f 4068/332/75 4067/333/318 4111/371/319
f 4068/332/75 4111/371/319 4112/345/75
f 4106/343/75 4105/367/2400 4113/372/381
f 4106/343/75 4113/372/381 4114/346/75
f 4110/344/75 4109/369/355 4115/373/2401
f 4110/344/75 4115/373/2401 4116/347/75
f 4112/345/75 4111/371/319 4117/374/379
f 4112/345/75 4117/374/379 4118/348/75
f 4114/346/75 4113/372/381 4099/363/2396
f 4114/346/75 4099/363/2396 4119/349/75
f 4116/347/75 4115/373/2401 4120/375/362
f 4116/347/75 4120/375/362 4121/339/75
f 4118/348/75 4117/374/379 4122/376/377
f 4118/348/75 4122/376/377 4123/350/75
f 4119/349/75 4099/363/2396 4102/364/376
f 4119/349/75 4102/364/376 4124/351/75
f 4123/350/75 4122/376/377 4125/377/375
f 4123/350/75 4125/377/375 4126/352/75
f 4124/351/75 4102/364/376 4127/378/374
f 4124/351/75 4127/378/374 4128/353/75
f 4126/352/75 4125/377/375 4129/379/2402
f 4126/352/75 4129/379/2402 4130/354/75
f 4128/353/75 4127/378/374 4131/380/2403
f 4128/353/75 4131/380/2403 4132/355/75
f 4130/354/75 4129/379/2402 4133/381/2404
f 4130/354/75 4133/381/2404 4134/356/75
f 4132/355/75 4131/380/2403 4135/382/2405
f 4132/355/75 4135/382/2405 4136/357/75
f 4134/356/75 4133/381/2404 4137/383/369
f 4134/356/75 4137/383/369 4138/358/75
f 4136/357/75 4135/382/2405 4139/384/2406
f 4136/357/75 4139/384/2406 4140/359/75
f 4138/358/75 4137/383/369 4141/385/367
f 4138/358/75 4141/385/367 4142/360/75
f 4140/359/75 4139/384/2406 4143/386/2407
f 4140/359/75 4143/386/2407 4144/361/75
f 4142/360/75 4141/385/367 4145/387/365
f 4142/360/75 4145/387/365 4146/362/75
f 4144/361/75 4143/386/2407 4147/388/364
f 4144/361/75 4147/388/364 4148/272/75
f 4146/362/75 4145/387/365 4149/389/2408
f 4146/362/75 4149/389/2408 4150/336/75
f 4148/272/75 4147/388/364 4151/390/363
f 4148/272/75 4151/390/363 4152/271/75
f 4150/336/75 4149/389/2408 4153/391/2409
f 4150/336/75 4153/391/2409 4154/335/75
f 4152/271/75 4151/390/363 4155/392/361
f 4152/271/75 4155/392/361 4156/337/75
f 4121/339/75 4120/375/362 4157/393/2410
f 4121/339/75 4157/393/2410 4158/338/75
f 4154/335/75 4153/391/2409 4159/394/359
f 4154/335/75 4159/394/359 4160/340/75
f 4156/337/75 4155/392/361 4066/334/2385
f 4156/337/75 4066/334/2385 4065/331/75
f 4158/338/75 4157/393/2410 4104/368/2399
f 4158/338/75 4104/368/2399 4103/341/75
f 4160/340/75 4159/394/359 4108/370/354
f 4160/340/75 4108/370/354 4107/342/75
f 4161/395/393 4162/398/421 4163/397/2411
f 4161/395/393 4163/397/2411 4164/396/391
f 4122/376/377 4165/400/398 4166/399/2412
f 4122/376/377 4166/399/2412 4125/377/375
f 4102/364/376 4101/365/2398 4167/401/395
f 4102/364/376 4167/401/395 4127/378/374
f 4125/377/375 4166/399/2412 4168/402/394
f 4125/377/375 4168/402/394 4129/379/2402
f 4127/378/374 4167/401/395 4161/395/393
f 4127/378/374 4161/395/393 4131/380/2403
f 4129/379/2402 4168/402/394 4169/403/392
f 4129/379/2402 4169/403/392 4133/381/2404
f 4131/380/2403 4161/395/393 4164/396/391
f 4131/380/2403 4164/396/391 4135/382/2405
f 4133/381/2404 4169/403/392 4170/404/383
f 4133/381/2404 4170/404/383 4137/383/369
f 4135/382/2405 4164/396/391 4171/405/390
f 4135/382/2405 4171/405/390 4139/384/2406
f 4137/383/369 4170/404/383 4172/406/382
f 4137/383/369 4172/406/382 4141/385/367
f 4139/384/2406 4171/405/390 4173/407/389
f 4139/384/2406 4173/407/389 4143/386/2407
f 4141/385/367 4172/406/382 4174/408/2413
f 4141/385/367 4174/408/2413 4145/387/365
f 4143/386/2407 4173/407/389 4175/409/2414
f 4143/386/2407 4175/409/2414 4147/388/364
f 4145/387/365 4174/408/2413 4176/410/2415
f 4145/387/365 4176/410/2415 4149/389/2408
f 4147/388/364 4175/409/2414 4177/411/387
f 4147/388/364 4177/411/387 4151/390/363
f 4149/389/2408 4176/410/2415 4178/412/2416
f 4149/389/2408 4178/412/2416 4153/391/2409
f 4151/390/363 4177/411/387 4179/413/413
f 4151/390/363 4179/413/413 4155/392/361
f 4120/375/362 4180/415/402 4181/414/2417
f 4120/375/362 4181/414/2417 4157/393/2410
f 4153/391/2409 4178/412/2416 4182/416/411
f 4153/391/2409 4182/416/411 4159/394/359
f 4155/392/361 4179/413/413 4183/417/2418
f 4155/392/361 4183/417/2418 4066/334/2385
f 4157/393/2410 4181/414/2417 4184/418/409
f 4157/393/2410 4184/418/409 4104/368/2399
f 4159/394/359 4182/416/411 4185/419/408
f 4159/394/359 4185/419/408 4108/370/354
f 4066/334/2385 4183/417/2418 4186/420/407
f 4066/334/2385 4186/420/407 4067/333/318
f 4104/368/2399 4184/418/409 4187/421/406
f 4104/368/2399 4187/421/406 4105/367/2400
f 4108/370/354 4185/419/408 4188/422/405
f 4108/370/354 4188/422/405 4109/369/355
f 4067/333/318 4186/420/407 4189/423/404
f 4067/333/318 4189/423/404 4111/371/319
f 4105/367/2400 4187/421/406 4190/424/403
f 4105/367/2400 4190/424/403 4113/372/381
f 4109/369/355 4188/422/405 4191/425/401
f 4109/369/355 4191/425/401 4115/373/2401
f 4111/371/319 4189/423/404 4192/426/400
f 4111/371/319 4192/426/400 4117/374/379
f 4113/372/381 4190/424/403 4100/366/2397
f 4113/372/381 4100/366/2397 4099/363/2396
f 4115/373/2401 4191/425/401 4180/415/402
f 4115/373/2401 4180/415/402 4120/375/362
f 4117/374/379 4192/426/400 4165/400/398
f 4117/374/379 4165/400/398 4122/376/377
f 4193/427/445 4194/430/471 4195/429/469
f 4193/427/445 4195/429/469 4196/428/443
f 4169/403/392 4197/432/2419 4198/431/2420
f 4169/403/392 4198/431/2420 4170/404/383
f 4164/396/391 4163/397/2411 4199/433/419
f 4164/396/391 4199/433/419 4171/405/390
f 4170/404/383 4198/431/2420 4200/434/385
f 4170/404/383 4200/434/385 4172/406/382
f 4171/405/390 4199/433/419 4193/427/445
f 4171/405/390 4193/427/445 4173/407/389
f 4172/406/382 4200/434/385 4201/435/444
f 4172/406/382 4201/435/444 4174/408/2413
f 4173/407/389 4193/427/445 4196/428/443
f 4173/407/389 4196/428/443 4175/409/2414
f 4174/408/2413 4201/435/444 4202/436/2421
f 4174/408/2413 4202/436/2421 4176/410/2415
f 4175/409/2414 4196/428/443 4203/437/441
f 4175/409/2414 4203/437/441 4177/411/387
f 4176/410/2415 4202/436/2421 4204/438/440
f 4176/410/2415 4204/438/440 4178/412/2416
f 4177/411/387 4203/437/441 4205/439/439
f 4177/411/387 4205/439/439 4179/413/413
f 4180/415/402 4206/441/428 4207/440/2422
f 4180/415/402 4207/440/2422 4181/414/2417
f 4178/412/2416 4204/438/440 4208/442/437
f 4178/412/2416 4208/442/437 4182/416/411
f 4179/413/413 4205/439/439 4209/443/436
f 4179/413/413 4209/443/436 4183/417/2418
f 4181/414/2417 4207/440/2422 4210/444/435
f 4181/414/2417 4210/444/435 4184/418/409
f 4182/416/411 4208/442/437 4211/445/434
f 4182/416/411 4211/445/434 4185/419/408
f 4183/417/2418 4209/443/436 4212/446/433
f 4183/417/2418 4212/446/433 4186/420/407
f 4184/418/409 4210/444/435 4213/447/432
f 4184/418/409 4213/447/432 4187/421/406
f 4185/419/408 4211/445/434 4214/448/2423
f 4185/419/408 4214/448/2423 4188/422/405
f 4186/420/407 4212/446/433 4215/449/430
f 4186/420/407 4215/449/430 4189/423/404
f 4187/421/406 4213/447/432 4216/450/429
f 4187/421/406 4216/450/429 4190/424/403
f 4188/422/405 4214/448/2423 4217/451/427
f 4188/422/405 4217/451/427 4191/425/401
f 4189/423/404 4215/449/430 4218/452/426
f 4189/423/404 4218/452/426 4192/426/400
f 4190/424/403 4216/450/429 4219/453/2424
f 4190/424/403 4219/453/2424 4100/366/2397
f 4191/425/401 4217/451/427 4206/441/428
f 4191/425/401 4206/441/428 4180/415/402
f 4192/426/400 4218/452/426 4220/454/424
f 4192/426/400 4220/454/424 4165/400/398
f 4100/366/2397 4219/453/2424 4221/455/423
f 4100/366/2397 4221/455/423 4101/365/2398
f 4165/400/398 4220/454/424 4222/456/415
f 4165/400/398 4222/456/415 4166/399/2412
f 4101/365/2398 4221/455/423 4223/457/2425
f 4101/365/2398 4223/457/2425 4167/401/395
f 4166/399/2412 4222/456/415 4224/458/2426
f 4166/399/2412 4224/458/2426 4168/402/394
f 4167/401/395 4223/457/2425 4162/398/421
f 4167/401/395 4162/398/421 4161/395/393
f 4168/402/394 4224/458/2426 4197/432/2419
f 4168/402/394 4197/432/2419 4169/403/392
f 4225/459/465 4226/462/2427 4227/461/2428
f 4225/459/465 4227/461/2428 4228/460/462
f 4201/435/444 4229/464/2429 4230/463/2430
f 4201/435/444 4230/463/2430 4202/436/2421
f 4196/428/443 4195/429/469 4231/465/467
f 4196/428/443 4231/465/467 4203/437/441
f 4202/436/2421 4230/463/2430 4232/466/466
f 4202/436/2421 4232/466/466 4204/438/440
f 4203/437/441 4231/465/467 4225/459/465
f 4203/437/441 4225/459/465 4205/439/439
f 4206/441/428 4233/468/455 4234/467/464
f 4206/441/428 4234/467/464 4207/440/2422
f 4204/438/440 4232/466/466 4235/469/463
f 4204/438/440 4235/469/463 4208/442/437
f 4205/439/439 4225/459/465 4228/460/462
f 4205/439/439 4228/460/462 4209/443/436
f 4207/440/2422 4234/467/464 4236/470/2431
f 4207/440/2422 4236/470/2431 4210/444/435
f 4208/442/437 4235/469/463 4237/471/460
f 4208/442/437 4237/471/460 4211/445/434
f 4209/443/436 4228/460/462 4238/472/459
f 4209/443/436 4238/472/459 4212/446/433
f 4210/444/435 4236/470/2431 4239/473/458
f 4210/444/435 4239/473/458 4213/447/432
f 4211/445/434 4237/471/460 4240/474/2432
f 4211/445/434 4240/474/2432 4214/448/2423
f 4212/446/433 4238/472/459 4241/475/447
f 4212/446/433 4241/475/447 4215/449/430
f 4213/447/432 4239/473/458 4242/476/456
f 4213/447/432 4242/476/456 4216/450/429
f 4214/448/2423 4240/474/2432 4243/477/454
f 4214/448/2423 4243/477/454 4217/451/427
f 4215/449/430 4241/475/447 4244/478/2433
f 4215/449/430 4244/478/2433 4218/452/426
f 4216/450/429 4242/476/456 4245/479/516
f 4216/450/429 4245/479/516 4219/453/2424
f 4217/451/427 4243/477/454 4233/468/455
f 4217/451/427 4233/468/455 4206/441/428
f 4218/452/426 4244/478/2433 4246/480/2434
f 4218/452/426 4246/480/2434 4220/454/424
f 4219/453/2424 4245/479/516 4247/481/513
f 4219/453/2424 4247/481/513 4221/455/423
f 4220/454/424 4246/480/2434 4248/482/416
f 4220/454/424 4248/482/416 4222/456/415
f 4221/455/423 4247/481/513 4249/483/451
f 4221/455/423 4249/483/451 4223/457/2425
f 4222/456/415 4248/482/416 4250/484/417
f 4222/456/415 4250/484/417 4224/458/2426
f 4223/457/2425 4249/483/451 4251/485/2435
f 4223/457/2425 4251/485/2435 4162/398/421
f 4224/458/2426 4250/484/417 4252/486/2436
f 4224/458/2426 4252/486/2436 4197/432/2419
f 4162/398/421 4251/485/2435 4253/487/475
f 4162/398/421 4253/487/475 4163/397/2411
f 4197/432/2419 4252/486/2436 4254/488/2437
f 4197/432/2419 4254/488/2437 4198/431/2420
f 4163/397/2411 4253/487/475 4255/489/473
f 4163/397/2411 4255/489/473 4199/433/419
f 4198/431/2420 4254/488/2437 4256/490/2438
f 4198/431/2420 4256/490/2438 4200/434/385
f 4199/433/419 4255/489/473 4194/430/471
f 4199/433/419 4194/430/471 4193/427/445
f 4200/434/385 4256/490/2438 4229/464/2429
f 4200/434/385 4229/464/2429 4201/435/444
f 4257/491/448 4258/494/561 4259/493/555
f 4257/491/448 4259/493/555 4260/492/554
f 4234/467/464 4261/496/2439 4262/495/488
f 4234/467/464 4262/495/488 4236/470/2431
f 4235/469/463 4263/498/490 4264/497/487
f 4235/469/463 4264/497/487 4237/471/460
f 4228/460/462 4227/461/2428 4265/499/486
f 4228/460/462 4265/499/486 4238/472/459
f 4236/470/2431 4262/495/488 4266/500/484
f 4236/470/2431 4266/500/484 4239/473/458
f 4237/471/460 4264/497/487 4267/501/482
f 4237/471/460 4267/501/482 4240/474/2432
f 4238/472/459 4265/499/486 4268/502/448
f 4238/472/459 4268/502/448 4241/475/447
f 4239/473/458 4266/500/484 4269/503/485
f 4239/473/458 4269/503/485 4242/476/456
f 4240/474/2432 4267/501/482 4270/504/2440
f 4240/474/2432 4270/504/2440 4243/477/454
f 4241/475/447 4268/502/448 4271/505/2441
f 4241/475/447 4271/505/2441 4244/478/2433
f 4242/476/456 4269/503/485 4272/506/2442
f 4242/476/456 4272/506/2442 4245/479/516
f 4243/477/454 4270/504/2440 4273/507/494
f 4243/477/454 4273/507/494 4233/468/455
f 4244/478/2433 4271/505/2441 4274/508/515
f 4244/478/2433 4274/508/515 4246/480/2434
f 4245/479/516 4272/506/2442 4275/509/2443
f 4245/479/516 4275/509/2443 4247/481/513
f 4246/480/2434 4274/508/515 4276/510/512
f 4246/480/2434 4276/510/512 4248/482/416
f 4247/481/513 4275/509/2443 4277/511/2444
f 4247/481/513 4277/511/2444 4249/483/451
f 4248/482/416 4276/510/512 4278/512/509
f 4248/482/416 4278/512/509 4250/484/417
f 4249/483/451 4277/511/2444 4279/513/2445
f 4249/483/451 4279/513/2445 4251/485/2435
f 4280/514/2446 4281/517/544 4282/516/541
f 4280/514/2446 4282/516/541 4283/515/476
f 4251/485/2435 4279/513/2445 4284/518/506
f 4251/485/2435 4284/518/506 4253/487/475
f 4283/515/476 4282/516/541 4285/520/2447
f 4283/515/476 4285/520/2447 4286/519/2448
f 4253/487/475 4284/518/506 4287/521/2449
f 4253/487/475 4287/521/2449 4255/489/473
f 4286/519/2448 4285/520/2447 4288/523/535
f 4286/519/2448 4288/523/535 4289/522/472
f 4255/489/473 4287/521/2449 4290/524/499
f 4255/489/473 4290/524/499 4194/430/471
f 4289/522/472 4288/523/535 4291/526/498
f 4289/522/472 4291/526/498 4292/525/470
f 4194/430/471 4290/524/499 4293/527/497
f 4194/430/471 4293/527/497 4195/429/469
f 4292/525/470 4291/526/498 4294/529/2450
f 4292/525/470 4294/529/2450 4295/528/468
f 4195/429/469 4293/527/497 4296/530/495
f 4195/429/469 4296/530/495 4231/465/467
f 4295/528/468 4294/529/2450 4297/532/2451
f 4295/528/468 4297/532/2451 4298/531/466
f 4231/465/467 4296/530/495 4226/462/2427
f 4231/465/467 4226/462/2427 4225/459/465
f 4233/468/455 4273/507/494 4261/496/2439
f 4233/468/455 4261/496/2439 4234/467/464
f 4232/466/466 4299/533/493 4263/498/490
f 4232/466/466 4263/498/490 4235/469/463
f 4300/534/558 4301/537/2452 4302/536/2453
f 4300/534/558 4302/536/2453 4303/535/517
f 4304/538/483 4305/541/557 4306/540/525
f 4304/538/483 4306/540/525 4307/539/2454
f 4260/492/554 4259/493/555 4308/543/2455
f 4260/492/554 4308/543/2455 4309/542/550
f 4303/535/517 4302/536/2453 4310/545/548
f 4303/535/517 4310/545/548 4311/544/2456
f 4309/542/550 4308/543/2455 4312/547/552
f 4309/542/550 4312/547/552 4313/546/512
f 4311/544/2456 4310/545/548 4314/549/546
f 4311/544/2456 4314/549/546 4315/548/2457
f 4316/550/549 4317/552/547 4318/551/545
f 4316/550/549 4318/551/545 4281/517/544
f 4315/548/2457 4314/549/546 4319/554/543
f 4315/548/2457 4319/554/543 4320/553/508
f 4281/517/544 4318/551/545 4321/555/2458
f 4281/517/544 4321/555/2458 4282/516/541
f 4320/553/508 4319/554/543 4322/557/540
f 4320/553/508 4322/557/540 4323/556/2459
f 4282/516/541 4321/555/2458 4324/558/539
f 4282/516/541 4324/558/539 4285/520/2447
f 4323/556/2459 4322/557/540 4325/560/2460
f 4323/556/2459 4325/560/2460 4326/559/502
f 4285/520/2447 4324/558/539 4327/561/536
f 4285/520/2447 4327/561/536 4288/523/535
f 4326/559/502 4325/560/2460 4328/563/534
f 4326/559/502 4328/563/534 4329/562/503
f 4288/523/535 4327/561/536 4330/564/2461
f 4288/523/535 4330/564/2461 4291/526/498
f 4329/562/503 4328/563/534 4331/566/531
f 4329/562/503 4331/566/531 4332/565/530
f 4291/526/498 4330/564/2461 4333/567/2462
f 4291/526/498 4333/567/2462 4294/529/2450
f 4334/568/2463 4335/571/2464 4336/570/527
f 4334/568/2463 4336/570/527 4337/569/2465
f 4294/529/2450 4333/567/2462 4338/572/2466
f 4294/529/2450 4338/572/2466 4297/532/2451
f 4337/569/2465 4336/570/527 4339/574/480
f 4337/569/2465 4339/574/480 4340/573/479
f 4307/539/2454 4306/540/525 4341/576/526
f 4307/539/2454 4341/576/526 4342/575/2467
f 4297/532/2451 4338/572/2466 4343/578/522
f 4297/532/2451 4343/578/522 4344/577/519
f 4340/573/479 4339/574/480 4345/580/2468
f 4340/573/479 4345/580/2468 4346/579/478
f 4342/575/2467 4341/576/526 4347/582/573
f 4342/575/2467 4347/582/573 4348/581/572
f 4349/583/519 4350/586/522 4351/585/571
f 4349/583/519 4351/585/571 4352/584/570
f 4346/579/478 4345/580/2468 4353/588/2469
f 4346/579/478 4353/588/2469 4354/587/2470
f 4348/581/572 4347/582/573 4355/590/566
f 4348/581/572 4355/590/566 4356/589/565
f 4352/584/570 4351/585/571 4357/592/563
f 4352/584/570 4357/592/563 4358/591/562
f 4354/587/2470 4353/588/2469 4258/494/561
f 4354/587/2470 4258/494/561 4257/491/448
f 4356/589/565 4355/590/566 4359/594/559
f 4356/589/565 4359/594/559 4360/593/558
f 4358/591/562 4357/592/563 4305/541/557
f 4358/591/562 4305/541/557 4304/538/483
f 4361/595/2471 4362/598/2472 4363/597/639
f 4361/595/2471 4363/597/639 4364/596/638
f 4365/599/630 4366/602/2473 4367/601/661
f 4365/599/630 4367/601/661 4368/600/625
f 4369/603/2474 4370/606/641 4371/605/2475
f 4369/603/2474 4371/605/2475 4372/604/635
f 4364/596/638 4363/597/639 4373/608/2476
f 4364/596/638 4373/608/2476 4374/607/2477
f 4372/604/635 4371/605/2475 4375/610/637
f 4372/604/635 4375/610/637 4376/609/631
f 4374/607/2477 4373/608/2476 4365/599/630
f 4374/607/2477 4365/599/630 4377/611/2478
f 4378/612/631 4379/615/632 4380/614/2479
f 4378/612/631 4380/614/2479 4381/613/2480
f 4377/611/2478 4365/599/630 4368/600/625
f 4377/611/2478 4368/600/625 4382/616/2481
f 4381/613/2480 4380/614/2479 4383/618/622
f 4381/613/2480 4383/618/622 4384/617/2482
f 4385/619/2483 4386/622/600 4387/621/620
f 4385/619/2483 4387/621/620 4388/620/619
f 4382/616/2481 4368/600/625 4389/624/626
f 4382/616/2481 4389/624/626 4390/623/623
f 4384/617/2482 4383/618/622 4391/626/616
f 4384/617/2482 4391/626/616 4392/625/2484
f 4388/620/619 4387/621/620 4393/628/614
f 4388/620/619 4393/628/614 4394/627/613
f 4395/629/617 4396/632/618 4397/631/2485
f 4395/629/617 4397/631/2485 4398/630/611
f 4392/625/2484 4391/626/616 4399/634/610
f 4392/625/2484 4399/634/610 4400/633/2486
f 4394/627/613 4393/628/614 4401/636/2487
f 4394/627/613 4401/636/2487 4402/635/607
f 4398/630/611 4397/631/2485 4403/638/606
f 4398/630/611 4403/638/606 4404/637/2488
f 4400/633/2486 4399/634/610 4405/640/604
f 4400/633/2486 4405/640/604 4406/639/603
f 4402/635/607 4401/636/2487 4407/642/602
f 4402/635/607 4407/642/602 4408/641/601
f 4404/637/2488 4403/638/606 4409/644/599
f 4404/637/2488 4409/644/599 4410/643/2489
f 4406/639/603 4405/640/604 4411/646/2490
f 4406/639/603 4411/646/2490 4412/645/2491
f 4413/647/601 4414/650/602 4415/649/2492
f 4413/647/601 4415/649/2492 4416/648/2493
f 4410/643/2489 4409/644/599 4386/622/600
f 4410/643/2489 4386/622/600 4385/619/2483
f 4412/645/2491 4411/646/2490 4417/652/2494
f 4412/645/2491 4417/652/2494 4418/651/592
f 4416/648/2493 4415/649/2492 4419/654/578
f 4416/648/2493 4419/654/578 4420/653/2495
f 4418/651/592 4417/652/2494 4421/656/589
f 4418/651/592 4421/656/589 4422/655/591
f 4420/653/2495 4419/654/578 4423/658/2496
f 4420/653/2495 4423/658/2496 4424/657/2497
f 4425/659/591 4426/662/589 4427/661/2498
f 4425/659/591 4427/661/2498 4428/660/583
f 4424/657/2497 4423/658/2496 4429/664/2499
f 4424/657/2497 4429/664/2499 4430/663/575
f 4428/660/583 4427/661/2498 4431/666/2500
f 4428/660/583 4431/666/2500 4432/665/2501
f 4430/663/575 4429/664/2499 4433/668/2502
f 4430/663/575 4433/668/2502 4434/667/2503
f 4432/665/2501 4431/666/2500 4362/598/2472
f 4432/665/2501 4362/598/2472 4361/595/2471
f 4434/667/2503 4433/668/2502 4370/606/641
f 4434/667/2503 4370/606/641 4369/603/2474
f 4435/669/2504 4436/672/2505 4437/671/684
f 4435/669/2504 4437/671/684 4438/670/654
f 4380/614/2479 4439/674/2506 4440/673/2507
f 4380/614/2479 4440/673/2507 4383/618/622
f 4386/622/600 4441/676/651 4442/675/659
f 4386/622/600 4442/675/659 4387/621/620
f 4368/600/625 4367/601/661 4443/677/658
f 4368/600/625 4443/677/658 4389/624/626
f 4383/618/622 4440/673/2507 4444/678/657
f 4383/618/622 4444/678/657 4391/626/616
f 4387/621/620 4442/675/659 4435/669/2504
f 4387/621/620 4435/669/2504 4393/628/614
f 4396/632/618 4445/680/658 4446/679/645
f 4396/632/618 4446/679/645 4397/631/2485
f 4391/626/616 4444/678/657 4447/681/655
f 4391/626/616 4447/681/655 4399/634/610
f 4393/628/614 4435/669/2504 4438/670/654
f 4393/628/614 4438/670/654 4401/636/2487
f 4397/631/2485 4446/679/645 4448/682/2508
f 4397/631/2485 4448/682/2508 4403/638/606
f 4399/634/610 4447/681/655 4449/683/653
f 4399/634/610 4449/683/653 4405/640/604
f 4401/636/2487 4438/670/654 4450/684/652
f 4401/636/2487 4450/684/652 4407/642/602
f 4403/638/606 4448/682/2508 4451/685/650
f 4403/638/606 4451/685/650 4409/644/599
f 4405/640/604 4449/683/653 4452/686/2509
f 4405/640/604 4452/686/2509 4411/646/2490
f 4414/650/602 4453/688/652 4454/687/580
f 4414/650/602 4454/687/580 4415/649/2492
f 4409/644/599 4451/685/650 4441/676/651
f 4409/644/599 4441/676/651 4386/622/600
f 4411/646/2490 4452/686/2509 4455/689/2510
f 4411/646/2490 4455/689/2510 4417/652/2494
f 4415/649/2492 4454/687/580 4456/690/2511
f 4415/649/2492 4456/690/2511 4419/654/578
f 4417/652/2494 4455/689/2510 4457/691/678
f 4417/652/2494 4457/691/678 4421/656/589
f 4419/654/578 4456/690/2511 4458/692/676
f 4419/654/578 4458/692/676 4423/658/2496
f 4426/662/589 4459/694/677 4460/693/2512
f 4426/662/589 4460/693/2512 4427/661/2498
f 4423/658/2496 4458/692/676 4461/695/674
f 4423/658/2496 4461/695/674 4429/664/2499
f 4427/661/2498 4460/693/2512 4462/696/2513
f 4427/661/2498 4462/696/2513 4431/666/2500
f 4429/664/2499 4461/695/674 4463/697/672
f 4429/664/2499 4463/697/672 4433/668/2502
f 4431/666/2500 4462/696/2513 4464/698/671
f 4431/666/2500 4464/698/671 4362/598/2472
f 4433/668/2502 4463/697/672 4465/699/670
f 4433/668/2502 4465/699/670 4370/606/641
f 4362/598/2472 4464/698/671 4466/700/669
f 4362/598/2472 4466/700/669 4363/597/639
f 4370/606/641 4465/699/670 4467/701/667
f 4370/606/641 4467/701/667 4371/605/2475
f 4363/597/639 4466/700/669 4468/702/2514
f 4363/597/639 4468/702/2514 4373/608/2476
f 4371/605/2475 4467/701/667 4469/703/668
f 4371/605/2475 4469/703/668 4375/610/637
f 4373/608/2476 4468/702/2514 4366/602/2473
f 4373/608/2476 4366/602/2473 4365/599/630
f 4379/615/632 4470/704/665 4439/674/2506
f 4379/615/632 4439/674/2506 4380/614/2479
f 4471/705/732 4472/708/2515 4473/707/2516
f 4471/705/732 4473/707/2516 4474/706/2517
f 4446/679/645 4475/710/2518 4476/709/647
f 4446/679/645 4476/709/647 4448/682/2508
f 4447/681/655 4477/712/2519 4478/711/2520
f 4447/681/655 4478/711/2520 4449/683/653
f 4438/670/654 4437/671/684 4479/713/710
f 4438/670/654 4479/713/710 4450/684/652
f 4448/682/2508 4476/709/647 4480/714/2521
f 4448/682/2508 4480/714/2521 4451/685/650
f 4449/683/653 4478/711/2520 4481/715/708
f 4449/683/653 4481/715/708 4452/686/2509
f 4453/688/652 4482/716/710 4471/705/732
f 4453/688/652 4471/705/732 4454/687/580
f 4451/685/650 4480/714/2521 4483/717/691
f 4451/685/650 4483/717/691 4441/676/651
f 4452/686/2509 4481/715/708 4484/718/706
f 4452/686/2509 4484/718/706 4455/689/2510
f 4454/687/580 4471/705/732 4474/706/2517
f 4454/687/580 4474/706/2517 4456/690/2511
f 4455/689/2510 4484/718/706 4485/719/704
f 4455/689/2510 4485/719/704 4457/691/678
f 4456/690/2511 4474/706/2517 4486/720/2522
f 4456/690/2511 4486/720/2522 4458/692/676
f 4459/694/677 4487/722/704 4488/721/2523
f 4459/694/677 4488/721/2523 4460/693/2512
f 4458/692/676 4486/720/2522 4489/723/2524
f 4458/692/676 4489/723/2524 4461/695/674
f 4460/693/2512 4488/721/2523 4490/724/2525
f 4460/693/2512 4490/724/2525 4462/696/2513
f 4461/695/674 4489/723/2524 4491/725/2526
f 4461/695/674 4491/725/2526 4463/697/672
f 4462/696/2513 4490/724/2525 4492/726/2527
f 4462/696/2513 4492/726/2527 4464/698/671
f 4463/697/672 4491/725/2526 4493/727/697
f 4463/697/672 4493/727/697 4465/699/670
f 4464/698/671 4492/726/2527 4494/728/696
f 4464/698/671 4494/728/696 4466/700/669
f 4465/699/670 4493/727/697 4495/729/695
f 4465/699/670 4495/729/695 4467/701/667
f 4466/700/669 4494/728/696 4496/730/2528
f 4466/700/669 4496/730/2528 4468/702/2514
f 4467/701/667 4495/729/695 4497/731/693
f 4467/701/667 4497/731/693 4469/703/668
f 4468/702/2514 4496/730/2528 4498/732/2529
f 4468/702/2514 4498/732/2529 4366/602/2473
f 4470/704/665 4499/734/693 4500/733/692
f 4470/704/665 4500/733/692 4439/674/2506
f 4366/602/2473 4498/732/2529 4501/735/2530
f 4366/602/2473 4501/735/2530 4367/601/661
f 4439/674/2506 4500/733/692 4502/736/689
f 4439/674/2506 4502/736/689 4440/673/2507
f 4441/676/651 4483/717/691 4503/737/688
f 4441/676/651 4503/737/688 4442/675/659
f 4367/601/661 4501/735/2530 4504/738/690
f 4367/601/661 4504/738/690 4443/677/658
f 4440/673/2507 4502/736/689 4505/739/2531
f 4440/673/2507 4505/739/2531 4444/678/657
f 4442/675/659 4503/737/688 4436/672/2505
f 4442/675/659 4436/672/2505 4435/669/2504
f 4445/680/658 4506/740/687 4475/710/2518
f 4445/680/658 4475/710/2518 4446/679/645
f 4444/678/657 4505/739/2531 4477/712/2519
f 4444/678/657 4477/712/2519 4447/681/655
f 4507/741/725 4508/744/758 4509/743/754
f 4507/741/725 4509/743/754 4510/742/723
f 4511/745/706 4512/748/2532 4513/747/760
f 4511/745/706 4513/747/760 4514/746/704
f 4474/706/2517 4473/707/2516 4515/749/727
f 4474/706/2517 4515/749/727 4486/720/2522
f 4514/746/704 4513/747/760 4516/751/2533
f 4514/746/704 4516/751/2533 4517/750/2523
f 4486/720/2522 4515/749/727 4518/752/725
f 4486/720/2522 4518/752/725 4489/723/2524
f 4517/750/2523 4516/751/2533 4519/754/724
f 4517/750/2523 4519/754/724 4520/753/2525
f 4489/723/2524 4518/752/725 4521/755/723
f 4489/723/2524 4521/755/723 4491/725/2526
f 4520/753/2525 4519/754/724 4522/757/713
f 4520/753/2525 4522/757/713 4523/756/2534
f 4491/725/2526 4521/755/723 4524/758/722
f 4491/725/2526 4524/758/722 4493/727/697
f 4492/726/2527 4525/760/713 4526/759/2535
f 4492/726/2527 4526/759/2535 4494/728/696
f 4493/727/697 4524/758/722 4527/761/2536
f 4493/727/697 4527/761/2536 4495/729/695
f 4494/728/696 4526/759/2535 4528/762/719
f 4494/728/696 4528/762/719 4496/730/2528
f 4495/729/695 4527/761/2536 4529/763/717
f 4495/729/695 4529/763/717 4497/731/693
f 4530/764/2537 4531/767/719 4532/766/2538
f 4530/764/2537 4532/766/2538 4533/765/680
f 4497/731/693 4529/763/717 4534/769/2539
f 4497/731/693 4534/769/2539 4535/768/716
f 4533/765/680 4532/766/2538 4536/771/787
f 4533/765/680 4536/771/787 4537/770/2540
f 4500/733/692 4538/773/2539 4539/772/751
f 4500/733/692 4539/772/751 4502/736/689
f 4483/717/691 4540/775/736 4541/774/748
f 4483/717/691 4541/774/748 4503/737/688
f 4537/770/2540 4536/771/787 4542/777/783
f 4537/770/2540 4542/777/783 4543/776/687
f 4502/736/689 4539/772/751 4544/778/746
f 4502/736/689 4544/778/746 4505/739/2531
f 4503/737/688 4541/774/748 4545/779/744
f 4503/737/688 4545/779/744 4436/672/2505
f 4543/776/687 4542/777/783 4546/781/778
f 4543/776/687 4546/781/778 4547/780/646
f 4505/739/2531 4544/778/746 4548/782/742
f 4505/739/2531 4548/782/742 4477/712/2519
f 4436/672/2505 4545/779/744 4549/783/745
f 4436/672/2505 4549/783/745 4437/671/684
f 4475/710/2518 4550/785/743 4551/784/2541
f 4475/710/2518 4551/784/2541 4476/709/647
f 4477/712/2519 4548/782/742 4552/786/738
f 4477/712/2519 4552/786/738 4478/711/2520
f 4553/787/740 4554/789/745 4555/788/2542
f 4553/787/740 4555/788/2542 4482/716/710
f 4476/709/647 4551/784/2541 4556/790/735
f 4476/709/647 4556/790/735 4480/714/2521
f 4478/711/2520 4552/786/738 4557/791/734
f 4478/711/2520 4557/791/734 4481/715/708
f 4482/716/710 4555/788/2542 4472/708/2515
f 4482/716/710 4472/708/2515 4471/705/732
f 4480/714/2521 4556/790/735 4540/775/736
f 4480/714/2521 4540/775/736 4483/717/691
f 4558/792/2543 4559/793/734 4512/748/2532
f 4558/792/2543 4512/748/2532 4511/745/706
f 4560/794/2544 157/23/13 156/20/105
f 4560/794/2544 156/20/105 4561/795/792
f 4519/754/724 4562/797/2545 4563/796/714
f 4519/754/724 4563/796/714 4522/757/713
f 4510/742/723 4509/743/754 4564/799/2546
f 4510/742/723 4564/799/2546 4565/798/722
f 4522/757/713 4563/796/714 4566/801/2547
f 4522/757/713 4566/801/2547 4567/800/712
f 4565/798/722 4564/799/2546 4560/794/2544
f 4565/798/722 4560/794/2544 4568/802/2548
f 4567/800/712 4566/801/2547 4569/803/2549
f 4567/800/712 4569/803/2549 4531/767/719
f 4568/802/2548 4560/794/2544 4561/795/792
f 4568/802/2548 4561/795/792 4570/804/2550
f 4531/767/719 4569/803/2549 4571/805/791
f 4531/767/719 4571/805/791 4532/766/2538
f 4570/804/2550 4561/795/792 4572/807/2551
f 4570/804/2550 4572/807/2551 4573/806/2552
f 4532/766/2538 4571/805/791 4574/808/2553
f 4532/766/2538 4574/808/2553 4536/771/787
f 4573/806/2552 4572/807/2551 4575/810/2554
f 4573/806/2552 4575/810/2554 4576/809/2555
f 4577/811/736 4578/814/769 4579/813/785
f 4577/811/736 4579/813/785 4580/812/748
f 4536/771/787 4574/808/2553 4581/815/2556
f 4536/771/787 4581/815/2556 4542/777/783
f 4576/809/2555 4575/810/2554 4582/817/2557
f 4576/809/2555 4582/817/2557 4583/816/781
f 4580/812/748 4579/813/785 4584/819/2558
f 4580/812/748 4584/819/2558 4585/818/744
f 4542/777/783 4581/815/2556 4586/820/2559
f 4542/777/783 4586/820/2559 4546/781/778
f 4583/816/781 4582/817/2557 4587/822/2560
f 4583/816/781 4587/822/2560 4588/821/776
f 4585/818/744 4584/819/2558 4589/824/2561
f 4585/818/744 4589/824/2561 4590/823/2562
f 4546/781/778 4586/820/2559 4591/826/2563
f 4546/781/778 4591/826/2563 4592/825/773
f 4588/821/776 4587/822/2560 4593/828/2564
f 4588/821/776 4593/828/2564 4594/827/2565
f 4590/823/2562 4589/824/2561 4595/830/2566
f 4590/823/2562 4595/830/2566 4596/829/737
f 4592/825/773 4591/826/2563 4597/832/768
f 4592/825/773 4597/832/768 4598/831/767
f 4594/827/2565 4593/828/2564 4599/833/2567
f 4594/827/2565 4599/833/2567 4559/793/734
f 4596/829/737 4595/830/2566 4600/835/2568
f 4596/829/737 4600/835/2568 4601/834/2569
f 4598/831/767 4597/832/768 4578/814/769
f 4598/831/767 4578/814/769 4577/811/736
f 4559/793/734 4599/833/2567 4602/836/763
f 4559/793/734 4602/836/763 4512/748/2532
f 4601/834/2569 4600/835/2568 4603/838/2570
f 4601/834/2569 4603/838/2570 4604/837/2516
f 4512/748/2532 4602/836/763 4605/839/753
f 4512/748/2532 4605/839/753 4513/747/760
f 4604/837/2516 4603/838/2570 4606/841/2571
f 4604/837/2516 4606/841/2571 4607/840/727
f 4513/747/760 4605/839/753 4608/842/2572
f 4513/747/760 4608/842/2572 4516/751/2533
f 4607/840/727 4606/841/2571 4508/744/758
f 4607/840/727 4508/744/758 4507/741/725
f 4516/751/2533 4608/842/2572 4562/797/2545
f 4516/751/2533 4562/797/2545 4519/754/724
f 4569/803/2549 171/9/119 170/6/118
f 4569/803/2549 170/6/118 4571/805/791
f 4561/795/792 156/20/105 159/21/107
f 4561/795/792 159/21/107 4572/807/2551
f 4571/805/791 170/6/118 173/7/120
f 4571/805/791 173/7/120 4574/808/2553
f 4572/807/2551 159/21/107 158/18/106
f 4572/807/2551 158/18/106 4575/810/2554
f 4578/814/769 145/1/96 147/32/98
f 4578/814/769 147/32/98 4579/813/785
f 4574/808/2553 173/7/120 172/4/28
f 4574/808/2553 172/4/28 4581/815/2556
f 4575/810/2554 158/18/106 161/19/109
f 4575/810/2554 161/19/109 4582/817/2557
f 4579/813/785 147/32/98 146/30/97
f 4579/813/785 146/30/97 4584/819/2558
f 4581/815/2556 172/4/28 175/5/121
f 4581/815/2556 175/5/121 4586/820/2559
f 4582/817/2557 161/19/109 160/16/108
f 4582/817/2557 160/16/108 4587/822/2560
f 4584/819/2558 146/30/97 149/31/5
f 4584/819/2558 149/31/5 4589/824/2561
f 4586/820/2559 175/5/121 174/2/30
f 4586/820/2559 174/2/30 4591/826/2563
f 4587/822/2560 160/16/108 163/17/111
f 4587/822/2560 163/17/111 4593/828/2564
f 4589/824/2561 149/31/5 148/28/4
f 4589/824/2561 148/28/4 4595/830/2566
f 4591/826/2563 174/2/30 176/3/122
f 4591/826/2563 176/3/122 4597/832/768
f 4593/828/2564 163/17/111 162/14/110
f 4593/828/2564 162/14/110 4599/833/2567
f 4595/830/2566 148/28/4 151/29/100
f 4595/830/2566 151/29/100 4600/835/2568
f 4597/832/768 176/3/122 145/1/96
f 4597/832/768 145/1/96 4578/814/769
f 4599/833/2567 162/14/110 165/15/113
f 4599/833/2567 165/15/113 4602/836/763
f 4600/835/2568 151/29/100 150/26/99
f 4600/835/2568 150/26/99 4603/838/2570
f 4602/836/763 165/15/113 164/12/112
f 4602/836/763 164/12/112 4605/839/753
f 4603/838/2570 150/26/99 153/27/102
f 4603/838/2570 153/27/102 4606/841/2571
f 4605/839/753 164/12/112 167/13/115
f 4605/839/753 167/13/115 4608/842/2572
f 4606/841/2571 153/27/102 152/24/101
f 4606/841/2571 152/24/101 4508/744/758
f 4608/842/2572 167/13/115 166/10/114
f 4608/842/2572 166/10/114 4562/797/2545
f 4508/744/758 152/24/101 155/25/104
f 4508/744/758 155/25/104 4509/743/754
f 4562/797/2545 166/10/114 169/11/117
f 4562/797/2545 169/11/117 4563/796/714
f 4509/743/754 155/25/104 154/22/103
f 4509/743/754 154/22/103 4564/799/2546
f 4563/796/714 169/11/117 168/8/116
f 4563/796/714 168/8/116 4566/801/2547
f 4564/799/2546 154/22/103 157/23/13
f 4564/799/2546 157/23/13 4560/794/2544
f 4566/801/2547 168/8/116 171/9/119
f 4566/801/2547 171/9/119 4569/803/2549
f 4609/843/817 4610/846/889 4611/845/2573
f 4609/843/817 4611/845/2573 4612/844/835
f 4613/847/2574 4614/850/2575 4615/849/839
f 4613/847/2574 4615/849/839 4616/848/2576
f 4617/851/73 4618/852/73 3900/168/2338
f 4617/851/73 3900/168/2338 3899/165/158
f 4619/853/814 4609/843/817 4612/844/835
f 4619/853/814 4612/844/835 4620/854/2577
f 4621/855/2578 4622/858/2579 4623/857/833
f 4621/855/2578 4623/857/833 4624/856/832
f 4625/859/2580 4626/862/809 4627/861/831
f 4625/859/2580 4627/861/831 4628/860/2581
f 4629/863/804 4630/866/796 4631/865/2582
f 4629/863/804 4631/865/2582 4632/864/2583
f 4633/201/2584 4634/868/2585 4635/867/2351
f 4633/201/2584 4635/867/2351 4636/199/2350
f 4637/869/2586 4638/872/2587 4639/871/2588
f 4637/869/2586 4639/871/2588 4640/870/821
f 4640/870/821 4639/871/2588 4614/850/2575
f 4640/870/821 4614/850/2575 4613/847/2574
f 4641/873/2589 4642/876/2590 4643/875/2591
f 4641/873/2589 4643/875/2591 4644/874/2592
f 4645/877/2593 4646/878/2594 4609/843/817
f 4645/877/2593 4609/843/817 4619/853/814
f 4647/879/2595 4648/880/2596 4622/858/2579
f 4647/879/2595 4622/858/2579 4621/855/2578
f 4649/881/807 4650/882/861 4626/862/809
f 4649/881/807 4626/862/809 4625/859/2580
f 4651/883/2597 4652/884/797 4630/866/796
f 4651/883/2597 4630/866/796 4629/863/804
f 4653/208/2598 4654/885/2599 4634/868/2585
f 4653/208/2598 4634/868/2585 4633/201/2584
f 4655/886/801 4656/887/802 4638/872/2587
f 4655/886/801 4638/872/2587 4637/869/2586
f 4657/888/2600 4658/889/2601 4642/876/2590
f 4657/888/2600 4642/876/2590 4641/873/2589
f 4659/890/2602 4660/891/2603 4646/878/2594
f 4659/890/2602 4646/878/2594 4645/877/2593
f 4661/892/2604 4662/893/853 4648/880/2596
f 4661/892/2604 4648/880/2596 4647/879/2595
f 4663/894/2605 4664/895/2606 4650/882/861
f 4663/894/2605 4650/882/861 4649/881/807
f 4665/896/848 4666/897/849 4652/884/797
f 4665/896/848 4652/884/797 4651/883/2597
f 4667/209/2607 4668/898/2608 4654/885/2599
f 4667/209/2607 4654/885/2599 4653/208/2598
f 4669/899/844 4670/900/845 4656/887/802
f 4669/899/844 4656/887/802 4655/886/801
f 4671/901/2609 4672/902/2610 4658/889/2601
f 4671/901/2609 4658/889/2601 4657/888/2600
f 3960/224/2353 3959/225/2352 4660/891/2603
f 3960/224/2353 4660/891/2603 4659/890/2602
f 4616/848/2576 4615/849/839 4662/893/853
f 4616/848/2576 4662/893/853 4661/892/2604
f 4673/903/2611 4674/904/2612 4664/895/2606
f 4673/903/2611 4664/895/2606 4663/894/2605
f 4675/187/2613 4676/906/835 4677/905/849
f 4675/187/2613 4677/905/849 4678/185/848
f 4679/211/832 4680/907/833 4668/898/2608
f 4679/211/832 4668/898/2608 4667/209/2607
f 4628/860/2581 4627/861/831 4670/900/845
f 4628/860/2581 4670/900/845 4669/899/844
f 4632/864/2583 4631/865/2582 4672/902/2610
f 4632/864/2583 4672/902/2610 4671/901/2609
f 4681/908/882 4682/911/2614 4683/910/2615
f 4681/908/882 4683/910/2615 4684/909/2616
f 4626/862/809 4685/913/888 4686/912/891
f 4626/862/809 4686/912/891 4627/861/831
f 4639/871/2588 4687/915/869 4688/914/2617
f 4639/871/2588 4688/914/2617 4614/850/2575
f 4646/878/2594 4689/916/887 4610/846/889
f 4646/878/2594 4610/846/889 4609/843/817
f 4650/882/861 4690/917/886 4685/913/888
f 4650/882/861 4685/913/888 4626/862/809
f 4660/891/2603 4684/909/2616 4689/916/887
f 4660/891/2603 4689/916/887 4646/878/2594
f 4664/895/2606 4691/918/2618 4690/917/886
f 4664/895/2606 4690/917/886 4650/882/861
f 3959/225/2352 4681/908/882 4684/909/2616
f 3959/225/2352 4684/909/2616 4660/891/2603
f 4674/904/2612 4692/919/2619 4691/918/2618
f 4674/904/2612 4691/918/2618 4664/895/2606
f 3958/226/2351 4693/920/2620 4681/908/882
f 3958/226/2351 4681/908/882 3959/225/2352
f 4694/921/875 4695/924/2621 4696/923/67
f 4694/921/875 4696/923/67 4697/922/67
f 4698/925/2585 4699/926/2622 4693/920/2620
f 4698/925/2585 4693/920/2620 3958/226/2351
f 4642/876/2590 4700/928/2623 4701/927/2624
f 4642/876/2590 4701/927/2624 4643/875/2591
f 4702/929/2625 4703/930/2626 4699/926/2622
f 4702/929/2625 4699/926/2622 4698/925/2585
f 4658/889/2601 4704/931/862 4700/928/2623
f 4658/889/2601 4700/928/2623 4642/876/2590
f 4705/932/2608 4706/933/2627 4703/930/2626
f 4705/932/2608 4703/930/2626 4702/929/2625
f 4672/902/2610 4707/934/863 4704/931/862
f 4672/902/2610 4704/931/862 4658/889/2601
f 4623/857/833 4708/935/871 4706/933/2627
f 4623/857/833 4706/933/2627 4705/932/2608
f 4631/865/2582 4709/936/2628 4707/934/863
f 4631/865/2582 4707/934/863 4672/902/2610
f 4622/858/2579 4710/937/867 4708/935/871
f 4622/858/2579 4708/935/871 4623/857/833
f 4630/866/796 4711/938/799 4709/936/2628
f 4630/866/796 4709/936/2628 4631/865/2582
f 4638/872/2587 4712/939/868 4687/915/869
f 4638/872/2587 4687/915/869 4639/871/2588
f 4648/880/2596 4713/940/2629 4710/937/867
f 4648/880/2596 4710/937/867 4622/858/2579
f 4652/884/797 4714/941/798 4711/938/799
f 4652/884/797 4711/938/799 4630/866/796
f 4656/887/802 4715/942/897 4712/939/868
f 4656/887/802 4712/939/868 4638/872/2587
f 4662/893/853 4716/943/896 4713/940/2629
f 4662/893/853 4713/940/2629 4648/880/2596
f 4666/897/849 4717/944/895 4714/941/798
f 4666/897/849 4714/941/798 4652/884/797
f 4670/900/845 4718/945/894 4715/942/897
f 4670/900/845 4715/942/897 4656/887/802
f 4615/849/839 4719/946/893 4716/943/896
f 4615/849/839 4716/943/896 4662/893/853
f 4612/844/835 4611/845/2573 4717/944/895
f 4612/844/835 4717/944/895 4666/897/849
f 4627/861/831 4686/912/891 4718/945/894
f 4627/861/831 4718/945/894 4670/900/845
f 4614/850/2575 4688/914/2617 4719/946/893
f 4614/850/2575 4719/946/893 4615/849/839
f 4692/919/2619 4720/948/2630 4721/947/2631
f 4692/919/2619 4721/947/2631 4691/918/2618
f 4693/920/2620 4722/949/2632 4682/911/2614
f 4693/920/2620 4682/911/2614 4681/908/882
f 4723/950/901 4724/953/2633 4725/952/2634
f 4723/950/901 4725/952/2634 4726/951/901
f 4699/926/2622 4727/954/2635 4722/949/2632
f 4699/926/2622 4722/949/2632 4693/920/2620
f 4700/928/2623 4728/956/2636 4729/955/2637
f 4700/928/2623 4729/955/2637 4701/927/2624
f 4703/930/2626 4730/957/2638 4727/954/2635
f 4703/930/2626 4727/954/2635 4699/926/2622
f 4704/931/862 4731/958/865 4728/956/2636
f 4704/931/862 4728/956/2636 4700/928/2623
f 4706/933/2627 4732/959/2639 4730/957/2638
f 4706/933/2627 4730/957/2638 4703/930/2626
f 4707/934/863 4733/960/864 4731/958/865
f 4707/934/863 4731/958/865 4704/931/862
f 4708/935/871 4734/961/2640 4732/959/2639
f 4708/935/871 4732/959/2639 4706/933/2627
f 4709/936/2628 4735/962/929 4733/960/864
f 4709/936/2628 4733/960/864 4707/934/863
f 4710/937/867 4736/963/928 4734/961/2640
f 4710/937/867 4734/961/2640 4708/935/871
f 4711/938/799 4737/964/2641 4735/962/929
f 4711/938/799 4735/962/929 4709/936/2628
f 4712/939/868 4738/966/926 4739/965/915
f 4712/939/868 4739/965/915 4687/915/869
f 4713/940/2629 4740/967/925 4736/963/928
f 4713/940/2629 4736/963/928 4710/937/867
f 4714/941/798 4741/968/2642 4737/964/2641
f 4714/941/798 4737/964/2641 4711/938/799
f 4715/942/897 4742/969/923 4738/966/926
f 4715/942/897 4738/966/926 4712/939/868
f 4716/943/896 4743/970/2643 4740/967/925
f 4716/943/896 4740/967/925 4713/940/2629
f 4717/944/895 4744/971/921 4741/968/2642
f 4717/944/895 4741/968/2642 4714/941/798
f 4718/945/894 4745/972/920 4742/969/923
f 4718/945/894 4742/969/923 4715/942/897
f 4719/946/893 4746/973/2644 4743/970/2643
f 4719/946/893 4743/970/2643 4716/943/896
f 4611/845/2573 4747/974/918 4744/971/921
f 4611/845/2573 4744/971/921 4717/944/895
f 4686/912/891 4748/975/917 4745/972/920
f 4686/912/891 4745/972/920 4718/945/894
f 4688/914/2617 4749/976/916 4746/973/2644
f 4688/914/2617 4746/973/2644 4719/946/893
f 4610/846/889 4750/977/2645 4747/974/918
f 4610/846/889 4747/974/918 4611/845/2573
f 4685/913/888 4751/978/2646 4748/975/917
f 4685/913/888 4748/975/917 4686/912/891
f 4687/915/869 4739/965/915 4749/976/916
f 4687/915/869 4749/976/916 4688/914/2617
f 4689/916/887 4752/979/912 4750/977/2645
f 4689/916/887 4750/977/2645 4610/846/889
f 4690/917/886 4753/980/911 4751/978/2646
f 4690/917/886 4751/978/2646 4685/913/888
f 4684/909/2616 4683/910/2615 4752/979/912
f 4684/909/2616 4752/979/912 4689/916/887
f 4691/918/2618 4721/947/2631 4753/980/911
f 4691/918/2618 4753/980/911 4690/917/886
f 4754/981/967 4755/984/2647 4756/983/1015
f 4754/981/967 4756/983/1015 4757/982/971
s 0
f 4758/985/75 4759/988/75 4760/987/75
f 4758/985/75 4760/987/75 4761/986/75
s 1
f 4762/989/952 4763/992/1086 4764/991/2648
f 4762/989/952 4764/991/2648 4765/990/957
f 4766/993/965 4767/996/2649 4768/995/970
f 4766/993/965 4768/995/970 4769/994/969
f 4770/997/963 4771/1000/964 4772/999/945
f 4770/997/963 4772/999/945 4773/998/2650
f 4774/1001/2651 4775/1002/962 4755/984/2647
f 4774/1001/2651 4755/984/2647 4754/981/967
f 4776/1003/959 4777/1004/960 4767/996/2649
f 4776/1003/959 4767/996/2649 4766/993/965
f 4778/1005/958 4779/1006/935 4771/1000/964
f 4778/1005/958 4771/1000/964 4770/997/963
f 4780/1007/956 4765/990/957 4775/1002/962
f 4780/1007/956 4775/1002/962 4774/1001/2651
f 4781/1008/954 4782/1009/2652 4777/1004/960
f 4781/1008/954 4777/1004/960 4776/1003/959
f 4783/1010/953 4784/1011/936 4779/1006/935
f 4783/1010/953 4779/1006/935 4778/1005/958
f 4785/1012/2653 4762/989/952 4765/990/957
f 4785/1012/2653 4765/990/957 4780/1007/956
f 4786/1013/949 4787/1014/950 4782/1009/2652
f 4786/1013/949 4782/1009/2652 4781/1008/954
f 4788/1015/947 4789/1016/948 4784/1011/936
f 4788/1015/947 4784/1011/936 4783/1010/953
f 4790/1017/943 4791/1018/946 4762/989/952
f 4790/1017/943 4762/989/952 4785/1012/2653
f 4792/1019/939 4793/1020/942 4787/1014/950
f 4792/1019/939 4787/1014/950 4786/1013/949
f 4794/1021/931 4795/1022/934 4789/1016/948
f 4794/1021/931 4789/1016/948 4788/1015/947
f 4773/998/2650 4772/999/945 4791/1018/946
f 4773/998/2650 4791/1018/946 4790/1017/943
f 4796/1023/940 4797/1024/941 4793/1020/942
f 4796/1023/940 4793/1020/942 4792/1019/939
f 4798/1025/932 4799/1026/2654 4795/1022/934
f 4798/1025/932 4795/1022/934 4794/1021/931
f 4800/1027/998 4801/1028/2655 4797/1024/941
f 4800/1027/998 4797/1024/941 4796/1023/940
f 4802/1029/2656 4803/1030/2657 4799/1026/2654
f 4802/1029/2656 4799/1026/2654 4798/1025/932
f 4804/1031/994 4805/1032/995 4801/1028/2655
f 4804/1031/994 4801/1028/2655 4800/1027/998
f 4806/1033/2658 4807/1034/2659 4803/1030/2657
f 4806/1033/2658 4803/1030/2657 4802/1029/2656
f 4808/1035/2660 4809/1036/2661 4805/1032/995
f 4808/1035/2660 4805/1032/995 4804/1031/994
f 4810/1037/983 4811/1040/2662 4812/1039/2663
f 4810/1037/983 4812/1039/2663 4813/1038/983
f 4814/1041/2664 4815/1042/2665 4809/1036/2661
f 4814/1041/2664 4809/1036/2661 4808/1035/2660
f 4816/1043/2666 4817/1046/2667 4818/1045/2668
f 4816/1043/2666 4818/1045/2668 4819/1044/2669
f 4820/1047/2670 4821/1048/2671 4815/1042/2665
f 4820/1047/2670 4815/1042/2665 4814/1041/2664
f 4822/1049/977 4823/1050/2672 4817/1046/2667
f 4822/1049/977 4817/1046/2667 4816/1043/2666
f 4824/1051/2673 4825/1052/2674 4821/1048/2671
f 4824/1051/2673 4821/1048/2671 4820/1047/2670
f 4826/1053/973 4827/1054/2675 4823/1050/2672
f 4826/1053/973 4823/1050/2672 4822/1049/977
f 4757/982/971 4756/983/1015 4825/1052/2674
f 4757/982/971 4825/1052/2674 4824/1051/2673
f 4769/994/969 4768/995/970 4827/1054/2675
f 4769/994/969 4827/1054/2675 4826/1053/973
f 4828/1055/1072 4829/1058/1068 4830/1057/1074
f 4828/1055/1072 4830/1057/1074 4831/1056/1071
f 4787/1014/950 4832/1060/1044 4833/1059/1004
f 4787/1014/950 4833/1059/1004 4782/1009/2652
f 4789/1016/948 4834/1062/1043 4835/1061/937
f 4789/1016/948 4835/1061/937 4784/1011/936
f 4791/1018/946 4836/1063/1042 4763/992/1086
f 4791/1018/946 4763/992/1086 4762/989/952
f 4793/1020/942 4837/1064/1041 4832/1060/1044
f 4793/1020/942 4832/1060/1044 4787/1014/950
f 4838/1065/2676 4839/1068/2677 4840/1067/2678
f 4838/1065/2676 4840/1067/2678 4841/1066/2679
f 4772/999/945 4842/1069/1013 4836/1063/1042
f 4772/999/945 4836/1063/1042 4791/1018/946
f 4797/1024/941 4843/1070/1039 4837/1064/1041
f 4797/1024/941 4837/1064/1041 4793/1020/942
f 4844/1071/933 4845/1072/1038 4839/1068/2677
f 4844/1071/933 4839/1068/2677 4838/1065/2676
f 4801/1028/2655 4846/1073/1037 4843/1070/1039
f 4801/1028/2655 4843/1070/1039 4797/1024/941
f 4847/1074/2680 4848/1075/2681 4845/1072/1038
f 4847/1074/2680 4845/1072/1038 4844/1071/933
f 4805/1032/995 4849/1076/1034 4846/1073/1037
f 4805/1032/995 4846/1073/1037 4801/1028/2655
f 4850/1077/2682 4851/1078/2683 4848/1075/2681
f 4850/1077/2682 4848/1075/2681 4847/1074/2680
f 4809/1036/2661 4852/1079/2684 4849/1076/1034
f 4809/1036/2661 4849/1076/1034 4805/1032/995
f 4853/1080/1024 4854/1083/2685 4855/1082/2686
f 4853/1080/1024 4855/1082/2686 4856/1081/1025
f 4815/1042/2665 4857/1084/2687 4852/1079/2684
f 4815/1042/2665 4852/1079/2684 4809/1036/2661
f 4858/1085/2688 4859/1088/2689 4860/1087/2690
f 4858/1085/2688 4860/1087/2690 4861/1086/2691
f 4821/1048/2671 4862/1089/2692 4857/1084/2687
f 4821/1048/2671 4857/1084/2687 4815/1042/2665
f 4863/1090/2672 4864/1091/2693 4859/1088/2689
f 4863/1090/2672 4859/1088/2689 4858/1085/2688
f 4825/1052/2674 4865/1092/2694 4862/1089/2692
f 4825/1052/2674 4862/1089/2692 4821/1048/2671
f 4827/1054/2675 4866/1094/1017 4867/1093/2695
f 4827/1054/2675 4867/1093/2695 4823/1050/2672
f 4756/983/1015 4868/1095/1016 4865/1092/2694
f 4756/983/1015 4865/1092/2694 4825/1052/2674
f 4768/995/970 4869/1096/1014 4866/1094/1017
f 4768/995/970 4866/1094/1017 4827/1054/2675
f 4755/984/2647 4870/1097/1012 4868/1095/1016
f 4755/984/2647 4868/1095/1016 4756/983/1015
f 4767/996/2649 4871/1098/1009 4869/1096/1014
f 4767/996/2649 4869/1096/1014 4768/995/970
f 4771/1000/964 4872/1099/1008 4842/1069/1013
f 4771/1000/964 4842/1069/1013 4772/999/945
f 4775/1002/962 4873/1100/1007 4870/1097/1012
f 4775/1002/962 4870/1097/1012 4755/984/2647
f 4777/1004/960 4874/1101/1005 4871/1098/1009
f 4777/1004/960 4871/1098/1009 4767/996/2649
f 4779/1006/935 4875/1102/938 4872/1099/1008
f 4779/1006/935 4872/1099/1008 4771/1000/964
f 4765/990/957 4764/991/2648 4873/1100/1007
f 4765/990/957 4873/1100/1007 4775/1002/962
f 4782/1009/2652 4833/1059/1004 4874/1101/1005
f 4782/1009/2652 4874/1101/1005 4777/1004/960
f 4784/1011/936 4835/1061/937 4875/1102/938
f 4784/1011/936 4875/1102/938 4779/1006/935
f 4876/1103/2696 4877/1106/163 4878/1105/164
f 4876/1103/2696 4878/1105/164 4879/1104/2697
f 4848/1075/2681 4880/1108/2698 4881/1107/2699
f 4848/1075/2681 4881/1107/2699 4845/1072/1038
f 4882/1109/2700 4883/1112/1064 4884/1111/1068
f 4882/1109/2700 4884/1111/1068 4885/1110/1067
f 4851/1078/2683 4886/1113/2701 4880/1108/2698
f 4851/1078/2683 4880/1108/2698 4848/1075/2681
f 4887/1114/2702 4879/1104/2697 4883/1112/1064
f 4887/1114/2702 4883/1112/1064 4882/1109/2700
f 4888/1115/67 4889/1118/67 4890/1117/2703
f 4888/1115/67 4890/1117/2703 4891/1116/1057
f 4892/1119/2704 4876/1103/2696 4879/1104/2697
f 4892/1119/2704 4879/1104/2697 4887/1114/2702
f 4859/1088/2689 4893/1121/2705 4894/1120/2706
f 4859/1088/2689 4894/1120/2706 4860/1087/2690
f 4895/1122/2692 4896/1123/2707 4876/1103/2696
f 4895/1122/2692 4876/1103/2696 4892/1119/2704
f 4864/1091/2693 4897/1124/1054 4893/1121/2705
f 4864/1091/2693 4893/1121/2705 4859/1088/2689
f 4898/1125/2708 4899/1126/2709 4896/1123/2707
f 4898/1125/2708 4896/1123/2707 4895/1122/2692
f 4900/1127/1000 4901/1128/1053 4897/1124/1054
f 4900/1127/1000 4897/1124/1054 4864/1091/2693
f 4902/1129/2710 4903/1130/2711 4899/1126/2709
f 4902/1129/2710 4899/1126/2709 4898/1125/2708
f 4904/1131/1001 4905/1134/1002 4906/1133/2712
f 4904/1131/1001 4906/1133/2712 4907/1132/2713
f 4908/1135/1012 4909/1136/1104 4903/1130/2711
f 4908/1135/1012 4903/1130/2711 4902/1129/2710
f 4910/1137/2714 4911/1138/1102 4905/1134/1002
f 4910/1137/2714 4905/1134/1002 4904/1131/1001
f 4912/1139/1100 4913/1142/1101 4914/1141/1081
f 4912/1139/1100 4914/1141/1081 4915/1140/1080
f 4916/1143/1098 4917/1144/1103 4909/1136/1104
f 4916/1143/1098 4909/1136/1104 4908/1135/1012
f 4918/1145/1096 4919/1146/1097 4911/1138/1102
f 4918/1145/1096 4911/1138/1102 4910/1137/2714
f 4920/1147/1094 4921/1148/1095 4913/1142/1101
f 4920/1147/1094 4913/1142/1101 4912/1139/1100
f 4922/1149/1092 4923/1152/1093 4924/1151/1099
f 4922/1149/1092 4924/1151/1099 4925/1150/1098
f 4926/1153/1090 4927/1154/1091 4919/1146/1097
f 4926/1153/1090 4919/1146/1097 4918/1145/1096
f 4928/1155/937 4929/1156/1089 4921/1148/1095
f 4928/1155/937 4921/1148/1095 4920/1147/1094
f 4930/1157/1086 4931/1158/2715 4923/1152/1093
f 4930/1157/1086 4923/1152/1093 4922/1149/1092
f 4932/1159/1044 4933/1160/1085 4927/1154/1091
f 4932/1159/1044 4927/1154/1091 4926/1153/1090
f 4934/1161/1083 4935/1162/1084 4929/1156/1089
f 4934/1161/1083 4929/1156/1089 4928/1155/937
f 4936/1163/1079 4937/1164/1082 4931/1158/2715
f 4936/1163/1079 4931/1158/2715 4930/1157/1086
f 4938/1165/1077 4939/1166/1078 4933/1160/1085
f 4938/1165/1077 4933/1160/1085 4932/1159/1044
f 4839/1068/2677 4940/1168/2716 4941/1167/1084
f 4839/1068/2677 4941/1167/1084 4840/1067/2678
f 4915/1140/1080 4914/1141/1081 4937/1164/1082
f 4915/1140/1080 4937/1164/1082 4936/1163/1079
f 4831/1056/1071 4830/1057/1074 4939/1166/1078
f 4831/1056/1071 4939/1166/1078 4938/1165/1077
f 4845/1072/1038 4881/1107/2699 4940/1168/2716
f 4845/1072/1038 4940/1168/2716 4839/1068/2677
f 4942/1169/2717 4943/1172/1161 4944/1171/1165
f 4942/1169/2717 4944/1171/1165 4945/1170/2718
f 4893/1121/2705 4946/1174/189 4947/1173/191
f 4893/1121/2705 4947/1173/191 4894/1120/2706
f 4948/1175/2719 4949/1178/2720 4950/1177/2721
f 4948/1175/2719 4950/1177/2721 4951/1176/2719
f 4897/1124/1054 4952/1179/187 4946/1174/189
f 4897/1124/1054 4946/1174/189 4893/1121/2705
f 4899/1126/2709 4953/1181/154 4954/1180/156
f 4899/1126/2709 4954/1180/156 4896/1123/2707
f 4901/1128/1053 4955/1182/184 4952/1179/187
f 4901/1128/1053 4952/1179/187 4897/1124/1054
f 4903/1130/2711 4956/1183/152 4953/1181/154
f 4903/1130/2711 4953/1181/154 4899/1126/2709
f 4905/1134/1002 4957/1185/182 4958/1184/184
f 4905/1134/1002 4958/1184/184 4906/1133/2712
f 4909/1136/1104 4959/1186/150 4956/1183/152
f 4909/1136/1104 4956/1183/152 4903/1130/2711
f 4911/1138/1102 4960/1187/180 4957/1185/182
f 4911/1138/1102 4957/1185/182 4905/1134/1002
f 4913/1142/1101 4961/1189/216 4962/1188/67
f 4913/1142/1101 4962/1188/67 4914/1141/1081
f 4917/1144/1103 4963/1190/2722 4959/1186/150
f 4917/1144/1103 4959/1186/150 4909/1136/1104
f 4919/1146/1097 4964/1191/178 4960/1187/180
f 4919/1146/1097 4960/1187/180 4911/1138/1102
f 4921/1148/1095 4965/1192/1115 4961/1189/216
f 4921/1148/1095 4961/1189/216 4913/1142/1101
f 4923/1152/1093 4966/1194/145 4967/1193/147
f 4923/1152/1093 4967/1193/147 4924/1151/1099
f 4927/1154/1091 4968/1195/73 4964/1191/178
f 4927/1154/1091 4964/1191/178 4919/1146/1097
f 4929/1156/1089 4969/1196/208 4965/1192/1115
f 4929/1156/1089 4965/1192/1115 4921/1148/1095
f 4931/1158/2715 4970/1197/143 4966/1194/145
f 4931/1158/2715 4966/1194/145 4923/1152/1093
f 4933/1160/1085 4971/1198/175 4968/1195/73
f 4933/1160/1085 4968/1195/73 4927/1154/1091
f 4935/1162/1084 4972/1199/204 4969/1196/208
f 4935/1162/1084 4969/1196/208 4929/1156/1089
f 4937/1164/1082 4973/1200/141 4970/1197/143
f 4937/1164/1082 4970/1197/143 4931/1158/2715
f 4939/1166/1078 4974/1201/1113 4971/1198/175
f 4939/1166/1078 4971/1198/175 4933/1160/1085
f 4940/1168/2716 4975/1203/202 4976/1202/207
f 4940/1168/2716 4976/1202/207 4941/1167/1084
f 4914/1141/1081 4962/1188/67 4973/1200/141
f 4914/1141/1081 4973/1200/141 4937/1164/1082
f 4830/1057/1074 4977/1204/171 4974/1201/1113
f 4830/1057/1074 4974/1201/1113 4939/1166/1078
f 4881/1107/2699 4978/1205/200 4975/1203/202
f 4881/1107/2699 4975/1203/202 4940/1168/2716
f 4829/1058/1068 4979/1206/168 4977/1204/171
f 4829/1058/1068 4977/1204/171 4830/1057/1074
f 4880/1108/2698 4980/1207/198 4978/1205/200
f 4880/1108/2698 4978/1205/200 4881/1107/2699
f 4883/1112/1064 4981/1209/166 4982/1208/168
f 4883/1112/1064 4982/1208/168 4884/1111/1068
f 4886/1113/2701 4983/1210/197 4980/1207/198
f 4886/1113/2701 4980/1207/198 4880/1108/2698
f 4879/1104/2697 4878/1105/164 4981/1209/166
f 4879/1104/2697 4981/1209/166 4883/1112/1064
f 4984/1211/1118 4985/1212/2723 4695/924/2621
f 4984/1211/1118 4695/924/2621 4694/921/875
f 4986/1213/1155 4987/1216/1198 4988/1215/2724
f 4986/1213/1155 4988/1215/2724 4989/1214/1159
f 4990/1217/1158 4989/1214/1159 4991/1219/1163
f 4990/1217/1158 4991/1219/1163 4992/1218/1162
f 4993/1220/1156 4994/1221/2725 4943/1172/1161
f 4993/1220/1156 4943/1172/1161 4942/1169/2717
f 4995/1222/1154 4986/1213/1155 4989/1214/1159
f 4995/1222/1154 4989/1214/1159 4990/1217/1158
f 4996/1223/1152 4997/1226/1153 4998/1225/1132
f 4996/1223/1152 4998/1225/1132 4999/1224/1131
f 5000/1227/2726 5001/1228/2727 4994/1221/2725
f 5000/1227/2726 4994/1221/2725 4993/1220/1156
f 5002/1229/2728 5003/1230/1149 4986/1213/1155
f 5002/1229/2728 4986/1213/1155 4995/1222/1154
f 5004/1231/1146 5005/1232/1147 4997/1226/1153
f 5004/1231/1146 4997/1226/1153 4996/1223/1152
f 5006/1233/1144 5007/1234/2729 5001/1228/2727
f 5006/1233/1144 5001/1228/2727 5000/1227/2726
f 5008/1235/1142 5009/1236/1143 5003/1230/1149
f 5008/1235/1142 5003/1230/1149 5002/1229/2728
f 5010/1237/1140 5011/1238/1141 5005/1232/1147
f 5010/1237/1140 5005/1232/1147 5004/1231/1146
f 5012/1239/1138 5013/1240/1139 5007/1234/2729
f 5012/1239/1138 5007/1234/2729 5006/1233/1144
f 5014/1241/1136 5015/1242/1137 5009/1236/1143
f 5014/1241/1136 5009/1236/1143 5008/1235/1142
f 5016/1243/1134 5017/1244/1135 5011/1238/1141
f 5016/1243/1134 5011/1238/1141 5010/1237/1140
f 5018/1245/2730 5019/1246/1133 5013/1240/1139
f 5018/1245/2730 5013/1240/1139 5012/1239/1138
f 5020/1247/1129 5021/1248/1120 5015/1242/1137
f 5020/1247/1129 5015/1242/1137 5014/1241/1136
f 5022/1249/1127 5023/1250/1128 5017/1244/1135
f 5022/1249/1127 5017/1244/1135 5016/1243/1134
f 4999/1224/1131 4998/1225/1132 5019/1246/1133
f 4999/1224/1131 5019/1246/1133 5018/1245/2730
f 5024/1251/1124 5025/1252/1121 5021/1248/1120
f 5024/1251/1124 5021/1248/1120 5020/1247/1129
f 5026/1253/1105 5027/1254/1108 5023/1250/1128
f 5026/1253/1105 5023/1250/1128 5022/1249/1127
f 5028/1255/2731 5029/1256/1126 5025/1252/1121
f 5028/1255/2731 5025/1252/1121 5024/1251/1124
f 5030/1257/1106 5031/1258/1107 5027/1254/1108
f 5030/1257/1106 5027/1254/1108 5026/1253/1105
f 5032/1259/1180 5033/1260/1181 5029/1256/1126
f 5032/1259/1180 5029/1256/1126 5028/1255/2731
f 5034/1261/1178 5035/1262/1179 5031/1258/1107
f 5034/1261/1178 5031/1258/1107 5030/1257/1106
f 5036/1263/2732 5037/1264/1177 5033/1260/1181
f 5036/1263/2732 5033/1260/1181 5032/1259/1180
f 5038/1265/1174 5039/1266/2733 5035/1262/1179
f 5038/1265/1174 5035/1262/1179 5034/1261/1178
f 5040/1267/1172 5041/1268/2734 5037/1264/1177
f 5040/1267/1172 5037/1264/1177 5036/1263/2732
f 5042/1269/2735 5043/1270/2736 5039/1266/2733
f 5042/1269/2735 5039/1266/2733 5038/1265/1174
f 5044/1271/2737 5045/1272/1169 5041/1268/2734
f 5044/1271/2737 5041/1268/2734 5040/1267/1172
f 5046/1273/1166 5047/1274/1167 5043/1270/2736
f 5046/1273/1166 5043/1270/2736 5042/1269/2735
f 4945/1170/2718 4944/1171/1165 5045/1272/1169
f 4945/1170/2718 5045/1272/1169 5044/1271/2737
f 4992/1218/1162 4991/1219/1163 5047/1274/1167
f 4992/1218/1162 5047/1274/1167 5046/1273/1166
f 5048/1275/1190 5049/1278/1243 5050/1277/1184
f 5048/1275/1190 5050/1277/1184 5051/1276/1183
f 5005/1232/1147 5052/1280/1194 5053/1279/1196
f 5005/1232/1147 5053/1279/1196 4997/1226/1153
f 5001/1228/2727 5054/1282/1193 5055/1281/1195
f 5001/1228/2727 5055/1281/1195 4994/1221/2725
f 5003/1230/1149 5056/1283/1182 4987/1216/1198
f 5003/1230/1149 4987/1216/1198 4986/1213/1155
f 5011/1238/1141 5057/1284/1192 5052/1280/1194
f 5011/1238/1141 5052/1280/1194 5005/1232/1147
f 5007/1234/2729 5058/1285/1191 5054/1282/1193
f 5007/1234/2729 5054/1282/1193 5001/1228/2727
f 5017/1244/1135 5059/1286/1189 5057/1284/1192
f 5017/1244/1135 5057/1284/1192 5011/1238/1141
f 5009/1236/1143 5051/1276/1183 5056/1283/1182
f 5009/1236/1143 5056/1283/1182 5003/1230/1149
f 5013/1240/1139 5060/1287/1187 5058/1285/1191
f 5013/1240/1139 5058/1285/1191 5007/1234/2729
f 5023/1250/1128 5061/1288/1188 5059/1286/1189
f 5023/1250/1128 5059/1286/1189 5017/1244/1135
f 5015/1242/1137 5048/1275/1190 5051/1276/1183
f 5015/1242/1137 5051/1276/1183 5009/1236/1143
f 5019/1246/1133 5062/1289/1186 5060/1287/1187
f 5019/1246/1133 5060/1287/1187 5013/1240/1139
f 5027/1254/1108 5063/1290/1213 5061/1288/1188
f 5027/1254/1108 5061/1288/1188 5023/1250/1128
f 5021/1248/1120 5064/1291/1123 5048/1275/1190
f 5021/1248/1120 5048/1275/1190 5015/1242/1137
f 4998/1225/1132 5065/1292/1199 5062/1289/1186
f 4998/1225/1132 5062/1289/1186 5019/1246/1133
f 5025/1252/1121 5066/1293/1122 5064/1291/1123
f 5025/1252/1121 5064/1291/1123 5021/1248/1120
f 5029/1256/1126 5067/1294/1212 5066/1293/1122
f 5029/1256/1126 5066/1293/1122 5025/1252/1121
f 5031/1258/1107 5068/1295/1211 5063/1290/1213
f 5031/1258/1107 5063/1290/1213 5027/1254/1108
f 5033/1260/1181 5069/1296/1210 5067/1294/1212
f 5033/1260/1181 5067/1294/1212 5029/1256/1126
f 5035/1262/1179 5070/1297/1209 5068/1295/1211
f 5035/1262/1179 5068/1295/1211 5031/1258/1107
f 5037/1264/1177 5071/1298/1208 5069/1296/1210
f 5037/1264/1177 5069/1296/1210 5033/1260/1181
f 5039/1266/2733 5072/1299/1207 5070/1297/1209
f 5039/1266/2733 5070/1297/1209 5035/1262/1179
f 5041/1268/2734 5073/1300/1206 5071/1298/1208
f 5041/1268/2734 5071/1298/1208 5037/1264/1177
f 5043/1270/2736 5074/1301/1205 5072/1299/1207
f 5043/1270/2736 5072/1299/1207 5039/1266/2733
f 5045/1272/1169 5075/1302/1204 5073/1300/1206
f 5045/1272/1169 5073/1300/1206 5041/1268/2734
f 5047/1274/1167 5076/1303/1203 5074/1301/1205
f 5047/1274/1167 5074/1301/1205 5043/1270/2736
f 4944/1171/1165 5077/1304/2738 5075/1302/1204
f 4944/1171/1165 5075/1302/1204 5045/1272/1169
f 4991/1219/1163 5078/1305/1201 5076/1303/1203
f 4991/1219/1163 5076/1303/1203 5047/1274/1167
f 4943/1172/1161 5079/1306/1197 5077/1304/2738
f 4943/1172/1161 5077/1304/2738 4944/1171/1165
f 4989/1214/1159 4988/1215/2724 5078/1305/1201
f 4989/1214/1159 5078/1305/1201 4991/1219/1163
f 4997/1226/1153 5053/1279/1196 5065/1292/1199
f 4997/1226/1153 5065/1292/1199 4998/1225/1132
f 4994/1221/2725 5055/1281/1195 5079/1306/1197
f 4994/1221/2725 5079/1306/1197 4943/1172/1161
f 5080/1307/1236 5081/1310/2739 5082/1309/1261
f 5080/1307/1236 5082/1309/1261 5083/1308/1238
f 5059/1286/1189 5084/1312/1242 5085/1311/1245
f 5059/1286/1189 5085/1311/1245 5057/1284/1192
f 5062/1289/1186 5086/1314/1241 5087/1313/1244
f 5062/1289/1186 5087/1313/1244 5060/1287/1187
f 5064/1291/1123 5088/1315/2740 5049/1278/1243
f 5064/1291/1123 5049/1278/1243 5048/1275/1190
f 5061/1288/1188 5089/1316/1239 5084/1312/1242
f 5061/1288/1188 5084/1312/1242 5059/1286/1189
f 5065/1292/1199 5090/1317/2741 5086/1314/1241
f 5065/1292/1199 5086/1314/1241 5062/1289/1186
f 5066/1293/1122 5083/1308/1238 5088/1315/2740
f 5066/1293/1122 5088/1315/2740 5064/1291/1123
f 5063/1290/1213 5091/1318/2742 5089/1316/1239
f 5063/1290/1213 5089/1316/1239 5061/1288/1188
f 5067/1294/1212 5080/1307/1236 5083/1308/1238
f 5067/1294/1212 5083/1308/1238 5066/1293/1122
f 5068/1295/1211 5092/1319/2743 5091/1318/2742
f 5068/1295/1211 5091/1318/2742 5063/1290/1213
f 5069/1296/1210 5093/1320/1234 5080/1307/1236
f 5069/1296/1210 5080/1307/1236 5067/1294/1212
f 5070/1297/1209 5094/1321/1233 5092/1319/2743
f 5070/1297/1209 5092/1319/2743 5068/1295/1211
f 5071/1298/1208 5095/1322/2744 5093/1320/1234
f 5071/1298/1208 5093/1320/1234 5069/1296/1210
f 5072/1299/1207 5096/1323/2745 5094/1321/1233
f 5072/1299/1207 5094/1321/1233 5070/1297/1209
f 5073/1300/1206 5097/1324/2746 5095/1322/2744
f 5073/1300/1206 5095/1322/2744 5071/1298/1208
f 5074/1301/1205 5098/1325/1229 5096/1323/2745
f 5074/1301/1205 5096/1323/2745 5072/1299/1207
f 5075/1302/1204 5099/1326/1228 5097/1324/2746
f 5075/1302/1204 5097/1324/2746 5073/1300/1206
f 5076/1303/1203 5100/1327/2747 5098/1325/1229
f 5076/1303/1203 5098/1325/1229 5074/1301/1205
f 5077/1304/2738 5101/1328/2748 5099/1326/1228
f 5077/1304/2738 5099/1326/1228 5075/1302/1204
f 5078/1305/1201 5102/1329/1214 5100/1327/2747
f 5078/1305/1201 5100/1327/2747 5076/1303/1203
f 5079/1306/1197 5103/1330/1225 5101/1328/2748
f 5079/1306/1197 5101/1328/2748 5077/1304/2738
f 4988/1215/2724 5104/1331/1215 5102/1329/1214
f 4988/1215/2724 5102/1329/1214 5078/1305/1201
f 5055/1281/1195 5105/1332/1223 5103/1330/1225
f 5055/1281/1195 5103/1330/1225 5079/1306/1197
f 4987/1216/1198 5106/1333/2749 5104/1331/1215
f 4987/1216/1198 5104/1331/1215 4988/1215/2724
f 5053/1279/1196 5107/1334/1221 5090/1317/2741
f 5053/1279/1196 5090/1317/2741 5065/1292/1199
f 5054/1282/1193 5108/1335/1219 5105/1332/1223
f 5054/1282/1193 5105/1332/1223 5055/1281/1195
f 5056/1283/1182 5109/1336/1185 5106/1333/2749
f 5056/1283/1182 5106/1333/2749 4987/1216/1198
f 5052/1280/1194 5110/1337/1220 5107/1334/1221
f 5052/1280/1194 5107/1334/1221 5053/1279/1196
f 5058/1285/1191 5111/1338/1218 5108/1335/1219
f 5058/1285/1191 5108/1335/1219 5054/1282/1193
f 5051/1276/1183 5050/1277/1184 5109/1336/1185
f 5051/1276/1183 5109/1336/1185 5056/1283/1182
f 5057/1284/1192 5085/1311/1245 5110/1337/1220
f 5057/1284/1192 5110/1337/1220 5052/1280/1194
f 5060/1287/1187 5087/1313/1244 5111/1338/1218
f 5060/1287/1187 5111/1338/1218 5058/1285/1191
f 5112/1339/1254 5113/1342/1282 5114/1341/2750
f 5112/1339/1254 5114/1341/2750 5115/1340/1255
f 5092/1319/2743 5116/1344/1258 5117/1343/1260
f 5092/1319/2743 5117/1343/1260 5091/1318/2742
f 5093/1320/1234 5118/1345/1257 5081/1310/2739
f 5093/1320/1234 5081/1310/2739 5080/1307/1236
f 5094/1321/1233 5119/1346/1256 5116/1344/1258
f 5094/1321/1233 5116/1344/1258 5092/1319/2743
f 5095/1322/2744 5115/1340/1255 5118/1345/1257
f 5095/1322/2744 5118/1345/1257 5093/1320/1234
f 5096/1323/2745 5120/1347/2751 5119/1346/1256
f 5096/1323/2745 5119/1346/1256 5094/1321/1233
f 5097/1324/2746 5112/1339/1254 5115/1340/1255
f 5097/1324/2746 5115/1340/1255 5095/1322/2744
f 5098/1325/1229 5121/1348/2752 5120/1347/2751
f 5098/1325/1229 5120/1347/2751 5096/1323/2745
f 5099/1326/1228 5122/1349/1253 5112/1339/1254
f 5099/1326/1228 5112/1339/1254 5097/1324/2746
f 5100/1327/2747 5123/1350/2753 5121/1348/2752
f 5100/1327/2747 5121/1348/2752 5098/1325/1229
f 5101/1328/2748 5124/1351/2754 5122/1349/1253
f 5101/1328/2748 5122/1349/1253 5099/1326/1228
f 5102/1329/1214 5125/1352/1217 5123/1350/2753
f 5102/1329/1214 5123/1350/2753 5100/1327/2747
f 5103/1330/1225 5126/1353/1250 5124/1351/2754
f 5103/1330/1225 5124/1351/2754 5101/1328/2748
f 5104/1331/1215 5127/1354/2755 5125/1352/1217
f 5104/1331/1215 5125/1352/1217 5102/1329/1214
f 5105/1332/1223 5128/1355/1277 5126/1353/1250
f 5105/1332/1223 5126/1353/1250 5103/1330/1225
f 5106/1333/2749 5129/1356/1276 5127/1354/2755
f 5106/1333/2749 5127/1354/2755 5104/1331/1215
f 5107/1334/1221 5130/1358/1275 5131/1357/2756
f 5107/1334/1221 5131/1357/2756 5090/1317/2741
f 5108/1335/1219 5132/1359/2757 5128/1355/1277
f 5108/1335/1219 5128/1355/1277 5105/1332/1223
f 5109/1336/1185 5133/1360/2758 5129/1356/1276
f 5109/1336/1185 5129/1356/1276 5106/1333/2749
f 5110/1337/1220 5134/1361/1272 5130/1358/1275
f 5110/1337/1220 5130/1358/1275 5107/1334/1221
f 5111/1338/1218 5135/1362/2759 5132/1359/2757
f 5111/1338/1218 5132/1359/2757 5108/1335/1219
f 5050/1277/1184 5136/1363/1270 5133/1360/2758
f 5050/1277/1184 5133/1360/2758 5109/1336/1185
f 5085/1311/1245 5137/1364/2760 5134/1361/1272
f 5085/1311/1245 5134/1361/1272 5110/1337/1220
f 5087/1313/1244 5138/1365/1268 5135/1362/2759
f 5087/1313/1244 5135/1362/2759 5111/1338/1218
f 5049/1278/1243 5139/1366/1267 5136/1363/1270
f 5049/1278/1243 5136/1363/1270 5050/1277/1184
f 5084/1312/1242 5140/1367/2761 5137/1364/2760
f 5084/1312/1242 5137/1364/2760 5085/1311/1245
f 5086/1314/1241 5141/1368/1265 5138/1365/1268
f 5086/1314/1241 5138/1365/1268 5087/1313/1244
f 5088/1315/2740 5142/1369/1263 5139/1366/1267
f 5088/1315/2740 5139/1366/1267 5049/1278/1243
f 5089/1316/1239 5143/1370/1262 5140/1367/2761
f 5089/1316/1239 5140/1367/2761 5084/1312/1242
f 5090/1317/2741 5131/1357/2756 5141/1368/1265
f 5090/1317/2741 5141/1368/1265 5086/1314/1241
f 5083/1308/1238 5082/1309/1261 5142/1369/1263
f 5083/1308/1238 5142/1369/1263 5088/1315/2740
f 5091/1318/2742 5117/1343/1260 5143/1370/1262
f 5091/1318/2742 5143/1370/1262 5089/1316/1239
f 5144/1371/2762 5145/1374/2763 5146/1373/1333
f 5144/1371/2762 5146/1373/1333 5147/1372/2764
f 5121/1348/2752 5148/1376/1248 5149/1375/2765
f 5121/1348/2752 5149/1375/2765 5120/1347/2751
f 5122/1349/1253 5150/1377/1309 5113/1342/1282
f 5122/1349/1253 5113/1342/1282 5112/1339/1254
f 5123/1350/2753 5151/1378/2766 5148/1376/1248
f 5123/1350/2753 5148/1376/1248 5121/1348/2752
f 5124/1351/2754 5147/1372/2764 5150/1377/1309
f 5124/1351/2754 5150/1377/1309 5122/1349/1253
f 5125/1352/1217 5152/1379/1306 5151/1378/2766
f 5125/1352/1217 5151/1378/2766 5123/1350/2753
f 5126/1353/1250 5144/1371/2762 5147/1372/2764
f 5126/1353/1250 5147/1372/2764 5124/1351/2754
f 5127/1354/2755 5153/1380/2767 5152/1379/1306
f 5127/1354/2755 5152/1379/1306 5125/1352/1217
f 5128/1355/1277 5154/1381/1303 5144/1371/2762
f 5128/1355/1277 5144/1371/2762 5126/1353/1250
f 5129/1356/1276 5155/1382/2768 5153/1380/2767
f 5129/1356/1276 5153/1380/2767 5127/1354/2755
f 5130/1358/1275 5156/1384/1301 5157/1383/1290
f 5130/1358/1275 5157/1383/1290 5131/1357/2756
f 5132/1359/2757 5158/1385/2769 5154/1381/1303
f 5132/1359/2757 5154/1381/1303 5128/1355/1277
f 5133/1360/2758 5159/1386/1299 5155/1382/2768
f 5133/1360/2758 5155/1382/2768 5129/1356/1276
f 5134/1361/1272 5160/1387/1298 5156/1384/1301
f 5134/1361/1272 5156/1384/1301 5130/1358/1275
f 5135/1362/2759 5161/1388/1297 5158/1385/2769
f 5135/1362/2759 5158/1385/2769 5132/1359/2757
f 5136/1363/1270 5162/1389/1296 5159/1386/1299
f 5136/1363/1270 5159/1386/1299 5133/1360/2758
f 5137/1364/2760 5163/1390/1295 5160/1387/1298
f 5137/1364/2760 5160/1387/1298 5134/1361/1272
f 5138/1365/1268 5164/1391/1294 5161/1388/1297
f 5138/1365/1268 5161/1388/1297 5135/1362/2759
f 5139/1366/1267 5165/1392/1293 5162/1389/1296
f 5139/1366/1267 5162/1389/1296 5136/1363/1270
f 5140/1367/2761 5166/1393/1292 5163/1390/1295
f 5140/1367/2761 5163/1390/1295 5137/1364/2760
f 5141/1368/1265 5167/1394/1291 5164/1391/1294
f 5141/1368/1265 5164/1391/1294 5138/1365/1268
f 5142/1369/1263 5168/1395/1289 5165/1392/1293
f 5142/1369/1263 5165/1392/1293 5139/1366/1267
f 5143/1370/1262 5169/1396/1288 5166/1393/1292
f 5143/1370/1262 5166/1393/1292 5140/1367/2761
f 5131/1357/2756 5157/1383/1290 5167/1394/1291
f 5131/1357/2756 5167/1394/1291 5141/1368/1265
f 5082/1309/1261 5170/1397/2770 5168/1395/1289
f 5082/1309/1261 5168/1395/1289 5142/1369/1263
f 5117/1343/1260 5171/1398/1278 5169/1396/1288
f 5117/1343/1260 5169/1396/1288 5143/1370/1262
f 5081/1310/2739 5172/1399/1286 5170/1397/2770
f 5081/1310/2739 5170/1397/2770 5082/1309/1261
f 5116/1344/1258 5173/1400/1279 5171/1398/1278
f 5116/1344/1258 5171/1398/1278 5117/1343/1260
f 5118/1345/1257 5174/1401/1285 5172/1399/1286
f 5118/1345/1257 5172/1399/1286 5081/1310/2739
f 5119/1346/1256 5175/1402/2771 5173/1400/1279
f 5119/1346/1256 5173/1400/1279 5116/1344/1258
f 5115/1340/1255 5114/1341/2750 5174/1401/1285
f 5115/1340/1255 5174/1401/1285 5118/1345/1257
f 5120/1347/2751 5149/1375/2765 5175/1402/2771
f 5120/1347/2751 5175/1402/2771 5119/1346/1256
f 5176/1403/1324 5177/1406/2772 5178/1405/2773
f 5176/1403/1324 5178/1405/2773 5179/1404/2774
f 5153/1380/2767 5180/1408/1330 5181/1407/1332
f 5153/1380/2767 5181/1407/1332 5152/1379/1306
f 5154/1381/1303 5182/1409/1329 5145/1374/2763
f 5154/1381/1303 5145/1374/2763 5144/1371/2762
f 5155/1382/2768 5183/1410/1328 5180/1408/1330
f 5155/1382/2768 5180/1408/1330 5153/1380/2767
f 5156/1384/1301 5179/1404/2774 5184/1411/1318
f 5156/1384/1301 5184/1411/1318 5157/1383/1290
f 5158/1385/2769 5185/1412/1326 5182/1409/1329
f 5158/1385/2769 5182/1409/1329 5154/1381/1303
f 5159/1386/1299 5186/1413/1325 5183/1410/1328
f 5159/1386/1299 5183/1410/1328 5155/1382/2768
f 5160/1387/1298 5176/1403/1324 5179/1404/2774
f 5160/1387/1298 5179/1404/2774 5156/1384/1301
f 5161/1388/1297 5187/1414/2775 5185/1412/1326
f 5161/1388/1297 5185/1412/1326 5158/1385/2769
f 5162/1389/1296 5188/1415/1322 5186/1413/1325
f 5162/1389/1296 5186/1413/1325 5159/1386/1299
f 5163/1390/1295 5189/1416/1321 5176/1403/1324
f 5163/1390/1295 5176/1403/1324 5160/1387/1298
f 5164/1391/1294 5190/1417/1310 5187/1414/2775
f 5164/1391/1294 5187/1414/2775 5161/1388/1297
f 5165/1392/1293 5191/1418/1320 5188/1415/1322
f 5165/1392/1293 5188/1415/1322 5162/1389/1296
f 5166/1393/1292 5192/1419/2776 5189/1416/1321
f 5166/1393/1292 5189/1416/1321 5163/1390/1295
f 5167/1394/1291 5193/1420/1311 5190/1417/1310
f 5167/1394/1291 5190/1417/1310 5164/1391/1294
f 5168/1395/1289 5194/1421/1317 5191/1418/1320
f 5168/1395/1289 5191/1418/1320 5165/1392/1293
f 5169/1396/1288 5195/1422/1316 5192/1419/2776
f 5169/1396/1288 5192/1419/2776 5166/1393/1292
f 5157/1383/1290 5184/1411/1318 5193/1420/1311
f 5157/1383/1290 5193/1420/1311 5167/1394/1291
f 5170/1397/2770 5196/1423/2777 5194/1421/1317
f 5170/1397/2770 5194/1421/1317 5168/1395/1289
f 5171/1398/1278 5197/1424/1281 5195/1422/1316
f 5171/1398/1278 5195/1422/1316 5169/1396/1288
f 5172/1399/1286 5198/1425/2778 5196/1423/2777
f 5172/1399/1286 5196/1423/2777 5170/1397/2770
f 5173/1400/1279 5199/1426/1280 5197/1424/1281
f 5173/1400/1279 5197/1424/1281 5171/1398/1278
f 5174/1401/1285 5200/1427/2779 5198/1425/2778
f 5174/1401/1285 5198/1425/2778 5172/1399/1286
f 5175/1402/2771 5201/1428/1340 5199/1426/1280
f 5175/1402/2771 5199/1426/1280 5173/1400/1279
f 5114/1341/2750 5202/1429/2780 5200/1427/2779
f 5114/1341/2750 5200/1427/2779 5174/1401/1285
f 5149/1375/2765 5203/1430/1338 5201/1428/1340
f 5149/1375/2765 5201/1428/1340 5175/1402/2771
f 5113/1342/1282 5204/1431/2781 5202/1429/2780
f 5113/1342/1282 5202/1429/2780 5114/1341/2750
f 5148/1376/1248 5205/1432/1336 5203/1430/1338
f 5148/1376/1248 5203/1430/1338 5149/1375/2765
f 5150/1377/1309 5206/1433/1335 5204/1431/2781
f 5150/1377/1309 5204/1431/2781 5113/1342/1282
f 5151/1378/2766 5207/1434/2782 5205/1432/1336
f 5151/1378/2766 5205/1432/1336 5148/1376/1248
f 5147/1372/2764 5146/1373/1333 5206/1433/1335
f 5147/1372/2764 5206/1433/1335 5150/1377/1309
f 5152/1379/1306 5181/1407/1332 5207/1434/2782
f 5152/1379/1306 5207/1434/2782 5151/1378/2766
s 0
f 5208/1435/86 5209/1438/86 5210/1437/86
f 5208/1435/86 5210/1437/86 5211/1436/86
s 1
f 5187/1414/2775 5212/1440/2783 5213/1439/1349
f 5187/1414/2775 5213/1439/1349 5185/1412/1326
f 5188/1415/1322 5214/1442/1345 5215/1441/1348
f 5188/1415/1322 5215/1441/1348 5186/1413/1325
f 5189/1416/1321 5216/1443/2784 5177/1406/2772
f 5189/1416/1321 5177/1406/2772 5176/1403/1324
f 5190/1417/1310 5217/1444/1313 5212/1440/2783
f 5190/1417/1310 5212/1440/2783 5187/1414/2775
f 5191/1418/1320 5218/1445/2785 5214/1442/1345
f 5191/1418/1320 5214/1442/1345 5188/1415/1322
f 5192/1419/2776 5219/1436/1342 5216/1443/2784
f 5192/1419/2776 5216/1443/2784 5189/1416/1321
f 5193/1420/1311 5220/1446/2786 5217/1444/1313
f 5193/1420/1311 5217/1444/1313 5190/1417/1310
f 5194/1421/1317 5221/1447/2787 5218/1445/2785
f 5194/1421/1317 5218/1445/2785 5191/1418/1320
f 5195/1422/1316 5222/1435/1370 5219/1436/1342
f 5195/1422/1316 5219/1436/1342 5192/1419/2776
f 5184/1411/1318 5223/1448/1353 5220/1446/2786
f 5184/1411/1318 5220/1446/2786 5193/1420/1311
f 5196/1423/2777 5224/1449/2788 5221/1447/2787
f 5196/1423/2777 5221/1447/2787 5194/1421/1317
f 5197/1424/1281 5225/1450/2789 5222/1435/1370
f 5197/1424/1281 5222/1435/1370 5195/1422/1316
f 5198/1425/2778 5226/1451/1367 5224/1449/2788
f 5198/1425/2778 5224/1449/2788 5196/1423/2777
f 5199/1426/1280 5227/1452/2790 5225/1450/2789
f 5199/1426/1280 5225/1450/2789 5197/1424/1281
f 5200/1427/2779 5228/1453/2791 5226/1451/1367
f 5200/1427/2779 5226/1451/1367 5198/1425/2778
f 5201/1428/1340 5229/1454/2792 5227/1452/2790
f 5201/1428/1340 5227/1452/2790 5199/1426/1280
f 5202/1429/2780 5230/1455/1363 5228/1453/2791
f 5202/1429/2780 5228/1453/2791 5200/1427/2779
f 5203/1430/1338 5231/1456/2793 5229/1454/2792
f 5203/1430/1338 5229/1454/2792 5201/1428/1340
f 5204/1431/2781 5232/1457/2794 5230/1455/1363
f 5204/1431/2781 5230/1455/1363 5202/1429/2780
f 5205/1432/1336 5233/1458/1360 5231/1456/2793
f 5205/1432/1336 5231/1456/2793 5203/1430/1338
f 5206/1433/1335 5234/1459/2795 5232/1457/2794
f 5206/1433/1335 5232/1457/2794 5204/1431/2781
f 5207/1434/2782 5235/1460/2796 5233/1458/1360
f 5207/1434/2782 5233/1458/1360 5205/1432/1336
f 5146/1373/1333 5236/1461/2797 5234/1459/2795
f 5146/1373/1333 5234/1459/2795 5206/1433/1335
f 5181/1407/1332 5237/1462/1356 5235/1460/2796
f 5181/1407/1332 5235/1460/2796 5207/1434/2782
f 5145/1374/2763 5238/1463/2798 5236/1461/2797
f 5145/1374/2763 5236/1461/2797 5146/1373/1333
f 5180/1408/1330 5239/1464/2799 5237/1462/1356
f 5180/1408/1330 5237/1462/1356 5181/1407/1332
f 5182/1409/1329 5240/1465/2800 5238/1463/2798
f 5182/1409/1329 5238/1463/2798 5145/1374/2763
f 5183/1410/1328 5241/1466/2801 5239/1464/2799
f 5183/1410/1328 5239/1464/2799 5180/1408/1330
f 5179/1404/2774 5178/1405/2773 5223/1448/1353
f 5179/1404/2774 5223/1448/1353 5184/1411/1318
f 5185/1412/1326 5213/1439/1349 5240/1465/2800
f 5185/1412/1326 5240/1465/2800 5182/1409/1329
f 5186/1413/1325 5215/1441/1348 5241/1466/2801
f 5186/1413/1325 5241/1466/2801 5183/1410/1328
s 0
f 5242/1448/86 5243/1468/86 5244/1467/86
f 5242/1448/86 5244/1467/86 5245/1446/86
f 5246/1449/86 5247/1470/86 5248/1469/86
f 5246/1449/86 5248/1469/86 5249/1447/86
f 5250/1450/86 5251/1471/86 5209/1438/86
f 5250/1450/86 5209/1438/86 5208/1435/86
f 5252/1451/86 5253/1472/86 5247/1470/86
f 5252/1451/86 5247/1470/86 5246/1449/86
f 5254/1452/86 5255/1473/86 5251/1471/86
f 5254/1452/86 5251/1471/86 5250/1450/86
f 5256/1453/86 5257/1474/86 5253/1472/86
f 5256/1453/86 5253/1472/86 5252/1451/86
f 5258/1454/86 5259/1475/86 5255/1473/86
f 5258/1454/86 5255/1473/86 5254/1452/86
f 5260/1455/86 5261/1476/86 5257/1474/86
f 5260/1455/86 5257/1474/86 5256/1453/86
f 5262/1456/86 5263/1477/86 5259/1475/86
f 5262/1456/86 5259/1475/86 5258/1454/86
f 5264/1457/86 5265/1478/86 5261/1476/86
f 5264/1457/86 5261/1476/86 5260/1455/86
f 5266/1458/86 5267/1479/86 5263/1477/86
f 5266/1458/86 5263/1477/86 5262/1456/86
f 5268/1459/86 5269/1480/86 5265/1478/86
f 5268/1459/86 5265/1478/86 5264/1457/86
f 5270/1460/86 5271/1481/86 5267/1479/86
f 5270/1460/86 5267/1479/86 5266/1458/86
f 5272/1461/86 5273/1482/86 5269/1480/86
f 5272/1461/86 5269/1480/86 5268/1459/86
f 5274/1462/86 5275/1483/86 5271/1481/86
f 5274/1462/86 5271/1481/86 5270/1460/86
f 5276/1463/86 5277/1484/86 5273/1482/86
f 5276/1463/86 5273/1482/86 5272/1461/86
f 5278/1464/86 5279/1485/86 5275/1483/86
f 5278/1464/86 5275/1483/86 5274/1462/86
f 5280/1465/86 5281/1486/86 5277/1484/86
f 5280/1465/86 5277/1484/86 5276/1463/86
f 5282/1466/86 5283/1487/86 5279/1485/86
f 5282/1466/86 5279/1485/86 5278/1464/86
f 5284/1405/86 5285/1488/86 5243/1468/86
f 5284/1405/86 5243/1468/86 5242/1448/86
f 5286/1439/86 5287/1489/86 5281/1486/86
f 5286/1439/86 5281/1486/86 5280/1465/86
f 5288/1441/86 5289/1490/86 5283/1487/86
f 5288/1441/86 5283/1487/86 5282/1466/86
f 5290/1406/86 5291/1491/86 5285/1488/86
f 5290/1406/86 5285/1488/86 5284/1405/86
f 5292/1440/86 5293/1492/86 5287/1489/86
f 5292/1440/86 5287/1489/86 5286/1439/86
f 5294/1442/86 5295/1493/86 5289/1490/86
f 5294/1442/86 5289/1490/86 5288/1441/86
f 5296/1443/86 5297/1494/86 5291/1491/86
f 5296/1443/86 5291/1491/86 5290/1406/86
f 5298/1444/86 5299/1495/86 5293/1492/86
f 5298/1444/86 5293/1492/86 5292/1440/86
f 5300/1445/86 5301/1496/86 5295/1493/86
f 5300/1445/86 5295/1493/86 5294/1442/86
f 5211/1436/86 5210/1437/86 5297/1494/86
f 5211/1436/86 5297/1494/86 5296/1443/86
f 5245/1446/86 5244/1467/86 5299/1495/86
f 5245/1446/86 5299/1495/86 5298/1444/86
f 5249/1447/86 5248/1469/86 5301/1496/86
f 5249/1447/86 5301/1496/86 5300/1445/86
s 1
f 5302/1497/2802 5303/1500/86 5304/1499/86
f 5302/1497/2802 5304/1499/86 5305/1498/2802
f 4724/953/2633 5306/1502/2803 5307/1501/2804
f 4724/953/2633 5307/1501/2804 4725/952/2634
f 3900/168/2338 5308/1504/2805 5309/1503/2806
f 3900/168/2338 5309/1503/2806 3901/167/2339
f 5310/1505/2807 5311/1507/2808 5312/1506/2809
f 5310/1505/2807 5312/1506/2809 5313/1083/2810
f 5314/1508/2811 5315/1511/2812 5316/1510/2812
f 5314/1508/2811 5316/1510/2812 5317/1509/2811
f 4985/1212/2723 5318/1513/2813 5319/1512/2814
f 4985/1212/2723 5319/1512/2814 4695/924/2621
f 5320/1514/2815 5321/1516/2816 5322/1515/67
f 5320/1514/2815 5322/1515/67 5323/1040/67
f 5324/1517/2817 5325/1520/2818 5326/1519/2819
f 5324/1517/2817 5326/1519/2819 5327/1518/2820
f 4889/1118/67 5328/1522/67 5329/1521/2821
f 4889/1118/67 5329/1521/2821 4890/1117/2703
s 0
f 5330/1038/67 5331/1039/67 5332/953/67
f 5330/1038/67 5332/953/67 5333/950/67
s 1
f 5334/1523/1392 5335/1525/2822 5336/1517/2823
f 5334/1523/1392 5336/1517/2823 5337/1524/1392
f 5338/1526/1395 5339/1518/2824 5310/1505/2807
f 5338/1526/1395 5310/1505/2807 5340/1527/1396
f 4856/1081/1025 4855/1082/2686 5341/1529/73
f 4856/1081/1025 5341/1529/73 5342/1528/73
f 5343/1530/1398 5320/1514/2815 5323/1040/67
f 5343/1530/1398 5323/1040/67 5344/1037/67
f 5345/951/67 5346/952/67 4985/1212/2723
f 5345/951/67 4985/1212/2723 4984/1211/1118
f 5347/1261/2825 5302/1497/2802 5305/1498/2802
f 5347/1261/2825 5305/1498/2802 5348/1265/2826
f 5340/1527/1396 5310/1505/2807 5313/1083/2810
f 5340/1527/1396 5313/1083/2810 5349/1080/1401
f 3902/166/159 3901/167/2339 5350/1525/2827
f 3902/166/159 5350/1525/2827 5351/1523/1402
f 4891/1116/1057 4890/1117/2703 5320/1514/2815
f 4891/1116/1057 5320/1514/2815 5343/1530/1398
f 5325/1520/2818 5352/1532/2828 5353/1531/2829
f 5325/1520/2818 5353/1531/2829 5326/1519/2819
f 5328/1522/67 5354/1534/67 5355/1533/2830
f 5328/1522/67 5355/1533/2830 5329/1521/2821
s 0
f 5356/1535/67 5357/1537/67 5358/1536/67
f 5356/1535/67 5358/1536/67 5359/1502/67
s 1
f 5309/1503/2806 5360/1540/2831 5361/1539/2832
f 5309/1503/2806 5361/1539/2832 5362/1538/2833
f 5363/1506/2834 5364/1543/2835 5365/1542/2836
f 5363/1506/2834 5365/1542/2836 5366/1541/2837
f 5367/1501/67 5368/1545/67 5369/1544/2838
f 5367/1501/67 5369/1544/2838 5318/1513/2813
f 5329/1521/2821 5355/1533/2830 5370/1546/2839
f 5329/1521/2821 5370/1546/2839 5321/1516/2816
f 5319/1512/2814 5371/1549/2840 5372/1548/67
f 5319/1512/2814 5372/1548/67 5373/1547/67
f 5374/1519/2841 5375/1531/2842 5376/1550/2843
f 5374/1519/2841 5376/1550/2843 5311/1507/2808
f 4855/1082/2686 5366/1541/2837 5377/1551/73
f 4855/1082/2686 5377/1551/73 5341/1529/73
f 5335/1525/2822 5378/1538/2844 5379/1520/2845
f 5335/1525/2822 5379/1520/2845 5336/1517/2823
f 4811/1040/2662 5380/1515/2846 5381/1535/2847
f 4811/1040/2662 5381/1535/2847 4812/1039/2663
f 4618/852/73 5382/1552/73 5308/1504/2805
f 4618/852/73 5308/1504/2805 3900/168/2338
f 5339/1518/2824 5374/1519/2841 5311/1507/2808
f 5339/1518/2824 5311/1507/2808 5310/1505/2807
f 4695/924/2621 5319/1512/2814 5373/1547/67
f 4695/924/2621 5373/1547/67 4696/923/67
f 4890/1117/2703 5329/1521/2821 5321/1516/2816
f 4890/1117/2703 5321/1516/2816 5320/1514/2815
f 5346/952/67 5367/1501/67 5318/1513/2813
f 5346/952/67 5318/1513/2813 4985/1212/2723
f 4854/1083/2685 5363/1506/2834 5366/1541/2837
f 4854/1083/2685 5366/1541/2837 4855/1082/2686
f 3901/167/2339 5309/1503/2806 5362/1538/2833
f 3901/167/2339 5362/1538/2833 5350/1525/2827
s 0
f 5331/1039/67 5356/1535/67 5359/1502/67
f 5331/1039/67 5359/1502/67 5332/953/67
s 1
f 5383/1553/73 5384/1556/73 5385/1555/2848
f 5383/1553/73 5385/1555/2848 5386/1554/2849
f 5387/1557/2850 5388/1559/2851 5389/1558/2852
f 5387/1557/2850 5389/1558/2852 5390/1537/2853
f 5391/1560/2854 5392/1563/2855 5393/1562/2855
f 5391/1560/2854 5393/1562/2855 5394/1561/2856
f 5365/1542/2836 5395/1566/2857 5396/1565/73
f 5365/1542/2836 5396/1565/73 5397/1564/73
f 5398/1567/2858 5399/1570/2858 5400/1569/2858
f 5398/1567/2858 5400/1569/2858 5401/1568/2858
f 5402/1571/2859 5403/1574/2860 5404/1573/2860
f 5402/1571/2859 5404/1573/2860 5405/1572/2861
f 5386/1554/2849 5385/1555/2848 5406/1575/2862
f 5386/1554/2849 5406/1575/2862 5407/1540/2863
f 5376/1550/2843 5408/1577/2864 5409/1576/2865
f 5376/1550/2843 5409/1576/2865 5410/1543/2866
f 5411/1578/2867 5412/1581/2868 5413/1580/2868
f 5411/1578/2867 5413/1580/2868 5414/1579/2867
f 5321/1516/2816 5370/1546/2839 5415/1557/67
f 5321/1516/2816 5415/1557/67 5322/1515/67
f 5318/1513/2813 5369/1544/2838 5371/1549/2840
f 5318/1513/2813 5371/1549/2840 5319/1512/2814
f 5315/1511/2812 5411/1578/2867 5414/1579/2867
f 5315/1511/2812 5414/1579/2867 5316/1510/2812
f 5311/1507/2808 5376/1550/2843 5410/1543/2866
f 5311/1507/2808 5410/1543/2866 5312/1506/2809
f 5308/1504/2805 5386/1554/2849 5407/1540/2863
f 5308/1504/2805 5407/1540/2863 5309/1503/2806
f 5306/1502/2803 5416/1536/2859 5417/1545/2861
f 5306/1502/2803 5417/1545/2861 5307/1501/2804
f 5303/1500/86 5398/1567/2858 5401/1568/2858
f 5303/1500/86 5401/1568/2858 5304/1499/86
f 5366/1541/2837 5365/1542/2836 5397/1564/73
f 5366/1541/2837 5397/1564/73 5377/1551/73
f 5418/1582/2869 5391/1560/2854 5394/1561/2856
f 5418/1582/2869 5394/1561/2856 5419/1583/2870
f 5380/1515/2846 5387/1557/2850 5390/1537/2853
f 5380/1515/2846 5390/1537/2853 5381/1535/2847
f 5382/1552/73 5383/1553/73 5386/1554/2849
f 5382/1552/73 5386/1554/2849 5308/1504/2805
f 5408/1577/2864 5420/1585/1447 5421/1584/1401
f 5408/1577/2864 5421/1584/1401 5409/1576/2865
f 5412/1581/2868 5422/1587/2871 5423/1586/2871
f 5412/1581/2868 5423/1586/2871 5413/1580/2868
f 5424/1588/2872 5425/1591/2873 5426/1590/2874
f 5424/1588/2872 5426/1590/2874 5427/1589/2875
f 5428/1592/2876 5429/1594/1455 5430/1593/2877
f 5428/1592/2876 5430/1593/2877 5388/1559/2851
f 5431/1595/2878 5432/1598/1458 5433/1597/1458
f 5431/1595/2878 5433/1597/1458 5434/1596/2879
f 5435/1599/67 5436/1602/67 5437/1601/1455
f 5435/1599/67 5437/1601/1455 5438/1600/2880
f 5389/1558/2852 5439/1605/2881 5440/1604/2882
f 5389/1558/2852 5440/1604/2882 5441/1603/2883
f 5406/1575/2862 5442/1608/2884 5443/1607/2885
f 5406/1575/2862 5443/1607/2885 5444/1606/2886
f 5445/1576/2887 5446/1584/1024 5447/1609/1467
f 5445/1576/2887 5447/1609/1467 5395/1566/2857
f 5375/1531/2842 5448/1596/2888 5408/1577/2864
f 5375/1531/2842 5408/1577/2864 5376/1550/2843
f 5371/1549/2840 5427/1589/2875 5449/1610/67
f 5371/1549/2840 5449/1610/67 5372/1548/67
f 5355/1533/2830 5438/1600/2880 5428/1592/2876
f 5355/1533/2830 5428/1592/2876 5370/1546/2839
f 5368/1545/67 5450/1611/2889 5424/1588/2872
f 5368/1545/67 5424/1588/2872 5369/1544/2838
f 5364/1543/2835 5445/1576/2887 5395/1566/2857
f 5364/1543/2835 5395/1566/2857 5365/1542/2836
f 5360/1540/2831 5406/1575/2862 5444/1606/2886
f 5360/1540/2831 5444/1606/2886 5361/1539/2832
f 5357/1537/67 5389/1558/2852 5441/1603/2883
f 5357/1537/67 5441/1603/2883 5358/1536/67
f 5354/1534/67 5435/1599/67 5438/1600/2880
f 5354/1534/67 5438/1600/2880 5355/1533/2830
f 5352/1532/2828 5431/1595/2878 5434/1596/2879
f 5352/1532/2828 5434/1596/2879 5353/1531/2829
f 5370/1546/2839 5428/1592/2876 5388/1559/2851
f 5370/1546/2839 5388/1559/2851 5415/1557/67
f 5369/1544/2838 5424/1588/2872 5427/1589/2875
f 5369/1544/2838 5427/1589/2875 5371/1549/2840
f 5423/1586/2871 5422/1587/2871 5451/1613/1566
f 5423/1586/2871 5451/1613/1566 5452/1612/1566
s 0
f 5451/1613/1566 5453/1615/1566 5454/1614/1566
f 5451/1613/1566 5454/1614/1566 5452/1612/1566
f 5453/1615/1566 5455/1617/1566 5456/1616/1566
f 5453/1615/1566 5456/1616/1566 5454/1614/1566
f 5455/1617/1566 5457/1619/1566 5458/1618/1566
f 5455/1617/1566 5458/1618/1566 5456/1616/1566
f 5457/1619/1566 5459/1621/1566 5460/1620/1566
f 5457/1619/1566 5460/1620/1566 5458/1618/1566
f 5459/1621/1566 5461/1623/1566 5462/1622/1566
f 5459/1621/1566 5462/1622/1566 5460/1620/1566
f 5461/1623/1566 5463/1625/1566 5464/1624/1566
f 5461/1623/1566 5464/1624/1566 5462/1622/1566
f 5463/1625/1566 5465/1627/1566 5466/1626/1566
f 5463/1625/1566 5466/1626/1566 5464/1624/1566
f 5465/1627/1566 5467/1629/1566 5468/1628/1566
f 5465/1627/1566 5468/1628/1566 5466/1626/1566
s 1
f 5385/1555/2848 5469/1630/2890 5442/1608/2884
f 5385/1555/2848 5442/1608/2884 5406/1575/2862
f 5441/1603/2883 5440/1604/2882 5470/1631/2891
f 5441/1603/2883 5470/1631/2891 5450/1611/2889
f 5399/1570/2858 5471/1633/86 5472/1632/86
f 5399/1570/2858 5472/1632/86 5400/1569/2858
f 5395/1566/2857 5447/1609/1467 5473/1634/73
f 5395/1566/2857 5473/1634/73 5396/1565/73
f 5444/1606/2886 5443/1607/2885 5474/1598/2892
f 5444/1606/2886 5474/1598/2892 5475/1595/2892
f 5388/1559/2851 5430/1593/2877 5439/1605/2881
f 5388/1559/2851 5439/1605/2881 5389/1558/2852
f 5384/1556/73 5476/1635/73 5469/1630/2890
f 5384/1556/73 5469/1630/2890 5385/1555/2848
f 5477/1596/1475 5478/1597/1475 5420/1585/1447
f 5477/1596/1475 5420/1585/1447 5408/1577/2864
f 5427/1589/2875 5426/1590/2874 5479/1636/67
f 5427/1589/2875 5479/1636/67 5449/1610/67
f 5438/1600/2880 5437/1601/1455 5429/1594/1455
f 5438/1600/2880 5429/1594/1455 5428/1592/2876
f 5450/1611/2889 5470/1631/2891 5425/1591/2873
f 5450/1611/2889 5425/1591/2873 5424/1588/2872
f 4949/1178/2720 5480/1638/2893 5481/1637/2894
f 4949/1178/2720 5481/1637/2894 4950/1177/2721
f 3938/206/2346 5482/1640/2895 5483/1639/2896
f 3938/206/2346 5483/1639/2896 3939/205/2347
f 5484/208/2897 5485/1642/2898 5486/1641/2899
f 5484/208/2897 5486/1641/2899 5487/207/2897
f 5488/1643/2900 5489/1644/2901 5490/1178/2901
f 5488/1643/2900 5490/1178/2901 5491/1175/2900
f 5492/1180/2902 5493/1646/2903 5494/1645/2904
f 5492/1180/2902 5494/1645/2904 5495/1123/2902
f 4896/1123/2707 5496/1645/2905 5497/1647/2905
f 4896/1123/2707 5497/1647/2905 4876/1103/2696
f 5498/204/2906 5499/205/2907 5500/1649/2907
f 5498/204/2906 5500/1649/2907 5501/1648/2906
f 4633/201/2584 5502/1650/2908 5503/1642/2908
f 4633/201/2584 5503/1642/2908 4653/208/2598
f 3938/206/2346 4950/1177/2721 5481/1637/2894
f 3938/206/2346 5481/1637/2894 5482/1640/2895
f 5480/1638/2893 5504/1652/2909 5505/1651/2910
f 5480/1638/2893 5505/1651/2910 5481/1637/2894
f 5482/1640/2895 5506/1654/2911 5507/1653/2912
f 5482/1640/2895 5507/1653/2912 5483/1639/2896
f 5508/1655/2913 5509/1658/2914 5510/1657/2915
f 5508/1655/2913 5510/1657/2915 5511/1656/2916
f 5493/1646/2903 5512/1659/2917 5508/1655/2913
f 5493/1646/2903 5508/1655/2913 5494/1645/2904
f 5485/1642/2898 5494/1645/2904 5508/1655/2913
f 5485/1642/2898 5508/1655/2913 5511/1656/2916
f 5513/1660/2918 5514/1663/2919 5515/1662/2920
f 5513/1660/2918 5515/1662/2920 5516/1661/2918
f 5485/1642/2898 5511/1656/2916 5517/1664/2921
f 5485/1642/2898 5517/1664/2921 5486/1641/2899
f 5518/1665/2922 5519/1668/2923 5520/1667/2924
f 5518/1665/2922 5520/1667/2924 5521/1666/2922
f 5481/1637/2894 5505/1651/2910 5506/1654/2911
f 5481/1637/2894 5506/1654/2911 5482/1640/2895
f 5512/1659/2917 5522/1669/2925 5509/1658/2914
f 5512/1659/2917 5509/1658/2914 5508/1655/2913
f 5514/1663/2919 5523/1671/2926 5524/1670/2927
f 5514/1663/2919 5524/1670/2927 5515/1662/2920
f 5511/1656/2916 5510/1657/2915 5525/1672/2928
f 5511/1656/2916 5525/1672/2928 5517/1664/2921
f 5519/1668/2923 5526/1674/2929 5527/1673/2930
f 5519/1668/2923 5527/1673/2930 5520/1667/2924
f 5528/1675/2931 5529/1678/2932 5530/1677/2933
f 5528/1675/2931 5530/1677/2933 5531/1676/2934
f 5532/1679/2935 5533/1682/2936 5534/1681/2937
f 5532/1679/2935 5534/1681/2937 5535/1680/2938
f 5536/1683/2939 5537/1686/2940 5538/1685/2941
f 5536/1683/2939 5538/1685/2941 5539/1684/2942
f 5533/1682/2936 5540/1688/2943 5541/1687/2944
f 5533/1682/2936 5541/1687/2944 5534/1681/2937
f 5537/1686/2940 5542/1690/2945 5543/1689/2946
f 5537/1686/2940 5543/1689/2946 5538/1685/2941
f 5544/1691/2947 5545/1692/2948 5542/1690/2945
f 5544/1691/2947 5542/1690/2945 5537/1686/2940
f 5546/1693/2949 5547/1696/2950 5548/1695/2951
f 5546/1693/2949 5548/1695/2951 5549/1694/2952
f 5550/1697/2953 5551/1700/2954 5552/1699/2955
f 5550/1697/2953 5552/1699/2955 5553/1698/2956
f 5535/1680/2938 5534/1681/2937 5547/1696/2950
f 5535/1680/2938 5547/1696/2950 5546/1693/2949
f 5539/1684/2942 5538/1685/2941 5554/1702/2957
f 5539/1684/2942 5554/1702/2957 5555/1701/2958
f 5556/1703/2959 5544/1691/2947 5537/1686/2940
f 5556/1703/2959 5537/1686/2940 5536/1683/2939
f 5557/1704/2960 5558/1707/2960 5559/1706/2961
f 5557/1704/2960 5559/1706/2961 5560/1705/2962
f 5561/1708/2963 5562/1711/2964 5563/1710/2964
f 5561/1708/2963 5563/1710/2964 5564/1709/2965
f 5559/1706/2961 5561/1708/2963 5564/1709/2965
f 5559/1706/2961 5564/1709/2965 5560/1705/2962
f 5529/1678/2932 5565/1713/2966 5566/1712/2966
f 5529/1678/2932 5566/1712/2966 5530/1677/2933
f 5547/1696/2950 5567/1715/2967 5568/1714/2968
f 5547/1696/2950 5568/1714/2968 5548/1695/2951
f 5551/1700/2954 5569/1717/2969 5570/1716/2969
f 5551/1700/2954 5570/1716/2969 5552/1699/2955
f 5534/1681/2937 5541/1687/2944 5567/1715/2967
f 5534/1681/2937 5567/1715/2967 5547/1696/2950
f 5538/1685/2941 5543/1689/2946 5571/1718/2970
f 5538/1685/2941 5571/1718/2970 5554/1702/2957
f 5572/1719/67 5573/1722/1555 5574/1721/1599
f 5572/1719/67 5574/1721/1599 5575/1720/141
f 5575/1720/141 5574/1721/1599 5576/1724/1596
f 5575/1720/141 5576/1724/1596 5577/1723/2971
f 5577/1723/2971 5576/1724/1596 5578/1726/1595
f 5577/1723/2971 5578/1726/1595 5579/1725/145
f 5579/1725/145 5578/1726/1595 5580/1728/1594
f 5579/1725/145 5580/1728/1594 5581/1727/147
f 5582/1729/147 5583/1732/2972 5584/1731/1593
f 5582/1729/147 5584/1731/1593 5585/1730/150
f 5585/1730/150 5584/1731/1593 5586/1734/1592
f 5585/1730/150 5586/1734/1592 5587/1733/2052
f 5587/1733/2052 5586/1734/1592 5588/1736/1591
f 5587/1733/2052 5588/1736/1591 5589/1735/1590
f 5589/1735/1590 5588/1736/1591 5590/1738/1589
f 5589/1735/1590 5590/1738/1589 5591/1737/1470
f 5591/1737/1470 5590/1738/1589 5592/1740/2973
f 5591/1737/1470 5592/1740/2973 5593/1739/1587
f 5593/1739/1587 5592/1740/2973 5594/1742/1586
f 5593/1739/1587 5594/1742/1586 5595/1741/1585
f 5595/1741/1585 5594/1742/1586 5596/1744/1584
f 5595/1741/1585 5596/1744/1584 5597/1743/166
f 5597/1743/166 5596/1744/1584 5598/1746/1582
f 5597/1743/166 5598/1746/1582 5599/1745/1583
f 5600/1747/168 5601/1750/1582 5602/1749/1581
f 5600/1747/168 5602/1749/1581 5603/1748/171
f 5603/1748/171 5602/1749/1581 5604/1752/1580
f 5603/1748/171 5604/1752/1580 5605/1751/1113
f 5605/1751/1113 5604/1752/1580 5606/1754/1578
f 5605/1751/1113 5606/1754/1578 5607/1753/175
f 5607/1753/175 5606/1754/1578 5608/1756/1577
f 5607/1753/175 5608/1756/1577 5609/1755/73
f 5609/1755/73 5608/1756/1577 5610/1758/1576
f 5609/1755/73 5610/1758/1576 5611/1757/178
f 5611/1757/178 5610/1758/1576 5612/1760/1575
f 5611/1757/178 5612/1760/1575 5613/1759/2974
f 5613/1759/2974 5612/1760/1575 5614/1762/1573
f 5613/1759/2974 5614/1762/1573 5615/1761/182
f 5615/1761/182 5614/1762/1573 5616/1764/1574
f 5615/1761/182 5616/1764/1574 5617/1763/184
f 5618/1765/184 5619/1768/1572 5620/1767/1571
f 5618/1765/184 5620/1767/1571 5621/1766/187
f 5621/1766/187 5620/1767/1571 5622/1770/1570
f 5621/1766/187 5622/1770/1570 5623/1769/2975
f 5623/1769/2975 5622/1770/1570 5624/1772/1569
f 5623/1769/2975 5624/1772/1569 5625/1771/1568
f 5625/1771/1568 5624/1772/1569 5626/1774/1567
f 5625/1771/1568 5626/1774/1567 5627/1773/1566
f 5627/1773/1566 5626/1774/1567 5628/1776/2976
f 5627/1773/1566 5628/1776/2976 5629/1775/1564
f 5629/1775/1564 5628/1776/2976 5630/1778/1563
f 5629/1775/1564 5630/1778/1563 5631/1777/1562
f 5631/1777/1562 5630/1778/1563 5632/1780/1560
f 5631/1777/1562 5632/1780/1560 5633/1779/202
f 5633/1779/202 5632/1780/1560 5634/1782/2977
f 5633/1779/202 5634/1782/2977 5635/1781/207
f 5636/1783/207 5637/1786/2978 5638/1785/2979
f 5636/1783/207 5638/1785/2979 5639/1784/1557
f 5639/1784/1557 5638/1785/2979 5640/1788/1556
f 5639/1784/1557 5640/1788/1556 5641/1787/210
f 5632/1780/1560 5630/1778/1563 5642/1790/2980
f 5632/1780/1560 5642/1790/2980 5643/1789/2062
f 5641/1787/210 5640/1788/1556 5644/1792/2981
f 5641/1787/210 5644/1792/2981 5645/1791/216
f 5645/1791/216 5644/1792/2981 5573/1722/1555
f 5645/1791/216 5573/1722/1555 5572/1719/67
f 5646/1793/2982 5647/1796/2983 5648/1795/2984
f 5646/1793/2982 5648/1795/2984 5649/1794/2985
f 5650/1797/1667 5651/1800/1641 5652/1799/1693
f 5650/1797/1667 5652/1799/1693 5653/1798/1695
f 5654/1801/1608 5655/1804/1616 5656/1803/2986
f 5654/1801/1608 5656/1803/2986 5657/1802/2987
f 5658/1769/2988 5659/1771/2989 5660/1806/1619
f 5658/1769/2988 5660/1806/1619 5661/1805/1620
f 5662/1807/2990 5654/1801/1608 5657/1802/2987
f 5662/1807/2990 5657/1802/2987 5663/1808/2991
f 5664/1809/2992 5665/1812/2993 5666/1811/1613
f 5664/1809/2992 5666/1811/1613 5667/1810/2994
f 5668/1813/2995 5669/1816/1600 5670/1815/1601
f 5668/1813/2995 5670/1815/1601 5671/1814/2996
f 5672/1817/1630 5673/1820/1665 5674/1819/1664
f 5672/1817/1630 5674/1819/1664 5675/1818/2997
f 5676/1821/1626 5677/1824/1663 5678/1823/1662
f 5676/1821/1626 5678/1823/1662 5679/1822/1627
f 5647/1796/2983 5680/1826/1661 5681/1825/1660
f 5647/1796/2983 5681/1825/1660 5648/1795/2984
f 5659/1771/2989 5682/1773/2998 5683/1827/1658
f 5659/1771/2989 5683/1827/1658 5660/1806/1619
f 5655/1804/1616 5684/1829/1657 5685/1828/1656
f 5655/1804/1616 5685/1828/1656 5656/1803/2986
f 5665/1812/2993 5686/1830/2999 5650/1797/1667
f 5665/1812/2993 5650/1797/1667 5666/1811/1613
f 5669/1816/1600 5687/1832/1653 5688/1831/1607
f 5669/1816/1600 5688/1831/1607 5670/1815/1601
f 5673/1820/1665 5689/1834/1652 5690/1833/1651
f 5673/1820/1665 5690/1833/1651 5674/1819/1664
f 5677/1824/1663 5691/1836/1650 5692/1835/1649
f 5677/1824/1663 5692/1835/1649 5678/1823/1662
f 5680/1826/1661 5693/1838/1648 5694/1837/1647
f 5680/1826/1661 5694/1837/1647 5681/1825/1660
f 5682/1773/2998 5695/1775/1646 5696/1839/1645
f 5682/1773/2998 5696/1839/1645 5683/1827/1658
f 5684/1829/1657 5697/1841/1644 5698/1840/1643
f 5684/1829/1657 5698/1840/1643 5685/1828/1656
f 5686/1830/2999 5699/1842/1642 5651/1800/1641
f 5686/1830/2999 5651/1800/1641 5650/1797/1667
f 5687/1832/1653 5700/1844/1640 5701/1843/3000
f 5687/1832/1653 5701/1843/3000 5688/1831/1607
f 5689/1834/1652 5702/1846/1639 5703/1845/3001
f 5689/1834/1652 5703/1845/3001 5690/1833/1651
f 5691/1836/1650 5704/1848/1637 5705/1847/1636
f 5691/1836/1650 5705/1847/1636 5692/1835/1649
f 5693/1838/1648 5706/1850/1635 5707/1849/1634
f 5693/1838/1648 5707/1849/1634 5694/1837/1647
f 5695/1775/1646 5708/1777/3002 5709/1851/1632
f 5695/1775/1646 5709/1851/1632 5696/1839/1645
f 5697/1841/1644 5710/1853/1629 5711/1852/1628
f 5697/1841/1644 5711/1852/1628 5698/1840/1643
f 5699/1842/1642 5646/1793/2982 5649/1794/2985
f 5699/1842/1642 5649/1794/2985 5651/1800/1641
f 5712/1766/3003 5658/1769/2988 5661/1805/1620
f 5712/1766/3003 5661/1805/1620 5713/1854/1604
f 5702/1846/1639 5662/1807/2990 5663/1808/2991
f 5702/1846/1639 5663/1808/2991 5703/1845/3001
f 5704/1848/1637 5664/1809/2992 5667/1810/2994
f 5704/1848/1637 5667/1810/2994 5705/1847/1636
f 5706/1850/1635 5668/1813/2995 5671/1814/2996
f 5706/1850/1635 5671/1814/2996 5707/1849/1634
f 5708/1777/3002 5714/1779/1630 5715/1855/1631
f 5708/1777/3002 5715/1855/1631 5709/1851/1632
f 5710/1853/1629 5676/1821/1626 5679/1822/1627
f 5710/1853/1629 5679/1822/1627 5711/1852/1628
f 5716/1856/1689 5717/1859/3004 5718/1858/1711
f 5716/1856/1689 5718/1858/1711 5719/1857/1714
f 5720/1860/3005 5721/1863/3006 5722/1862/3007
f 5720/1860/3005 5722/1862/3007 5723/1861/1694
f 5651/1800/1641 5649/1794/2985 5724/1864/3008
f 5651/1800/1641 5724/1864/3008 5652/1799/1693
f 5721/1863/3006 5675/1818/2997 5725/1865/1690
f 5721/1863/3006 5725/1865/1690 5722/1862/3007
f 5649/1794/2985 5648/1795/2984 5716/1856/1689
f 5649/1794/2985 5716/1856/1689 5724/1864/3008
f 5657/1802/2987 5656/1803/2986 5726/1867/1688
f 5657/1802/2987 5726/1867/1688 5727/1866/3009
f 5675/1818/2997 5674/1819/1664 5728/1868/1687
f 5675/1818/2997 5728/1868/1687 5725/1865/1690
f 5648/1795/2984 5681/1825/1660 5717/1859/3004
f 5648/1795/2984 5717/1859/3004 5716/1856/1689
f 5656/1803/2986 5685/1828/1656 5729/1869/3010
f 5656/1803/2986 5729/1869/3010 5726/1867/1688
f 5674/1819/1664 5690/1833/1651 5730/1870/1684
f 5674/1819/1664 5730/1870/1684 5728/1868/1687
f 5681/1825/1660 5694/1837/1647 5731/1871/3011
f 5681/1825/1660 5731/1871/3011 5717/1859/3004
f 5685/1828/1656 5698/1840/1643 5732/1872/1682
f 5685/1828/1656 5732/1872/1682 5729/1869/3010
f 5690/1833/1651 5703/1845/3001 5733/1873/3012
f 5690/1833/1651 5733/1873/3012 5730/1870/1684
f 5694/1837/1647 5707/1849/1634 5734/1874/1671
f 5694/1837/1647 5734/1874/1671 5731/1871/3011
f 5698/1840/1643 5711/1852/1628 5735/1875/1680
f 5698/1840/1643 5735/1875/1680 5732/1872/1682
f 5703/1845/3001 5663/1808/2991 5736/1876/1679
f 5703/1845/3001 5736/1876/1679 5733/1873/3012
f 5707/1849/1634 5671/1814/2996 5737/1877/3013
f 5707/1849/1634 5737/1877/3013 5734/1874/1671
f 5711/1852/1628 5679/1822/1627 5738/1878/1677
f 5711/1852/1628 5738/1878/1677 5735/1875/1680
f 5663/1808/2991 5657/1802/2987 5727/1866/3009
f 5663/1808/2991 5727/1866/3009 5736/1876/1679
f 5671/1814/2996 5670/1815/1601 5739/1879/1676
f 5671/1814/2996 5739/1879/1676 5737/1877/3013
f 5679/1822/1627 5678/1823/1662 5740/1880/2148
f 5679/1822/1627 5740/1880/2148 5738/1878/1677
f 5670/1815/1601 5688/1831/1607 5741/1881/1606
f 5670/1815/1601 5741/1881/1606 5739/1879/1676
f 5678/1823/1662 5692/1835/1649 5742/1882/1673
f 5678/1823/1662 5742/1882/1673 5740/1880/2148
f 5688/1831/1607 5701/1843/3000 5743/1883/1605
f 5688/1831/1607 5743/1883/1605 5741/1881/1606
f 5692/1835/1649 5705/1847/1636 5744/1884/1702
f 5692/1835/1649 5744/1884/1702 5742/1882/1673
f 5701/1843/3000 5745/1886/3014 5746/1885/1701
f 5701/1843/3000 5746/1885/1701 5743/1883/1605
f 5705/1847/1636 5667/1810/2994 5747/1887/1699
f 5705/1847/1636 5747/1887/1699 5744/1884/1702
f 5745/1886/3014 5748/1889/3015 5749/1888/1698
f 5745/1886/3014 5749/1888/1698 5746/1885/1701
f 5667/1810/2994 5666/1811/1613 5750/1890/1697
f 5667/1810/2994 5750/1890/1697 5747/1887/1699
f 5748/1889/3015 5751/1892/3016 5752/1891/1696
f 5748/1889/3015 5752/1891/1696 5749/1888/1698
f 5666/1811/1613 5650/1797/1667 5653/1798/1695
f 5666/1811/1613 5653/1798/1695 5750/1890/1697
f 5751/1892/3016 5720/1860/3005 5723/1861/1694
f 5751/1892/3016 5723/1861/1694 5752/1891/1696
f 5726/1867/1688 5729/1869/3010 5753/1894/1710
f 5726/1867/1688 5753/1894/1710 5754/1893/1713
f 5728/1868/1687 5730/1870/1684 5755/1896/1709
f 5728/1868/1687 5755/1896/1709 5756/1895/1712
f 5717/1859/3004 5731/1871/3011 5757/1897/1708
f 5717/1859/3004 5757/1897/1708 5718/1858/1711
f 5729/1869/3010 5732/1872/1682 5758/1898/1707
f 5729/1869/3010 5758/1898/1707 5753/1894/1710
f 5730/1870/1684 5733/1873/3012 5759/1899/1705
f 5730/1870/1684 5759/1899/1705 5755/1896/1709
f 5731/1871/3011 5734/1874/1671 5760/1900/1670
f 5731/1871/3011 5760/1900/1670 5757/1897/1708
f 5732/1872/1682 5735/1875/1680 5761/1901/1706
f 5732/1872/1682 5761/1901/1706 5758/1898/1707
f 5733/1873/3012 5736/1876/1679 5762/1902/1704
f 5733/1873/3012 5762/1902/1704 5759/1899/1705
f 5734/1874/1671 5737/1877/3013 5763/1903/1669
f 5734/1874/1671 5763/1903/1669 5760/1900/1670
f 5735/1875/1680 5738/1878/1677 5764/1904/3017
f 5735/1875/1680 5764/1904/3017 5761/1901/1706
f 5736/1876/1679 5727/1866/3009 5765/1905/1716
f 5736/1876/1679 5765/1905/1716 5762/1902/1704
f 5737/1877/3013 5739/1879/1676 5766/1906/1732
f 5737/1877/3013 5766/1906/1732 5763/1903/1669
f 5738/1878/1677 5740/1880/2148 5767/1907/2155
f 5738/1878/1677 5767/1907/2155 5764/1904/3017
f 5739/1879/1676 5741/1881/1606 5768/1908/1730
f 5739/1879/1676 5768/1908/1730 5766/1906/1732
f 5740/1880/2148 5742/1882/1673 5769/1909/3018
f 5740/1880/2148 5769/1909/3018 5767/1907/2155
f 5741/1881/1606 5743/1883/1605 5770/1910/1728
f 5741/1881/1606 5770/1910/1728 5768/1908/1730
f 5742/1882/1673 5744/1884/1702 5771/1911/1727
f 5742/1882/1673 5771/1911/1727 5769/1909/3018
f 5743/1883/1605 5746/1885/1701 5772/1912/1726
f 5743/1883/1605 5772/1912/1726 5770/1910/1728
f 5744/1884/1702 5747/1887/1699 5773/1913/1725
f 5744/1884/1702 5773/1913/1725 5771/1911/1727
f 5746/1885/1701 5749/1888/1698 5774/1914/1724
f 5746/1885/1701 5774/1914/1724 5772/1912/1726
f 5747/1887/1699 5750/1890/1697 5775/1915/2152
f 5747/1887/1699 5775/1915/2152 5773/1913/1725
f 5749/1888/1698 5752/1891/1696 5776/1916/1722
f 5749/1888/1698 5776/1916/1722 5774/1914/1724
f 5750/1890/1697 5653/1798/1695 5777/1917/1721
f 5750/1890/1697 5777/1917/1721 5775/1915/2152
f 5752/1891/1696 5723/1861/1694 5778/1918/3019
f 5752/1891/1696 5778/1918/3019 5776/1916/1722
f 5653/1798/1695 5652/1799/1693 5779/1919/1719
f 5653/1798/1695 5779/1919/1719 5777/1917/1721
f 5723/1861/1694 5722/1862/3007 5780/1920/3020
f 5723/1861/1694 5780/1920/3020 5778/1918/3019
f 5652/1799/1693 5724/1864/3008 5781/1921/1717
f 5652/1799/1693 5781/1921/1717 5779/1919/1719
f 5722/1862/3007 5725/1865/1690 5782/1922/1715
f 5722/1862/3007 5782/1922/1715 5780/1920/3020
f 5724/1864/3008 5716/1856/1689 5719/1857/1714
f 5724/1864/3008 5719/1857/1714 5781/1921/1717
f 5727/1866/3009 5726/1867/1688 5754/1893/1713
f 5727/1866/3009 5754/1893/1713 5765/1905/1716
f 5725/1865/1690 5728/1868/1687 5756/1895/1712
f 5725/1865/1690 5756/1895/1712 5782/1922/1715
f 5783/1923/1759 5784/1926/1755 5785/1925/3021
f 5783/1923/1759 5785/1925/3021 5786/1924/3022
f 5787/1927/1748 5788/1930/1744 5789/1929/1827
f 5787/1927/1748 5789/1929/1827 5790/1928/1829
f 5791/1931/3023 5792/1934/1753 5793/1933/1741
f 5791/1931/3023 5793/1933/1741 5794/1932/3024
f 5784/1926/1755 5795/1936/3025 5796/1935/1751
f 5784/1926/1755 5796/1935/1751 5785/1925/3021
f 5792/1934/1753 5797/1938/3026 5798/1937/1738
f 5792/1934/1753 5798/1937/1738 5793/1933/1741
f 5795/1936/3025 5799/1939/3027 5787/1927/1748
f 5795/1936/3025 5787/1927/1748 5796/1935/1751
f 5797/1938/3026 5800/1941/3028 5801/1940/1746
f 5797/1938/3026 5801/1940/1746 5798/1937/1738
f 5799/1939/3027 5802/1942/3029 5788/1930/1744
f 5799/1939/3027 5788/1930/1744 5787/1927/1748
f 5800/1941/3028 5803/1944/3030 5804/1943/1736
f 5800/1941/3028 5804/1943/1736 5801/1940/1746
f 5802/1942/3029 5805/1946/3031 5806/1945/1743
f 5802/1942/3029 5806/1945/1743 5788/1930/1744
f 5803/1944/3030 5807/1948/1734 5808/1947/1735
f 5803/1944/3030 5808/1947/1735 5804/1943/1736
f 5805/1946/3031 5809/1950/3032 5810/1949/1798
f 5805/1946/3031 5810/1949/1798 5806/1945/1743
f 5807/1948/1734 5811/1952/3033 5812/1951/1796
f 5807/1948/1734 5812/1951/1796 5808/1947/1735
f 5809/1950/3032 5813/1954/3034 5814/1953/1794
f 5809/1950/3032 5814/1953/1794 5810/1949/1798
f 5811/1952/3033 5815/1956/1793 5816/1955/3035
f 5811/1952/3033 5816/1955/3035 5812/1951/1796
f 5817/1957/1768 5818/1960/1791 5819/1959/1790
f 5817/1957/1768 5819/1959/1790 5820/1958/1769
f 5813/1954/3034 5821/1962/3036 5822/1961/1788
f 5813/1954/3034 5822/1961/1788 5814/1953/1794
f 5815/1956/1793 5823/1964/3037 5824/1963/3038
f 5815/1956/1793 5824/1963/3038 5816/1955/3035
f 5818/1960/1791 5825/1966/1785 5826/1965/3039
f 5818/1960/1791 5826/1965/3039 5819/1959/1790
f 5821/1962/3036 5827/1968/1783 5828/1967/1782
f 5821/1962/3036 5828/1967/1782 5822/1961/1788
f 5823/1964/3037 5829/1970/1781 5830/1969/1780
f 5823/1964/3037 5830/1969/1780 5824/1963/3038
f 5825/1966/1785 5831/1972/1779 5832/1971/1778
f 5825/1966/1785 5832/1971/1778 5826/1965/3039
f 5827/1968/1783 5833/1974/1777 5834/1973/1776
f 5827/1968/1783 5834/1973/1776 5828/1967/1782
f 5829/1970/1781 5835/1976/1775 5836/1975/3040
f 5829/1970/1781 5836/1975/3040 5830/1969/1780
f 5831/1972/1779 5837/1978/1773 5838/1977/3041
f 5831/1972/1779 5838/1977/3041 5832/1971/1778
f 5833/1974/1777 5839/1980/1771 5840/1979/1770
f 5833/1974/1777 5840/1979/1770 5834/1973/1776
f 5835/1976/1775 5841/1982/1767 5842/1981/3042
f 5835/1976/1775 5842/1981/3042 5836/1975/3040
f 5837/1978/1773 5843/1984/1765 5844/1983/1764
f 5837/1978/1773 5844/1983/1764 5838/1977/3041
f 5839/1980/1771 5817/1957/1768 5820/1958/1769
f 5839/1980/1771 5820/1958/1769 5840/1979/1770
f 5841/1982/1767 5845/1986/1763 5846/1985/3043
f 5841/1982/1767 5846/1985/3043 5842/1981/3042
f 5843/1984/1765 5847/1988/1761 5848/1987/1760
f 5843/1984/1765 5848/1987/1760 5844/1983/1764
f 5845/1986/1763 5783/1923/1759 5786/1924/3022
f 5845/1986/1763 5786/1924/3022 5846/1985/3043
f 5847/1988/1761 5791/1931/3023 5794/1932/3024
f 5847/1988/1761 5794/1932/3024 5848/1987/1760
f 5849/1989/200 5850/1992/1834 5851/1991/1834
f 5849/1989/200 5851/1991/1834 5852/1990/200
f 5801/1940/1746 5804/1943/1736 5853/1994/1826
f 5801/1940/1746 5853/1994/1826 5854/1993/1828
f 5788/1930/1744 5806/1945/1743 5855/1995/1825
f 5788/1930/1744 5855/1995/1825 5789/1929/1827
f 5804/1943/1736 5808/1947/1735 5856/1996/1824
f 5804/1943/1736 5856/1996/1824 5853/1994/1826
f 5806/1945/1743 5810/1949/1798 5857/1997/1823
f 5806/1945/1743 5857/1997/1823 5855/1995/1825
f 5808/1947/1735 5812/1951/1796 5858/1998/2163
f 5808/1947/1735 5858/1998/2163 5856/1996/1824
f 5810/1949/1798 5814/1953/1794 5859/1999/1821
f 5810/1949/1798 5859/1999/1821 5857/1997/1823
f 5812/1951/1796 5816/1955/3035 5860/2000/1820
f 5812/1951/1796 5860/2000/1820 5858/1998/2163
f 5820/1958/1769 5819/1959/1790 5861/2002/2162
f 5820/1958/1769 5861/2002/2162 5862/2001/1808
f 5814/1953/1794 5822/1961/1788 5863/2003/3044
f 5814/1953/1794 5863/2003/3044 5859/1999/1821
f 5816/1955/3035 5824/1963/3038 5864/2004/1817
f 5816/1955/3035 5864/2004/1817 5860/2000/1820
f 5819/1959/1790 5826/1965/3039 5865/2005/1816
f 5819/1959/1790 5865/2005/1816 5861/2002/2162
f 5822/1961/1788 5828/1967/1782 5866/2006/1815
f 5822/1961/1788 5866/2006/1815 5863/2003/3044
f 5824/1963/3038 5830/1969/1780 5867/2007/1814
f 5824/1963/3038 5867/2007/1814 5864/2004/1817
f 5826/1965/3039 5832/1971/1778 5868/2008/3045
f 5826/1965/3039 5868/2008/3045 5865/2005/1816
f 5828/1967/1782 5834/1973/1776 5869/2009/3046
f 5828/1967/1782 5869/2009/3046 5866/2006/1815
f 5830/1969/1780 5836/1975/3040 5870/2010/1811
f 5830/1969/1780 5870/2010/1811 5867/2007/1814
f 5832/1971/1778 5838/1977/3041 5871/2011/1810
f 5832/1971/1778 5871/2011/1810 5868/2008/3045
f 5834/1973/1776 5840/1979/1770 5872/2012/1809
f 5834/1973/1776 5872/2012/1809 5869/2009/3046
f 5836/1975/3040 5842/1981/3042 5873/2013/1807
f 5836/1975/3040 5873/2013/1807 5870/2010/1811
f 5838/1977/3041 5844/1983/1764 5874/2014/1806
f 5838/1977/3041 5874/2014/1806 5871/2011/1810
f 5840/1979/1770 5820/1958/1769 5862/2001/1808
f 5840/1979/1770 5862/2001/1808 5872/2012/1809
f 5842/1981/3042 5846/1985/3043 5875/2015/1805
f 5842/1981/3042 5875/2015/1805 5873/2013/1807
f 5844/1983/1764 5848/1987/1760 5876/2016/3047
f 5844/1983/1764 5876/2016/3047 5874/2014/1806
f 5846/1985/3043 5786/1924/3022 5877/2017/1803
f 5846/1985/3043 5877/2017/1803 5875/2015/1805
f 5848/1987/1760 5794/1932/3024 5878/2018/3048
f 5848/1987/1760 5878/2018/3048 5876/2016/3047
f 5786/1924/3022 5785/1925/3021 5879/2019/1801
f 5786/1924/3022 5879/2019/1801 5877/2017/1803
f 5794/1932/3024 5793/1933/1741 5880/2020/1740
f 5794/1932/3024 5880/2020/1740 5878/2018/3048
f 5785/1925/3021 5796/1935/1751 5881/2021/1800
f 5785/1925/3021 5881/2021/1800 5879/2019/1801
f 5793/1933/1741 5798/1937/1738 5882/2022/3049
f 5793/1933/1741 5882/2022/3049 5880/2020/1740
f 5796/1935/1751 5787/1927/1748 5790/1928/1829
f 5796/1935/1751 5790/1928/1829 5881/2021/1800
f 5798/1937/1738 5801/1940/1746 5854/1993/1828
f 5798/1937/1738 5854/1993/1828 5882/2022/3049
f 5883/2023/3050 5884/2026/3051 5885/2025/1904
f 5883/2023/3050 5885/2025/1904 5886/2024/1849
f 5887/2027/171 5888/2030/1113 5889/2029/1113
f 5887/2027/171 5889/2029/1113 5890/2028/171
f 5891/2031/67 5892/2034/141 5893/2033/141
f 5891/2031/67 5893/2033/141 5894/2032/67
f 5850/1992/1834 5895/2036/204 5896/2035/207
f 5850/1992/1834 5896/2035/207 5851/1991/1834
f 5888/2030/1113 5897/2038/175 5898/2037/175
f 5888/2030/1113 5898/2037/175 5889/2029/1113
f 5892/2034/141 5899/2040/143 5900/2039/143
f 5892/2034/141 5900/2039/143 5893/2033/141
f 5901/2041/207 5902/2043/208 5903/2023/208
f 5901/2041/207 5903/2023/208 5904/2042/207
f 5897/2038/175 5905/2045/73 5906/2044/73
f 5897/2038/175 5906/2044/73 5898/2037/175
f 5899/2040/143 5907/2047/145 5908/2046/145
f 5899/2040/143 5908/2046/145 5900/2039/143
f 5902/2043/208 5909/2048/210 5910/2026/210
f 5902/2043/208 5910/2026/210 5903/2023/208
f 5905/2045/73 5911/2050/178 5912/2049/178
f 5905/2045/73 5912/2049/178 5906/2044/73
f 5907/2047/145 5913/2052/147 5914/2051/147
f 5907/2047/145 5914/2051/147 5908/2046/145
f 5909/2048/210 5915/2054/216 5916/2053/216
f 5909/2048/210 5916/2053/216 5910/2026/210
f 5911/2050/178 5917/2056/180 5918/2055/180
f 5911/2050/178 5918/2055/180 5912/2049/178
f 5919/2057/147 5920/2060/150 5921/2059/150
f 5919/2057/147 5921/2059/150 5922/2058/147
f 5915/2054/216 5891/2031/67 5894/2032/67
f 5915/2054/216 5894/2032/67 5916/2053/216
f 5917/2056/180 5923/2062/182 5924/2061/182
f 5917/2056/180 5924/2061/182 5918/2055/180
f 5920/2060/150 5925/2064/152 5926/2063/3052
f 5920/2060/150 5926/2063/3052 5921/2059/150
f 5923/2062/182 5927/2066/184 5928/2065/184
f 5923/2062/182 5928/2065/184 5924/2061/182
f 5925/2064/152 5929/2068/1590 5930/2067/1590
f 5925/2064/152 5930/2067/1590 5926/2063/3052
f 5931/2069/184 5932/2072/187 5933/2071/187
f 5931/2069/184 5933/2071/187 5934/2070/184
f 5929/2068/1590 5935/2074/1470 5936/2073/1470
f 5929/2068/1590 5936/2073/1470 5930/2067/1590
f 5932/2072/187 5937/2076/1048 5938/2075/1048
f 5932/2072/187 5938/2075/1048 5933/2071/187
f 5935/2074/1470 5939/2078/1838 5940/2077/1838
f 5935/2074/1470 5940/2077/1838 5936/2073/1470
f 5937/2076/1048 5941/2080/1568 5942/2079/1568
f 5937/2076/1048 5942/2079/1568 5938/2075/1048
f 5939/2078/1838 5943/2082/164 5944/2081/3053
f 5939/2078/1838 5944/2081/3053 5940/2077/1838
f 5941/2080/1568 5945/2084/1566 5946/2083/1566
f 5941/2080/1568 5946/2083/1566 5942/2079/1568
f 5943/2082/164 5947/2086/1836 5948/2085/1836
f 5943/2082/164 5948/2085/1836 5944/2081/3053
f 5945/2084/1566 5949/2088/198 5950/2087/198
f 5945/2084/1566 5950/2087/198 5946/2083/1566
f 5947/2086/1836 5951/2090/168 5952/2089/168
f 5947/2086/1836 5952/2089/168 5948/2085/1836
f 5949/2088/198 5849/1989/200 5852/1990/200
f 5949/2088/198 5852/1990/200 5950/2087/198
f 5953/2091/168 5887/2027/171 5890/2028/171
f 5953/2091/168 5890/2028/171 5954/2092/168
f 5955/2093/1932 5956/2096/1929 5957/2095/3054
f 5955/2093/1932 5957/2095/3054 5958/2094/1931
f 5959/2044/2164 5960/2049/1903 5961/2098/1902
f 5959/2044/2164 5961/2098/1902 5962/2097/1845
f 5963/2046/1830 5964/2051/1906 5965/2100/1907
f 5963/2046/1830 5965/2100/1907 5966/2099/1831
f 5884/2026/3051 5967/2053/1899 5968/2101/1898
f 5884/2026/3051 5968/2101/1898 5885/2025/1904
f 5960/2049/1903 5969/2055/1897 5970/2102/1896
f 5960/2049/1903 5970/2102/1896 5961/2098/1902
f 5971/2058/1901 5972/2059/3055 5973/2104/3056
f 5971/2058/1901 5973/2104/3056 5974/2103/3057
f 5967/2053/1899 5975/2032/1861 5976/2105/1860
f 5967/2053/1899 5976/2105/1860 5968/2101/1898
f 5969/2055/1897 5977/2061/1893 5978/2106/1892
f 5969/2055/1897 5978/2106/1892 5970/2102/1896
f 5972/2059/3055 5979/2063/3058 5980/2107/3059
f 5972/2059/3055 5980/2107/3059 5973/2104/3056
f 5977/2061/1893 5981/2065/3060 5982/2108/1888
f 5977/2061/1893 5982/2108/1888 5978/2106/1892
f 5979/2063/3058 5983/2067/3061 5984/2109/1886
f 5979/2063/3058 5984/2109/1886 5980/2107/3059
f 5985/2070/1889 5986/2071/3062 5987/2111/3063
f 5985/2070/1889 5987/2111/3063 5988/2110/1888
f 5983/2067/3061 5989/2073/1883 5990/2112/3064
f 5983/2067/3061 5990/2112/3064 5984/2109/1886
f 5986/2071/3062 5991/2075/3065 5992/2113/3066
f 5986/2071/3062 5992/2113/3066 5987/2111/3063
f 5989/2073/1883 5993/2077/3067 5994/2114/3068
f 5989/2073/1883 5994/2114/3068 5990/2112/3064
f 5991/2075/3065 5995/2079/3069 5996/2115/1922
f 5991/2075/3065 5996/2115/1922 5992/2113/3066
f 5993/2077/3067 5997/2081/3070 5998/2116/3071
f 5993/2077/3067 5998/2116/3071 5994/2114/3068
f 5995/2079/3069 5999/2083/1873 6000/2117/1872
f 5995/2079/3069 6000/2117/1872 5996/2115/1922
f 5997/2081/3070 6001/2085/3072 6002/2118/3073
f 5997/2081/3070 6002/2118/3073 5998/2116/3071
f 5999/2083/1873 6003/2087/3074 6004/2119/1915
f 5999/2083/1873 6004/2119/1915 6000/2117/1872
f 6001/2085/3072 6005/2089/1867 6006/2120/1866
f 6001/2085/3072 6006/2120/1866 6002/2118/3073
f 6003/2087/3074 6007/1990/1865 6008/2121/1912
f 6003/2087/3074 6008/2121/1912 6004/2119/1915
f 6009/2092/1867 6010/2028/1863 6011/2123/1862
f 6009/2092/1867 6011/2123/1862 6012/2122/1866
f 6007/1990/1865 6013/1991/3075 6014/2124/3076
f 6007/1990/1865 6014/2124/3076 6008/2121/1912
f 6010/2028/1863 6015/2029/2166 6016/2125/1960
f 6010/2028/1863 6016/2125/1960 6011/2123/1862
f 5975/2032/1861 6017/2033/1853 6018/2126/2165
f 5975/2032/1861 6018/2126/2165 5976/2105/1860
f 6013/1991/3075 6019/2035/1856 6020/2127/1956
f 6013/1991/3075 6020/2127/1956 6014/2124/3076
f 6015/2029/2166 6021/2037/1847 6022/2128/1846
f 6015/2029/2166 6022/2128/1846 6016/2125/1960
f 6017/2033/1853 6023/2039/1833 6024/2129/1832
f 6017/2033/1853 6024/2129/1832 6018/2126/2165
f 6025/2042/3077 5883/2023/3050 5886/2024/1849
f 6025/2042/3077 5886/2024/1849 6026/2130/1850
f 6021/2037/1847 5959/2044/2164 5962/2097/1845
f 6021/2037/1847 5962/2097/1845 6022/2128/1846
f 6023/2039/1833 5963/2046/1830 5966/2099/1831
f 6023/2039/1833 5966/2099/1831 6024/2129/1832
f 6027/2131/3078 6028/2134/3079 6029/2133/1966
f 6027/2131/3078 6029/2133/1966 6030/2132/1967
f 6031/2135/3080 6032/2138/3081 6033/2137/1927
f 6031/2135/3080 6033/2137/1927 6034/2136/3082
f 5988/2110/1888 5987/2111/3063 6035/2140/1926
f 5988/2110/1888 6035/2140/1926 6036/2139/1928
f 6032/2138/3081 6037/2142/1882 6038/2141/3083
f 6032/2138/3081 6038/2141/3083 6033/2137/1927
f 5987/2111/3063 5992/2113/3066 6039/2143/1924
f 5987/2111/3063 6039/2143/1924 6035/2140/1926
f 6037/2142/1882 6040/2145/1878 6041/2144/3084
f 6037/2142/1882 6041/2144/3084 6038/2141/3083
f 5992/2113/3066 5996/2115/1922 6042/2146/3085
f 5992/2113/3066 6042/2146/3085 6039/2143/1924
f 6040/2145/1878 6043/2148/1874 6044/2147/1920
f 6040/2145/1878 6044/2147/1920 6041/2144/3084
f 5996/2115/1922 6000/2117/1872 6045/2149/3086
f 5996/2115/1922 6045/2149/3086 6042/2146/3085
f 6043/2148/1874 6046/2151/1870 6047/2150/2169
f 6043/2148/1874 6047/2150/2169 6044/2147/1920
f 6000/2117/1872 6004/2119/1915 6048/2152/1914
f 6000/2117/1872 6048/2152/1914 6045/2149/3086
f 6046/2151/1870 6049/2154/1843 6050/2153/1916
f 6046/2151/1870 6050/2153/1916 6047/2150/2169
f 6004/2119/1915 6008/2121/1912 6051/2155/1913
f 6004/2119/1915 6051/2155/1913 6048/2152/1914
f 6049/2154/1843 6052/2157/1840 6053/2156/1841
f 6049/2154/1843 6053/2156/1841 6050/2153/1916
f 6008/2121/1912 6014/2124/3076 6054/2158/1961
f 6008/2121/1912 6054/2158/1961 6051/2155/1913
f 6052/2157/1840 6055/2160/1960 6056/2159/1959
f 6052/2157/1840 6056/2159/1959 6053/2156/1841
f 6057/2161/1936 6058/2164/1958 6059/2163/1957
f 6057/2161/1936 6059/2163/1957 6060/2162/3087
f 6014/2124/3076 6020/2127/1956 6061/2165/3088
f 6014/2124/3076 6061/2165/3088 6054/2158/1961
f 6055/2160/1960 6062/2167/1954 6063/2166/1953
f 6055/2160/1960 6063/2166/1953 6056/2159/1959
f 6058/2164/1958 6064/2169/3089 6065/2168/1951
f 6058/2164/1958 6065/2168/1951 6059/2163/1957
f 6066/2170/1956 6067/2173/1950 6068/2172/1949
f 6066/2170/1956 6068/2172/1949 6069/2171/3088
f 6062/2167/1954 6070/2175/1845 6071/2174/1948
f 6062/2167/1954 6071/2174/1948 6063/2166/1953
f 6064/2169/3089 6072/2177/1947 6073/2176/1946
f 6064/2169/3089 6073/2176/1946 6065/2168/1951
f 6067/2173/1950 6074/2179/3090 6075/2178/1943
f 6067/2173/1950 6075/2178/1943 6068/2172/1949
f 6070/2175/1845 6076/2181/1942 6077/2180/1941
f 6070/2175/1845 6077/2180/1941 6071/2174/1948
f 6072/2177/1947 6078/2183/1900 6079/2182/1940
f 6072/2177/1947 6079/2182/1940 6073/2176/1946
f 6074/2179/3090 6080/2185/1939 6081/2184/1938
f 6074/2179/3090 6081/2184/1938 6075/2178/1943
f 6076/2181/1942 6082/2187/1935 6083/2186/1934
f 6076/2181/1942 6083/2186/1934 6077/2180/1941
f 6078/2183/1900 6084/2189/1894 6085/2188/1933
f 6078/2183/1900 6085/2188/1933 6079/2182/1940
f 6080/2185/1939 6057/2161/1936 6060/2162/3087
f 6080/2185/1939 6060/2162/3087 6081/2184/1938
f 6082/2187/1935 5955/2093/1932 5958/2094/1931
f 6082/2187/1935 5958/2094/1931 6083/2186/1934
f 6084/2189/1894 6031/2135/3080 6034/2136/3082
f 6084/2189/1894 6034/2136/3082 6085/2188/1933
f 6086/2190/2032 6087/2193/2030 6088/2192/2030
f 6086/2190/2032 6088/2192/2030 6089/2191/3091
f 6041/2144/3084 6044/2147/1920 6090/2195/2168
f 6041/2144/3084 6090/2195/2168 6091/2194/3092
f 6028/2134/3079 6092/2197/3093 6093/2196/1998
f 6028/2134/3079 6093/2196/1998 6029/2133/1966
f 6044/2147/1920 6047/2150/2169 6094/2198/1996
f 6044/2147/1920 6094/2198/1996 6090/2195/2168
f 6092/2197/3093 6095/2199/1914 6096/2190/3094
f 6092/2197/3093 6096/2190/3094 6093/2196/1998
f 6047/2150/2169 6050/2153/1916 6097/2200/1994
f 6047/2150/2169 6097/2200/1994 6094/2198/1996
f 6095/2199/1914 6098/2201/3095 6099/2193/3096
f 6095/2199/1914 6099/2193/3096 6096/2190/3094
f 6050/2153/1916 6053/2156/1841 6100/2202/1992
f 6050/2153/1916 6100/2202/1992 6097/2200/1994
f 6098/2201/3095 6101/2204/1961 6102/2203/1991
f 6098/2201/3095 6102/2203/1991 6099/2193/3096
f 6053/2156/1841 6056/2159/1959 6103/2205/1990
f 6053/2156/1841 6103/2205/1990 6100/2202/1992
f 6060/2162/3087 6059/2163/1957 6104/2207/1989
f 6060/2162/3087 6104/2207/1989 6105/2206/1978
f 6101/2204/1961 6069/2171/3088 6106/2208/3097
f 6101/2204/1961 6106/2208/3097 6102/2203/1991
f 6056/2159/1959 6063/2166/1953 6107/2209/1987
f 6056/2159/1959 6107/2209/1987 6103/2205/1990
f 6059/2163/1957 6065/2168/1951 6108/2210/3098
f 6059/2163/1957 6108/2210/3098 6104/2207/1989
f 6069/2171/3088 6068/2172/1949 6109/2211/3099
f 6069/2171/3088 6109/2211/3099 6106/2208/3097
f 6063/2166/1953 6071/2174/1948 6110/2212/1984
f 6063/2166/1953 6110/2212/1984 6107/2209/1987
f 6065/2168/1951 6073/2176/1946 6111/2213/3100
f 6065/2168/1951 6111/2213/3100 6108/2210/3098
f 6068/2172/1949 6075/2178/1943 6112/2214/1982
f 6068/2172/1949 6112/2214/1982 6109/2211/3099
f 6071/2174/1948 6077/2180/1941 6113/2215/3101
f 6071/2174/1948 6113/2215/3101 6110/2212/1984
f 6073/2176/1946 6079/2182/1940 6114/2216/1980
f 6073/2176/1946 6114/2216/1980 6111/2213/3100
f 6075/2178/1943 6081/2184/1938 6115/2217/1979
f 6075/2178/1943 6115/2217/1979 6112/2214/1982
f 6077/2180/1941 6083/2186/1934 6116/2218/3102
f 6077/2180/1941 6116/2218/3102 6113/2215/3101
f 6079/2182/1940 6085/2188/1933 6117/2219/1975
f 6079/2182/1940 6117/2219/1975 6114/2216/1980
f 6081/2184/1938 6060/2162/3087 6105/2206/1978
f 6081/2184/1938 6105/2206/1978 6115/2217/1979
f 6083/2186/1934 5958/2094/1931 6118/2220/3103
f 6083/2186/1934 6118/2220/3103 6116/2218/3102
f 6085/2188/1933 6034/2136/3082 6119/2221/3104
f 6085/2188/1933 6119/2221/3104 6117/2219/1975
f 5958/2094/1931 5957/2095/3054 6120/2222/3105
f 5958/2094/1931 6120/2222/3105 6118/2220/3103
f 6034/2136/3082 6033/2137/1927 6121/2223/1971
f 6034/2136/3082 6121/2223/1971 6119/2221/3104
f 5957/2095/3054 6122/2225/3106 6123/2224/1970
f 5957/2095/3054 6123/2224/1970 6120/2222/3105
f 6033/2137/1927 6038/2141/3083 6124/2226/1968
f 6033/2137/1927 6124/2226/1968 6121/2223/1971
f 6122/2225/3106 6027/2131/3078 6030/2132/1967
f 6122/2225/3106 6030/2132/1967 6123/2224/1970
f 6038/2141/3083 6041/2144/3084 6091/2194/3092
f 6038/2141/3083 6091/2194/3092 6124/2226/1968
f 6125/2227/178 6126/2230/2974 6127/2229/2974
f 6125/2227/178 6127/2229/2974 6128/2228/178
f 6129/2231/2187 6130/2234/3107 6131/2233/3108
f 6129/2231/2187 6131/2233/3108 6132/2232/2187
f 6087/2193/2030 6133/2203/3109 6134/2235/3109
f 6087/2193/2030 6134/2235/3109 6088/2192/2030
f 6135/2236/3107 6136/2239/2184 6137/2238/3110
f 6135/2236/3107 6137/2238/3110 6138/2237/3107
f 6139/2240/2176 6140/2242/3111 6141/2227/3111
f 6139/2240/2176 6141/2227/3111 6142/2241/3112
f 6133/2203/3109 6143/2208/3113 6144/2243/3114
f 6133/2203/3109 6144/2243/3114 6134/2235/3109
f 6136/2239/2184 6145/2245/3115 6146/2244/3116
f 6136/2239/2184 6146/2244/3116 6137/2238/3110
f 6140/2242/3111 6147/2246/3117 6148/2230/3118
f 6140/2242/3111 6148/2230/3118 6141/2227/3111
f 6143/2208/3113 6149/2211/2022 6150/2247/2022
f 6143/2208/3113 6150/2247/2022 6144/2243/3114
f 6145/2245/3115 6151/2249/3119 6152/2248/3119
f 6145/2245/3115 6152/2248/3119 6146/2244/3116
f 6147/2246/3117 6153/2251/2182 6154/2250/2182
f 6147/2246/3117 6154/2250/2182 6148/2230/3118
f 6149/2211/2022 6155/2214/3120 6156/2252/3121
f 6149/2211/2022 6156/2252/3121 6150/2247/2022
f 6151/2249/3119 6157/2254/2011 6158/2253/3122
f 6151/2249/3119 6158/2253/3122 6152/2248/3119
f 6159/2255/3123 6160/2258/3124 6161/2257/3124
f 6159/2255/3123 6161/2257/3124 6162/2256/3123
f 6163/2259/3125 6164/2262/2008 6165/2261/3126
f 6163/2259/3125 6165/2261/3126 6166/2260/2180
f 6157/2254/2011 6167/2264/3127 6168/2263/3127
f 6157/2254/2011 6168/2263/3127 6158/2253/3122
f 6160/2258/3124 6169/2266/2003 6170/2265/2002
f 6160/2258/3124 6170/2265/2002 6161/2257/3124
f 6164/2262/2008 6139/2240/2176 6142/2241/3112
f 6164/2262/2008 6142/2241/3112 6165/2261/3126
f 6171/2218/3127 6172/2220/3128 6173/2268/3129
f 6171/2218/3127 6173/2268/3129 6174/2267/2006
f 6169/2266/2003 6175/2270/1964 6176/2269/3130
f 6169/2266/2003 6176/2269/3130 6170/2265/2002
f 6172/2220/3128 6177/2222/3131 6178/2271/3131
f 6172/2220/3128 6178/2271/3131 6173/2268/3129
f 6175/2270/1964 6179/2273/3132 6180/2272/3132
f 6175/2270/1964 6180/2272/3132 6176/2269/3130
f 6177/2222/3131 6181/2224/2189 6182/2274/3133
f 6177/2222/3131 6182/2274/3133 6178/2271/3131
f 6179/2273/3132 6183/2276/3134 6184/2275/3134
f 6179/2273/3132 6184/2275/3134 6180/2272/3132
f 6181/2224/2189 6185/2132/2039 6186/2277/2039
f 6181/2224/2189 6186/2277/2039 6182/2274/3133
f 6183/2276/3134 6187/2279/2038 6188/2278/3135
f 6183/2276/3134 6188/2278/3135 6184/2275/3134
f 6185/2132/2039 6189/2133/3136 6190/2280/3136
f 6185/2132/2039 6190/2280/3136 6186/2277/2039
f 6187/2279/2038 6191/2282/2036 6192/2281/2036
f 6187/2279/2038 6192/2281/2036 6188/2278/3135
f 6189/2133/3136 6193/2196/3137 6194/2283/3137
f 6189/2133/3136 6194/2283/3137 6190/2280/3136
f 6191/2282/2036 6195/2285/2033 6196/2284/3138
f 6191/2282/2036 6196/2284/3138 6192/2281/2036
f 6193/2196/3137 6086/2190/2032 6089/2191/3091
f 6193/2196/3137 6089/2191/3091 6194/2283/3137
f 6195/2285/2033 6129/2231/2187 6132/2232/2187
f 6195/2285/2033 6132/2232/2187 6196/2284/3138
f 6197/2286/168 6198/2289/3139 6199/2288/2342
f 6197/2286/168 6199/2288/2342 6200/2287/168
f 6201/2244/3140 6202/2248/67 6203/2291/67
f 6201/2244/3140 6203/2291/67 6204/2290/3140
f 6126/2230/2974 6205/2250/182 6206/2292/182
f 6126/2230/2974 6206/2292/182 6127/2229/2974
f 6198/2289/3139 6207/2260/1579 6208/2293/1579
f 6198/2289/3139 6208/2293/1579 6199/2288/2342
f 6202/2248/67 6209/2253/3141 6210/2294/3141
f 6202/2248/67 6210/2294/3141 6203/2291/67
f 6205/2250/182 6211/2296/184 6212/2295/184
f 6205/2250/182 6212/2295/184 6206/2292/182
f 6207/2260/1579 6213/2261/3142 6214/2297/3142
f 6207/2260/1579 6214/2297/3142 6208/2293/1579
f 6209/2253/3141 6215/2263/2056 6216/2298/2056
f 6209/2253/3141 6216/2298/2056 6210/2294/3141
f 6217/2257/184 6218/2265/187 6219/2300/187
f 6217/2257/184 6219/2300/187 6220/2299/184
f 6213/2261/3142 6221/2241/73 6222/2301/73
f 6213/2261/3142 6222/2301/73 6214/2297/3142
f 6215/2263/2056 6223/2303/3143 6224/2302/3143
f 6215/2263/2056 6224/2302/3143 6216/2298/2056
f 6218/2265/187 6225/2269/2055 6226/2304/2055
f 6218/2265/187 6226/2304/2055 6219/2300/187
f 6223/2303/3143 6227/2306/147 6228/2305/147
f 6223/2303/3143 6228/2305/147 6224/2302/3143
f 6225/2269/2055 6229/2272/2054 6230/2307/2054
f 6225/2269/2055 6230/2307/2054 6226/2304/2055
f 6231/2308/147 6232/2311/2053 6233/2310/2053
f 6231/2308/147 6233/2310/2053 6234/2309/2722
f 6229/2272/2054 6235/2275/1566 6236/2312/1566
f 6229/2272/2054 6236/2312/1566 6230/2307/2054
f 6232/2311/2053 6237/2314/2052 6238/2313/152
f 6232/2311/2053 6238/2313/152 6233/2310/2053
f 6235/2275/1566 6239/2278/2051 6240/2315/2051
f 6235/2275/1566 6240/2315/2051 6236/2312/1566
f 6237/2314/2052 6241/2317/2050 6242/2316/2050
f 6237/2314/2052 6242/2316/2050 6238/2313/152
f 6239/2278/2051 6243/2281/1562 6244/2318/1562
f 6239/2278/2051 6244/2318/1562 6240/2315/2051
f 6241/2317/2050 6245/2320/1470 6246/2319/1470
f 6241/2317/2050 6246/2319/1470 6242/2316/2050
f 6243/2281/1562 6247/2284/202 6248/2321/202
f 6243/2281/1562 6248/2321/202 6244/2318/1562
f 6245/2320/1470 6249/2323/1838 6250/2322/1838
f 6245/2320/1470 6250/2322/1838 6246/2319/1470
f 6247/2284/202 6251/2232/1114 6252/2324/1114
f 6247/2284/202 6252/2324/1114 6248/2321/202
f 6249/2323/1838 6253/2326/1585 6254/2325/3144
f 6249/2323/1838 6254/2325/3144 6250/2322/1838
f 6255/2327/207 6256/2237/208 6257/2329/208
f 6255/2327/207 6257/2329/208 6258/2328/207
f 6253/2326/1585 6259/2331/1836 6260/2330/166
f 6253/2326/1585 6260/2330/166 6254/2325/3144
f 6256/2237/208 6261/2238/2048 6262/2332/2048
f 6256/2237/208 6262/2332/2048 6257/2329/208
f 6221/2241/73 6125/2227/178 6128/2228/178
f 6221/2241/73 6128/2228/178 6222/2301/73
f 6259/2331/1836 6263/2334/2049 6264/2333/2049
f 6259/2331/1836 6264/2333/2049 6260/2330/166
f 6261/2238/2048 6201/2244/3140 6204/2290/3140
f 6261/2238/2048 6204/2290/3140 6262/2332/2048
f 6265/2335/2080 6266/2338/3145 6267/2337/2093
f 6265/2335/2080 6267/2337/2093 6268/2336/2094
f 5584/1731/1593 5583/1732/2972 6269/2340/2075
f 5584/1731/1593 6269/2340/2075 6270/2339/3146
f 5604/1752/1580 5602/1749/1581 6271/2342/2136
f 5604/1752/1580 6271/2342/2136 6272/2341/2074
f 5624/1772/1569 5622/1770/1570 6273/2344/3147
f 5624/1772/1569 6273/2344/3147 6274/2343/3148
f 5574/1721/1599 5573/1722/1555 6275/2346/2069
f 5574/1721/1599 6275/2346/2069 6276/2345/2070
f 5573/1722/1555 5644/1792/2981 6277/2347/3149
f 5573/1722/1555 6277/2347/3149 6275/2346/2069
f 5594/1742/1586 5592/1740/2973 6278/2349/2100
f 5594/1742/1586 6278/2349/2100 6279/2348/2097
f 5614/1762/1573 5612/1760/1575 6280/2351/3150
f 5614/1762/1573 6280/2351/3150 6281/2350/3151
f 5634/1782/2977 5632/1780/1560 5643/1789/2062
f 5634/1782/2977 5643/1789/2062 6282/2352/2063
f 5586/1734/1592 5584/1731/1593 6270/2339/3146
f 5586/1734/1592 6270/2339/3146 6283/2353/2108
f 5606/1754/1578 5604/1752/1580 6272/2341/2074
f 5606/1754/1578 6272/2341/2074 6284/2354/2091
f 5626/1774/1567 5624/1772/1569 6274/2343/3148
f 5626/1774/1567 6274/2343/3148 6285/2355/3152
f 5576/1724/1596 5574/1721/1599 6276/2345/2070
f 5576/1724/1596 6276/2345/2070 6286/2356/2089
f 5596/1744/1584 5594/1742/1586 6279/2348/2097
f 5596/1744/1584 6279/2348/2097 6287/2357/2058
f 5616/1764/1574 5614/1762/1573 6281/2350/3151
f 5616/1764/1574 6281/2350/3151 6288/2358/2092
f 5638/1785/2979 5637/1786/2978 6289/2360/2063
f 5638/1785/2979 6289/2360/2063 6290/2359/2086
f 5588/1736/1591 5586/1734/1592 6283/2353/2108
f 5588/1736/1591 6283/2353/2108 6291/2361/2106
f 5608/1756/1577 5606/1754/1578 6284/2354/2091
f 5608/1756/1577 6284/2354/2091 6292/2362/3153
f 5628/1776/2976 5626/1774/1567 6285/2355/3152
f 5628/1776/2976 6285/2355/3152 6293/2363/3154
f 5578/1726/1595 5576/1724/1596 6286/2356/2089
f 5578/1726/1595 6286/2356/2089 6294/2364/2082
f 5598/1746/1582 5596/1744/1584 6287/2357/2058
f 5598/1746/1582 6287/2357/2058 6295/2365/2088
f 5620/1767/1571 5619/1768/1572 6296/2367/2087
f 5620/1767/1571 6296/2367/2087 6297/2366/3155
f 5640/1788/1556 5638/1785/2979 6290/2359/2086
f 5640/1788/1556 6290/2359/2086 6298/2368/2079
f 5590/1738/1589 5588/1736/1591 6291/2361/2106
f 5590/1738/1589 6291/2361/2106 6299/2369/2103
f 5610/1758/1576 5608/1756/1577 6292/2362/3153
f 5610/1758/1576 6292/2362/3153 6300/2370/2077
f 5630/1778/1563 5628/1776/2976 6293/2363/3154
f 5630/1778/1563 6293/2363/3154 5642/1790/2980
f 5580/1728/1594 5578/1726/1595 6294/2364/2082
f 5580/1728/1594 6294/2364/2082 6301/2371/2117
f 5602/1749/1581 5601/1750/1582 6302/2372/2081
f 5602/1749/1581 6302/2372/2081 6271/2342/2136
f 5622/1770/1570 5620/1767/1571 6297/2366/3155
f 5622/1770/1570 6297/2366/3155 6273/2344/3147
f 5644/1792/2981 5640/1788/1556 6298/2368/2079
f 5644/1792/2981 6298/2368/2079 6277/2347/3149
f 5592/1740/2973 5590/1738/1589 6299/2369/2103
f 5592/1740/2973 6299/2369/2103 6278/2349/2100
f 5612/1760/1575 5610/1758/1576 6300/2370/2077
f 5612/1760/1575 6300/2370/2077 6280/2351/3150
f 6303/2373/2194 6304/2374/2059 186/54/44
f 6303/2373/2194 186/54/44 189/55/47
f 6299/2369/2103 6291/2361/2106 6305/2376/2107
f 6299/2369/2103 6305/2376/2107 6306/2375/3156
f 6307/2377/2071 6265/2335/2080 6268/2336/2094
f 6307/2377/2071 6268/2336/2094 6308/2378/2102
f 6278/2349/2100 6299/2369/2103 6306/2375/3156
f 6278/2349/2100 6306/2375/3156 6309/2379/3157
f 6310/2380/3158 6307/2377/2071 6308/2378/2102
f 6310/2380/3158 6308/2378/2102 6311/2381/2146
f 6279/2348/2097 6278/2349/2100 6309/2379/3157
f 6279/2348/2097 6309/2379/3157 6312/2382/2098
f 6313/2383/2090 6310/2380/3158 6311/2381/2146
f 6313/2383/2090 6311/2381/2146 6314/2384/3159
f 6287/2357/2058 6279/2348/2097 6312/2382/2098
f 6287/2357/2058 6312/2382/2098 6315/2385/2059
f 6316/2386/3160 6313/2383/2090 6314/2384/3159
f 6316/2386/3160 6314/2384/3159 6317/2387/2096
f 6318/2388/2081 6319/2389/3161 6304/2374/2059
f 6318/2388/2081 6304/2374/2059 6303/2373/2194
f 6320/2390/3162 6316/2386/3160 6317/2387/2096
f 6320/2390/3162 6317/2387/2096 6321/2391/3163
f 6322/2392/2136 6318/2388/2081 6303/2373/2194
f 6322/2392/2136 6303/2373/2194 6323/2393/2137
f 6324/2394/2062 6320/2390/3162 6321/2391/3163
f 6324/2394/2062 6321/2391/3163 6325/2395/2135
f 6326/2396/2138 6322/2392/2136 6323/2393/2137
f 6326/2396/2138 6323/2393/2137 6327/2397/2134
f 6276/2345/2070 6275/2346/2069 6328/2399/2116
f 6276/2345/2070 6328/2399/2116 6329/2398/2133
f 6330/2400/2131 6324/2394/2062 6325/2395/2135
f 6330/2400/2131 6325/2395/2135 6331/2401/2132
f 6284/2354/2091 6272/2341/2074 6332/2403/2134
f 6284/2354/2091 6332/2403/2134 6333/2402/2130
f 6286/2356/2089 6276/2345/2070 6329/2398/2133
f 6286/2356/2089 6329/2398/2133 6334/2404/3164
f 6335/2405/2124 6330/2400/2131 6331/2401/2132
f 6335/2405/2124 6331/2401/2132 6336/2406/2125
f 6292/2362/3153 6284/2354/2091 6333/2402/2130
f 6292/2362/3153 6333/2402/2130 6337/2407/2123
f 6338/2408/2121 6339/2411/3165 6340/2410/2129
f 6338/2408/2121 6340/2410/2129 6341/2409/2122
f 6342/2412/2127 6335/2405/2124 6336/2406/2125
f 6342/2412/2127 6336/2406/2125 6343/2413/2126
f 6300/2370/2077 6292/2362/3153 6337/2407/2123
f 6300/2370/2077 6337/2407/2123 6344/2414/2119
f 6345/2415/2117 6338/2408/2121 6341/2409/2122
f 6345/2415/2117 6341/2409/2122 6346/2416/2118
f 6347/2417/2068 6342/2412/2127 6343/2413/2126
f 6347/2417/2068 6343/2413/2126 6348/2418/2140
f 6280/2351/3150 6300/2370/2077 6344/2414/2119
f 6280/2351/3150 6344/2414/2119 6349/2419/3166
f 6350/2420/3146 6345/2415/2117 6346/2416/2118
f 6350/2420/3146 6346/2416/2118 6351/2421/2112
f 6275/2346/2069 6277/2347/3149 6352/2422/2115
f 6275/2346/2069 6352/2422/2115 6328/2399/2116
f 6353/2423/2065 6354/2426/2113 6355/2425/2114
f 6353/2423/2065 6355/2425/2114 6356/2424/2110
f 6283/2353/2108 6270/2339/3146 6357/2428/2112
f 6283/2353/2108 6357/2428/2112 6358/2427/2109
f 6266/2338/3145 6353/2423/2065 6356/2424/2110
f 6266/2338/3145 6356/2424/2110 6267/2337/2093
f 6291/2361/2106 6283/2353/2108 6358/2427/2109
f 6291/2361/2106 6358/2427/2109 6305/2376/2107
f 6321/2391/3163 6317/2387/2096 200/40/58
f 6321/2391/3163 200/40/58 203/41/61
f 6323/2393/2137 6303/2373/2194 189/55/47
f 6323/2393/2137 189/55/47 188/52/46
f 6325/2395/2135 6321/2391/3163 203/41/61
f 6325/2395/2135 203/41/61 202/38/128
f 6327/2397/2134 6323/2393/2137 188/52/46
f 6327/2397/2134 188/52/46 191/53/125
f 6359/2429/3167 6360/2430/2210 208/35/129
f 6359/2429/3167 208/35/129 177/33/34
f 6331/2401/2132 6325/2395/2135 202/38/128
f 6331/2401/2132 202/38/128 205/39/63
f 6361/2431/3168 6327/2397/2134 191/53/125
f 6361/2431/3168 191/53/125 190/50/48
f 6340/2410/2129 6359/2429/3167 177/33/34
f 6340/2410/2129 177/33/34 179/64/37
f 6336/2406/2125 6331/2401/2132 205/39/63
f 6336/2406/2125 205/39/63 204/36/62
f 6362/2432/2142 6361/2431/3168 190/50/48
f 6362/2432/2142 190/50/48 193/51/51
f 6341/2409/2122 6340/2410/2129 179/64/37
f 6341/2409/2122 179/64/37 178/62/123
f 6343/2413/2126 6336/2406/2125 204/36/62
f 6343/2413/2126 204/36/62 207/37/64
f 6363/2433/2119 6362/2432/2142 193/51/51
f 6363/2433/2119 193/51/51 192/48/50
f 6346/2416/2118 6341/2409/2122 178/62/123
f 6346/2416/2118 178/62/123 181/63/39
f 6348/2418/2140 6343/2413/2126 207/37/64
f 6348/2418/2140 207/37/64 206/34/33
f 6355/2425/2114 6363/2433/2119 192/48/50
f 6355/2425/2114 192/48/50 195/49/53
f 6351/2421/2112 6346/2416/2118 181/63/39
f 6351/2421/2112 181/63/39 180/60/38
f 6360/2430/2210 6348/2418/2140 206/34/33
f 6360/2430/2210 206/34/33 208/35/129
f 6356/2424/2110 6355/2425/2114 195/49/53
f 6356/2424/2110 195/49/53 194/46/52
f 6364/2434/3169 6351/2421/2112 180/60/38
f 6364/2434/3169 180/60/38 183/61/124
f 6267/2337/2093 6356/2424/2110 194/46/52
f 6267/2337/2093 194/46/52 197/47/55
f 6365/2435/2107 6364/2434/3169 183/61/124
f 6365/2435/2107 183/61/124 182/58/40
f 6268/2336/2094 6267/2337/2093 197/47/55
f 6268/2336/2094 197/47/55 196/44/126
f 6366/2436/2104 6365/2435/2107 182/58/40
f 6366/2436/2104 182/58/40 185/59/43
f 6308/2378/2102 6268/2336/2094 196/44/126
f 6308/2378/2102 196/44/126 199/45/127
f 6367/2437/3170 6366/2436/2104 185/59/43
f 6367/2437/3170 185/59/43 184/56/42
f 6311/2381/2146 6308/2378/2102 199/45/127
f 6311/2381/2146 199/45/127 198/42/56
f 6368/2438/2098 6367/2437/3170 184/56/42
f 6368/2438/2098 184/56/42 187/57/45
f 6314/2384/3159 6311/2381/2146 198/42/56
f 6314/2384/3159 198/42/56 201/43/59
f 6304/2374/2059 6368/2438/2098 187/57/45
f 6304/2374/2059 187/57/45 186/54/44
f 6317/2387/2096 6314/2384/3159 201/43/59
f 6317/2387/2096 201/43/59 200/40/58
f 6369/2439/67 6370/2442/1555 6371/2441/1599
f 6369/2439/67 6371/2441/1599 6372/2440/141
f 6372/2440/141 6371/2441/1599 6373/2444/1596
f 6372/2440/141 6373/2444/1596 6374/2443/2971
f 6374/2443/2971 6373/2444/1596 6375/2446/1595
f 6374/2443/2971 6375/2446/1595 6376/2445/145
f 6376/2445/145 6375/2446/1595 6377/2448/1594
f 6376/2445/145 6377/2448/1594 6378/2447/147
f 6379/2449/147 6380/2452/2972 6381/2451/1593
f 6379/2449/147 6381/2451/1593 6382/2450/150
f 6382/2450/150 6381/2451/1593 6383/2454/1592
f 6382/2450/150 6383/2454/1592 6384/2453/2052
f 6384/2453/2052 6383/2454/1592 6385/2456/1591
f 6384/2453/2052 6385/2456/1591 6386/2455/1590
f 6386/2455/1590 6385/2456/1591 6387/2458/1589
f 6386/2455/1590 6387/2458/1589 6388/2457/1470
f 6388/2457/1470 6387/2458/1589 6389/2460/2973
f 6388/2457/1470 6389/2460/2973 6390/2459/1587
f 6390/2459/1587 6389/2460/2973 6391/2462/1586
f 6390/2459/1587 6391/2462/1586 6392/2461/1585
f 6392/2461/1585 6391/2462/1586 6393/2464/1584
f 6392/2461/1585 6393/2464/1584 6394/2463/166
f 6394/2463/166 6393/2464/1584 6395/2466/1582
f 6394/2463/166 6395/2466/1582 6396/2465/1583
f 6397/2467/168 6398/2470/1582 6399/2469/1581
f 6397/2467/168 6399/2469/1581 6400/2468/171
f 6400/2468/171 6399/2469/1581 6401/2472/1580
f 6400/2468/171 6401/2472/1580 6402/2471/1113
f 6402/2471/1113 6401/2472/1580 6403/2474/1578
f 6402/2471/1113 6403/2474/1578 6404/2473/175
f 6404/2473/175 6403/2474/1578 6405/2476/1577
f 6404/2473/175 6405/2476/1577 6406/2475/73
f 6406/2475/73 6405/2476/1577 6407/2478/1576
f 6406/2475/73 6407/2478/1576 6408/2477/178
f 6408/2477/178 6407/2478/1576 6409/2480/1575
f 6408/2477/178 6409/2480/1575 6410/2479/2974
f 6410/2479/2974 6409/2480/1575 6411/2482/1573
f 6410/2479/2974 6411/2482/1573 6412/2481/182
f 6412/2481/182 6411/2482/1573 6413/2484/1574
f 6412/2481/182 6413/2484/1574 6414/2483/184
f 6415/2485/184 6416/2488/1572 6417/2487/1571
f 6415/2485/184 6417/2487/1571 6418/2486/187
f 6418/2486/187 6417/2487/1571 6419/2490/1570
f 6418/2486/187 6419/2490/1570 6420/2489/2975
f 6420/2489/2975 6419/2490/1570 6421/2492/1569
f 6420/2489/2975 6421/2492/1569 6422/2491/1568
f 6422/2491/1568 6421/2492/1569 6423/2494/1567
f 6422/2491/1568 6423/2494/1567 6424/2493/1566
f 6424/2493/1566 6423/2494/1567 6425/2496/2976
f 6424/2493/1566 6425/2496/2976 6426/2495/1564
f 6426/2495/1564 6425/2496/2976 6427/2498/1563
f 6426/2495/1564 6427/2498/1563 6428/2497/1562
f 6428/2497/1562 6427/2498/1563 6429/2500/1560
f 6428/2497/1562 6429/2500/1560 6430/2499/202
f 6430/2499/202 6429/2500/1560 6431/2502/2977
f 6430/2499/202 6431/2502/2977 6432/2501/207
f 6433/2503/207 6434/2506/2978 6435/2505/2979
f 6433/2503/207 6435/2505/2979 6436/2504/1557
f 6436/2504/1557 6435/2505/2979 6437/2508/1556
f 6436/2504/1557 6437/2508/1556 6438/2507/210
f 6429/2500/1560 6427/2498/1563 6439/2510/2980
f 6429/2500/1560 6439/2510/2980 6440/2509/2062
f 6438/2507/210 6437/2508/1556 6441/2512/2981
f 6438/2507/210 6441/2512/2981 6442/2511/216
f 6442/2511/216 6441/2512/2981 6370/2442/1555
f 6442/2511/216 6370/2442/1555 6369/2439/67
f 6443/2513/2982 6444/2516/2983 6445/2515/2984
f 6443/2513/2982 6445/2515/2984 6446/2514/2985
f 6447/2517/1667 6448/2520/1641 6449/2519/1693
f 6447/2517/1667 6449/2519/1693 6450/2518/3171
f 6451/2521/1608 6452/2524/1616 6453/2523/2986
f 6451/2521/1608 6453/2523/2986 6454/2522/2987
f 6455/2489/2988 6456/2491/2989 6457/2526/1619
f 6455/2489/2988 6457/2526/1619 6458/2525/1620
f 6459/2527/2990 6451/2521/1608 6454/2522/2987
f 6459/2527/2990 6454/2522/2987 6460/2528/2991
f 6461/2529/2992 6462/2532/2993 6463/2531/1613
f 6461/2529/2992 6463/2531/1613 6464/2530/2994
f 6465/2533/2995 6466/2536/1600 6467/2535/1601
f 6465/2533/2995 6467/2535/1601 6468/2534/2996
f 6469/2537/1630 6470/2540/1665 6471/2539/1664
f 6469/2537/1630 6471/2539/1664 6472/2538/2997
f 6473/2541/1626 6474/2544/1663 6475/2543/1662
f 6473/2541/1626 6475/2543/1662 6476/2542/1627
f 6444/2516/2983 6477/2546/1661 6478/2545/1660
f 6444/2516/2983 6478/2545/1660 6445/2515/2984
f 6456/2491/2989 6479/2493/2998 6480/2547/1658
f 6456/2491/2989 6480/2547/1658 6457/2526/1619
f 6452/2524/1616 6481/2549/1657 6482/2548/1656
f 6452/2524/1616 6482/2548/1656 6453/2523/2986
f 6462/2532/2993 6483/2550/2999 6447/2517/1667
f 6462/2532/2993 6447/2517/1667 6463/2531/1613
f 6466/2536/1600 6484/2552/1653 6485/2551/1607
f 6466/2536/1600 6485/2551/1607 6467/2535/1601
f 6470/2540/1665 6486/2554/1652 6487/2553/1651
f 6470/2540/1665 6487/2553/1651 6471/2539/1664
f 6474/2544/1663 6488/2556/1650 6489/2555/1649
f 6474/2544/1663 6489/2555/1649 6475/2543/1662
f 6477/2546/1661 6490/2558/1648 6491/2557/1647
f 6477/2546/1661 6491/2557/1647 6478/2545/1660
f 6479/2493/2998 6492/2495/1646 6493/2559/1645
f 6479/2493/2998 6493/2559/1645 6480/2547/1658
f 6481/2549/1657 6494/2561/1644 6495/2560/1643
f 6481/2549/1657 6495/2560/1643 6482/2548/1656
f 6483/2550/2999 6496/2562/1642 6448/2520/1641
f 6483/2550/2999 6448/2520/1641 6447/2517/1667
f 6484/2552/1653 6497/2564/1640 6498/2563/3000
f 6484/2552/1653 6498/2563/3000 6485/2551/1607
f 6486/2554/1652 6499/2566/1639 6500/2565/3001
f 6486/2554/1652 6500/2565/3001 6487/2553/1651
f 6488/2556/1650 6501/2568/1637 6502/2567/1636
f 6488/2556/1650 6502/2567/1636 6489/2555/1649
f 6490/2558/1648 6503/2570/1635 6504/2569/1634
f 6490/2558/1648 6504/2569/1634 6491/2557/1647
f 6492/2495/1646 6505/2497/3002 6506/2571/1632
f 6492/2495/1646 6506/2571/1632 6493/2559/1645
f 6494/2561/1644 6507/2573/1629 6508/2572/1628
f 6494/2561/1644 6508/2572/1628 6495/2560/1643
f 6496/2562/1642 6443/2513/2982 6446/2514/2985
f 6496/2562/1642 6446/2514/2985 6448/2520/1641
f 6509/2486/3003 6455/2489/2988 6458/2525/1620
f 6509/2486/3003 6458/2525/1620 6510/2574/1604
f 6499/2566/1639 6459/2527/2990 6460/2528/2991
f 6499/2566/1639 6460/2528/2991 6500/2565/3001
f 6501/2568/1637 6461/2529/2992 6464/2530/2994
f 6501/2568/1637 6464/2530/2994 6502/2567/1636
f 6503/2570/1635 6465/2533/2995 6468/2534/2996
f 6503/2570/1635 6468/2534/2996 6504/2569/1634
f 6505/2497/3002 6511/2499/1630 6512/2575/1631
f 6505/2497/3002 6512/2575/1631 6506/2571/1632
f 6507/2573/1629 6473/2541/1626 6476/2542/1627
f 6507/2573/1629 6476/2542/1627 6508/2572/1628
f 6513/2576/1689 6514/2579/3004 6515/2578/1711
f 6513/2576/1689 6515/2578/1711 6516/2577/1714
f 6517/2580/3005 6518/2583/3006 6519/2582/3007
f 6517/2580/3005 6519/2582/3007 6520/2581/3172
f 6448/2520/1641 6446/2514/2985 6521/2584/3008
f 6448/2520/1641 6521/2584/3008 6449/2519/1693
f 6518/2583/3006 6472/2538/2997 6522/2585/1690
f 6518/2583/3006 6522/2585/1690 6519/2582/3007
f 6446/2514/2985 6445/2515/2984 6513/2576/1689
f 6446/2514/2985 6513/2576/1689 6521/2584/3008
f 6454/2522/2987 6453/2523/2986 6523/2587/1688
f 6454/2522/2987 6523/2587/1688 6524/2586/3009
f 6472/2538/2997 6471/2539/1664 6525/2588/1687
f 6472/2538/2997 6525/2588/1687 6522/2585/1690
f 6445/2515/2984 6478/2545/1660 6514/2579/3004
f 6445/2515/2984 6514/2579/3004 6513/2576/1689
f 6453/2523/2986 6482/2548/1656 6526/2589/3010
f 6453/2523/2986 6526/2589/3010 6523/2587/1688
f 6471/2539/1664 6487/2553/1651 6527/2590/1684
f 6471/2539/1664 6527/2590/1684 6525/2588/1687
f 6478/2545/1660 6491/2557/1647 6528/2591/3011
f 6478/2545/1660 6528/2591/3011 6514/2579/3004
f 6482/2548/1656 6495/2560/1643 6529/2592/1682
f 6482/2548/1656 6529/2592/1682 6526/2589/3010
f 6487/2553/1651 6500/2565/3001 6530/2593/3012
f 6487/2553/1651 6530/2593/3012 6527/2590/1684
f 6491/2557/1647 6504/2569/1634 6531/2594/1671
f 6491/2557/1647 6531/2594/1671 6528/2591/3011
f 6495/2560/1643 6508/2572/1628 6532/2595/1680
f 6495/2560/1643 6532/2595/1680 6529/2592/1682
f 6500/2565/3001 6460/2528/2991 6533/2596/1679
f 6500/2565/3001 6533/2596/1679 6530/2593/3012
f 6504/2569/1634 6468/2534/2996 6534/2597/3013
f 6504/2569/1634 6534/2597/3013 6531/2594/1671
f 6508/2572/1628 6476/2542/1627 6535/2598/1677
f 6508/2572/1628 6535/2598/1677 6532/2595/1680
f 6460/2528/2991 6454/2522/2987 6524/2586/3009
f 6460/2528/2991 6524/2586/3009 6533/2596/1679
f 6468/2534/2996 6467/2535/1601 6536/2599/1676
f 6468/2534/2996 6536/2599/1676 6534/2597/3013
f 6476/2542/1627 6475/2543/1662 6537/2600/2148
f 6476/2542/1627 6537/2600/2148 6535/2598/1677
f 6467/2535/1601 6485/2551/1607 6538/2601/1606
f 6467/2535/1601 6538/2601/1606 6536/2599/1676
f 6475/2543/1662 6489/2555/1649 6539/2602/1673
f 6475/2543/1662 6539/2602/1673 6537/2600/2148
f 6485/2551/1607 6498/2563/3000 6540/2603/1605
f 6485/2551/1607 6540/2603/1605 6538/2601/1606
f 6489/2555/1649 6502/2567/1636 6541/2604/1702
f 6489/2555/1649 6541/2604/1702 6539/2602/1673
f 6498/2563/3000 6542/2606/3014 6543/2605/1701
f 6498/2563/3000 6543/2605/1701 6540/2603/1605
f 6502/2567/1636 6464/2530/2994 6544/2607/1699
f 6502/2567/1636 6544/2607/1699 6541/2604/1702
f 6542/2606/3014 6545/2609/3015 6546/2608/1698
f 6542/2606/3014 6546/2608/1698 6543/2605/1701
f 6464/2530/2994 6463/2531/1613 6547/2610/1697
f 6464/2530/2994 6547/2610/1697 6544/2607/1699
f 6545/2609/3015 6548/2612/3016 6549/2611/1696
f 6545/2609/3015 6549/2611/1696 6546/2608/1698
f 6463/2531/1613 6447/2517/1667 6450/2518/3171
f 6463/2531/1613 6450/2518/3171 6547/2610/1697
f 6548/2612/3016 6517/2580/3005 6520/2581/3172
f 6548/2612/3016 6520/2581/3172 6549/2611/1696
f 6523/2587/1688 6526/2589/3010 6550/2614/1710
f 6523/2587/1688 6550/2614/1710 6551/2613/1713
f 6525/2588/1687 6527/2590/1684 6552/2616/1709
f 6525/2588/1687 6552/2616/1709 6553/2615/1712
f 6514/2579/3004 6528/2591/3011 6554/2617/1708
f 6514/2579/3004 6554/2617/1708 6515/2578/1711
f 6526/2589/3010 6529/2592/1682 6555/2618/1707
f 6526/2589/3010 6555/2618/1707 6550/2614/1710
f 6527/2590/1684 6530/2593/3012 6556/2619/1705
f 6527/2590/1684 6556/2619/1705 6552/2616/1709
f 6528/2591/3011 6531/2594/1671 6557/2620/1670
f 6528/2591/3011 6557/2620/1670 6554/2617/1708
f 6529/2592/1682 6532/2595/1680 6558/2621/1706
f 6529/2592/1682 6558/2621/1706 6555/2618/1707
f 6530/2593/3012 6533/2596/1679 6559/2622/1704
f 6530/2593/3012 6559/2622/1704 6556/2619/1705
f 6531/2594/1671 6534/2597/3013 6560/2623/1669
f 6531/2594/1671 6560/2623/1669 6557/2620/1670
f 6532/2595/1680 6535/2598/1677 6561/2624/3017
f 6532/2595/1680 6561/2624/3017 6558/2621/1706
f 6533/2596/1679 6524/2586/3009 6562/2625/1716
f 6533/2596/1679 6562/2625/1716 6559/2622/1704
f 6534/2597/3013 6536/2599/1676 6563/2626/1732
f 6534/2597/3013 6563/2626/1732 6560/2623/1669
f 6535/2598/1677 6537/2600/2148 6564/2627/2155
f 6535/2598/1677 6564/2627/2155 6561/2624/3017
f 6536/2599/1676 6538/2601/1606 6565/2628/1730
f 6536/2599/1676 6565/2628/1730 6563/2626/1732
f 6537/2600/2148 6539/2602/1673 6566/2629/3018
f 6537/2600/2148 6566/2629/3018 6564/2627/2155
f 6538/2601/1606 6540/2603/1605 6567/2630/2153
f 6538/2601/1606 6567/2630/2153 6565/2628/1730
f 6539/2602/1673 6541/2604/1702 6568/2631/1727
f 6539/2602/1673 6568/2631/1727 6566/2629/3018
f 6540/2603/1605 6543/2605/1701 6569/2632/3173
f 6540/2603/1605 6569/2632/3173 6567/2630/2153
f 6541/2604/1702 6544/2607/1699 6570/2633/1725
f 6541/2604/1702 6570/2633/1725 6568/2631/1727
f 6543/2605/1701 6546/2608/1698 6571/2634/1724
f 6543/2605/1701 6571/2634/1724 6569/2632/3173
f 6544/2607/1699 6547/2610/1697 6572/2635/2152
f 6544/2607/1699 6572/2635/2152 6570/2633/1725
f 6546/2608/1698 6549/2611/1696 6573/2636/1722
f 6546/2608/1698 6573/2636/1722 6571/2634/1724
f 6547/2610/1697 6450/2518/3171 6574/2637/1721
f 6547/2610/1697 6574/2637/1721 6572/2635/2152
f 6549/2611/1696 6520/2581/3172 6575/2638/3019
f 6549/2611/1696 6575/2638/3019 6573/2636/1722
f 6450/2518/3171 6449/2519/1693 6576/2639/3174
f 6450/2518/3171 6576/2639/3174 6574/2637/1721
f 6520/2581/3172 6519/2582/3007 6577/2640/3020
f 6520/2581/3172 6577/2640/3020 6575/2638/3019
f 6449/2519/1693 6521/2584/3008 6578/2641/1717
f 6449/2519/1693 6578/2641/1717 6576/2639/3174
f 6519/2582/3007 6522/2585/1690 6579/2642/1715
f 6519/2582/3007 6579/2642/1715 6577/2640/3020
f 6521/2584/3008 6513/2576/1689 6516/2577/1714
f 6521/2584/3008 6516/2577/1714 6578/2641/1717
f 6524/2586/3009 6523/2587/1688 6551/2613/1713
f 6524/2586/3009 6551/2613/1713 6562/2625/1716
f 6522/2585/1690 6525/2588/1687 6553/2615/1712
f 6522/2585/1690 6553/2615/1712 6579/2642/1715
f 6580/2643/1759 6581/2646/1755 6582/2645/3021
f 6580/2643/1759 6582/2645/3021 6583/2644/1758
f 6584/2647/1748 6585/2650/1744 6586/2649/1827
f 6584/2647/1748 6586/2649/1827 6587/2648/1829
f 6588/2651/3023 6589/2654/1753 6590/2653/1741
f 6588/2651/3023 6590/2653/1741 6591/2652/3024
f 6581/2646/1755 6592/2656/3025 6593/2655/1751
f 6581/2646/1755 6593/2655/1751 6582/2645/3021
f 6589/2654/1753 6594/2658/3026 6595/2657/1738
f 6589/2654/1753 6595/2657/1738 6590/2653/1741
f 6592/2656/3025 6596/2659/3027 6584/2647/1748
f 6592/2656/3025 6584/2647/1748 6593/2655/1751
f 6594/2658/3026 6597/2661/3028 6598/2660/1746
f 6594/2658/3026 6598/2660/1746 6595/2657/1738
f 6596/2659/3027 6599/2662/3029 6585/2650/1744
f 6596/2659/3027 6585/2650/1744 6584/2647/1748
f 6597/2661/3028 6600/2664/3030 6601/2663/1736
f 6597/2661/3028 6601/2663/1736 6598/2660/1746
f 6599/2662/3029 6602/2666/3031 6603/2665/1743
f 6599/2662/3029 6603/2665/1743 6585/2650/1744
f 6600/2664/3030 6604/2668/1734 6605/2667/1735
f 6600/2664/3030 6605/2667/1735 6601/2663/1736
f 6602/2666/3031 6606/2670/1799 6607/2669/1798
f 6602/2666/3031 6607/2669/1798 6603/2665/1743
f 6604/2668/1734 6608/2672/3033 6609/2671/1796
f 6604/2668/1734 6609/2671/1796 6605/2667/1735
f 6606/2670/1799 6610/2674/1795 6611/2673/1794
f 6606/2670/1799 6611/2673/1794 6607/2669/1798
f 6608/2672/3033 6612/2676/1793 6613/2675/3035
f 6608/2672/3033 6613/2675/3035 6609/2671/1796
f 6614/2677/1768 6615/2680/1791 6616/2679/1790
f 6614/2677/1768 6616/2679/1790 6617/2678/1769
f 6610/2674/1795 6618/2682/3036 6619/2681/1788
f 6610/2674/1795 6619/2681/1788 6611/2673/1794
f 6612/2676/1793 6620/2684/3037 6621/2683/3038
f 6612/2676/1793 6621/2683/3038 6613/2675/3035
f 6615/2680/1791 6622/2686/1785 6623/2685/3039
f 6615/2680/1791 6623/2685/3039 6616/2679/1790
f 6618/2682/3036 6624/2688/1783 6625/2687/1782
f 6618/2682/3036 6625/2687/1782 6619/2681/1788
f 6620/2684/3037 6626/2690/1781 6627/2689/1780
f 6620/2684/3037 6627/2689/1780 6621/2683/3038
f 6622/2686/1785 6628/2692/1779 6629/2691/1778
f 6622/2686/1785 6629/2691/1778 6623/2685/3039
f 6624/2688/1783 6630/2694/1777 6631/2693/1776
f 6624/2688/1783 6631/2693/1776 6625/2687/1782
f 6626/2690/1781 6632/2696/1775 6633/2695/3040
f 6626/2690/1781 6633/2695/3040 6627/2689/1780
f 6628/2692/1779 6634/2698/1773 6635/2697/3041
f 6628/2692/1779 6635/2697/3041 6629/2691/1778
f 6630/2694/1777 6636/2700/1771 6637/2699/1770
f 6630/2694/1777 6637/2699/1770 6631/2693/1776
f 6632/2696/1775 6638/2702/1767 6639/2701/3042
f 6632/2696/1775 6639/2701/3042 6633/2695/3040
f 6634/2698/1773 6640/2704/1765 6641/2703/1764
f 6634/2698/1773 6641/2703/1764 6635/2697/3041
f 6636/2700/1771 6614/2677/1768 6617/2678/1769
f 6636/2700/1771 6617/2678/1769 6637/2699/1770
f 6638/2702/1767 6642/2706/1763 6643/2705/1762
f 6638/2702/1767 6643/2705/1762 6639/2701/3042
f 6640/2704/1765 6644/2708/1761 6645/2707/1760
f 6640/2704/1765 6645/2707/1760 6641/2703/1764
f 6642/2706/1763 6580/2643/1759 6583/2644/1758
f 6642/2706/1763 6583/2644/1758 6643/2705/1762
f 6644/2708/1761 6588/2651/3023 6591/2652/3024
f 6644/2708/1761 6591/2652/3024 6645/2707/1760
f 6646/2709/200 6647/2712/1834 6648/2711/1834
f 6646/2709/200 6648/2711/1834 6649/2710/200
f 6598/2660/1746 6601/2663/1736 6650/2714/1826
f 6598/2660/1746 6650/2714/1826 6651/2713/1828
f 6585/2650/1744 6603/2665/1743 6652/2715/1825
f 6585/2650/1744 6652/2715/1825 6586/2649/1827
f 6601/2663/1736 6605/2667/1735 6653/2716/1824
f 6601/2663/1736 6653/2716/1824 6650/2714/1826
f 6603/2665/1743 6607/2669/1798 6654/2717/1823
f 6603/2665/1743 6654/2717/1823 6652/2715/1825
f 6605/2667/1735 6609/2671/1796 6655/2718/2163
f 6605/2667/1735 6655/2718/2163 6653/2716/1824
f 6607/2669/1798 6611/2673/1794 6656/2719/1821
f 6607/2669/1798 6656/2719/1821 6654/2717/1823
f 6609/2671/1796 6613/2675/3035 6657/2720/1820
f 6609/2671/1796 6657/2720/1820 6655/2718/2163
f 6617/2678/1769 6616/2679/1790 6658/2722/2162
f 6617/2678/1769 6658/2722/2162 6659/2721/1808
f 6611/2673/1794 6619/2681/1788 6660/2723/3044
f 6611/2673/1794 6660/2723/3044 6656/2719/1821
f 6613/2675/3035 6621/2683/3038 6661/2724/1817
f 6613/2675/3035 6661/2724/1817 6657/2720/1820
f 6616/2679/1790 6623/2685/3039 6662/2725/1816
f 6616/2679/1790 6662/2725/1816 6658/2722/2162
f 6619/2681/1788 6625/2687/1782 6663/2726/1815
f 6619/2681/1788 6663/2726/1815 6660/2723/3044
f 6621/2683/3038 6627/2689/1780 6664/2727/1814
f 6621/2683/3038 6664/2727/1814 6661/2724/1817
f 6623/2685/3039 6629/2691/1778 6665/2728/3045
f 6623/2685/3039 6665/2728/3045 6662/2725/1816
f 6625/2687/1782 6631/2693/1776 6666/2729/3046
f 6625/2687/1782 6666/2729/3046 6663/2726/1815
f 6627/2689/1780 6633/2695/3040 6667/2730/1811
f 6627/2689/1780 6667/2730/1811 6664/2727/1814
f 6629/2691/1778 6635/2697/3041 6668/2731/1810
f 6629/2691/1778 6668/2731/1810 6665/2728/3045
f 6631/2693/1776 6637/2699/1770 6669/2732/1809
f 6631/2693/1776 6669/2732/1809 6666/2729/3046
f 6633/2695/3040 6639/2701/3042 6670/2733/1807
f 6633/2695/3040 6670/2733/1807 6667/2730/1811
f 6635/2697/3041 6641/2703/1764 6671/2734/3175
f 6635/2697/3041 6671/2734/3175 6668/2731/1810
f 6637/2699/1770 6617/2678/1769 6659/2721/1808
f 6637/2699/1770 6659/2721/1808 6669/2732/1809
f 6639/2701/3042 6643/2705/1762 6672/2735/2161
f 6639/2701/3042 6672/2735/2161 6670/2733/1807
f 6641/2703/1764 6645/2707/1760 6673/2736/3047
f 6641/2703/1764 6673/2736/3047 6671/2734/3175
f 6643/2705/1762 6583/2644/1758 6674/2737/3176
f 6643/2705/1762 6674/2737/3176 6672/2735/2161
f 6645/2707/1760 6591/2652/3024 6675/2738/3048
f 6645/2707/1760 6675/2738/3048 6673/2736/3047
f 6583/2644/1758 6582/2645/3021 6676/2739/1801
f 6583/2644/1758 6676/2739/1801 6674/2737/3176
f 6591/2652/3024 6590/2653/1741 6677/2740/1740
f 6591/2652/3024 6677/2740/1740 6675/2738/3048
f 6582/2645/3021 6593/2655/1751 6678/2741/1800
f 6582/2645/3021 6678/2741/1800 6676/2739/1801
f 6590/2653/1741 6595/2657/1738 6679/2742/3049
f 6590/2653/1741 6679/2742/3049 6677/2740/1740
f 6593/2655/1751 6584/2647/1748 6587/2648/1829
f 6593/2655/1751 6587/2648/1829 6678/2741/1800
f 6595/2657/1738 6598/2660/1746 6651/2713/1828
f 6595/2657/1738 6651/2713/1828 6679/2742/3049
f 6680/2743/3050 6681/2746/3051 6682/2745/1904
f 6680/2743/3050 6682/2745/1904 6683/2744/1849
f 6684/2747/171 6685/2750/1113 6686/2749/1113
f 6684/2747/171 6686/2749/1113 6687/2748/171
f 6688/2751/67 6689/2754/141 6690/2753/141
f 6688/2751/67 6690/2753/141 6691/2752/67
f 6647/2712/1834 6692/2756/204 6693/2755/207
f 6647/2712/1834 6693/2755/207 6648/2711/1834
f 6685/2750/1113 6694/2758/175 6695/2757/175
f 6685/2750/1113 6695/2757/175 6686/2749/1113
f 6689/2754/141 6696/2760/143 6697/2759/143
f 6689/2754/141 6697/2759/143 6690/2753/141
f 6698/2761/207 6699/2763/208 6700/2743/208
f 6698/2761/207 6700/2743/208 6701/2762/207
f 6694/2758/175 6702/2765/73 6703/2764/73
f 6694/2758/175 6703/2764/73 6695/2757/175
f 6696/2760/143 6704/2767/145 6705/2766/145
f 6696/2760/143 6705/2766/145 6697/2759/143
f 6699/2763/208 6706/2768/210 6707/2746/210
f 6699/2763/208 6707/2746/210 6700/2743/208
f 6702/2765/73 6708/2770/178 6709/2769/178
f 6702/2765/73 6709/2769/178 6703/2764/73
f 6704/2767/145 6710/2772/147 6711/2771/147
f 6704/2767/145 6711/2771/147 6705/2766/145
f 6706/2768/210 6712/2774/216 6713/2773/216
f 6706/2768/210 6713/2773/216 6707/2746/210
f 6708/2770/178 6714/2776/180 6715/2775/180
f 6708/2770/178 6715/2775/180 6709/2769/178
f 6716/2777/147 6717/2780/150 6718/2779/150
f 6716/2777/147 6718/2779/150 6719/2778/147
f 6712/2774/216 6688/2751/67 6691/2752/67
f 6712/2774/216 6691/2752/67 6713/2773/216
f 6714/2776/180 6720/2782/182 6721/2781/182
f 6714/2776/180 6721/2781/182 6715/2775/180
f 6717/2780/150 6722/2784/152 6723/2783/3052
f 6717/2780/150 6723/2783/3052 6718/2779/150
f 6720/2782/182 6724/2786/184 6725/2785/184
f 6720/2782/182 6725/2785/184 6721/2781/182
f 6722/2784/152 6726/2788/1590 6727/2787/1590
f 6722/2784/152 6727/2787/1590 6723/2783/3052
f 6728/2789/184 6729/2792/187 6730/2791/187
f 6728/2789/184 6730/2791/187 6731/2790/184
f 6726/2788/1590 6732/2794/1470 6733/2793/1470
f 6726/2788/1590 6733/2793/1470 6727/2787/1590
f 6729/2792/187 6734/2796/1048 6735/2795/1048
f 6729/2792/187 6735/2795/1048 6730/2791/187
f 6732/2794/1470 6736/2798/1838 6737/2797/1838
f 6732/2794/1470 6737/2797/1838 6733/2793/1470
f 6734/2796/1048 6738/2800/1568 6739/2799/1568
f 6734/2796/1048 6739/2799/1568 6735/2795/1048
f 6736/2798/1838 6740/2802/164 6741/2801/3053
f 6736/2798/1838 6741/2801/3053 6737/2797/1838
f 6738/2800/1568 6742/2804/1566 6743/2803/1566
f 6738/2800/1568 6743/2803/1566 6739/2799/1568
f 6740/2802/164 6744/2806/1836 6745/2805/1836
f 6740/2802/164 6745/2805/1836 6741/2801/3053
f 6742/2804/1566 6746/2808/198 6747/2807/198
f 6742/2804/1566 6747/2807/198 6743/2803/1566
f 6744/2806/1836 6748/2810/168 6749/2809/1583
f 6744/2806/1836 6749/2809/1583 6745/2805/1836
f 6746/2808/198 6646/2709/200 6649/2710/200
f 6746/2808/198 6649/2710/200 6747/2807/198
f 6750/2811/168 6684/2747/171 6687/2748/171
f 6750/2811/168 6687/2748/171 6751/2812/168
f 6752/2813/1932 6753/2816/1929 6754/2815/3054
f 6752/2813/1932 6754/2815/3054 6755/2814/1931
f 6756/2764/2164 6757/2769/1903 6758/2818/1902
f 6756/2764/2164 6758/2818/1902 6759/2817/1845
f 6760/2766/1830 6761/2771/1906 6762/2820/1907
f 6760/2766/1830 6762/2820/1907 6763/2819/1831
f 6681/2746/3051 6764/2773/1899 6765/2821/3177
f 6681/2746/3051 6765/2821/3177 6682/2745/1904
f 6757/2769/1903 6766/2775/1897 6767/2822/1896
f 6757/2769/1903 6767/2822/1896 6758/2818/1902
f 6768/2778/1901 6769/2779/3055 6770/2824/3056
f 6768/2778/1901 6770/2824/3056 6771/2823/3057
f 6764/2773/1899 6772/2752/1861 6773/2825/1860
f 6764/2773/1899 6773/2825/1860 6765/2821/3177
f 6766/2775/1897 6774/2781/1893 6775/2826/1892
f 6766/2775/1897 6775/2826/1892 6767/2822/1896
f 6769/2779/3055 6776/2783/3058 6777/2827/3059
f 6769/2779/3055 6777/2827/3059 6770/2824/3056
f 6774/2781/1893 6778/2785/3060 6779/2828/1888
f 6774/2781/1893 6779/2828/1888 6775/2826/1892
f 6776/2783/3058 6780/2787/3061 6781/2829/1886
f 6776/2783/3058 6781/2829/1886 6777/2827/3059
f 6782/2790/1889 6783/2791/3062 6784/2831/3063
f 6782/2790/1889 6784/2831/3063 6785/2830/1888
f 6780/2787/3061 6786/2793/1883 6787/2832/3064
f 6780/2787/3061 6787/2832/3064 6781/2829/1886
f 6783/2791/3062 6788/2795/3065 6789/2833/3066
f 6783/2791/3062 6789/2833/3066 6784/2831/3063
f 6786/2793/1883 6790/2797/3067 6791/2834/3068
f 6786/2793/1883 6791/2834/3068 6787/2832/3064
f 6788/2795/3065 6792/2799/3069 6793/2835/1922
f 6788/2795/3065 6793/2835/1922 6789/2833/3066
f 6790/2797/3067 6794/2801/3070 6795/2836/3071
f 6790/2797/3067 6795/2836/3071 6791/2834/3068
f 6792/2799/3069 6796/2803/1873 6797/2837/1872
f 6792/2799/3069 6797/2837/1872 6793/2835/1922
f 6794/2801/3070 6798/2805/3072 6799/2838/3073
f 6794/2801/3070 6799/2838/3073 6795/2836/3071
f 6796/2803/1873 6800/2807/3074 6801/2839/1915
f 6796/2803/1873 6801/2839/1915 6797/2837/1872
f 6798/2805/3072 6802/2809/1867 6803/2840/1866
f 6798/2805/3072 6803/2840/1866 6799/2838/3073
f 6800/2807/3074 6804/2710/1865 6805/2841/1912
f 6800/2807/3074 6805/2841/1912 6801/2839/1915
f 6806/2812/1867 6807/2748/1863 6808/2843/1862
f 6806/2812/1867 6808/2843/1862 6809/2842/1866
f 6804/2710/1865 6810/2711/3075 6811/2844/3076
f 6804/2710/1865 6811/2844/3076 6805/2841/1912
f 6807/2748/1863 6812/2749/2166 6813/2845/1854
f 6807/2748/1863 6813/2845/1854 6808/2843/1862
f 6772/2752/1861 6814/2753/1853 6815/2846/2165
f 6772/2752/1861 6815/2846/2165 6773/2825/1860
f 6810/2711/3075 6816/2755/1856 6817/2847/1956
f 6810/2711/3075 6817/2847/1956 6811/2844/3076
f 6812/2749/2166 6818/2757/1847 6819/2848/1846
f 6812/2749/2166 6819/2848/1846 6813/2845/1854
f 6814/2753/1853 6820/2759/1833 6821/2849/1832
f 6814/2753/1853 6821/2849/1832 6815/2846/2165
f 6822/2762/3077 6680/2743/3050 6683/2744/1849
f 6822/2762/3077 6683/2744/1849 6823/2850/1850
f 6818/2757/1847 6756/2764/2164 6759/2817/1845
f 6818/2757/1847 6759/2817/1845 6819/2848/1846
f 6820/2759/1833 6760/2766/1830 6763/2819/1831
f 6820/2759/1833 6763/2819/1831 6821/2849/1832
f 6824/2851/3178 6825/2854/3079 6826/2853/1966
f 6824/2851/3178 6826/2853/1966 6827/2852/1967
f 6828/2855/3080 6829/2858/3081 6830/2857/1927
f 6828/2855/3080 6830/2857/1927 6831/2856/3082
f 6785/2830/1888 6784/2831/3063 6832/2860/1926
f 6785/2830/1888 6832/2860/1926 6833/2859/1928
f 6829/2858/3081 6834/2862/1882 6835/2861/3083
f 6829/2858/3081 6835/2861/3083 6830/2857/1927
f 6784/2831/3063 6789/2833/3066 6836/2863/3178
f 6784/2831/3063 6836/2863/3178 6832/2860/1926
f 6834/2862/1882 6837/2865/1878 6838/2864/1923
f 6834/2862/1882 6838/2864/1923 6835/2861/3083
f 6789/2833/3066 6793/2835/1922 6839/2866/3085
f 6789/2833/3066 6839/2866/3085 6836/2863/3178
f 6837/2865/1878 6840/2868/1874 6841/2867/3179
f 6837/2865/1878 6841/2867/3179 6838/2864/1923
f 6793/2835/1922 6797/2837/1872 6842/2869/3086
f 6793/2835/1922 6842/2869/3086 6839/2866/3085
f 6840/2868/1874 6843/2871/1870 6844/2870/2169
f 6840/2868/1874 6844/2870/2169 6841/2867/3179
f 6797/2837/1872 6801/2839/1915 6845/2872/1914
f 6797/2837/1872 6845/2872/1914 6842/2869/3086
f 6843/2871/1870 6846/2874/1843 6847/2873/1916
f 6843/2871/1870 6847/2873/1916 6844/2870/2169
f 6801/2839/1915 6805/2841/1912 6848/2875/1913
f 6801/2839/1915 6848/2875/1913 6845/2872/1914
f 6846/2874/1843 6849/2877/1840 6850/2876/1841
f 6846/2874/1843 6850/2876/1841 6847/2873/1916
f 6805/2841/1912 6811/2844/3076 6851/2878/1961
f 6805/2841/1912 6851/2878/1961 6848/2875/1913
f 6849/2877/1840 6852/2880/1960 6853/2879/1959
f 6849/2877/1840 6853/2879/1959 6850/2876/1841
f 6854/2881/1936 6855/2884/1958 6856/2883/1957
f 6854/2881/1936 6856/2883/1957 6857/2882/3087
f 6811/2844/3076 6817/2847/1956 6858/2885/3088
f 6811/2844/3076 6858/2885/3088 6851/2878/1961
f 6852/2880/1960 6859/2887/1954 6860/2886/1953
f 6852/2880/1960 6860/2886/1953 6853/2879/1959
f 6855/2884/1958 6861/2889/3089 6862/2888/1951
f 6855/2884/1958 6862/2888/1951 6856/2883/1957
f 6863/2890/1956 6864/2893/3180 6865/2892/1949
f 6863/2890/1956 6865/2892/1949 6866/2891/3088
f 6859/2887/1954 6867/2895/1845 6868/2894/1948
f 6859/2887/1954 6868/2894/1948 6860/2886/1953
f 6861/2889/3089 6869/2897/1947 6870/2896/1946
f 6861/2889/3089 6870/2896/1946 6862/2888/1951
f 6864/2893/3180 6871/2899/1944 6872/2898/1943
f 6864/2893/3180 6872/2898/1943 6865/2892/1949
f 6867/2895/1845 6873/2901/1942 6874/2900/1941
f 6867/2895/1845 6874/2900/1941 6868/2894/1948
f 6869/2897/1947 6875/2903/1900 6876/2902/1940
f 6869/2897/1947 6876/2902/1940 6870/2896/1946
f 6871/2899/1944 6877/2905/1939 6878/2904/1938
f 6871/2899/1944 6878/2904/1938 6872/2898/1943
f 6873/2901/1942 6879/2907/1935 6880/2906/1934
f 6873/2901/1942 6880/2906/1934 6874/2900/1941
f 6875/2903/1900 6881/2909/1894 6882/2908/1933
f 6875/2903/1900 6882/2908/1933 6876/2902/1940
f 6877/2905/1939 6854/2881/1936 6857/2882/3087
f 6877/2905/1939 6857/2882/3087 6878/2904/1938
f 6879/2907/1935 6752/2813/1932 6755/2814/1931
f 6879/2907/1935 6755/2814/1931 6880/2906/1934
f 6881/2909/1894 6828/2855/3080 6831/2856/3082
f 6881/2909/1894 6831/2856/3082 6882/2908/1933
f 6883/2910/2032 6884/2913/2030 6885/2912/2030
f 6883/2910/2032 6885/2912/2030 6886/2911/3091
f 6838/2864/1923 6841/2867/3179 6887/2915/3181
f 6838/2864/1923 6887/2915/3181 6888/2914/3092
f 6825/2854/3079 6889/2917/3093 6890/2916/1998
f 6825/2854/3079 6890/2916/1998 6826/2853/1966
f 6841/2867/3179 6844/2870/2169 6891/2918/1996
f 6841/2867/3179 6891/2918/1996 6887/2915/3181
f 6889/2917/3093 6892/2919/1914 6893/2910/3094
f 6889/2917/3093 6893/2910/3094 6890/2916/1998
f 6844/2870/2169 6847/2873/1916 6894/2920/1994
f 6844/2870/2169 6894/2920/1994 6891/2918/1996
f 6892/2919/1914 6895/2921/3182 6896/2913/3096
f 6892/2919/1914 6896/2913/3096 6893/2910/3094
f 6847/2873/1916 6850/2876/1841 6897/2922/1992
f 6847/2873/1916 6897/2922/1992 6894/2920/1994
f 6895/2921/3182 6898/2924/1961 6899/2923/1991
f 6895/2921/3182 6899/2923/1991 6896/2913/3096
f 6850/2876/1841 6853/2879/1959 6900/2925/1990
f 6850/2876/1841 6900/2925/1990 6897/2922/1992
f 6857/2882/3087 6856/2883/1957 6901/2927/1989
f 6857/2882/3087 6901/2927/1989 6902/2926/1978
f 6898/2924/1961 6866/2891/3088 6903/2928/3097
f 6898/2924/1961 6903/2928/3097 6899/2923/1991
f 6853/2879/1959 6860/2886/1953 6904/2929/1987
f 6853/2879/1959 6904/2929/1987 6900/2925/1990
f 6856/2883/1957 6862/2888/1951 6905/2930/3098
f 6856/2883/1957 6905/2930/3098 6901/2927/1989
f 6866/2891/3088 6865/2892/1949 6906/2931/3099
f 6866/2891/3088 6906/2931/3099 6903/2928/3097
f 6860/2886/1953 6868/2894/1948 6907/2932/1984
f 6860/2886/1953 6907/2932/1984 6904/2929/1987
f 6862/2888/1951 6870/2896/1946 6908/2933/3100
f 6862/2888/1951 6908/2933/3100 6905/2930/3098
f 6865/2892/1949 6872/2898/1943 6909/2934/1982
f 6865/2892/1949 6909/2934/1982 6906/2931/3099
f 6868/2894/1948 6874/2900/1941 6910/2935/3101
f 6868/2894/1948 6910/2935/3101 6907/2932/1984
f 6870/2896/1946 6876/2902/1940 6911/2936/1980
f 6870/2896/1946 6911/2936/1980 6908/2933/3100
f 6872/2898/1943 6878/2904/1938 6912/2937/1979
f 6872/2898/1943 6912/2937/1979 6909/2934/1982
f 6874/2900/1941 6880/2906/1934 6913/2938/3102
f 6874/2900/1941 6913/2938/3102 6910/2935/3101
f 6876/2902/1940 6882/2908/1933 6914/2939/1975
f 6876/2902/1940 6914/2939/1975 6911/2936/1980
f 6878/2904/1938 6857/2882/3087 6902/2926/1978
f 6878/2904/1938 6902/2926/1978 6912/2937/1979
f 6880/2906/1934 6755/2814/1931 6915/2940/3103
f 6880/2906/1934 6915/2940/3103 6913/2938/3102
f 6882/2908/1933 6831/2856/3082 6916/2941/3104
f 6882/2908/1933 6916/2941/3104 6914/2939/1975
f 6755/2814/1931 6754/2815/3054 6917/2942/3105
f 6755/2814/1931 6917/2942/3105 6915/2940/3103
f 6831/2856/3082 6830/2857/1927 6918/2943/1971
f 6831/2856/3082 6918/2943/1971 6916/2941/3104
f 6754/2815/3054 6919/2945/3106 6920/2944/1970
f 6754/2815/3054 6920/2944/1970 6917/2942/3105
f 6830/2857/1927 6835/2861/3083 6921/2946/1968
f 6830/2857/1927 6921/2946/1968 6918/2943/1971
f 6919/2945/3106 6824/2851/3178 6827/2852/1967
f 6919/2945/3106 6827/2852/1967 6920/2944/1970
f 6835/2861/3083 6838/2864/1923 6888/2914/3092
f 6835/2861/3083 6888/2914/3092 6921/2946/1968
f 6922/2947/3183 6923/2950/2045 6924/2949/2045
f 6922/2947/3183 6924/2949/2045 6925/2948/3183
f 6926/2951/3184 6927/2954/3185 6928/2953/3108
f 6926/2951/3184 6928/2953/3108 6929/2952/3186
f 6884/2913/2030 6930/2923/3109 6931/2955/3109
f 6884/2913/2030 6931/2955/3109 6885/2912/2030
f 6932/2956/3107 6933/2959/2184 6934/2958/3110
f 6932/2956/3107 6934/2958/3110 6935/2957/3107
f 6936/2960/2176 6937/2962/2183 6938/2947/3187
f 6936/2960/2176 6938/2947/3187 6939/2961/3112
f 6930/2923/3109 6940/2928/3113 6941/2963/3114
f 6930/2923/3109 6941/2963/3114 6931/2955/3109
f 6933/2959/2184 6942/2965/3115 6943/2964/3116
f 6933/2959/2184 6943/2964/3116 6934/2958/3110
f 6937/2962/2183 6944/2966/3188 6945/2950/2019
f 6937/2962/2183 6945/2950/2019 6938/2947/3187
f 6940/2928/3113 6946/2931/2022 6947/2967/3189
f 6940/2928/3113 6947/2967/3189 6941/2963/3114
f 6942/2965/3115 6948/2969/3119 6949/2968/3119
f 6942/2965/3115 6949/2968/3119 6943/2964/3116
f 6944/2966/3188 6950/2971/2182 6951/2970/2182
f 6944/2966/3188 6951/2970/2182 6945/2950/2019
f 6946/2931/2022 6952/2934/3121 6953/2972/3125
f 6946/2931/2022 6953/2972/3125 6947/2967/3189
f 6948/2969/3119 6954/2974/2011 6955/2973/3122
f 6948/2969/3119 6955/2973/3122 6949/2968/3119
f 6956/2975/3123 6957/2978/3124 6958/2977/3124
f 6956/2975/3123 6958/2977/3124 6959/2976/3123
f 6960/2979/2180 6961/2982/2008 6962/2981/3190
f 6960/2979/2180 6962/2981/3190 6963/2980/2180
f 6954/2974/2011 6964/2984/3127 6965/2983/3127
f 6954/2974/2011 6965/2983/3127 6955/2973/3122
f 6957/2978/3124 6966/2986/2003 6967/2985/2002
f 6957/2978/3124 6967/2985/2002 6958/2977/3124
f 6961/2982/2008 6936/2960/2176 6939/2961/3112
f 6961/2982/2008 6939/2961/3112 6962/2981/3190
f 6968/2938/2006 6969/2940/3191 6970/2988/2001
f 6968/2938/2006 6970/2988/2001 6971/2987/2006
f 6966/2986/2003 6972/2990/1964 6973/2989/3130
f 6966/2986/2003 6973/2989/3130 6967/2985/2002
f 6969/2940/3191 6974/2942/2000 6975/2991/1999
f 6969/2940/3191 6975/2991/1999 6970/2988/2001
f 6972/2990/1964 6976/2993/3132 6977/2992/3132
f 6972/2990/1964 6977/2992/3132 6973/2989/3130
f 6974/2942/2000 6978/2944/2189 6979/2994/2189
f 6974/2942/2000 6979/2994/2189 6975/2991/1999
f 6976/2993/3132 6980/2996/3134 6981/2995/3134
f 6976/2993/3132 6981/2995/3134 6977/2992/3132
f 6978/2944/2189 6982/2852/2039 6983/2997/3192
f 6978/2944/2189 6983/2997/3192 6979/2994/2189
f 6980/2996/3134 6984/2999/2038 6985/2998/3135
f 6980/2996/3134 6985/2998/3135 6981/2995/3134
f 6982/2852/2039 6986/2853/3136 6987/3000/3136
f 6982/2852/2039 6987/3000/3136 6983/2997/3192
f 6984/2999/2038 6988/3002/3193 6989/3001/2036
f 6984/2999/2038 6989/3001/2036 6985/2998/3135
f 6986/2853/3136 6990/2916/3137 6991/3003/3137
f 6986/2853/3136 6991/3003/3137 6987/3000/3136
f 6988/3002/3193 6992/3005/3194 6993/3004/3194
f 6988/3002/3193 6993/3004/3194 6989/3001/2036
f 6990/2916/3137 6883/2910/2032 6886/2911/3091
f 6990/2916/3137 6886/2911/3091 6991/3003/3137
f 6992/3005/3194 6926/2951/3184 6929/2952/3186
f 6992/3005/3194 6929/2952/3186 6993/3004/3194
f 6994/3006/168 6995/3009/171 6996/3008/171
f 6994/3006/168 6996/3008/171 6997/3007/168
f 6998/2964/3140 6999/2968/67 7000/3011/67
f 6998/2964/3140 7000/3011/67 7001/3010/3140
f 6923/2950/2045 7002/2970/3195 7003/3012/3195
f 6923/2950/2045 7003/3012/3195 6924/2949/2045
f 6995/3009/171 7004/2980/1579 7005/3013/1579
f 6995/3009/171 7005/3013/1579 6996/3008/171
f 6999/2968/67 7006/2973/3141 7007/3014/3141
f 6999/2968/67 7007/3014/3141 7000/3011/67
f 7002/2970/3195 7008/3016/184 7009/3015/184
f 7002/2970/3195 7009/3015/184 7003/3012/3195
f 7004/2980/1579 7010/2981/2173 7011/3017/2173
f 7004/2980/1579 7011/3017/2173 7005/3013/1579
f 7006/2973/3141 7012/2983/2056 7013/3018/2056
f 7006/2973/3141 7013/3018/2056 7007/3014/3141
f 7014/2977/184 7015/2985/187 7016/3020/187
f 7014/2977/184 7016/3020/187 7017/3019/184
f 7010/2981/2173 7018/2961/73 7019/3021/73
f 7010/2981/2173 7019/3021/73 7011/3017/2173
f 7012/2983/2056 7020/3023/145 7021/3022/145
f 7012/2983/2056 7021/3022/145 7013/3018/2056
f 7015/2985/187 7022/2989/2055 7023/3024/3196
f 7015/2985/187 7023/3024/3196 7016/3020/187
f 7020/3023/145 7024/3026/147 7025/3025/147
f 7020/3023/145 7025/3025/147 7021/3022/145
f 7022/2989/2055 7026/2992/2054 7027/3027/2054
f 7022/2989/2055 7027/3027/2054 7023/3024/3196
f 7028/3028/147 7029/3031/150 7030/3030/150
f 7028/3028/147 7030/3030/150 7031/3029/2722
f 7026/2992/2054 7032/2995/1566 7033/3032/1566
f 7026/2992/2054 7033/3032/1566 7027/3027/2054
f 7029/3031/150 7034/3034/2052 7035/3033/152
f 7029/3031/150 7035/3033/152 7030/3030/150
f 7032/2995/1566 7036/2998/2051 7037/3035/2051
f 7032/2995/1566 7037/3035/2051 7033/3032/1566
f 7034/3034/2052 7038/3037/2050 7039/3036/2050
f 7034/3034/2052 7039/3036/2050 7035/3033/152
f 7036/2998/2051 7040/3001/1562 7041/3038/1562
f 7036/2998/2051 7041/3038/1562 7037/3035/2051
f 7038/3037/2050 7042/3040/1470 7043/3039/1470
f 7038/3037/2050 7043/3039/1470 7039/3036/2050
f 7040/3001/1562 7044/3004/1834 7045/3041/1834
f 7040/3001/1562 7045/3041/1834 7041/3038/1562
f 7042/3040/1470 7046/3043/1838 7047/3042/1838
f 7042/3040/1470 7047/3042/1838 7043/3039/1470
f 7044/3004/1834 7048/2952/1114 7049/3044/1114
f 7044/3004/1834 7049/3044/1114 7045/3041/1834
f 7046/3043/1838 7050/3046/1585 7051/3045/3144
f 7046/3043/1838 7051/3045/3144 7047/3042/1838
f 7052/3047/207 7053/2957/3197 7054/3049/3197
f 7052/3047/207 7054/3049/3197 7055/3048/207
f 7050/3046/1585 7056/3051/1836 7057/3050/166
f 7050/3046/1585 7057/3050/166 7051/3045/3144
f 7053/2957/3197 7058/2958/2048 7059/3052/2048
f 7053/2957/3197 7059/3052/2048 7054/3049/3197
f 7018/2961/73 6922/2947/3183 6925/2948/3183
f 7018/2961/73 6925/2948/3183 7019/3021/73
f 7056/3051/1836 7060/3054/2049 7061/3053/2049
f 7056/3051/1836 7061/3053/2049 7057/3050/166
f 7058/2958/2048 6998/2964/3140 7001/3010/3140
f 7058/2958/2048 7001/3010/3140 7059/3052/2048
f 7062/3055/2080 7063/3058/3145 7064/3057/2093
f 7062/3055/2080 7064/3057/2093 7065/3056/2094
f 6381/2451/1593 6380/2452/2972 7066/3060/2075
f 6381/2451/1593 7066/3060/2075 7067/3059/3146
f 6401/2472/1580 6399/2469/1581 7068/3062/2136
f 6401/2472/1580 7068/3062/2136 7069/3061/2074
f 6421/2492/1569 6419/2490/1570 7070/3064/3147
f 6421/2492/1569 7070/3064/3147 7071/3063/3148
f 6371/2441/1599 6370/2442/1555 7072/3066/2069
f 6371/2441/1599 7072/3066/2069 7073/3065/2070
f 6370/2442/1555 6441/2512/2981 7074/3067/3149
f 6370/2442/1555 7074/3067/3149 7072/3066/2069
f 6391/2462/1586 6389/2460/2973 7075/3069/2100
f 6391/2462/1586 7075/3069/2100 7076/3068/2097
f 6411/2482/1573 6409/2480/1575 7077/3071/3150
f 6411/2482/1573 7077/3071/3150 7078/3070/3151
f 6431/2502/2977 6429/2500/1560 6440/2509/2062
f 6431/2502/2977 6440/2509/2062 7079/3072/2063
f 6383/2454/1592 6381/2451/1593 7067/3059/3146
f 6383/2454/1592 7067/3059/3146 7080/3073/2108
f 6403/2474/1578 6401/2472/1580 7069/3061/2074
f 6403/2474/1578 7069/3061/2074 7081/3074/2091
f 6423/2494/1567 6421/2492/1569 7071/3063/3148
f 6423/2494/1567 7071/3063/3148 7082/3075/3152
f 6373/2444/1596 6371/2441/1599 7073/3065/2070
f 6373/2444/1596 7073/3065/2070 7083/3076/2089
f 6393/2464/1584 6391/2462/1586 7076/3068/2097
f 6393/2464/1584 7076/3068/2097 7084/3077/2058
f 6413/2484/1574 6411/2482/1573 7078/3070/3151
f 6413/2484/1574 7078/3070/3151 7085/3078/2092
f 6435/2505/2979 6434/2506/2978 7086/3080/2063
f 6435/2505/2979 7086/3080/2063 7087/3079/2086
f 6385/2456/1591 6383/2454/1592 7080/3073/2108
f 6385/2456/1591 7080/3073/2108 7088/3081/2106
f 6405/2476/1577 6403/2474/1578 7081/3074/2091
f 6405/2476/1577 7081/3074/2091 7089/3082/3153
f 6425/2496/2976 6423/2494/1567 7082/3075/3152
f 6425/2496/2976 7082/3075/3152 7090/3083/3154
f 6375/2446/1595 6373/2444/1596 7083/3076/2089
f 6375/2446/1595 7083/3076/2089 7091/3084/2082
f 6395/2466/1582 6393/2464/1584 7084/3077/2058
f 6395/2466/1582 7084/3077/2058 7092/3085/2088
f 6417/2487/1571 6416/2488/1572 7093/3087/2087
f 6417/2487/1571 7093/3087/2087 7094/3086/3155
f 6437/2508/1556 6435/2505/2979 7087/3079/2086
f 6437/2508/1556 7087/3079/2086 7095/3088/2079
f 6387/2458/1589 6385/2456/1591 7088/3081/2106
f 6387/2458/1589 7088/3081/2106 7096/3089/2103
f 6407/2478/1576 6405/2476/1577 7089/3082/3153
f 6407/2478/1576 7089/3082/3153 7097/3090/2077
f 6427/2498/1563 6425/2496/2976 7090/3083/3154
f 6427/2498/1563 7090/3083/3154 6439/2510/2980
f 6377/2448/1594 6375/2446/1595 7091/3084/2082
f 6377/2448/1594 7091/3084/2082 7098/3091/2117
f 6399/2469/1581 6398/2470/1582 7099/3092/2081
f 6399/2469/1581 7099/3092/2081 7068/3062/2136
f 6419/2490/1570 6417/2487/1571 7094/3086/3155
f 6419/2490/1570 7094/3086/3155 7070/3064/3147
f 6441/2512/2981 6437/2508/1556 7095/3088/2079
f 6441/2512/2981 7095/3088/2079 7074/3067/3149
f 6389/2460/2973 6387/2458/1589 7096/3089/2103
f 6389/2460/2973 7096/3089/2103 7075/3069/2100
f 6409/2480/1575 6407/2478/1576 7097/3090/2077
f 6409/2480/1575 7097/3090/2077 7077/3071/3150
f 7100/3093/2194 7101/3094/2059 218/86/44
f 7100/3093/2194 218/86/44 221/87/47
f 7096/3089/2103 7088/3081/2106 7102/3096/2107
f 7096/3089/2103 7102/3096/2107 7103/3095/3156
f 7104/3097/2071 7062/3055/2080 7065/3056/2094
f 7104/3097/2071 7065/3056/2094 7105/3098/2102
f 7075/3069/2100 7096/3089/2103 7103/3095/3156
f 7075/3069/2100 7103/3095/3156 7106/3099/3157
f 7107/3100/3158 7104/3097/2071 7105/3098/2102
f 7107/3100/3158 7105/3098/2102 7108/3101/2146
f 7076/3068/2097 7075/3069/2100 7106/3099/3157
f 7076/3068/2097 7106/3099/3157 7109/3102/2098
f 7110/3103/2090 7107/3100/3158 7108/3101/2146
f 7110/3103/2090 7108/3101/2146 7111/3104/3159
f 7084/3077/2058 7076/3068/2097 7109/3102/2098
f 7084/3077/2058 7109/3102/2098 7112/3105/2059
f 7113/3106/3160 7110/3103/2090 7111/3104/3159
f 7113/3106/3160 7111/3104/3159 7114/3107/2096
f 7115/3108/2081 7116/3109/3161 7101/3094/2059
f 7115/3108/2081 7101/3094/2059 7100/3093/2194
f 7117/3110/3162 7113/3106/3160 7114/3107/2096
f 7117/3110/3162 7114/3107/2096 7118/3111/3163
f 7119/3112/2136 7115/3108/2081 7100/3093/2194
f 7119/3112/2136 7100/3093/2194 7120/3113/2137
f 7121/3114/2062 7117/3110/3162 7118/3111/3163
f 7121/3114/2062 7118/3111/3163 7122/3115/2135
f 7123/3116/2138 7119/3112/2136 7120/3113/2137
f 7123/3116/2138 7120/3113/2137 7124/3117/2134
f 7073/3065/2070 7072/3066/2069 7125/3119/2116
f 7073/3065/2070 7125/3119/2116 7126/3118/2133
f 7127/3120/2131 7121/3114/2062 7122/3115/2135
f 7127/3120/2131 7122/3115/2135 7128/3121/2132
f 7081/3074/2091 7069/3061/2074 7129/3123/2134
f 7081/3074/2091 7129/3123/2134 7130/3122/2130
f 7083/3076/2089 7073/3065/2070 7126/3118/2133
f 7083/3076/2089 7126/3118/2133 7131/3124/3164
f 7132/3125/2124 7127/3120/2131 7128/3121/2132
f 7132/3125/2124 7128/3121/2132 7133/3126/2125
f 7089/3082/3153 7081/3074/2091 7130/3122/2130
f 7089/3082/3153 7130/3122/2130 7134/3127/2123
f 7135/3128/2121 7136/3131/3165 7137/3130/2129
f 7135/3128/2121 7137/3130/2129 7138/3129/2122
f 7139/3132/2127 7132/3125/2124 7133/3126/2125
f 7139/3132/2127 7133/3126/2125 7140/3133/2126
f 7097/3090/2077 7089/3082/3153 7134/3127/2123
f 7097/3090/2077 7134/3127/2123 7141/3134/2119
f 7142/3135/2117 7135/3128/2121 7138/3129/2122
f 7142/3135/2117 7138/3129/2122 7143/3136/2118
f 7144/3137/2068 7139/3132/2127 7140/3133/2126
f 7144/3137/2068 7140/3133/2126 7145/3138/2140
f 7077/3071/3150 7097/3090/2077 7141/3134/2119
f 7077/3071/3150 7141/3134/2119 7146/3139/3166
f 7147/3140/3146 7142/3135/2117 7143/3136/2118
f 7147/3140/3146 7143/3136/2118 7148/3141/2112
f 7072/3066/2069 7074/3067/3149 7149/3142/2115
f 7072/3066/2069 7149/3142/2115 7125/3119/2116
f 7150/3143/2065 7151/3146/2113 7152/3145/2114
f 7150/3143/2065 7152/3145/2114 7153/3144/2110
f 7080/3073/2108 7067/3059/3146 7154/3148/2112
f 7080/3073/2108 7154/3148/2112 7155/3147/2109
f 7063/3058/3145 7150/3143/2065 7153/3144/2110
f 7063/3058/3145 7153/3144/2110 7064/3057/2093
f 7088/3081/2106 7080/3073/2108 7155/3147/2109
f 7088/3081/2106 7155/3147/2109 7102/3096/2107
f 7118/3111/3163 7114/3107/2096 232/72/58
f 7118/3111/3163 232/72/58 235/73/61
f 7120/3113/2137 7100/3093/2194 221/87/47
f 7120/3113/2137 221/87/47 220/84/46
f 7122/3115/2135 7118/3111/3163 235/73/61
f 7122/3115/2135 235/73/61 234/70/128
f 7124/3117/2134 7120/3113/2137 220/84/46
f 7124/3117/2134 220/84/46 223/85/125
f 7156/3149/3167 7157/3150/2210 240/67/129
f 7156/3149/3167 240/67/129 209/65/34
f 7128/3121/2132 7122/3115/2135 234/70/128
f 7128/3121/2132 234/70/128 237/71/63
f 7158/3151/3168 7124/3117/2134 223/85/125
f 7158/3151/3168 223/85/125 222/82/48
f 7137/3130/2129 7156/3149/3167 209/65/34
f 7137/3130/2129 209/65/34 211/96/37
f 7133/3126/2125 7128/3121/2132 237/71/63
f 7133/3126/2125 237/71/63 236/68/62
f 7159/3152/2142 7158/3151/3168 222/82/48
f 7159/3152/2142 222/82/48 225/83/51
f 7138/3129/2122 7137/3130/2129 211/96/37
f 7138/3129/2122 211/96/37 210/94/36
f 7140/3133/2126 7133/3126/2125 236/68/62
f 7140/3133/2126 236/68/62 239/69/64
f 7160/3153/2119 7159/3152/2142 225/83/51
f 7160/3153/2119 225/83/51 224/80/50
f 7143/3136/2118 7138/3129/2122 210/94/36
f 7143/3136/2118 210/94/36 213/95/39
f 7145/3138/2140 7140/3133/2126 239/69/64
f 7145/3138/2140 239/69/64 238/66/33
f 7152/3145/2114 7160/3153/2119 224/80/50
f 7152/3145/2114 224/80/50 227/81/53
f 7148/3141/2112 7143/3136/2118 213/95/39
f 7148/3141/2112 213/95/39 212/92/38
f 7157/3150/2210 7145/3138/2140 238/66/33
f 7157/3150/2210 238/66/33 240/67/129
f 7153/3144/2110 7152/3145/2114 227/81/53
f 7153/3144/2110 227/81/53 226/78/52
f 7161/3154/3169 7148/3141/2112 212/92/38
f 7161/3154/3169 212/92/38 215/93/124
f 7064/3057/2093 7153/3144/2110 226/78/52
f 7064/3057/2093 226/78/52 229/79/55
f 7162/3155/2107 7161/3154/3169 215/93/124
f 7162/3155/2107 215/93/124 214/90/40
f 7065/3056/2094 7064/3057/2093 229/79/55
f 7065/3056/2094 229/79/55 228/76/126
f 7163/3156/2104 7162/3155/2107 214/90/40
f 7163/3156/2104 214/90/40 217/91/43
f 7105/3098/2102 7065/3056/2094 228/76/126
f 7105/3098/2102 228/76/126 231/77/127
f 7164/3157/3170 7163/3156/2104 217/91/43
f 7164/3157/3170 217/91/43 216/88/42
f 7108/3101/2146 7105/3098/2102 231/77/127
f 7108/3101/2146 231/77/127 230/74/56
f 7165/3158/2098 7164/3157/3170 216/88/42
f 7165/3158/2098 216/88/42 219/89/130
f 7111/3104/3159 7108/3101/2146 230/74/56
f 7111/3104/3159 230/74/56 233/75/59
f 7101/3094/2059 7165/3158/2098 219/89/130
f 7101/3094/2059 219/89/130 218/86/44
f 7114/3107/2096 7111/3104/3159 233/75/59
f 7114/3107/2096 233/75/59 232/72/58
f 7166/3159/3198 7167/3162/1470 7168/3161/1470
f 7166/3159/3198 7168/3161/1470 7169/3160/3199
f 7170/3163/3200 7171/97/3201 7172/100/3202
f 7170/3163/3200 7172/100/3202 7173/3164/3203
s 0
f 7174/3165/75 7175/3168/75 7176/3167/75
f 7174/3165/75 7176/3167/75 7177/3166/75
s 1
f 7166/3159/3198 7178/3171/3204 7179/3170/3204
f 7166/3159/3198 7179/3170/3204 7180/3169/3205
f 7181/3172/3206 7182/104/3206 7171/97/3201
f 7181/3172/3206 7171/97/3201 7170/3163/3200
s 0
f 7183/3173/3207 7184/3176/3207 7185/3175/3207
f 7183/3173/3208 7185/3175/3208 7186/3174/3208
s 1
f 7173/3164/3203 7172/100/3202 7187/143/3209
f 7173/3164/3203 7187/143/3209 7188/3177/3209
s 0
f 7189/3178/3210 7190/3181/3210 7191/3180/3210
f 7189/3178/3210 7191/3180/3210 7192/3179/3210
s 1
f 7193/3182/2207 7194/3185/2210 7195/3184/2209
f 7193/3182/2207 7195/3184/2209 7196/3183/2208
f 7197/3186/3211 7198/3189/3212 7199/3188/3213
f 7197/3186/3211 7199/3188/3213 7200/3187/3214
f 7201/3190/3215 7202/3193/3216 7203/3192/3217
f 7201/3190/3215 7203/3192/3217 7204/3191/3215
f 7205/3194/3218 7206/3196/3219 7207/3195/3220
f 7205/3194/3218 7207/3195/3220 7169/3160/3199
f 7202/3193/3216 7208/3198/3221 7209/3197/3222
f 7202/3193/3216 7209/3197/3222 7203/3192/3217
f 7203/3192/3217 7197/3186/3211 7205/3194/3218
f 7203/3192/3217 7205/3194/3218 7204/3191/3215
f 7205/3194/3218 7210/3200/1470 7211/3199/1470
f 7205/3194/3218 7211/3199/1470 7204/3191/3215
s 0
f 7212/3201/73 7213/3204/73 7214/3203/73
f 7212/3201/73 7214/3203/73 7215/3202/73
s 1
f 7216/3205/3223 7217/3206/3224 7218/3181/3225
f 7216/3205/3223 7218/3181/3225 7219/3178/3225
f 7197/3186/3211 7200/3187/3214 7206/3196/3219
f 7197/3186/3211 7206/3196/3219 7205/3194/3218
f 7220/3207/2226 7221/3208/2226 7217/3206/3224
f 7220/3207/2226 7217/3206/3224 7216/3205/3223
f 7222/3209/2227 252/103/71 253/104/72
f 7222/3209/2227 253/104/72 7223/3172/2227
s 0
f 7224/3210/75 7225/3213/75 7226/3212/75
f 7224/3210/75 7226/3212/75 7227/3211/75
f 7228/3214/86 7229/3217/86 7230/3216/86
f 7228/3214/86 7230/3216/86 7231/3215/86
s 1
f 7169/3160/3199 7168/3161/1470 7210/3200/1470
f 7169/3160/3199 7210/3200/1470 7205/3194/3218
f 7204/3191/3215 7211/3199/1470 7232/3218/1470
f 7204/3191/3215 7232/3218/1470 7201/3190/3215
f 7180/3169/3205 7233/3219/1470 7167/3162/1470
f 7180/3169/3205 7167/3162/1470 7166/3159/3198
f 7201/3190/3215 7232/3218/1470 7233/3219/1470
f 7201/3190/3215 7233/3219/1470 7180/3169/3205
s 0
f 7234/3220/1470 7235/3223/1470 7236/3222/1470
f 7234/3220/1470 7236/3222/1470 7237/3221/1470
f 7237/3221/1470 7238/3225/1470 7239/3224/1470
f 7237/3221/1470 7239/3224/1470 7234/3220/1470
f 7231/3215/86 7230/3216/86 7240/3227/86
f 7231/3215/86 7240/3227/86 7241/3226/86
f 7242/3228/3226 7243/3231/3226 7244/3230/3226
f 7242/3228/3226 7244/3230/3226 7245/3229/3226
f 7246/3232/3227 7247/3235/3227 7248/3234/3227
f 7246/3232/3227 7248/3234/3227 7249/3233/3227
s 1
f 7208/3198/3221 7250/3237/3228 7251/3236/3229
f 7208/3198/3221 7251/3236/3229 7209/3197/3222
f 7198/3189/3212 7252/3239/3230 7253/3238/3231
f 7198/3189/3212 7253/3238/3231 7199/3188/3213
f 7209/3197/3222 7251/3236/3229 7252/3239/3230
f 7209/3197/3222 7252/3239/3230 7198/3189/3212
f 7203/3192/3217 7209/3197/3222 7198/3189/3212
f 7203/3192/3217 7198/3189/3212 7197/3186/3211
f 7250/3237/3228 7254/3241/3232 7255/3240/3232
f 7250/3237/3228 7255/3240/3232 7251/3236/3229
f 7256/3242/3233 7257/3245/3234 7258/3244/3235
f 7256/3242/3233 7258/3244/3235 7259/3243/3236
f 7251/3236/3229 7255/3240/3232 7260/3246/3232
f 7251/3236/3229 7260/3246/3232 7252/3239/3230
f 7194/3185/2210 7261/3248/2240 7262/3247/2239
f 7194/3185/2210 7262/3247/2239 7195/3184/2209
f 7263/3249/3237 7264/3252/3238 7265/3251/3239
f 7263/3249/3237 7265/3251/3239 7266/3250/3239
f 7267/3253/3240 7268/3254/3240 7264/3252/3238
f 7267/3253/3240 7264/3252/3238 7263/3249/3237
s 0
f 7269/3255/1353 7270/3258/1353 7271/3257/1353
f 7269/3255/1353 7271/3257/1353 7272/3256/1353
s 1
f 7261/3248/2240 7273/3255/2245 7274/3256/2245
f 7261/3248/2240 7274/3256/2245 7262/3247/2239
s 0
f 7275/3259/3241 7276/3262/3241 7277/3261/3241
f 7275/3259/3241 7277/3261/3241 7278/3260/3241
f 7279/3263/3204 7280/3266/3204 7281/3265/3204
f 7279/3263/3204 7281/3265/3204 7282/3264/3204
s 1
f 7180/3169/3205 7179/3170/3204 7280/3266/3204
f 7180/3169/3205 7280/3266/3204 7279/3263/3204
s 0
f 7282/3264/3204 7281/3265/3204 7178/3171/3204
s 1
f 7282/3264/3204 7178/3171/3204 7166/3159/3198
f 7283/3261/2259 7284/3268/3242 7285/3267/2257
f 7283/3261/2259 7285/3267/2257 7286/3260/2259
s 0
f 7287/3269/3243 7288/3270/3243 7289/3170/3243
f 7287/3269/3243 7289/3170/3243 7290/3171/3243
s 1
f 7291/3271/3244 7292/3274/2253 7293/3273/2254
f 7291/3271/3244 7293/3273/2254 7294/3272/3245
f 7295/3275/2255 7291/3271/3244 7294/3272/3245
f 7295/3275/2255 7294/3272/3245 7296/3276/2255
f 7297/3277/2256 7298/3280/3246 7299/3279/3247
f 7297/3277/2256 7299/3279/3247 7300/3278/2256
f 7301/3278/2247 7299/3279/3247 7291/3271/3244
f 7301/3278/2247 7291/3271/3244 7302/3275/2247
f 7303/3281/2260 7304/3284/2261 7305/3283/2261
f 7303/3281/2260 7305/3283/2261 7306/3282/2260
f 7294/3272/3245 7293/3273/2254 7307/3281/2263
f 7294/3272/3245 7307/3281/2263 7298/3280/3246
f 7298/3280/3246 7307/3281/2263 7308/3282/2262
f 7298/3280/3246 7308/3282/2262 7299/3279/3247
f 7299/3279/3247 7308/3282/2262 7292/3274/2253
f 7299/3279/3247 7292/3274/2253 7291/3271/3244
f 7309/3285/2264 7310/3288/2265 7311/3287/2265
f 7309/3285/2264 7311/3287/2265 7312/3286/2264
f 7313/3282/2271 7314/3283/2272 7315/3289/2273
f 7313/3282/2271 7315/3289/2273 7316/3274/2271
f 7317/3274/2269 7318/3289/2270 7319/3290/2270
f 7317/3274/2269 7319/3290/2270 7320/3273/2269
f 7321/3273/2266 7322/3290/2267 7323/3284/2267
f 7321/3273/2266 7323/3284/2267 7324/3281/2266
f 7325/3291/3248 7326/3294/2281 7327/3293/2280
f 7325/3291/3248 7327/3293/2280 7328/3292/2267
f 7329/3295/2278 7330/3298/2279 7331/3297/2279
f 7329/3295/2278 7331/3297/2279 7332/3296/2278
f 7333/3299/2275 7334/3302/2277 7335/3301/2276
f 7333/3299/2275 7335/3301/2276 7336/3300/2274
s 0
f 7337/3303/2282 7338/3306/2282 3736/3305/2282
f 7337/3303/2282 3736/3305/2282 3735/3304/2282
f 7339/3307/3249 7340/3310/3249 7341/3309/3249
f 7339/3307/3249 7341/3309/3249 7342/3308/3249
s 1
f 7343/3311/3250 7344/3314/3251 7345/3313/3252
f 7343/3311/3250 7345/3313/3252 7346/3312/3252
s 0
f 7347/3315/3240 7348/3316/3240 7268/3254/3240
f 7347/3315/3240 7268/3254/3240 7267/3253/3240
s 1
f 7349/3317/2287 7350/3320/2287 3750/3319/2287
f 7349/3317/2287 3750/3319/2287 3749/3318/2287
f 7351/3321/2288 7352/3324/2289 3754/3323/2289
f 7351/3321/2288 3754/3323/2289 3753/3322/2288
s 0
f 7353/3325/3253 7354/3328/3253 7355/3327/3253
f 7353/3325/3253 7355/3327/3253 7356/3326/3253
s 1
f 7357/3329/3254 7358/3332/3255 7359/3331/3256
f 7357/3329/3254 7359/3331/3256 7360/3330/3257
f 7361/3333/2295 7362/3336/2301 7363/3335/2296
f 7361/3333/2295 7363/3335/2296 7364/3334/2295
f 7342/3308/3249 7341/3309/3249 7344/3314/3251
f 7342/3308/3249 7344/3314/3251 7343/3311/3250
f 7365/3337/86 7366/3340/2299 3770/3339/2298
f 7365/3337/86 3770/3339/2298 3769/3338/86
f 7367/3341/86 7368/3342/2300 7358/3332/3255
f 7367/3341/86 7358/3332/3255 7369/3327/86
f 7368/3342/2300 7370/3343/2289 7359/3331/3256
f 7368/3342/2300 7359/3331/3256 7358/3332/3255
s 0
f 7356/3326/3253 7355/3327/3253 7371/3332/3253
f 7356/3326/3253 7371/3332/3253 7372/3329/3253
s 1
f 7373/3344/2301 7374/3345/2304 7375/3328/2303
f 7373/3344/2301 7375/3328/2303 7376/3325/2302
s 0
f 7377/3346/3258 7378/3349/3258 7379/3348/3258
f 7377/3346/3259 7379/3348/3259 7380/3347/3259
f 7381/3350/3260 7382/3353/3260 7383/3352/3260
f 7381/3350/3261 7383/3352/3261 7384/3351/3261
f 3790/3354/67 3793/3357/67 7385/3356/67
f 3790/3354/67 7385/3356/67 7386/3355/67
s 1
f 3794/3358/2309 3797/3354/2312 7387/3355/3262
f 3794/3358/2309 7387/3355/3262 7388/3359/3263
s 0
f 7389/3360/3264 7390/3363/3264 7391/3362/3264
f 7389/3360/3264 7391/3362/3264 7392/3361/3264
f 3802/3364/67 3805/3367/67 7393/3366/67
f 3802/3364/67 7393/3366/67 7394/3365/67
s 1
f 3806/3368/2314 3809/3371/2314 7395/3370/3265
f 3806/3368/2314 7395/3370/3265 7396/3369/3266
s 0
f 7397/3372/3267 7398/3375/3267 7399/3374/3267
f 7397/3372/3267 7399/3374/3267 7400/3373/3267
s 1
f 3814/3376/2301 3770/3339/2298 7366/3340/2299
f 3814/3376/2301 7366/3340/2299 7401/3377/2301
f 3816/3378/2300 3754/3323/2289 7352/3324/2289
f 3816/3378/2300 7352/3324/2289 7402/3379/2300
f 3769/3338/86 3816/3378/2300 7402/3379/2300
f 3769/3338/86 7402/3379/2300 7365/3337/86
f 3818/3380/2295 3821/3383/2301 7403/3382/2301
f 3818/3380/2295 7403/3382/2301 7404/3381/2295
s 0
f 7405/3384/2287 7406/3385/2287 7350/3320/2287
f 7405/3384/2287 7350/3320/2287 7349/3317/2287
s 1
f 7407/3386/2318 7408/3389/2319 7409/3388/2319
f 7407/3386/2318 7409/3388/2319 7410/3387/2318
s 0
f 3828/3390/1353 3831/3393/1353 7411/3392/1353
f 3828/3390/1353 7411/3392/1353 7412/3391/1353
s 1
f 7413/3394/2320 7414/3397/2318 7415/3396/2318
f 7413/3394/2320 7415/3396/2318 7416/3395/2320
f 7417/3398/2321 7413/3394/2320 7416/3395/2320
f 7417/3398/2321 7416/3395/2320 7418/3399/2322
f 7419/3400/2323 7420/3402/2324 273/144/2324
f 7419/3400/2323 273/144/2324 7421/3401/2323
s 0
f 7422/3403/2325 7423/3406/2325 7424/3405/2325
f 7422/3403/2325 7424/3405/2325 7425/3404/2325
s 1
f 7215/3202/73 7417/3398/2321 7418/3399/2322
f 7215/3202/73 7418/3399/2322 7426/3407/73
f 7214/3203/73 7427/3408/2326 7417/3398/2321
f 7214/3203/73 7417/3398/2321 7215/3202/73
s 0
f 7428/3174/2325 7429/3175/2325 7423/3406/2325
f 7428/3174/2325 7423/3406/2325 7422/3403/2325
s 1
f 7430/3177/2327 275/143/2328 7420/3402/2324
f 7430/3177/2327 7420/3402/2324 7419/3400/2323
f 7427/3408/2326 7431/3409/2329 7413/3394/2320
f 7427/3408/2326 7413/3394/2320 7417/3398/2321
f 7431/3409/2329 7432/3410/3236 7414/3397/2318
f 7431/3409/2329 7414/3397/2318 7413/3394/2320
f 7259/3243/3236 7258/3244/3235 7408/3389/2319
f 7259/3243/3236 7408/3389/2319 7407/3386/2318
s 0
f 7433/3411/2282 7434/3414/2282 7435/3413/2282
f 7433/3411/2282 7435/3413/2282 7436/3412/2282
f 7437/3415/2287 7438/3416/2287 7406/3385/2287
f 7437/3415/2287 7406/3385/2287 7405/3384/2287
s 1
f 7360/3330/3257 7359/3331/3256 7370/3343/2289
f 7360/3330/3257 7370/3343/2289 7439/3417/2288
f 7369/3327/86 7375/3328/2303 7374/3345/2304
f 7369/3327/86 7374/3345/2304 7367/3341/86
f 7440/3418/2240 7441/3391/2245 7273/3255/2245
f 7440/3418/2240 7273/3255/2245 7261/3248/2240
s 0
f 7412/3391/1353 7411/3392/1353 7270/3258/1353
f 7412/3391/1353 7270/3258/1353 7269/3255/1353
s 1
f 7442/3419/2210 7440/3418/2240 7261/3248/2240
f 7442/3419/2210 7261/3248/2240 7194/3185/2210
f 7443/3420/2227 248/106/71 252/103/71
f 7443/3420/2227 252/103/71 7222/3209/2227
s 0
f 7444/3421/2226 7445/3422/2226 7221/3208/2226
f 7444/3421/2226 7221/3208/2226 7220/3207/2226
f 7446/3423/73 7212/3201/73 7215/3202/73
f 7446/3423/73 7215/3202/73 7426/3407/73
s 1
f 7447/3424/2207 7442/3419/2210 7194/3185/2210
f 7447/3424/2207 7194/3185/2210 7193/3182/2207
s 0
f 7448/3425/75 7449/3426/75 7175/3168/75
f 7448/3425/75 7175/3168/75 7174/3165/75
f 7393/3366/67 7450/3428/67 7451/3427/67
f 7393/3366/67 7451/3427/67 7394/3365/67
s 1
f 7395/3370/3265 7452/3430/3268 7453/3429/3268
f 7395/3370/3265 7453/3429/3268 7396/3369/3266
s 0
f 7385/3356/67 7454/3432/67 7455/3431/67
f 7385/3356/67 7455/3431/67 7386/3355/67
s 1
f 7456/3433/3262 7457/3436/3269 7458/3435/3269
f 7456/3433/3262 7458/3435/3269 7459/3434/3263
o Cube.003_1
v -0.445209 0.504040 0.056676
v -0.593237 0.142868 0.056396
v -0.596284 0.497828 0.333654
v -0.500541 0.546049 0.252063
v -0.623646 0.154900 0.612410
v -0.566044 0.131250 0.666026
v -0.520069 0.188182 0.641746
v -0.577671 0.211832 0.588130
v -0.271034 0.538309 0.065768
v -0.445209 0.504040 0.056676
v -0.500541 0.546049 0.252063
v -0.380594 0.535711 0.182328
v -0.433513 0.430998 0.485160
v -0.355433 0.398941 0.557836
v -0.259691 0.447162 0.476245
v -0.337770 0.479219 0.403569
v -0.519980 0.466500 0.404677
v -0.596284 0.497828 0.333654
v -0.697758 0.261137 0.476354
v -0.641465 0.238025 0.528751
v -0.337770 0.479219 0.403569
v -0.259691 0.447162 0.476245
v -0.168876 0.448785 0.379394
v -0.237510 0.476964 0.315510
v -0.203963 0.510771 0.128198
v -0.271034 0.538309 0.065768
v -0.380594 0.535711 0.182328
v -0.313523 0.508173 0.244758
v -0.593237 0.142868 0.056396
v -0.743733 0.204205 0.500634
v -0.697758 0.261137 0.476354
v -0.596284 0.497828 0.333654
v -0.059316 0.451383 0.262834
v -0.127950 0.479562 0.198950
v -0.237510 0.476964 0.315510
v -0.168876 0.448785 0.379394
v -0.424238 0.514721 0.323086
v -0.313523 0.508173 0.244758
v -0.355433 0.398941 0.557836
v -0.433513 0.430998 0.485160
v -0.577671 0.211832 0.588130
v -0.520069 0.188182 0.641746
v -0.519980 0.466500 0.404677
v -0.424238 0.514721 0.323086
v -0.687440 0.181092 0.553032
v -0.641465 0.238025 0.528751
v -0.743733 0.204205 0.500634
v -0.697758 0.261137 0.476354
v -0.596284 0.497828 0.333654
v -0.500541 0.546049 0.252063
v -0.500541 0.546049 0.252063
v -0.380594 0.535711 0.182328
v 0.143899 0.262166 0.605013
v -0.018841 0.348274 0.700426
v -0.114583 0.300053 0.782017
v -0.004128 -0.099006 0.604733
v -0.508441 0.107599 0.719642
v -0.462466 0.164532 0.695362
v 0.152402 0.364457 0.459899
v 0.042842 0.361858 0.576459
v -0.018841 0.348274 0.700426
v 0.143899 0.262166 0.605013
v -0.277354 0.366883 0.630511
v -0.181612 0.415104 0.548920
v -0.190887 0.331382 0.710995
v -0.398673 0.138340 0.754740
v -0.342380 0.115227 0.807137
v -0.114583 0.300053 0.782017
v -0.181612 0.415104 0.548920
v -0.100243 0.420605 0.443277
v 0.085330 0.391995 0.397469
v -0.024230 0.389396 0.514029
v 0.042842 0.361858 0.576459
v 0.152402 0.364457 0.459899
v -0.004128 -0.099006 0.604733
v -0.114583 0.300053 0.782017
v -0.342380 0.115227 0.807137
v -0.388355 0.058295 0.831418
v -0.100243 0.420605 0.443277
v 0.009317 0.423204 0.326717
v -0.095144 0.379602 0.629403
v -0.024230 0.389396 0.514029
v -0.462466 0.164532 0.695362
v -0.277354 0.366883 0.630511
v -0.190887 0.331382 0.710995
v -0.095144 0.379602 0.629403
v -0.444648 0.081407 0.779021
v -0.398673 0.138340 0.754740
v -0.388355 0.058295 0.831418
v -0.342380 0.115227 0.807137
v -0.114583 0.300053 0.782017
v -0.018841 0.348274 0.700426
v -0.018841 0.348274 0.700426
v 0.042842 0.361858 0.576459
vn -0.8098 0.3962 -0.4328
vn -0.8097 0.3962 -0.4328
vn -0.3912 0.6098 0.6893
vn -0.1177 0.9756 -0.1855
vn -0.1176 0.9756 -0.1855
vn -0.1176 0.9756 -0.1854
vn -0.0592 0.8883 0.4555
vn -0.4045 0.5931 0.6962
vn 0.2020 0.9576 0.2054
vn 0.1991 0.9575 0.2085
vn -0.9092 0.2826 -0.3059
vn -0.9091 0.2827 -0.3059
vn 0.5419 -0.1588 0.8253
vn 0.5419 -0.1587 0.8253
vn 0.5613 0.6968 0.4465
vn 0.3782 -0.2460 0.8924
vn 0.3782 -0.2459 0.8924
vn 0.3783 -0.2459 0.8924
vt 0.670970 0.281100
vt 0.763740 0.281360
vt 0.685970 0.209970
vt 0.666670 0.235470
vt 0.629250 0.149810
vt 0.629250 0.130500
vt 0.612520 0.131500
vt 0.612520 0.150810
vt 0.778520 0.242780
vt 0.800600 0.270930
vt 0.846040 0.252730
vt 0.815400 0.242830
vt 0.872250 0.197760
vt 0.872250 0.171340
vt 0.846040 0.171240
vt 0.846040 0.197650
vt 0.551100 0.190130
vt 0.551100 0.215710
vt 0.612520 0.191080
vt 0.612520 0.172200
vt 0.815400 0.171190
vt 0.815400 0.194420
vt 0.778520 0.220080
vt 0.815400 0.220130
vt 0.763740 0.176120
vt 0.747060 0.183690
vt 0.778520 0.171140
vt 0.778520 0.194360
vt 0.846040 0.226910
vt 0.551100 0.134950
vt 0.551100 0.161130
vt 0.872250 0.227020
vt 0.629250 0.171200
vt 0.629250 0.190070
vt 0.872250 0.252830
s 1
usemtl cabina.001
f 7460/3437/3270 7461/3438/3270 7462/3439/3271
f 7460/3437/3270 7462/3439/3271 7463/3440/3271
s 0
f 7464/3441/3272 7465/3442/3272 7466/3443/3272
f 7464/3441/3272 7466/3443/3272 7467/3444/3272
s 1
f 7468/3445/3273 7469/3446/3274 7470/3447/3274
f 7468/3445/3273 7470/3447/3274 7471/3448/3275
s 0
f 7472/3449/3276 7473/3450/3276 7474/3451/3276
f 7472/3449/3276 7474/3451/3276 7475/3452/3276
f 7476/3453/3277 7477/3454/3277 7478/3455/3277
f 7476/3453/3277 7478/3455/3277 7479/3456/3277
f 7480/3452/3278 7481/3451/3278 7482/3457/3278
f 7480/3452/3278 7482/3457/3278 7483/3458/3278
f 7484/3459/3279 7485/3445/3279 7486/3448/3279
f 7484/3459/3279 7486/3448/3279 7487/3460/3279
s 1
f 7488/3438/3280 7489/3461/3281 7490/3462/3280
f 7488/3438/3280 7490/3462/3280 7491/3439/3280
s 0
f 7492/3463/3279 7493/3464/3279 7494/3458/3279
f 7492/3463/3279 7494/3458/3279 7495/3457/3279
f 7496/3465/3278 7480/3452/3278 7483/3458/3278
f 7496/3465/3278 7483/3458/3278 7497/3460/3278
f 7498/3466/3277 7499/3467/3277 7500/3444/3277
f 7498/3466/3277 7500/3444/3277 7501/3443/3277
f 7502/3468/3276 7472/3449/3276 7475/3452/3276
f 7502/3468/3276 7475/3452/3276 7503/3465/3276
f 7504/3469/3272 7464/3441/3272 7467/3444/3272
f 7504/3469/3272 7467/3444/3272 7505/3456/3272
f 7506/3470/3272 7504/3469/3272 7505/3456/3272
f 7506/3470/3272 7505/3456/3272 7507/3455/3272
f 7508/3471/3276 7502/3468/3276 7503/3465/3276
f 7508/3471/3276 7503/3465/3276 7509/3447/3276
f 7510/3447/3278 7496/3465/3278 7497/3460/3278
f 7510/3447/3278 7497/3460/3278 7511/3448/3278
f 7493/3464/3279 7484/3459/3279 7487/3460/3279
f 7493/3464/3279 7487/3460/3279 7494/3458/3279
f 7499/3467/3277 7476/3453/3277 7479/3456/3277
f 7499/3467/3277 7479/3456/3277 7500/3444/3277
s 1
f 7512/3437/3282 7513/3440/3283 7514/3439/3283
f 7512/3437/3282 7514/3439/3283 7515/3438/3282
s 0
f 7516/3441/3272 7517/3444/3272 7466/3443/3272
f 7516/3441/3272 7466/3443/3272 7465/3442/3272
s 1
f 7518/3445/3284 7519/3448/3284 7520/3447/3284
f 7518/3445/3284 7520/3447/3284 7521/3446/3284
s 0
f 7522/3449/3276 7523/3452/3276 7474/3451/3276
f 7522/3449/3276 7474/3451/3276 7473/3450/3276
f 7524/3453/3277 7525/3456/3277 7526/3455/3277
f 7524/3453/3277 7526/3455/3277 7527/3454/3277
f 7528/3452/3278 7529/3458/3278 7482/3457/3278
f 7528/3452/3278 7482/3457/3278 7481/3451/3278
f 7530/3459/3279 7531/3460/3279 7532/3448/3279
f 7530/3459/3279 7532/3448/3279 7533/3445/3279
s 1
f 7534/3438/3285 7535/3439/3285 7536/3462/3286
f 7534/3438/3285 7536/3462/3286 7537/3461/3287
s 0
f 7492/3463/3279 7495/3457/3279 7538/3458/3279
f 7492/3463/3279 7538/3458/3279 7539/3464/3279
f 7540/3465/3278 7541/3460/3278 7529/3458/3278
f 7540/3465/3278 7529/3458/3278 7528/3452/3278
f 7498/3466/3277 7501/3443/3277 7542/3444/3277
f 7498/3466/3277 7542/3444/3277 7543/3467/3277
f 7544/3468/3276 7545/3465/3276 7523/3452/3276
f 7544/3468/3276 7523/3452/3276 7522/3449/3276
f 7546/3469/3272 7547/3456/3272 7517/3444/3272
f 7546/3469/3272 7517/3444/3272 7516/3441/3272
f 7548/3470/3272 7549/3455/3272 7547/3456/3272
f 7548/3470/3272 7547/3456/3272 7546/3469/3272
f 7550/3471/3276 7551/3447/3276 7545/3465/3276
f 7550/3471/3276 7545/3465/3276 7544/3468/3276
f 7552/3447/3278 7553/3448/3278 7541/3460/3278
f 7552/3447/3278 7541/3460/3278 7540/3465/3278
f 7539/3464/3279 7538/3458/3279 7531/3460/3279
f 7539/3464/3279 7531/3460/3279 7530/3459/3279
f 7543/3467/3277 7542/3444/3277 7525/3456/3277
f 7543/3467/3277 7525/3456/3277 7524/3453/3277
o Cube.003_2
v -1.188451 0.453773 -0.387417
v -1.206238 0.440930 -0.397408
v -1.195081 0.418349 -0.381158
v -1.181631 0.428060 -0.373602
v -1.085012 0.291365 -0.252051
v -1.074260 0.312885 -0.250495
v -1.095271 0.321511 -0.270052
v -1.103404 0.305239 -0.271231
v -1.222268 0.424529 -0.404839
v -1.207204 0.405945 -0.386777
v -1.066815 0.335763 -0.252017
v -1.089642 0.338816 -0.271205
v -1.235923 0.405195 -0.409421
v -1.217532 0.391325 -0.390244
v -1.062973 0.359127 -0.256569
v -1.086734 0.356483 -0.274645
v -1.246678 0.383676 -0.410981
v -1.225667 0.375049 -0.391424
v -1.062878 0.382069 -0.263969
v -1.086661 0.373834 -0.280241
v -1.254120 0.360796 -0.409456
v -1.231294 0.357748 -0.390270
v -1.066529 0.403715 -0.273933
v -1.089426 0.390204 -0.287779
v -1.257962 0.337437 -0.404906
v -1.234199 0.340080 -0.386828
v -1.073796 0.423228 -0.286083
v -1.094918 0.404963 -0.296966
v -1.258060 0.314491 -0.397506
v -1.234273 0.322725 -0.381232
v -1.084389 0.439863 -0.299947
v -1.102931 0.417544 -0.307451
v -1.207106 0.234490 -0.330826
v -1.189391 0.229771 -0.315170
v -1.182341 0.258654 -0.318963
v -1.195740 0.262223 -0.330804
v -1.254405 0.292844 -0.387539
v -1.231511 0.306357 -0.373697
v -1.097908 0.452982 -0.314997
v -1.113155 0.427461 -0.318832
v -1.170564 0.229606 -0.300110
v -1.168102 0.258532 -0.307575
v -1.247142 0.273332 -0.375392
v -1.226018 0.291601 -0.364510
v -1.113831 0.462071 -0.330649
v -1.125198 0.434337 -0.330671
v -1.151351 0.234002 -0.286230
v -1.153571 0.261856 -0.297077
v -1.236546 0.256696 -0.361526
v -1.218002 0.279020 -0.354021
v -1.131544 0.466793 -0.346306
v -1.138594 0.437905 -0.342510
v -1.132485 0.242791 -0.274058
v -1.139307 0.268500 -0.287873
v -1.223028 0.243582 -0.346479
v -1.207780 0.269099 -0.342641
v -1.150371 0.466954 -0.361363
v -1.152831 0.438031 -0.353898
v -1.114699 0.255631 -0.264067
v -1.125853 0.278210 -0.280315
v -1.169587 0.462558 -0.375245
v -1.167365 0.434708 -0.364398
v -1.098668 0.272035 -0.256637
v -1.113729 0.290618 -0.274696
v -1.091057 0.320193 -0.797234
v -1.069397 0.363527 -0.794093
v -0.977211 0.323050 -0.891240
v -0.997718 0.282013 -0.894211
v -0.720937 0.316958 -0.501196
v -0.721131 0.270754 -0.486293
v -0.647423 0.235198 -0.599771
v -0.647239 0.278948 -0.613882
v -1.106042 0.274119 -0.794162
v -1.011910 0.238388 -0.891306
v -0.728297 0.360543 -0.521265
v -0.654206 0.320225 -0.632885
v -1.113780 0.227079 -0.785000
v -1.019238 0.193840 -0.882628
v -0.742922 0.399841 -0.545728
v -0.728297 0.360543 -0.521265
v -0.654206 0.320225 -0.632885
v -0.668059 0.357438 -0.656053
v -1.113976 0.180877 -0.770101
v -1.019421 0.150091 -0.868517
v -0.764257 0.433341 -0.573648
v -0.688261 0.389158 -0.682490
v -0.975697 0.010276 -0.604298
v -1.011371 0.019776 -0.635826
v -0.922261 -0.002459 -0.741369
v -0.888482 -0.011461 -0.711514
v -1.106617 0.137291 -0.750032
v -1.012453 0.108818 -0.849514
v -0.791479 0.459747 -0.603949
v -0.714037 0.414165 -0.711183
v -0.937788 0.009945 -0.573977
v -0.852583 -0.011772 -0.682801
v -1.091988 0.097992 -0.725566
v -1.106617 0.137291 -0.750032
v -1.012453 0.108818 -0.849514
v -0.998603 0.071606 -0.826349
v -0.823542 0.478058 -0.635470
v -0.744400 0.431503 -0.741033
v -0.899096 0.018795 -0.546023
v -0.815946 -0.003389 -0.656333
v -1.070654 0.064497 -0.697648
v -0.978401 0.039886 -0.799911
v -0.859216 0.487558 -0.666998
v -0.778178 0.440500 -0.770886
v -0.861111 0.036492 -0.521516
v -0.779973 0.013367 -0.633123
v -1.043431 0.038086 -0.667344
v -0.952623 0.014874 -0.771216
v -0.897124 0.487893 -0.697320
v -0.814078 0.440816 -0.799600
v -0.825290 0.062349 -0.501393
v -0.861111 0.036492 -0.521516
v -0.779973 0.013367 -0.633123
v -0.746053 0.037853 -0.614069
v -0.935817 0.479040 -0.725273
v -0.850716 0.432433 -0.826069
v -0.793009 0.095379 -0.486429
v -0.715487 0.069128 -0.599900
v -0.973803 0.461343 -0.749780
v -0.886686 0.415675 -0.849276
v -0.765516 0.134307 -0.477203
v -0.689450 0.105994 -0.591162
v -1.009624 0.435485 -0.769903
v -0.973803 0.461343 -0.749780
v -0.886686 0.415675 -0.849276
v -0.920607 0.391186 -0.868330
v -0.740854 0.184966 -0.474056
v -0.665940 0.154351 -0.588183
v -1.041901 0.402455 -0.784864
v -0.951173 0.359911 -0.882499
v -0.728872 0.223715 -0.477134
v -0.654751 0.190656 -0.591096
v -0.511684 0.082843 -0.937052
v -0.523542 0.059117 -0.938771
v -0.392645 -0.003106 -1.045105
v -0.377197 0.027805 -1.042866
v -0.360845 0.127189 -1.062220
v -0.360984 0.094228 -1.051590
v -0.355836 0.089754 -1.067235
v -0.355702 0.121641 -1.077521
v -0.674865 0.205933 -1.107218
v -0.657194 0.224012 -1.099026
v -0.566784 0.211743 -1.253907
v -0.589815 0.188180 -1.264583
v -0.503479 0.108070 -0.938733
v -0.366505 0.060674 -1.045055
v -0.689919 0.184617 -1.112270
v -0.609428 0.160412 -1.271166
v -0.499240 0.133825 -0.943747
v -0.360984 0.094228 -1.051590
v -0.701777 0.160891 -1.113988
v -0.624877 0.129497 -1.273404
v -0.499134 0.159121 -0.951906
v -0.360845 0.127189 -1.062220
v -0.709982 0.135665 -1.112308
v -0.635568 0.096632 -1.271215
v -0.503164 0.182983 -0.962894
v -0.366095 0.158283 -1.076537
v -0.714220 0.109913 -1.107293
v -0.641087 0.063073 -1.264678
v -0.511170 0.204499 -0.976287
v -0.503164 0.182983 -0.962894
v -0.366095 0.158283 -1.076537
v -0.376529 0.186317 -1.093989
v -0.714326 0.084617 -1.099134
v -0.641226 0.030112 -1.254048
v -0.522851 0.222839 -0.991573
v -0.391750 0.210214 -1.113907
v -0.638617 -0.008791 -1.008355
v -0.658149 -0.003587 -1.025617
v -0.568032 -0.084809 -1.158262
v -0.542584 -0.091590 -1.135770
v -0.710297 0.060751 -1.088146
v -0.635979 -0.000981 -1.239734
v -0.537757 0.237298 -1.008164
v -0.411167 0.229052 -1.135521
v -0.617861 -0.008974 -0.991753
v -0.515542 -0.091827 -1.114141
v -0.702288 0.039234 -1.074751
v -0.710297 0.060751 -1.088146
v -0.635979 -0.000981 -1.239734
v -0.625544 -0.029011 -1.222282
v -0.555313 0.247322 -1.025423
v -0.434042 0.242111 -1.158008
v -0.596677 -0.004128 -0.976449
v -0.487938 -0.085509 -1.094199
v -0.690607 0.020894 -1.059464
v -0.610324 -0.052912 -1.202363
v -0.574844 0.252525 -1.042685
v -0.459487 0.248891 -1.180498
v -0.575881 0.005562 -0.963032
v -0.460841 -0.072888 -1.076716
v -0.675701 0.006435 -1.042873
v -0.590904 -0.071751 -1.180746
v -0.595597 0.252707 -1.059285
v -0.486532 0.249129 -1.202129
v -0.556267 0.019722 -0.952014
v -0.575881 0.005562 -0.963032
v -0.460841 -0.072888 -1.076716
v -0.435287 -0.054442 -1.062361
v -0.616781 0.247861 -1.074589
v -0.514134 0.242815 -1.222071
v -0.538594 0.037805 -0.943822
v -0.412259 -0.030878 -1.051687
v -0.637581 0.238172 -1.088008
v -0.541233 0.230190 -1.239554
v -0.637581 0.238172 -1.088008
v -0.541233 0.230190 -1.239554
v -0.385599 0.201963 -1.127523
v -0.370875 0.178843 -1.108254
v -0.368763 0.167412 -1.125589
v -0.382474 0.188939 -1.143533
v -0.635568 0.096632 -1.271215
v -0.624877 0.129497 -1.273404
v -0.611142 0.123874 -1.281832
v -0.621483 0.092075 -1.279711
v -0.366095 0.158283 -1.076537
v -0.360781 0.151722 -1.091371
v -0.641087 0.063073 -1.264678
v -0.626824 0.059610 -1.273389
v -0.376529 0.186317 -1.093989
v -0.366095 0.158283 -1.076537
v -0.360781 0.151722 -1.091371
v -0.641226 0.030112 -1.254048
v -0.626958 0.027727 -1.263106
v -0.391750 0.210214 -1.113907
v -0.542584 -0.091590 -1.135770
v -0.568032 -0.084809 -1.158262
v -0.556146 -0.083459 -1.170436
v -0.531525 -0.090015 -1.148677
v -0.635979 -0.000981 -1.239734
v -0.621881 -0.002357 -1.249256
v -0.411167 0.229052 -1.135521
v -0.404386 0.220190 -1.148436
v -0.515542 -0.091827 -1.114141
v -0.505362 -0.090244 -1.127750
v -0.625544 -0.029011 -1.222282
v -0.635979 -0.000981 -1.239734
v -0.621881 -0.002357 -1.249256
v -0.611784 -0.029479 -1.232370
v -0.434042 0.242111 -1.158008
v -0.426516 0.232824 -1.170191
v -0.487938 -0.085509 -1.094199
v -0.478659 -0.084137 -1.108458
v -0.610324 -0.052912 -1.202363
v -0.597061 -0.052594 -1.213103
v -0.459487 0.248891 -1.180498
v -0.451136 0.239384 -1.191950
v -0.460841 -0.072888 -1.076716
v -0.452443 -0.071924 -1.091545
v -0.590904 -0.071751 -1.180746
v -0.578271 -0.070822 -1.192188
v -0.486532 0.249129 -1.202129
v -0.477301 0.239609 -1.212877
v -0.435287 -0.054442 -1.062361
v -0.460841 -0.072888 -1.076716
v -0.452443 -0.071924 -1.091545
v -0.427720 -0.054075 -1.077657
v -0.514134 0.242815 -1.222071
v -0.504000 0.233501 -1.232166
v -0.412259 -0.030878 -1.051687
v -0.405443 -0.031284 -1.067329
v -0.541233 0.230190 -1.239554
v -0.530219 0.221289 -1.249082
v -0.392645 -0.003106 -1.045105
v -0.386467 -0.004417 -1.060961
v -0.566784 0.211743 -1.253907
v -0.541233 0.230190 -1.239554
v -0.530219 0.221289 -1.249082
v -0.554940 0.203444 -1.262970
v -0.377197 0.027805 -1.042866
v -0.371521 0.025491 -1.058795
v -0.589815 0.188180 -1.264583
v -0.577216 0.180647 -1.273295
v -0.366505 0.060674 -1.045055
v -0.361177 0.057289 -1.060913
v -0.609428 0.160412 -1.271166
v -0.596192 0.153781 -1.279663
v -0.443493 0.223781 -1.203519
v -0.420571 0.217676 -1.183260
v -0.423536 0.210441 -1.183266
v -0.445331 0.216248 -1.202529
v -0.541271 -0.076820 -1.183488
v -0.518347 -0.082930 -1.163227
v -0.607206 0.026705 -1.269775
v -0.602480 -0.001307 -1.256880
v -0.399965 0.205910 -1.163003
v -0.493988 -0.083142 -1.143744
v -0.602480 -0.001307 -1.256880
v -0.593077 -0.026560 -1.241156
v -0.420571 0.217676 -1.183260
v -0.469122 -0.077454 -1.125779
v -0.579369 -0.048087 -1.223216
v -0.443493 0.223781 -1.203519
v -0.444712 -0.066083 -1.110031
v -0.561875 -0.065059 -1.203743
v -0.467855 0.223994 -1.223005
v -0.427720 -0.054075 -1.077657
v -0.452443 -0.071924 -1.091545
v -0.444712 -0.066083 -1.110031
v -0.421693 -0.049462 -1.097100
v -0.492718 0.218305 -1.240966
v -0.405443 -0.031284 -1.067329
v -0.400950 -0.028239 -1.087485
v -0.517131 0.206935 -1.256718
v -0.400950 -0.028239 -1.087485
v -0.383280 -0.003222 -1.081554
v -0.517131 0.206935 -1.256718
v -0.540149 0.190318 -1.269648
v -0.369363 0.024623 -1.079536
v -0.560893 0.169091 -1.279264
v -0.359732 0.054232 -1.081510
v -0.578562 0.144078 -1.285195
v -0.354761 0.084458 -1.087397
v -0.592477 0.116228 -1.287210
v -0.355702 0.121641 -1.077521
v -0.355836 0.089754 -1.067235
v -0.354761 0.084458 -1.087397
v -0.354635 0.114151 -1.096974
v -0.602109 0.086624 -1.285239
v -0.360781 0.151722 -1.091371
v -0.359363 0.142160 -1.109869
v -0.607082 0.056394 -1.279351
v -0.359363 0.142160 -1.109869
v -0.515352 0.200230 -1.253115
v -0.492139 0.211043 -1.238138
v -0.496172 0.202631 -1.227986
v -0.517666 0.192618 -1.241853
v -0.444712 -0.066083 -1.110031
v -0.469122 -0.077454 -1.125779
v -0.469702 -0.070187 -1.128610
v -0.446491 -0.059377 -1.113633
v -0.561875 -0.065059 -1.203743
v -0.579369 -0.048087 -1.223216
v -0.574534 -0.042265 -1.221259
v -0.557899 -0.058404 -1.202742
v -0.467855 0.223994 -1.223005
v -0.468498 0.216451 -1.221059
v -0.421693 -0.049462 -1.097100
v -0.424601 -0.043575 -1.101337
v -0.541271 -0.076820 -1.183488
v -0.538307 -0.069589 -1.183483
v -0.492718 0.218305 -1.240966
v -0.492139 0.211043 -1.238138
v -0.400950 -0.028239 -1.087485
v -0.404879 -0.023393 -1.092195
v -0.517131 0.206935 -1.256718
v -0.515352 0.200230 -1.253115
v -0.383280 -0.003222 -1.081554
v -0.388076 0.000396 -1.086556
v -0.540149 0.190318 -1.269648
v -0.537242 0.184427 -1.265411
v -0.369363 0.024623 -1.079536
v -0.374844 0.026873 -1.084638
v -0.560893 0.169091 -1.279264
v -0.556965 0.164246 -1.274554
v -0.359732 0.054232 -1.081510
v -0.365685 0.055028 -1.086513
v -0.578562 0.144078 -1.285195
v -0.573766 0.140460 -1.280193
v -0.354761 0.084458 -1.087397
v -0.360957 0.083770 -1.092112
v -0.592477 0.116228 -1.287210
v -0.586999 0.113979 -1.282110
v -0.354635 0.114151 -1.096974
v -0.360838 0.112000 -1.101216
v -0.602109 0.086624 -1.285239
v -0.596157 0.085829 -1.280235
v -0.359363 0.142160 -1.109869
v -0.365334 0.138636 -1.113480
v -0.607082 0.056394 -1.279351
v -0.600886 0.057083 -1.274637
v -0.368763 0.167412 -1.125589
v -0.374273 0.162650 -1.128430
v -0.607206 0.026705 -1.269775
v -0.601002 0.028851 -1.265529
v -0.382474 0.188939 -1.143533
v -0.387310 0.183117 -1.145489
v -0.518347 -0.082930 -1.163227
v -0.516509 -0.075397 -1.164217
v -0.602480 -0.001307 -1.256880
v -0.596509 0.002216 -1.253269
v -0.399965 0.205910 -1.163003
v -0.403941 0.199255 -1.164004
v -0.493988 -0.083142 -1.143744
v -0.493345 -0.075599 -1.145690
v -0.593077 -0.026560 -1.241156
v -0.587570 -0.021798 -1.238319
v -0.571761 0.137267 -1.266929
v -0.556204 0.159296 -1.261708
v -0.605586 0.159436 -1.140097
v -0.615776 0.145011 -1.143517
v -0.388076 0.000396 -1.086556
v -0.404879 -0.023393 -1.092195
v -0.415366 -0.014466 -1.092836
v -0.399806 0.007561 -1.087613
v -0.537242 0.184427 -1.265411
v -0.537938 0.177987 -1.253242
v -0.374844 0.026873 -1.084638
v -0.387553 0.032083 -1.085839
v -0.556965 0.164246 -1.274554
v -0.556204 0.159296 -1.261708
v -0.365685 0.055028 -1.086513
v -0.379071 0.058152 -1.087574
v -0.573766 0.140460 -1.280193
v -0.571761 0.137267 -1.266929
v -0.360957 0.083770 -1.092112
v -0.374693 0.084772 -1.092759
v -0.586999 0.113979 -1.282110
v -0.584017 0.112746 -1.268706
v -0.360838 0.112000 -1.101216
v -0.374582 0.110917 -1.101191
v -0.596157 0.085829 -1.280235
v -0.592496 0.086676 -1.266968
v -0.365334 0.138636 -1.113480
v -0.378745 0.135580 -1.112546
v -0.600886 0.057083 -1.274637
v -0.596877 0.060058 -1.261785
v -0.374273 0.162650 -1.128430
v -0.387022 0.157816 -1.126389
v -0.601002 0.028851 -1.265529
v -0.596986 0.033916 -1.253354
v -0.387310 0.183117 -1.145489
v -0.399096 0.176771 -1.142189
v -0.516509 -0.075397 -1.164217
v -0.538307 -0.069589 -1.183483
v -0.538926 -0.057245 -1.177373
v -0.518741 -0.062621 -1.159533
v -0.596509 0.002216 -1.253269
v -0.592820 0.009251 -1.241995
v -0.403941 0.199255 -1.164004
v -0.414499 0.191717 -1.159336
v -0.493345 -0.075599 -1.145690
v -0.497290 -0.062811 -1.142375
v -0.587570 -0.021798 -1.238319
v -0.584545 -0.012988 -1.228153
v -0.423536 0.210441 -1.183266
v -0.432643 0.202075 -1.177172
v -0.469702 -0.070187 -1.128610
v -0.475394 -0.057803 -1.126556
v -0.574534 -0.042265 -1.221259
v -0.572474 -0.031942 -1.212356
v -0.445331 0.216248 -1.202529
v -0.452827 0.207454 -1.195012
v -0.446491 -0.059377 -1.113633
v -0.453899 -0.047786 -1.112689
v -0.557899 -0.058404 -1.202742
v -0.557069 -0.046884 -1.195209
v -0.468498 0.216451 -1.221059
v -0.474280 0.207640 -1.212170
v -0.424601 -0.043575 -1.101337
v -0.433630 -0.033154 -1.101303
v -0.374693 0.084772 -1.092759
v -0.379071 0.058152 -1.087574
v -0.489602 0.093207 -1.026076
v -0.486732 0.110638 -1.029468
v -0.584017 0.112746 -1.268706
v -0.623800 0.128955 -1.144680
v -0.374582 0.110917 -1.101191
v -0.486661 0.127756 -1.034990
v -0.592496 0.086676 -1.266968
v -0.629353 0.111885 -1.143543
v -0.378745 0.135580 -1.112546
v -0.489387 0.143908 -1.042426
v -0.596877 0.060058 -1.261785
v -0.632220 0.094454 -1.140148
v -0.387022 0.157816 -1.126389
v -0.378745 0.135580 -1.112546
v -0.489387 0.143908 -1.042426
v -0.494807 0.158469 -1.051491
v -0.596986 0.033916 -1.253354
v -0.632294 0.077336 -1.134628
v -0.399096 0.176771 -1.142189
v -0.502712 0.170881 -1.061836
v -0.518741 -0.062621 -1.159533
v -0.538926 -0.057245 -1.177373
v -0.594274 0.017645 -1.084875
v -0.581058 0.014124 -1.073194
v -0.592820 0.009251 -1.241995
v -0.629568 0.061184 -1.127193
v -0.414499 0.191717 -1.159336
v -0.512800 0.180665 -1.073065
v -0.497290 -0.062811 -1.142375
v -0.567010 0.014001 -1.061958
v -0.584545 -0.012988 -1.228153
v -0.592820 0.009251 -1.241995
v -0.629568 0.061184 -1.127193
v -0.624147 0.046623 -1.118127
v -0.432643 0.202075 -1.177172
v -0.524679 0.187451 -1.084743
v -0.475394 -0.057803 -1.126556
v -0.552675 0.017278 -1.051601
v -0.572474 -0.031942 -1.212356
v -0.616241 0.034215 -1.107782
v -0.452827 0.207454 -1.195012
v -0.537897 0.190969 -1.096425
v -0.453899 -0.047786 -1.112689
v -0.538599 0.023835 -1.042519
v -0.557069 -0.046884 -1.195209
v -0.606155 0.024428 -1.096554
v -0.474280 0.207640 -1.212170
v -0.551944 0.191095 -1.107661
v -0.433630 -0.033154 -1.101303
v -0.453899 -0.047786 -1.112689
v -0.538599 0.023835 -1.042519
v -0.525326 0.033418 -1.035063
v -0.496172 0.202631 -1.227986
v -0.566280 0.187814 -1.118018
v -0.415366 -0.014466 -1.092836
v -0.513365 0.045655 -1.029519
v -0.517666 0.192618 -1.241853
v -0.580356 0.181258 -1.127099
v -0.399806 0.007561 -1.087613
v -0.503179 0.060081 -1.026101
v -0.537938 0.177987 -1.253242
v -0.517666 0.192618 -1.241853
v -0.580356 0.181258 -1.127099
v -0.593629 0.171675 -1.134555
v -0.387553 0.032083 -1.085839
v -0.495152 0.076136 -1.024936
v -0.467333 0.471097 -0.220626
v -0.728928 0.578059 0.107601
v -0.720085 0.569478 0.117445
v -0.458490 0.462517 -0.210782
v -0.569720 0.366332 -0.268088
v -0.831316 0.473293 0.060139
v -0.833704 0.487456 0.053620
v -0.572109 0.380495 -0.274607
v -0.527184 0.325066 -0.220739
v -0.788780 0.432028 0.107488
v -0.800370 0.435115 0.097244
v -0.538775 0.328154 -0.230983
v -0.713153 0.558596 0.126516
v -0.451557 0.451635 -0.201710
v -0.833643 0.502468 0.048776
v -0.572048 0.395507 -0.279450
v -0.708401 0.545830 0.134463
v -0.446806 0.438868 -0.193763
v -0.831127 0.517750 0.045802
v -0.569535 0.410790 -0.282427
v -0.446806 0.438868 -0.193763
v -0.708401 0.545830 0.134463
v -0.706012 0.531666 0.140983
v -0.444417 0.424705 -0.187244
v -0.826259 0.532716 0.044805
v -0.564667 0.425756 -0.283425
v -0.706073 0.516654 0.145826
v -0.444478 0.409693 -0.182400
v -0.819222 0.546796 0.045825
v -0.557630 0.439836 -0.282405
v -0.708587 0.501372 0.148803
v -0.446992 0.394410 -0.179424
v -0.810292 0.559444 0.048821
v -0.548696 0.452483 -0.279406
v -0.713456 0.486402 0.149801
v -0.451861 0.379440 -0.178426
v -0.799802 0.570174 0.053684
v -0.538207 0.463213 -0.274543
v -0.720492 0.472325 0.148781
v -0.458896 0.365364 -0.179446
v -0.788164 0.578578 0.060221
v -0.526569 0.471617 -0.268006
v -0.729427 0.459675 0.145782
v -0.467831 0.352713 -0.182445
v -0.526569 0.471617 -0.268006
v -0.788164 0.578578 0.060221
v -0.775824 0.584327 0.068182
v -0.514229 0.477366 -0.260044
v -0.739914 0.448948 0.140919
v -0.478319 0.341987 -0.187308
v -0.763253 0.587202 0.077264
v -0.501658 0.480241 -0.250963
v -0.810788 0.441064 0.087002
v -0.549193 0.334103 -0.241225
v -0.751553 0.440544 0.134382
v -0.489958 0.333583 -0.193845
v -0.750937 0.587095 0.087115
v -0.489342 0.480134 -0.241112
v -0.819632 0.449645 0.077157
v -0.558037 0.342683 -0.251069
v -0.489958 0.333583 -0.193845
v -0.751553 0.440544 0.134382
v -0.763893 0.434795 0.126420
v -0.502298 0.327834 -0.201807
v -0.739346 0.584007 0.097359
v -0.477751 0.477046 -0.230868
v -0.826564 0.460527 0.068086
v -0.564969 0.353565 -0.260140
v -0.776463 0.431921 0.117338
v -0.514868 0.324959 -0.210888
v -0.831316 0.473293 0.060139
v -0.569720 0.366332 -0.268088
v -0.657160 0.007940 -0.220985
v -0.918755 0.114901 0.107242
v -0.909912 0.106321 0.117086
v -0.648317 -0.000641 -0.211141
v -0.759547 -0.096826 -0.268447
v -1.021142 0.010136 0.059780
v -1.023531 0.024299 0.053260
v -0.761936 -0.082662 -0.274966
v -0.717011 -0.138091 -0.221098
v -0.978607 -0.031130 0.107128
v -0.990197 -0.028042 0.096884
v -0.728602 -0.135003 -0.231342
v -0.902980 0.095439 0.126157
v -0.641384 -0.011523 -0.202070
v -1.023470 0.039311 0.048417
v -0.761875 -0.067650 -0.279810
v -0.898228 0.082672 0.134104
v -0.636633 -0.024289 -0.194123
v -1.020954 0.054592 0.045443
v -0.759362 -0.052368 -0.282787
v -0.636633 -0.024289 -0.194123
v -0.898228 0.082672 0.134104
v -0.895839 0.068509 0.140624
v -0.634244 -0.038452 -0.187603
v -1.016086 0.069559 0.044445
v -0.754494 -0.037402 -0.283784
v -0.895900 0.053497 0.145467
v -0.634305 -0.053464 -0.182760
v -1.009049 0.083639 0.045465
v -0.747457 -0.023321 -0.282764
v -0.898414 0.038214 0.148444
v -0.636819 -0.068747 -0.179783
v -1.000119 0.096287 0.048461
v -0.738523 -0.010675 -0.279765
v -0.903283 0.023244 0.149441
v -0.641688 -0.083717 -0.178785
v -0.989629 0.107017 0.053325
v -0.728034 0.000056 -0.274902
v -0.910319 0.009168 0.148421
v -0.648723 -0.097793 -0.179805
v -0.977991 0.115421 0.059862
v -0.716396 0.008460 -0.268365
v -0.919252 -0.003479 0.145423
v -0.657657 -0.110440 -0.182804
v -0.716396 0.008460 -0.268365
v -0.977991 0.115421 0.059862
v -0.965651 0.121170 0.067823
v -0.704056 0.014209 -0.260404
v -0.929741 -0.014209 0.140560
v -0.668146 -0.121170 -0.187667
v -0.953080 0.124045 0.076905
v -0.691485 0.017083 -0.251322
v -1.000615 -0.022093 0.086643
v -0.739020 -0.129055 -0.241584
v -0.941380 -0.022613 0.134023
v -0.679785 -0.129574 -0.194204
v -0.940764 0.123938 0.086756
v -0.679169 0.016976 -0.241471
v -1.009459 -0.013513 0.076798
v -0.747864 -0.120474 -0.251428
v -0.679785 -0.129574 -0.194204
v -0.941380 -0.022613 0.134023
v -0.953720 -0.028362 0.126061
v -0.692125 -0.135323 -0.202166
v -0.929173 0.120850 0.097000
v -0.667578 0.013889 -0.231227
v -1.016391 -0.002631 0.067727
v -0.754796 -0.109592 -0.260500
v -0.966290 -0.031237 0.116979
v -0.704695 -0.138198 -0.211248
v -1.021142 0.010136 0.059780
v -0.759547 -0.096826 -0.268447
v -0.688639 -0.094900 -0.069047
v -0.599124 0.123506 -0.068877
v -0.694540 0.182255 -0.164068
v -0.760193 0.022068 -0.164192
v 0.517111 -0.246490 1.200107
v 0.494214 -0.260002 1.186262
v 0.496976 -0.276370 1.193797
v 0.520762 -0.268136 1.210072
v 0.329518 -0.289408 1.064582
v 0.352346 -0.292457 1.083771
v 0.357973 -0.275156 1.082617
v 0.336962 -0.266530 1.063060
v 0.496903 -0.293721 1.199394
v 0.520667 -0.291078 1.217472
v 0.366108 -0.258880 1.083797
v 0.347715 -0.245009 1.064617
v 0.493998 -0.311389 1.202836
v 0.516822 -0.314441 1.222021
v 0.376433 -0.244259 1.087261
v 0.361373 -0.225676 1.069202
v 0.488370 -0.328694 1.203989
v 0.509381 -0.337321 1.223546
v 0.388556 -0.231855 1.092880
v 0.377402 -0.209276 1.076633
v 0.480237 -0.344966 1.202810
v 0.498626 -0.358839 1.221987
v 0.402010 -0.222145 1.100439
v 0.395189 -0.196432 1.086624
v 0.469908 -0.359586 1.199342
v 0.484972 -0.378170 1.217404
v 0.416276 -0.215497 1.109642
v 0.414053 -0.187647 1.098796
v 0.457784 -0.371994 1.193723
v 0.468941 -0.394574 1.209974
v 0.430807 -0.212173 1.120140
v 0.433266 -0.183250 1.112675
v 0.376534 -0.415715 1.143215
v 0.387901 -0.387982 1.143236
v 0.375858 -0.381105 1.131397
v 0.360612 -0.406623 1.127562
v 0.444333 -0.381705 1.186167
v 0.451151 -0.407417 1.199980
v 0.445044 -0.212299 1.131528
v 0.452096 -0.183412 1.127735
v 0.365635 -0.371184 1.120017
v 0.347092 -0.393508 1.112512
v 0.430069 -0.388349 1.176964
v 0.432290 -0.416203 1.187811
v 0.458442 -0.215868 1.143370
v 0.469809 -0.188135 1.143391
v 0.357623 -0.358604 1.109531
v 0.336498 -0.376873 1.098649
v 0.415535 -0.391672 1.166463
v 0.413074 -0.420598 1.173928
v 0.470482 -0.222743 1.155206
v 0.485733 -0.197223 1.159044
v 0.352129 -0.343848 1.100344
v 0.329234 -0.357356 1.086499
v 0.401296 -0.391550 1.155075
v 0.394249 -0.420434 1.158871
v 0.480707 -0.232660 1.166587
v 0.499248 -0.210341 1.174091
v 0.349364 -0.327479 1.092806
v 0.325581 -0.335714 1.076535
v 0.488722 -0.245242 1.177075
v 0.509845 -0.226977 1.187958
v 0.349439 -0.310124 1.087210
v 0.325678 -0.312768 1.069134
v 0.839784 -0.472564 0.999979
v 0.914695 -0.503178 0.885850
v 0.928889 -0.459550 0.882944
v 0.854769 -0.426490 0.996907
v 0.574017 -0.214720 0.704138
v 0.663030 -0.259018 0.605708
v 0.632465 -0.290293 0.591539
v 0.541736 -0.247749 0.689174
v 0.818124 -0.515898 0.996837
v 0.894190 -0.544211 0.882879
v 0.609837 -0.188863 0.724261
v 0.696952 -0.234529 0.624762
v 0.790628 -0.554825 0.987609
v 0.868150 -0.581076 0.874138
v 0.647823 -0.171166 0.748768
v 0.732924 -0.217772 0.647972
v 0.696952 -0.234529 0.624762
v 0.609837 -0.188863 0.724261
v 0.758351 -0.587856 0.972648
v 0.837584 -0.612351 0.859969
v 0.686516 -0.162312 0.776721
v 0.769562 -0.209390 0.674440
v 0.540206 -0.612118 0.806694
v 0.631014 -0.635330 0.702822
v 0.661379 -0.652664 0.732672
v 0.572269 -0.630429 0.838215
v 0.722530 -0.613714 0.952525
v 0.803664 -0.636837 0.840915
v 0.724424 -0.162647 0.807043
v 0.805459 -0.209704 0.703153
v 0.512986 -0.585708 0.776393
v 0.605239 -0.610319 0.674129
v 0.684541 -0.631409 0.928015
v 0.767695 -0.653594 0.817708
v 0.803664 -0.636837 0.840915
v 0.722530 -0.613714 0.952525
v 0.760098 -0.172147 0.838570
v 0.839240 -0.218702 0.733008
v 0.491649 -0.552212 0.748472
v 0.585038 -0.578600 0.647692
v 0.645853 -0.640260 0.900064
v 0.731057 -0.661977 0.791239
v 0.792161 -0.190458 0.870092
v 0.869600 -0.236039 0.762855
v 0.477023 -0.512914 0.724009
v 0.571185 -0.541386 0.624524
v 0.607940 -0.639928 0.869740
v 0.695156 -0.661665 0.762524
v 0.819383 -0.216864 0.900393
v 0.895380 -0.261047 0.791550
v 0.469664 -0.469329 0.703940
v 0.564216 -0.500113 0.605521
v 0.571185 -0.541386 0.624524
v 0.477023 -0.512914 0.724009
v 0.840718 -0.250364 0.928313
v 0.915581 -0.292767 0.817988
v 0.469858 -0.423125 0.689038
v 0.564400 -0.456364 0.591410
v 0.855344 -0.289662 0.952776
v 0.929431 -0.329979 0.841153
v 0.477599 -0.376086 0.679879
v 0.571730 -0.411817 0.582735
v 0.862703 -0.333248 0.972845
v 0.936398 -0.371256 0.860156
v 0.929431 -0.329979 0.841153
v 0.855344 -0.289662 0.952776
v 0.495586 -0.322687 0.676812
v 0.588922 -0.360866 0.579833
v 0.862507 -0.379450 0.987745
v 0.936215 -0.415006 0.874267
v 0.606429 -0.327155 0.582801
v 0.514243 -0.286678 0.679948
v 0.881864 -0.489314 0.360053
v 0.958763 -0.520709 0.200636
v 0.948072 -0.553573 0.202825
v 0.873658 -0.514541 0.361733
v 1.016853 -0.438461 0.220131
v 1.028700 -0.446762 0.211071
v 1.006421 -0.469557 0.200743
v 0.993826 -0.462025 0.209457
v 1.084400 -0.516380 0.530293
v 1.222656 -0.555978 0.422451
v 1.222793 -0.523015 0.411818
v 1.084505 -0.491088 0.522135
v 0.893722 -0.465588 0.361771
v 0.974213 -0.489793 0.202875
v 1.080161 -0.542136 0.535308
v 1.217136 -0.589532 0.428986
v 0.908775 -0.444272 0.366823
v 0.993826 -0.462025 0.209457
v 1.071956 -0.567362 0.536989
v 1.206443 -0.622400 0.431175
v 0.926448 -0.426189 0.375015
v 1.016853 -0.438461 0.220131
v 1.060098 -0.591088 0.535270
v 1.190995 -0.653311 0.428936
v 0.946060 -0.412033 0.386032
v 1.042407 -0.420015 0.234486
v 1.045046 -0.612400 0.530219
v 1.171378 -0.681082 0.422351
v 0.966856 -0.402343 0.399449
v 1.069506 -0.407390 0.251970
v 1.042407 -0.420015 0.234486
v 0.946060 -0.412033 0.386032
v 1.027373 -0.630484 0.522027
v 1.148351 -0.704646 0.411677
v 0.988040 -0.397497 0.414754
v 1.097109 -0.401076 0.271912
v 0.907936 -0.643769 0.431165
v 0.992733 -0.721955 0.293292
v 1.015608 -0.735015 0.315779
v 0.925492 -0.653793 0.448423
v 1.007760 -0.644643 0.511009
v 1.122799 -0.723094 0.397325
v 1.008796 -0.397681 0.431356
v 1.124150 -0.401313 0.293541
v 0.893030 -0.629310 0.414574
v 0.973316 -0.703117 0.271677
v 0.986960 -0.654332 0.497589
v 1.095702 -0.735714 0.379842
v 1.122799 -0.723094 0.397325
v 1.007760 -0.644643 0.511009
v 1.028328 -0.402884 0.448618
v 1.149598 -0.408094 0.316032
v 0.881349 -0.610970 0.399287
v 0.958097 -0.679217 0.251759
v 0.965776 -0.659178 0.482285
v 1.068098 -0.742032 0.359900
v 1.045884 -0.412908 0.465876
v 1.172470 -0.421152 0.338517
v 0.873343 -0.589454 0.385895
v 0.947661 -0.651186 0.234307
v 0.945020 -0.658994 0.465683
v 1.041054 -0.741794 0.338268
v 1.060786 -0.427365 0.482465
v 1.191891 -0.439992 0.360134
v 0.869314 -0.565588 0.374907
v 0.942411 -0.620092 0.219990
v 0.947661 -0.651186 0.234307
v 0.873343 -0.589454 0.385895
v 1.072467 -0.445705 0.497751
v 1.207112 -0.463888 0.380052
v 0.869421 -0.540292 0.366748
v 0.942551 -0.587131 0.209360
v 1.080477 -0.467222 0.511147
v 1.217546 -0.491923 0.397504
v 1.217546 -0.491923 0.397504
v 1.080477 -0.467222 0.511147
v 1.106341 -0.410592 0.261164
v 1.115785 -0.426211 0.251036
v 1.090919 -0.431899 0.233072
v 1.079637 -0.416703 0.241872
v 1.190995 -0.653311 0.428936
v 1.197170 -0.654621 0.413078
v 1.212120 -0.624714 0.415246
v 1.206443 -0.622400 0.431175
v 1.042407 -0.420015 0.234486
v 1.053422 -0.428916 0.224959
v 1.171378 -0.681082 0.422351
v 1.178194 -0.681488 0.406709
v 1.069506 -0.407390 0.251970
v 1.053422 -0.428916 0.224959
v 1.042407 -0.420015 0.234486
v 1.148351 -0.704646 0.411677
v 1.155920 -0.704280 0.396384
v 1.097109 -0.401076 0.271912
v 0.992733 -0.721955 0.293292
v 1.005366 -0.721026 0.281850
v 1.027494 -0.733665 0.303605
v 1.015608 -0.735015 0.315779
v 1.122799 -0.723094 0.397325
v 1.131197 -0.722129 0.382496
v 1.124150 -0.401313 0.293541
v 1.132505 -0.410821 0.282091
v 0.973316 -0.703117 0.271677
v 0.986579 -0.702800 0.260937
v 1.095702 -0.735714 0.379842
v 1.104979 -0.734341 0.365580
v 1.131197 -0.722129 0.382496
v 1.122799 -0.723094 0.397325
v 1.149598 -0.408094 0.316032
v 1.157124 -0.417381 0.303850
v 0.958097 -0.679217 0.251759
v 0.971853 -0.679683 0.241668
v 1.068098 -0.742032 0.359900
v 1.078279 -0.740449 0.346291
v 1.172470 -0.421152 0.338517
v 1.179254 -0.430016 0.325605
v 0.947661 -0.651186 0.234307
v 0.961759 -0.652562 0.224785
v 1.041054 -0.741794 0.338268
v 1.052113 -0.740219 0.325361
v 1.191891 -0.439992 0.360134
v 1.198039 -0.448246 0.346517
v 0.942411 -0.620092 0.219990
v 0.956682 -0.622478 0.210935
v 0.961759 -0.652562 0.224785
v 0.947661 -0.651186 0.234307
v 1.207112 -0.463888 0.380052
v 1.212762 -0.471361 0.365784
v 0.942551 -0.587131 0.209360
v 0.956814 -0.590594 0.200650
v 1.217546 -0.491923 0.397504
v 1.222859 -0.498483 0.382670
v 0.948072 -0.553573 0.202825
v 0.962155 -0.558129 0.194327
v 1.222793 -0.523015 0.411818
v 1.227938 -0.528564 0.396520
v 1.222859 -0.498483 0.382670
v 1.217546 -0.491923 0.397504
v 0.958763 -0.520709 0.200636
v 0.972499 -0.526331 0.192209
v 1.222656 -0.555978 0.422451
v 1.227802 -0.560450 0.406803
v 0.974213 -0.489793 0.202875
v 0.987445 -0.496423 0.194375
v 1.217136 -0.589532 0.428986
v 1.222461 -0.592915 0.413125
v 1.183672 -0.444294 0.311035
v 1.179696 -0.450949 0.310034
v 1.160105 -0.439764 0.290775
v 1.163070 -0.432529 0.290781
v 1.021762 -0.715263 0.270295
v 1.042369 -0.727025 0.290552
v 1.138928 -0.716288 0.364010
v 1.161948 -0.699667 0.376940
v 1.140145 -0.426423 0.270520
v 1.004272 -0.698292 0.250825
v 1.114516 -0.727658 0.348259
v 1.138928 -0.716288 0.364010
v 1.163070 -0.432529 0.290781
v 0.990560 -0.676764 0.232882
v 1.089652 -0.733347 0.330297
v 1.183672 -0.444294 0.311035
v 0.981160 -0.651513 0.217161
v 1.065290 -0.733134 0.310811
v 1.201166 -0.461266 0.330508
v 0.956682 -0.622478 0.210935
v 0.976434 -0.623500 0.204266
v 0.981160 -0.651513 0.217161
v 0.961759 -0.652562 0.224785
v 1.214875 -0.482792 0.348449
v 0.956814 -0.590594 0.200650
v 0.976558 -0.593811 0.194689
v 1.224277 -0.508046 0.364172
v 0.981531 -0.563581 0.188802
v 0.976558 -0.593811 0.194689
v 1.229005 -0.536054 0.377067
v 1.224277 -0.508046 0.364172
v 0.991160 -0.533976 0.186829
v 1.228880 -0.565747 0.386644
v 1.005079 -0.506127 0.188846
v 1.223908 -0.595973 0.392531
v 1.022747 -0.481114 0.194777
v 1.214275 -0.625581 0.394502
v 1.028700 -0.446762 0.211071
v 1.043492 -0.459887 0.204393
v 1.022747 -0.481114 0.194777
v 1.006421 -0.469557 0.200743
v 1.200361 -0.653427 0.392487
v 1.053422 -0.428916 0.224959
v 1.066509 -0.443270 0.217323
v 1.182691 -0.678444 0.386556
v 1.066509 -0.443270 0.217323
v 1.218306 -0.511569 0.360561
v 1.204892 -0.514624 0.361492
v 1.196615 -0.492388 0.347649
v 1.209367 -0.487555 0.345611
v 0.981160 -0.651513 0.217161
v 0.987132 -0.647989 0.220772
v 0.996072 -0.671999 0.235722
v 0.990560 -0.676764 0.232882
v 1.065290 -0.733134 0.310811
v 1.067129 -0.725601 0.309821
v 1.090295 -0.725804 0.328351
v 1.089652 -0.733347 0.330297
v 1.201166 -0.461266 0.330508
v 1.196331 -0.467088 0.328552
v 0.976434 -0.623500 0.204266
v 0.982636 -0.621353 0.208509
v 1.042369 -0.727025 0.290552
v 1.045333 -0.719794 0.290558
v 1.214875 -0.482792 0.348449
v 1.209367 -0.487555 0.345611
v 0.976558 -0.593811 0.194689
v 0.982755 -0.593123 0.199404
v 1.224277 -0.508046 0.364172
v 1.218306 -0.511569 0.360561
v 0.981531 -0.563581 0.188802
v 0.987484 -0.564377 0.193805
v 1.229005 -0.536054 0.377067
v 1.222802 -0.538205 0.372824
v 0.991160 -0.533976 0.186829
v 0.996642 -0.536226 0.191931
v 1.228880 -0.565747 0.386644
v 1.222683 -0.566436 0.381929
v 1.005079 -0.506127 0.188846
v 1.009875 -0.509745 0.193848
v 1.223908 -0.595973 0.392531
v 1.217955 -0.595178 0.387528
v 1.022747 -0.481114 0.194777
v 1.026676 -0.485960 0.199487
v 1.214275 -0.625581 0.394502
v 1.208796 -0.623332 0.389402
v 1.043492 -0.459887 0.204393
v 1.046399 -0.465778 0.208629
v 1.200361 -0.653427 0.392487
v 1.195564 -0.649809 0.387485
v 1.066509 -0.443270 0.217323
v 1.068288 -0.449976 0.220926
v 1.182691 -0.678444 0.386556
v 1.178762 -0.673598 0.381846
v 1.090919 -0.431899 0.233072
v 1.091501 -0.439162 0.235903
v 1.161948 -0.699667 0.376940
v 1.159036 -0.693779 0.372701
v 1.115785 -0.426211 0.251036
v 1.115143 -0.433754 0.252982
v 1.021762 -0.715263 0.270295
v 1.025739 -0.708608 0.271296
v 1.138928 -0.716288 0.364010
v 1.137149 -0.709583 0.360408
v 1.140145 -0.426423 0.270520
v 1.138306 -0.433955 0.271509
v 1.004272 -0.698292 0.250825
v 1.009107 -0.692470 0.252782
v 1.114516 -0.727658 0.348259
v 1.113936 -0.720396 0.345430
v 1.204567 -0.592052 0.386464
v 1.094038 -0.556998 0.447965
v 1.096905 -0.539566 0.444570
v 1.208947 -0.565434 0.381281
v 0.987484 -0.564377 0.193805
v 0.991141 -0.563528 0.207070
v 0.986764 -0.590148 0.212256
v 0.982755 -0.593123 0.199404
v 1.222802 -0.538205 0.372824
v 1.209059 -0.539288 0.372850
v 0.996642 -0.536226 0.191931
v 0.999623 -0.537459 0.205335
v 1.222683 -0.566436 0.381929
v 1.208947 -0.565434 0.381281
v 1.009875 -0.509745 0.193848
v 1.011876 -0.512937 0.207109
v 1.217955 -0.595178 0.387528
v 1.204567 -0.592052 0.386464
v 1.026676 -0.485960 0.199487
v 1.027437 -0.490910 0.212333
v 1.208796 -0.623332 0.389402
v 1.196088 -0.618122 0.388202
v 1.046399 -0.465778 0.208629
v 1.045702 -0.472218 0.220799
v 1.195564 -0.649809 0.387485
v 1.183832 -0.642643 0.386425
v 1.068288 -0.449976 0.220926
v 1.065971 -0.457586 0.232185
v 1.178762 -0.673598 0.381846
v 1.168274 -0.664672 0.381205
v 1.091501 -0.439162 0.235903
v 1.087465 -0.447573 0.246053
v 1.159036 -0.693779 0.372701
v 1.150010 -0.683359 0.372738
v 1.115143 -0.433754 0.252982
v 1.109360 -0.442565 0.261871
v 1.025739 -0.708608 0.271296
v 1.026571 -0.697089 0.278832
v 1.044714 -0.707451 0.296668
v 1.045333 -0.719794 0.290558
v 1.137149 -0.709583 0.360408
v 1.129739 -0.697990 0.361349
v 1.138306 -0.433955 0.271509
v 1.130813 -0.442751 0.279029
v 1.009107 -0.692470 0.252782
v 1.011167 -0.682147 0.261685
v 1.113936 -0.720396 0.345430
v 1.108243 -0.708007 0.347482
v 1.160105 -0.439764 0.290775
v 1.150997 -0.448131 0.296869
v 0.996072 -0.671999 0.235722
v 0.999093 -0.663192 0.245885
v 1.090295 -0.725804 0.328351
v 1.086351 -0.713016 0.331666
v 1.179696 -0.450949 0.310034
v 1.169141 -0.458488 0.314705
v 0.987132 -0.647989 0.220772
v 0.990817 -0.640952 0.232043
v 1.067129 -0.725601 0.309821
v 1.064900 -0.712826 0.314508
v 1.196331 -0.467088 0.328552
v 1.184544 -0.473434 0.331852
v 0.982636 -0.621353 0.208509
v 0.986654 -0.616289 0.220687
v 1.027437 -0.490910 0.212333
v 0.978051 -0.490768 0.333941
v 0.967865 -0.505194 0.330524
v 1.011876 -0.512937 0.207109
v 1.196088 -0.618122 0.388202
v 1.088485 -0.574068 0.449102
v 1.045702 -0.472218 0.220799
v 0.990012 -0.478530 0.339486
v 1.183832 -0.642643 0.386425
v 1.080461 -0.590124 0.447940
v 1.065971 -0.457586 0.232185
v 1.003285 -0.468948 0.346941
v 1.168274 -0.664672 0.381205
v 1.070272 -0.604549 0.444519
v 1.087465 -0.447573 0.246053
v 1.017361 -0.462391 0.356023
v 1.003285 -0.468948 0.346941
v 1.065971 -0.457586 0.232185
v 1.150010 -0.683359 0.372738
v 1.058314 -0.616788 0.438978
v 1.109360 -0.442565 0.261871
v 1.031697 -0.459110 0.366380
v 1.026571 -0.697089 0.278832
v 0.977486 -0.625777 0.377487
v 0.989366 -0.632560 0.389166
v 1.044714 -0.707451 0.296668
v 1.129739 -0.697990 0.361349
v 1.045041 -0.626371 0.431522
v 1.130813 -0.442751 0.279029
v 1.045743 -0.459237 0.377616
v 1.011167 -0.682147 0.261685
v 0.967399 -0.615990 0.366258
v 1.108243 -0.708007 0.347482
v 1.030965 -0.632927 0.422440
v 1.045041 -0.626371 0.431522
v 1.129739 -0.697990 0.361349
v 1.150997 -0.448131 0.296869
v 1.058962 -0.462754 0.389297
v 0.999093 -0.663192 0.245885
v 0.959493 -0.603582 0.355914
v 1.086351 -0.713016 0.331666
v 1.016631 -0.636204 0.412083
v 1.169141 -0.458488 0.314705
v 1.070840 -0.469541 0.400976
v 0.990817 -0.640952 0.232043
v 0.954072 -0.589021 0.346848
v 1.064900 -0.712826 0.314508
v 1.002583 -0.636082 0.400847
v 1.184544 -0.473434 0.331852
v 1.080929 -0.479324 0.412205
v 0.986654 -0.616289 0.220687
v 0.951346 -0.572869 0.339412
v 0.954072 -0.589021 0.346848
v 0.990817 -0.640952 0.232043
v 1.196615 -0.492388 0.347649
v 1.088833 -0.491736 0.422549
v 0.986764 -0.590148 0.212256
v 0.951418 -0.555750 0.333891
v 1.204892 -0.514624 0.361492
v 1.094254 -0.506297 0.431615
v 0.991141 -0.563528 0.207070
v 0.954288 -0.538320 0.330498
v 1.209059 -0.539288 0.372850
v 1.096980 -0.522449 0.439051
v 1.094254 -0.506297 0.431615
v 1.204892 -0.514624 0.361492
v 0.999623 -0.537459 0.205335
v 0.959838 -0.521249 0.329358
v 0.383904 0.121600 0.571699
v 0.371588 0.121707 0.561848
v 0.109993 0.228668 0.890075
v 0.122309 0.228561 0.899926
v 0.383288 -0.024951 0.618966
v 0.394927 -0.016547 0.625503
v 0.133331 0.090414 0.953730
v 0.121693 0.082010 0.947193
v 0.324053 -0.024431 0.571586
v 0.334471 -0.030380 0.581828
v 0.072875 0.076581 0.910054
v 0.062457 0.082530 0.899813
v 0.359017 0.118832 0.552766
v 0.097422 0.225793 0.880993
v 0.405416 -0.005817 0.630366
v 0.143821 0.101145 0.958593
v 0.346677 0.113083 0.544805
v 0.085082 0.220044 0.873032
v 0.414349 0.006830 0.633365
v 0.152751 0.113793 0.961589
v 0.346677 0.113083 0.544805
v 0.335039 0.104679 0.538268
v 0.073444 0.211640 0.866495
v 0.085082 0.220044 0.873032
v 0.421385 0.020906 0.634385
v 0.159787 0.127869 0.962609
v 0.324549 0.093949 0.533405
v 0.062954 0.200910 0.861631
v 0.426254 0.035876 0.633387
v 0.164656 0.142839 0.961611
v 0.315616 0.081302 0.530406
v 0.054021 0.188263 0.858633
v 0.428768 0.051159 0.630410
v 0.167173 0.158120 0.958637
v 0.308579 0.067222 0.529386
v 0.046984 0.174183 0.857613
v 0.428829 0.066171 0.625567
v 0.167234 0.173132 0.953794
v 0.303711 0.052255 0.530384
v 0.042116 0.159217 0.858610
v 0.426440 0.080334 0.619048
v 0.164845 0.187296 0.947274
v 0.301196 0.036969 0.533360
v 0.039601 0.143930 0.861587
v 0.426440 0.080334 0.619048
v 0.421688 0.093100 0.611100
v 0.160093 0.200062 0.939327
v 0.164845 0.187296 0.947274
v 0.301137 0.021961 0.538204
v 0.039541 0.128922 0.866431
v 0.414756 0.103983 0.602029
v 0.153161 0.210944 0.930256
v 0.346061 -0.033468 0.592072
v 0.084466 0.073494 0.920298
v 0.303525 0.007798 0.544723
v 0.041930 0.114759 0.872950
v 0.405913 0.112563 0.592185
v 0.144318 0.219525 0.920412
v 0.358378 -0.033575 0.601923
v 0.096783 0.073387 0.930149
v 0.303525 0.007798 0.544723
v 0.308277 -0.004969 0.552670
v 0.046682 0.101993 0.880897
v 0.041930 0.114759 0.872950
v 0.395495 0.118512 0.581943
v 0.133900 0.225473 0.910170
v 0.370948 -0.030700 0.611004
v 0.109353 0.076261 0.939231
v 0.315209 -0.015851 0.561742
v 0.053614 0.091111 0.889968
v 0.383288 -0.024951 0.618966
v 0.121693 0.082010 0.947193
v 0.194077 -0.341558 0.571340
v 0.181761 -0.341451 0.561489
v -0.079834 -0.234489 0.889716
v -0.067518 -0.234596 0.899567
v 0.193461 -0.488108 0.618607
v 0.205100 -0.479704 0.625144
v -0.056496 -0.372743 0.953370
v -0.068134 -0.381147 0.946833
v 0.134226 -0.487589 0.571227
v 0.144644 -0.493537 0.581468
v -0.116951 -0.386576 0.909695
v -0.127370 -0.380627 0.899453
v 0.169190 -0.344325 0.552407
v -0.092405 -0.237364 0.880634
v 0.215589 -0.468974 0.630007
v -0.046006 -0.362013 0.958234
v 0.156850 -0.350074 0.544446
v -0.104745 -0.243113 0.872672
v 0.224522 -0.456327 0.633005
v -0.037076 -0.349365 0.961230
v 0.156850 -0.350074 0.544446
v 0.145212 -0.358478 0.537909
v -0.116383 -0.251517 0.866135
v -0.104745 -0.243113 0.872672
v 0.231558 -0.442251 0.634026
v -0.030040 -0.335288 0.962250
v 0.134722 -0.369209 0.533045
v -0.126873 -0.262247 0.861272
v 0.236427 -0.427281 0.633028
v -0.025171 -0.320318 0.961252
v 0.125789 -0.381856 0.530047
v -0.135806 -0.274894 0.858274
v 0.238941 -0.411998 0.630051
v -0.022654 -0.305037 0.958278
v 0.118752 -0.395936 0.529027
v -0.142843 -0.288974 0.857253
v 0.239002 -0.396986 0.625208
v -0.022593 -0.290025 0.953435
v 0.113884 -0.410902 0.530024
v -0.147711 -0.303940 0.858251
v 0.236613 -0.382823 0.618688
v -0.024982 -0.275862 0.946915
v 0.111371 -0.426184 0.533001
v -0.150225 -0.319223 0.861228
v 0.236613 -0.382823 0.618688
v 0.231861 -0.370057 0.610741
v -0.029734 -0.263095 0.938968
v -0.024982 -0.275862 0.946915
v 0.111310 -0.441196 0.537845
v -0.150286 -0.334235 0.866071
v 0.224929 -0.359175 0.601670
v -0.036666 -0.252213 0.929897
v 0.156234 -0.496625 0.591712
v -0.105361 -0.389664 0.919939
v 0.113698 -0.455360 0.544364
v -0.147897 -0.348398 0.872591
v 0.216086 -0.350594 0.591826
v -0.045509 -0.243633 0.920052
v 0.168551 -0.496732 0.601563
v -0.093044 -0.389771 0.929790
v 0.113698 -0.455360 0.544364
v 0.118450 -0.468126 0.552311
v -0.143145 -0.361165 0.880538
v -0.147897 -0.348398 0.872591
v 0.205668 -0.344645 0.581584
v -0.055927 -0.237684 0.909811
v 0.181121 -0.493857 0.610645
v -0.080474 -0.386896 0.938872
v 0.125382 -0.479008 0.561382
v -0.136213 -0.372047 0.889609
v 0.193461 -0.488108 0.618607
v -0.068134 -0.381147 0.946833
v 0.013043 -0.382994 0.584074
v 0.146054 -0.350016 0.679336
v 0.211708 -0.189828 0.679460
v 0.102558 -0.164589 0.584243
vn -0.6040 0.2469 0.7578
vn -0.6412 0.2633 -0.7208
vn -0.5541 0.4376 -0.7081
vn -0.5541 0.4376 -0.7082
vn 0.8468 0.2504 0.4693
vn 0.8460 0.0646 0.5293
vn 0.8468 0.2504 0.4694
vn -0.7014 0.0781 -0.7084
vn 0.8172 0.4256 0.3887
vn -0.7326 -0.1110 -0.6716
vn -0.7325 -0.1110 -0.6716
vn 0.7584 0.5836 0.2903
vn -0.7333 -0.2967 -0.6117
vn -0.7333 -0.2968 -0.6117
vn 0.6726 0.7183 0.1781
vn 0.6726 0.7182 0.1781
vn -0.1774 -0.9826 0.0549
vn -0.3208 -0.9444 -0.0719
vn -0.7038 -0.4720 -0.5310
vn 0.5632 0.8244 0.0563
vn -0.0250 -0.9839 0.1768
vn -0.6449 -0.6300 -0.4327
vn -0.7037 -0.4720 -0.5310
vn -0.6449 -0.6299 -0.4327
vn 0.4343 0.8980 -0.0705
vn 0.1305 -0.9484 0.2891
vn -0.5592 -0.7646 -0.3204
vn 0.2909 0.9362 -0.1972
vn 0.2832 -0.8772 0.3877
vn -0.4498 -0.8708 -0.1986
vn -0.4497 -0.8708 -0.1986
vn 0.1385 0.9376 -0.3191
vn 0.4272 -0.7733 0.4686
vn -0.0171 0.9020 -0.4315
vn 0.5570 -0.6404 0.5287
vn -0.1698 0.8308 -0.5300
vn 0.6710 -0.4781 0.5667
vn 0.6712 -0.4779 0.5666
vn -0.3138 0.7268 -0.6109
vn 0.7203 -0.3859 0.5764
vn 0.7202 -0.3860 0.5765
vn -0.4436 0.5941 -0.6711
vn -0.4436 0.5941 -0.6710
vn 0.8339 -0.0299 0.5511
vn 0.8339 -0.0299 0.5510
vn 0.5445 -0.2238 0.8084
vn 0.4593 -0.3941 0.7961
vn 0.9506 0.1755 0.2559
vn 0.9499 -0.0002 0.3126
vn 0.9799 -0.0327 0.1966
vn 0.9807 0.1338 0.1428
vn -0.6272 0.6600 -0.4135
vn -0.5003 0.7899 -0.3546
vn -0.6272 0.6601 -0.4134
vn 0.6034 -0.0427 0.7963
vn -0.7353 0.5070 -0.4497
vn 0.6338 0.1423 0.7603
vn -0.8205 0.3366 -0.4621
vn 0.6346 0.3240 0.7017
vn 0.6346 0.3239 0.7017
vn -0.8794 0.1555 -0.4500
vn 0.6056 0.4953 0.6228
vn -0.9098 -0.0294 -0.4140
vn -0.9098 -0.0295 -0.4140
vn 0.5481 0.6497 0.5267
vn 0.5481 0.6498 0.5266
vn -0.9106 -0.2111 -0.3554
vn -0.9106 -0.2110 -0.3554
vn 0.4642 0.7815 0.4169
vn -0.3670 -0.8817 0.2964
vn -0.5072 -0.8444 0.1725
vn -0.8817 -0.3824 -0.2765
vn -0.8816 -0.3824 -0.2765
vn 0.3572 0.8853 0.2977
vn 0.3572 0.8853 0.2978
vn -0.2180 -0.8831 0.4156
vn -0.2179 -0.8831 0.4156
vn -0.8241 -0.5369 -0.1803
vn 0.2312 0.9572 0.1739
vn -0.0658 -0.8482 0.5255
vn -0.0658 -0.8483 0.5255
vn -0.7402 -0.6686 -0.0706
vn -0.7403 -0.6686 -0.0706
vn 0.0910 0.9946 0.0499
vn 0.0835 -0.7787 0.6218
vn -0.6332 -0.7724 0.0486
vn -0.0581 0.9959 -0.0693
vn -0.0580 0.9959 -0.0693
vn 0.2243 -0.6770 0.7009
vn -0.2102 0.9611 -0.1792
vn 0.3512 -0.5472 0.7598
vn 0.3512 -0.5471 0.7598
vn -0.3595 0.8915 -0.2755
vn -0.3595 0.8916 -0.2755
vn 0.8245 0.5533 -0.1183
vn 0.9014 0.4326 -0.0177
vn 0.9226 0.3640 -0.1276
vn 0.8515 0.4756 -0.2207
vn -0.5135 0.0126 -0.8580
vn -0.4566 0.1879 -0.8696
vn -0.3533 0.1455 -0.9241
vn -0.4073 -0.0206 -0.9131
vn 0.9227 0.3412 0.1796
vn 0.9541 0.2910 0.0705
vn -0.5430 -0.1662 -0.8231
vn -0.4353 -0.1901 -0.8800
vn 0.8671 0.4906 0.0866
vn -0.5437 -0.3419 -0.7665
vn -0.4359 -0.3566 -0.8263
vn 0.7859 0.6180 -0.0195
vn -0.0179 -0.9905 -0.1362
vn -0.1537 -0.9544 -0.2559
vn -0.0661 -0.9372 -0.3424
vn 0.0625 -0.9715 -0.2288
vn -0.5157 -0.5076 -0.6902
vn -0.4094 -0.5137 -0.7540
vn 0.6824 0.7185 -0.1347
vn 0.7264 0.6485 -0.2275
vn 0.1263 -0.9918 -0.0209
vn 0.1991 -0.9727 -0.1195
vn -0.4602 -0.6570 -0.5972
vn -0.3567 -0.6554 -0.6658
vn 0.5605 0.7881 -0.2545
vn 0.6108 0.7145 -0.3410
vn 0.2732 -0.9582 0.0855
vn 0.3385 -0.9408 -0.0187
vn -0.3789 -0.7844 -0.4911
vn -0.2797 -0.7761 -0.5652
vn 0.4249 0.8242 -0.3744
vn 0.4823 0.7488 -0.4547
vn 0.4177 -0.8909 0.1786
vn 0.4754 -0.8770 0.0696
vn -0.2754 -0.8848 -0.3759
vn -0.1817 -0.8712 -0.4560
vn 0.2808 0.8254 -0.4898
vn 0.3457 0.7499 -0.5641
vn 0.5540 -0.7925 0.2550
vn 0.4755 -0.8770 0.0696
vn 0.6046 -0.7838 0.1421
vn 0.1338 0.7917 -0.5961
vn 0.2063 0.7180 -0.6648
vn 0.6766 -0.6670 0.3121
vn 0.7209 -0.6647 0.1961
vn -0.0107 0.7245 -0.6892
vn 0.0693 0.6542 -0.7531
vn 0.7811 -0.5189 0.3472
vn 0.8200 -0.5244 0.2294
vn -0.1470 0.6262 -0.7656
vn -0.0108 0.7245 -0.6892
vn -0.0599 0.5611 -0.8256
vn 0.8635 -0.3542 0.3592
vn 0.8980 -0.3683 0.2407
vn -0.2696 0.5005 -0.8227
vn -0.1761 0.4420 -0.8796
vn 0.9204 -0.1790 0.3475
vn 0.9520 -0.2022 0.2296
vn -0.3741 0.3525 -0.8578
vn -0.2752 0.3017 -0.9128
vn 0.6040 -0.2469 -0.7578
vn 0.0276 -0.9034 -0.4280
vn 0.1463 -0.9351 -0.3228
vn -0.3146 -0.3662 -0.8757
vn -0.2901 -0.5115 -0.8088
vn 0.7607 0.5637 -0.3217
vn 0.2728 -0.9362 -0.2217
vn -0.2413 -0.6426 -0.7272
vn 0.6538 0.6248 -0.4268
vn 0.4019 -0.9066 -0.1286
vn -0.1703 -0.7543 -0.6341
vn 0.5348 0.6565 -0.5320
vn 0.5285 -0.8476 -0.0469
vn -0.0795 -0.8423 -0.5331
vn 0.4084 0.6576 -0.6330
vn 0.5286 -0.8476 -0.0468
vn 0.6480 -0.7614 0.0202
vn 0.2794 0.6281 -0.7263
vn 0.7209 -0.6647 0.1960
vn 0.7556 -0.6513 0.0701
vn 0.1528 0.5691 -0.8080
vn 0.7556 -0.6512 0.0701
vn 0.8473 -0.5214 0.1009
vn 0.1528 0.5690 -0.8080
vn 0.0333 0.4828 -0.8751
vn 0.9195 -0.3770 0.1114
vn -0.0744 0.3727 -0.9250
vn 0.9695 -0.2233 0.1011
vn -0.1661 0.2429 -0.9557
vn 0.9953 -0.0665 0.0706
vn -0.2382 0.0983 -0.9662
vn 0.9800 -0.0327 0.1965
vn 0.9959 0.0876 0.0209
vn -0.2883 -0.0552 -0.9560
vn 0.9541 0.2909 0.0705
vn 0.9714 0.2329 -0.0460
vn -0.3141 -0.2121 -0.9254
vn 0.9714 0.2330 -0.0460
vn 0.6231 -0.7014 -0.3460
vn 0.5336 -0.7432 -0.4038
vn 0.6040 -0.2470 -0.7578
vn 0.7930 -0.5212 0.3155
vn 0.6898 -0.6673 0.2809
vn 0.7929 -0.5212 0.3155
vn 0.1323 0.0696 -0.9888
vn 0.1968 0.1616 -0.9670
vn 0.1968 0.1617 -0.9670
vn 0.1319 0.0699 -0.9888
vn 0.7076 -0.6405 -0.2985
vn 0.0812 -0.0325 -0.9962
vn 0.7837 -0.5626 -0.2632
vn 0.7837 -0.5625 -0.2632
vn 0.0455 -0.1410 -0.9890
vn 0.8486 -0.4707 -0.2416
vn 0.0272 -0.2520 -0.9674
vn 0.8997 -0.3686 -0.2340
vn 0.0267 -0.3609 -0.9322
vn 0.9350 -0.2599 -0.2414
vn 0.0441 -0.4637 -0.8849
vn 0.9533 -0.1489 -0.2629
vn 0.0786 -0.5564 -0.8272
vn 0.9537 -0.0400 -0.2979
vn 0.9537 -0.0400 -0.2980
vn 0.1289 -0.6354 -0.7613
vn 0.6276 0.3623 -0.6891
vn 0.7118 0.3400 -0.6147
vn 0.7118 0.3399 -0.6147
vn 0.9363 0.0628 -0.3455
vn 0.1931 -0.6977 -0.6899
vn 0.5382 0.3631 -0.7606
vn 0.5382 0.3632 -0.7606
vn 0.9019 0.1554 -0.4031
vn 0.9019 0.1555 -0.4031
vn 0.2687 -0.7409 -0.6155
vn 0.4469 0.3424 -0.8264
vn 0.8516 0.2345 -0.4689
vn 0.3528 -0.7633 -0.5412
vn 0.3574 0.3005 -0.8843
vn 0.7873 0.2967 -0.5404
vn 0.4423 -0.7641 -0.4697
vn 0.2729 0.2395 -0.9317
vn -0.5144 -0.1730 -0.8399
vn -0.4853 0.0036 -0.8743
vn -0.5144 -0.1729 -0.8399
vn 0.8743 -0.3586 0.3273
vn 0.8742 -0.3586 0.3273
vn -0.5151 -0.3464 -0.7840
vn 0.9305 -0.1856 0.3158
vn -0.4875 -0.5100 -0.7087
vn 0.9596 -0.0090 0.2814
vn 0.9596 -0.0091 0.2814
vn -0.4326 -0.6576 -0.6168
vn -0.4875 -0.5100 -0.7086
vn -0.4875 -0.5101 -0.7086
vn 0.9603 0.1645 0.2254
vn 0.9603 0.1643 0.2255
vn -0.3525 -0.7833 -0.5120
vn 0.4412 0.8048 -0.3969
vn 0.5751 0.7692 -0.2786
vn 0.9327 0.3281 0.1501
vn -0.2503 -0.8825 -0.3982
vn 0.2990 0.8061 -0.5107
vn 0.2989 0.8061 -0.5108
vn 0.8778 0.4755 0.0583
vn 0.9326 0.3281 0.1501
vn 0.8777 0.4756 0.0582
vn -0.1300 -0.9512 -0.2799
vn -0.1300 -0.9512 -0.2800
vn 0.1537 0.7728 -0.6157
vn 0.1537 0.7729 -0.6157
vn 0.7976 0.6013 -0.0466
vn 0.0039 -0.9868 -0.1616
vn 0.0040 -0.9869 -0.1616
vn 0.0111 0.7064 -0.7077
vn 0.6955 0.7004 -0.1603
vn 0.1463 -0.9881 -0.0478
vn 0.1462 -0.9881 -0.0478
vn -0.1234 0.6094 -0.7832
vn 0.0110 0.7064 -0.7077
vn 0.2915 -0.9549 0.0572
vn -0.2446 0.4854 -0.8394
vn -0.2446 0.4853 -0.8394
vn 0.4341 -0.8884 0.1492
vn -0.3478 0.3392 -0.8741
vn 0.5685 -0.7914 0.2247
vn 0.5686 -0.7913 0.2247
vn -0.4291 0.1766 -0.8858
vn 0.5087 0.8514 0.1280
vn 0.6186 0.7447 0.2503
vn -0.7639 -0.4508 -0.4619
vn -0.7638 -0.4508 -0.4619
vn -0.7936 -0.2748 -0.5429
vn -0.2352 -0.9637 0.1266
vn -0.3792 -0.9253 -0.0007
vn 0.7048 0.6095 0.3631
vn -0.7928 -0.0882 -0.6031
vn -0.7928 -0.0883 -0.6031
vn 0.7638 0.4508 0.4619
vn -0.7615 0.1019 -0.6401
vn -0.7615 0.1017 -0.6401
vn 0.7639 0.4508 0.4619
vn 0.7936 0.2748 0.5429
vn -0.7010 0.2878 -0.6525
vn 0.7928 0.0883 0.6031
vn -0.6136 0.4627 -0.6398
vn -0.6135 0.4628 -0.6398
vn 0.7615 -0.1017 0.6401
vn -0.5025 0.6200 -0.6026
vn -0.5025 0.6201 -0.6025
vn 0.7010 -0.2878 0.6525
vn -0.3722 0.7534 -0.5421
vn 0.6136 -0.4628 0.6398
vn -0.2275 0.8578 -0.4609
vn 0.5024 -0.6201 0.6025
vn -0.0741 0.9293 -0.3619
vn 0.3721 -0.7534 0.5421
vn 0.0821 0.9650 -0.2490
vn -0.5087 -0.8514 -0.1280
vn 0.2275 -0.8578 0.4609
vn 0.2352 0.9637 -0.1266
vn -0.6186 -0.7447 -0.2503
vn 0.0741 -0.9293 0.3619
vn 0.3792 0.9253 0.0007
vn -0.7048 -0.6095 -0.3631
vn -0.0821 -0.9650 0.2490
vn 0.6135 -0.4628 0.6398
vn 0.5025 -0.6201 0.6025
vn 0.3722 -0.7534 0.5421
vn 0.7546 -0.3098 0.5784
vn 0.8149 -0.1245 0.5661
vn -0.3138 0.7269 -0.6109
vn 0.6676 -0.4840 0.5658
vn 0.6676 -0.4839 0.5658
vn 0.5570 -0.6405 0.5287
vn 0.4273 -0.7733 0.4685
vn 0.4272 -0.7733 0.4685
vn 0.2833 -0.8772 0.3877
vn 0.1305 -0.9483 0.2891
vn 0.2832 -0.8772 0.3876
vn 0.4343 0.8980 -0.0704
vn -0.0250 -0.9839 0.1767
vn -0.6998 0.0847 -0.7093
vn -0.6997 0.0850 -0.7094
vn 0.8468 0.2503 0.4693
vn -0.6707 0.1852 -0.7182
vn -0.6708 0.1851 -0.7182
vn 0.8460 0.0647 0.5293
vn -0.5018 0.5185 -0.6923
vn -0.5019 0.5185 -0.6923
vn -0.1469 0.6262 -0.7657
vn -0.0598 0.5610 -0.8256
vn -0.1762 0.4420 -0.8795
vn -0.2698 0.5006 -0.8226
vn -0.7354 0.5069 -0.4497
vn -0.6273 0.6600 -0.4135
vn 0.4593 -0.3941 0.7960
vn 0.2244 -0.6770 0.7010
vn -0.8242 -0.5369 -0.1804
vn -0.2179 -0.8830 0.4156
vn -0.8816 -0.3825 -0.2765
vn 0.5481 0.6498 0.5267
vn 0.3456 0.7499 -0.5640
vn 0.4085 0.6575 -0.6331
vn 0.2794 0.6280 -0.7263
vn 0.2062 0.7180 -0.6648
vn 0.7812 -0.5190 0.3471
vn 0.8200 -0.5245 0.2293
vn 0.8980 -0.3683 0.2406
vn 0.8635 -0.3541 0.3591
vn 0.0693 0.6543 -0.7531
vn 0.6766 -0.6669 0.3121
vn 0.1337 0.7917 -0.5961
vn 0.5539 -0.7925 0.2552
vn 0.2807 0.8254 -0.4897
vn -0.1536 -0.9544 -0.2559
vn 0.4177 -0.8908 0.1786
vn -0.2798 -0.7761 -0.5652
vn 0.2733 -0.9581 0.0855
vn 0.6108 0.7145 -0.3411
vn -0.4602 -0.6571 -0.5971
vn 0.1262 -0.9918 -0.0209
vn -0.5157 -0.5077 -0.6902
vn 0.0624 -0.9715 -0.2287
vn 0.7860 0.6180 -0.0196
vn -0.5436 -0.3419 -0.7666
vn 0.8671 0.4906 0.0865
vn -0.4352 -0.1901 -0.8800
vn -0.5136 0.0127 -0.8579
vn -0.4074 -0.0205 -0.9130
vn 0.9506 0.1756 0.2560
vn 0.9806 0.1339 0.1429
vn -0.4567 0.1878 -0.8696
vn -0.3534 0.1455 -0.9241
vn 0.9499 -0.0002 0.3125
vn -0.3743 0.3526 -0.8577
vn -0.2753 0.3017 -0.9128
vn 0.9205 -0.1791 0.3473
vn 0.9521 -0.2022 0.2296
vn -0.0795 -0.8424 -0.5330
vn 0.0275 -0.9033 -0.4281
vn 0.5285 -0.8476 -0.0468
vn 0.6480 -0.7614 0.0203
vn 0.5349 0.6565 -0.5320
vn -0.1702 -0.7543 -0.6341
vn 0.4018 -0.9066 -0.1286
vn 0.1464 -0.9351 -0.3228
vn 0.8515 0.4757 -0.2206
vn -0.4359 -0.3566 -0.8264
vn -0.4093 -0.5137 -0.7540
vn -0.3140 -0.2121 -0.9254
vn -0.2881 -0.0552 -0.9560
vn -0.2383 0.0984 -0.9662
vn 0.9953 -0.0664 0.0707
vn -0.1660 0.2429 -0.9558
vn 0.9695 -0.2233 0.1012
vn -0.0743 0.3727 -0.9250
vn 0.9195 -0.3770 0.1113
vn 0.8473 -0.5214 0.1010
vn 0.7556 -0.6513 0.0702
vn 0.0442 -0.4637 -0.8849
vn 0.0787 -0.5564 -0.8272
vn 0.9349 -0.2599 -0.2417
vn 0.9350 -0.2599 -0.2412
vn 0.0267 -0.3610 -0.9322
vn 0.8996 -0.3685 -0.2343
vn 0.8996 -0.3685 -0.2345
vn 0.0273 -0.2520 -0.9674
vn 0.8486 -0.4708 -0.2414
vn 0.8486 -0.4707 -0.2414
vn 0.0456 -0.1410 -0.9890
vn 0.0808 -0.0324 -0.9962
vn 0.7076 -0.6405 -0.2984
vn 0.1320 0.0698 -0.9888
vn 0.6231 -0.7015 -0.3459
vn 0.1967 0.1617 -0.9670
vn 0.5335 -0.7432 -0.4037
vn 0.2728 0.2396 -0.9317
vn 0.2728 0.2396 -0.9318
vn 0.7874 0.2967 -0.5404
vn 0.7117 0.3400 -0.6147
vn 0.3575 0.3004 -0.8843
vn 0.3529 -0.7633 -0.5412
vn 0.4470 0.3422 -0.8265
vn 0.4469 0.3422 -0.8265
vn 0.9018 0.1554 -0.4032
vn 0.9019 0.1556 -0.4029
vn 0.1931 -0.6977 -0.6898
vn 0.9364 0.0628 -0.3454
vn 0.9364 0.0627 -0.3454
vn 0.6277 0.3623 -0.6891
vn 0.9537 -0.0400 -0.2981
vn 0.6897 -0.6674 0.2809
vn 0.7929 -0.5213 0.3155
vn 0.5686 -0.7914 0.2247
vn 0.2915 -0.9549 0.0571
vn 0.4341 -0.8885 0.1492
vn -0.1235 0.6093 -0.7833
vn 0.1536 0.7728 -0.6157
vn 0.0111 0.7065 -0.7077
vn -0.2503 -0.8825 -0.3983
vn -0.2503 -0.8824 -0.3983
vn 0.9327 0.3280 0.1501
vn 0.4412 0.8048 -0.3970
vn -0.3525 -0.7834 -0.5120
vn 0.9603 0.1644 0.2255
vn -0.5151 -0.3465 -0.7840
vn 0.5025 -0.6200 0.6026
vn 0.6136 -0.4627 0.6398
vn 0.7615 -0.1018 0.6401
vn 0.7615 -0.1019 0.6401
vn 0.7928 0.0882 0.6031
vn -0.7615 0.1018 -0.6401
vn -0.7639 -0.4508 -0.4618
vt 0.899440 0.325890
vt 0.902600 0.321140
vt 0.896370 0.317790
vt 0.893990 0.321380
vt 0.848230 0.304500
vt 0.848230 0.310220
vt 0.855250 0.309530
vt 0.855250 0.305200
vt 0.904770 0.315860
vt 0.898010 0.313790
vt 0.849330 0.315830
vt 0.856090 0.313770
vt 0.905880 0.310250
vt 0.898850 0.309550
vt 0.851510 0.321110
vt 0.857730 0.317760
vt 0.905880 0.304530
vt 0.898850 0.305230
vt 0.854660 0.325870
vt 0.860120 0.321360
vt 0.904770 0.298920
vt 0.898010 0.300980
vt 0.858680 0.329910
vt 0.863150 0.324420
vt 0.902600 0.293640
vt 0.896370 0.296990
vt 0.863400 0.333090
vt 0.866730 0.326830
vt 0.899440 0.288880
vt 0.893990 0.293390
vt 0.868640 0.335280
vt 0.870690 0.328480
vt 0.874210 0.278350
vt 0.868640 0.279460
vt 0.870690 0.286260
vt 0.874900 0.285420
vt 0.895430 0.284840
vt 0.890950 0.290330
vt 0.874210 0.336400
vt 0.874900 0.329330
vt 0.863400 0.281640
vt 0.866730 0.287920
vt 0.890710 0.281660
vt 0.887380 0.287930
vt 0.879890 0.336410
vt 0.879200 0.329330
vt 0.858680 0.284820
vt 0.863150 0.290320
vt 0.885460 0.279470
vt 0.883410 0.286270
vt 0.885460 0.335290
vt 0.883410 0.328490
vt 0.854660 0.288860
vt 0.860120 0.293370
vt 0.879890 0.278350
vt 0.879200 0.285420
vt 0.890710 0.333110
vt 0.887380 0.326840
vt 0.851510 0.293610
vt 0.857730 0.296970
vt 0.895430 0.329930
vt 0.890950 0.324440
vt 0.849330 0.298890
vt 0.856090 0.300960
vt 0.526260 0.044680
vt 0.526270 0.033210
vt 0.493180 0.033790
vt 0.493170 0.044650
vt 0.559960 0.059320
vt 0.570090 0.057730
vt 0.570680 0.026500
vt 0.561080 0.028000
vt 0.526270 0.056130
vt 0.493180 0.055500
vt 0.551100 0.061360
vt 0.552690 0.029930
vt 0.526290 0.067120
vt 0.493200 0.065910
vt 0.991370 0.196720
vt 0.991600 0.187860
vt 0.958580 0.190090
vt 0.958360 0.198480
vt 0.526320 0.077240
vt 0.493230 0.075480
vt 0.991200 0.206850
vt 0.958200 0.208060
vt 0.647290 0.094410
vt 0.647250 0.082960
vt 0.614260 0.082950
vt 0.614300 0.093800
vt 0.526370 0.086080
vt 0.493270 0.083860
vt 0.991090 0.217850
vt 0.958100 0.218480
vt 0.647400 0.105430
vt 0.614400 0.104230
vt 0.647580 0.050310
vt 0.647820 0.041400
vt 0.614800 0.043600
vt 0.614570 0.052040
vt 0.991050 0.229300
vt 0.958060 0.229320
vt 0.647580 0.115580
vt 0.614570 0.113840
vt 0.647400 0.060470
vt 0.614400 0.061660
vt 0.991090 0.240770
vt 0.958100 0.240180
vt 0.647820 0.124470
vt 0.614800 0.122260
vt 0.647290 0.071500
vt 0.614300 0.072100
vt 0.991200 0.251800
vt 0.958200 0.250630
vt 0.865220 0.028970
vt 0.866180 0.019910
vt 0.835100 0.025220
vt 0.834190 0.033800
vt 0.991370 0.261990
vt 0.958360 0.260280
vt 0.864860 0.039220
vt 0.833850 0.043510
vt 0.991600 0.270930
vt 0.958580 0.268750
vt 0.865120 0.050280
vt 0.834100 0.053980
vt 0.526320 0.011970
vt 0.526370 0.003010
vt 0.493270 0.005200
vt 0.493230 0.013680
vt 0.866180 0.063580
vt 0.835110 0.066670
vt 0.526290 0.022170
vt 0.493200 0.023340
vt 0.581110 0.056660
vt 0.581110 0.025480
vt 0.425740 0.087860
vt 0.425900 0.081590
vt 0.383240 0.079680
vt 0.383030 0.087860
vt 0.384830 0.111120
vt 0.383840 0.103890
vt 0.380470 0.103360
vt 0.381430 0.110360
vt 0.965410 0.889770
vt 0.965430 0.884190
vt 0.923780 0.878830
vt 0.923760 0.886110
vt 0.425900 0.094130
vt 0.383240 0.096030
vt 0.965400 0.895810
vt 0.923740 0.893990
vt 0.426370 0.100160
vt 0.965390 0.902090
vt 0.923740 0.902170
vt 0.427130 0.105720
vt 0.965400 0.908360
vt 0.923740 0.910330
vt 0.428150 0.110580
vt 0.386160 0.117460
vt 0.965410 0.914380
vt 0.923760 0.918180
vt 0.965690 0.949500
vt 0.965810 0.944650
vt 0.924020 0.937730
vt 0.923850 0.944050
vt 0.965430 0.919920
vt 0.923780 0.925390
vt 0.965590 0.955040
vt 0.923730 0.951270
vt 0.961610 0.313060
vt 0.961590 0.306780
vt 0.919690 0.306790
vt 0.919720 0.314970
vt 0.965450 0.924760
vt 0.923810 0.931700
vt 0.965530 0.961060
vt 0.923650 0.959120
vt 0.961670 0.319090
vt 0.919800 0.322820
vt 0.961770 0.288910
vt 0.961900 0.284030
vt 0.920100 0.277150
vt 0.919930 0.283500
vt 0.965510 0.967340
vt 0.923630 0.967290
vt 0.961770 0.324640
vt 0.919930 0.330060
vt 0.961670 0.294470
vt 0.919800 0.290750
vt 0.965530 0.973610
vt 0.923650 0.975470
vt 0.961900 0.329510
vt 0.920100 0.336410
vt 0.961610 0.300510
vt 0.919720 0.298620
vt 0.965590 0.979660
vt 0.923730 0.983340
vt 0.427130 0.069980
vt 0.428150 0.065100
vt 0.386160 0.058200
vt 0.384830 0.064560
vt 0.965690 0.985230
vt 0.923850 0.990610
vt 0.426370 0.075550
vt 0.383840 0.071820
vt 0.965810 0.990130
vt 0.924020 0.996990
vt 0.965450 0.879280
vt 0.923810 0.872440
vt 0.919950 0.951800
vt 0.920070 0.944810
vt 0.916050 0.946380
vt 0.915940 0.952880
vt 0.919930 0.902160
vt 0.919930 0.910060
vt 0.382710 0.116490
vt 0.919940 0.917640
vt 0.920230 0.938700
vt 0.919970 0.924620
vt 0.915920 0.306790
vt 0.915950 0.314700
vt 0.920000 0.930730
vt 0.919880 0.959390
vt 0.916020 0.322300
vt 0.916310 0.278110
vt 0.916150 0.284260
vt 0.919850 0.967300
vt 0.916150 0.329300
vt 0.916020 0.291270
vt 0.919880 0.975210
vt 0.916310 0.335440
vt 0.915950 0.298880
vt 0.919950 0.982830
vt 0.382710 0.059160
vt 0.381430 0.065320
vt 0.920070 0.989860
vt 0.380470 0.072330
vt 0.920230 0.996030
vt 0.379880 0.079940
vt 0.920000 0.873400
vt 0.919970 0.879580
vt 0.379680 0.087850
vt 0.919940 0.886620
vt 0.379880 0.095760
vt 0.919930 0.894240
vt 0.246700 0.205770
vt 0.254060 0.206540
vt 0.254070 0.204680
vt 0.247070 0.203950
vt 0.911920 0.306790
vt 0.911940 0.314150
vt 0.915890 0.923050
vt 0.915910 0.928740
vt 0.915870 0.959950
vt 0.912010 0.321230
vt 0.912290 0.280080
vt 0.912130 0.285810
vt 0.915850 0.967310
vt 0.912130 0.327750
vt 0.912010 0.292340
vt 0.915870 0.974680
vt 0.912290 0.333460
vt 0.911940 0.299420
vt 0.915940 0.981770
vt 0.288320 0.146430
vt 0.283310 0.140260
vt 0.281110 0.142250
vt 0.285780 0.148000
vt 0.916050 0.988320
vt 0.292030 0.153460
vt 0.289230 0.154540
vt 0.916200 0.994070
vt 0.377170 0.073390
vt 0.376620 0.080480
vt 0.915910 0.875360
vt 0.915890 0.881120
vt 0.376440 0.087840
vt 0.915860 0.887670
vt 0.376620 0.095210
vt 0.915850 0.894770
vt 0.377170 0.102280
vt 0.915850 0.902130
vt 0.288090 0.191470
vt 0.291870 0.184490
vt 0.289080 0.183430
vt 0.285560 0.189930
vt 0.915850 0.909490
vt 0.283010 0.197590
vt 0.280830 0.195630
vt 0.915860 0.916560
vt 0.916200 0.940690
vt 0.228730 0.194030
vt 0.234150 0.198520
vt 0.235740 0.196310
vt 0.230720 0.192150
vt 0.275410 0.137520
vt 0.274370 0.139060
vt 0.279790 0.143550
vt 0.247080 0.131730
vt 0.239990 0.133840
vt 0.240690 0.135560
vt 0.247440 0.133550
vt 0.239620 0.203580
vt 0.240340 0.201870
vt 0.284230 0.149020
vt 0.254460 0.131050
vt 0.254450 0.132900
vt 0.233110 0.200060
vt 0.287520 0.155240
vt 0.227410 0.195330
vt 0.291350 0.161630
vt 0.289530 0.161980
vt 0.222740 0.189590
vt 0.224290 0.188570
vt 0.292030 0.169000
vt 0.290180 0.168990
vt 0.219290 0.183040
vt 0.221000 0.182340
vt 0.291270 0.176360
vt 0.289450 0.175990
vt 0.217170 0.175950
vt 0.218990 0.175600
vt 0.287370 0.182710
vt 0.216490 0.168580
vt 0.218340 0.168590
vt 0.284020 0.188900
vt 0.217250 0.161220
vt 0.219070 0.161590
vt 0.279530 0.194310
vt 0.219440 0.154150
vt 0.221150 0.154870
vt 0.275080 0.200290
vt 0.274060 0.198740
vt 0.222960 0.147650
vt 0.224500 0.148690
vt 0.268530 0.203740
vt 0.267830 0.202030
vt 0.261820 0.131810
vt 0.261450 0.133630
vt 0.227690 0.141950
vt 0.228990 0.143270
vt 0.261440 0.205850
vt 0.261080 0.204030
vt 0.268900 0.134000
vt 0.268180 0.135710
vt 0.233440 0.137290
vt 0.234460 0.138840
vt 0.358330 0.031900
vt 0.358810 0.025660
vt 0.333470 0.030010
vt 0.333150 0.034090
vt 0.285160 0.156230
vt 0.287020 0.162480
vt 0.226610 0.187090
vt 0.287620 0.168960
vt 0.223560 0.181330
vt 0.286950 0.175440
vt 0.221700 0.175080
vt 0.285020 0.181670
vt 0.221100 0.168590
vt 0.281920 0.187400
vt 0.221770 0.162110
vt 0.277760 0.192410
vt 0.223700 0.155890
vt 0.272690 0.196520
vt 0.226800 0.150160
vt 0.266930 0.199560
vt 0.254530 0.135540
vt 0.261020 0.136220
vt 0.230960 0.145150
vt 0.260680 0.201410
vt 0.267250 0.138140
vt 0.236020 0.141040
vt 0.254190 0.202010
vt 0.272980 0.141250
vt 0.241790 0.138000
vt 0.247700 0.201340
vt 0.278000 0.145410
vt 0.248040 0.136150
vt 0.241470 0.199410
vt 0.282110 0.150470
vt 0.245430 0.051180
vt 0.245420 0.044960
vt 0.216490 0.042640
vt 0.216500 0.046710
vt 0.358170 0.038380
vt 0.333050 0.038340
vt 0.245450 0.056910
vt 0.216510 0.050460
vt 0.358330 0.044870
vt 0.333150 0.042590
vt 0.245480 0.061910
vt 0.216530 0.053730
vt 0.358810 0.051100
vt 0.333470 0.046670
vt 0.326870 0.019900
vt 0.327000 0.014860
vt 0.298290 0.022960
vt 0.298200 0.026260
vt 0.359590 0.056840
vt 0.333980 0.050420
vt 0.326770 0.025650
vt 0.298130 0.030030
vt 0.280160 0.044840
vt 0.280140 0.038350
vt 0.251520 0.038420
vt 0.251530 0.042670
vt 0.360650 0.061860
vt 0.334670 0.053720
vt 0.326700 0.031890
vt 0.298090 0.034110
vt 0.280220 0.051090
vt 0.251570 0.046760
vt 0.280320 0.019920
vt 0.280450 0.014910
vt 0.251720 0.023070
vt 0.251630 0.026350
vt 0.326680 0.038370
vt 0.298080 0.038360
vt 0.280320 0.056850
vt 0.251630 0.050540
vt 0.280220 0.025650
vt 0.251570 0.030100
vt 0.326700 0.044860
vt 0.298090 0.042600
vt 0.280450 0.061910
vt 0.251720 0.053850
vt 0.280160 0.031870
vt 0.251530 0.034180
vt 0.326770 0.051090
vt 0.298130 0.046680
vt 0.245450 0.019980
vt 0.245480 0.014910
vt 0.216530 0.022960
vt 0.216510 0.026270
vt 0.326870 0.056830
vt 0.298200 0.050440
vt 0.245430 0.025740
vt 0.216500 0.030050
vt 0.327000 0.061860
vt 0.298290 0.053740
vt 0.245420 0.031990
vt 0.216490 0.034140
vt 0.359590 0.019910
vt 0.360650 0.014860
vt 0.334670 0.022940
vt 0.333980 0.026240
vt 0.245420 0.038480
vt 0.216490 0.038390
vt 0.944300 0.724070
vt 0.944300 0.621390
vt 0.940720 0.621350
vt 0.940720 0.724030
vt 0.937280 0.346020
vt 0.937280 0.448750
vt 0.940160 0.448740
vt 0.940160 0.346010
vt 0.089700 0.216270
vt 0.089700 0.318950
vt 0.093430 0.318940
vt 0.093430 0.216260
vt 0.937430 0.621290
vt 0.937430 0.723980
vt 0.943450 0.448730
vt 0.943450 0.346000
vt 0.934540 0.621220
vt 0.934540 0.723900
vt 0.947030 0.448720
vt 0.947030 0.345990
vt 0.924980 0.171580
vt 0.924980 0.270930
vt 0.927870 0.270320
vt 0.927870 0.170970
vt 0.950760 0.448720
vt 0.950760 0.345990
vt 0.931170 0.269870
vt 0.931170 0.170520
vt 0.954490 0.448720
vt 0.954490 0.345990
vt 0.934750 0.269600
vt 0.934750 0.170240
vt 0.958090 0.448730
vt 0.958090 0.345990
vt 0.938480 0.269500
vt 0.938480 0.170150
vt 0.961410 0.448740
vt 0.961410 0.346010
vt 0.942220 0.269590
vt 0.942220 0.170240
vt 0.964320 0.448750
vt 0.964320 0.346020
vt 0.945810 0.269860
vt 0.945810 0.170510
vt 0.961590 0.723910
vt 0.961590 0.621220
vt 0.958680 0.621300
vt 0.958680 0.723980
vt 0.949120 0.270310
vt 0.949120 0.170960
vt 0.955360 0.621350
vt 0.955360 0.724040
vt 0.097160 0.318950
vt 0.097160 0.216270
vt 0.952020 0.270910
vt 0.952020 0.171560
vt 0.951770 0.621390
vt 0.951770 0.724070
vt 0.100750 0.318990
vt 0.100750 0.216310
vt 0.079920 0.216440
vt 0.079920 0.319120
vt 0.082810 0.319040
vt 0.082810 0.216370
vt 0.948030 0.621400
vt 0.948030 0.724080
vt 0.104060 0.319040
vt 0.104060 0.216360
vt 0.086110 0.318990
vt 0.086110 0.216310
vt 0.106960 0.319120
vt 0.106960 0.216440
vt 0.943390 0.164000
vt 0.943390 0.061320
vt 0.939810 0.061280
vt 0.939810 0.163970
vt 0.961610 0.853580
vt 0.961610 0.750850
vt 0.958730 0.750860
vt 0.958730 0.853600
vt 0.068140 0.064770
vt 0.068140 0.167450
vt 0.071870 0.167430
vt 0.071870 0.064750
vt 0.936510 0.061230
vt 0.936510 0.163910
vt 0.955430 0.750870
vt 0.955430 0.853610
vt 0.933630 0.061150
vt 0.933630 0.163840
vt 0.951850 0.750880
vt 0.951850 0.853610
vt 0.973690 0.597290
vt 0.973690 0.497940
vt 0.970800 0.498550
vt 0.970800 0.597900
vt 0.948130 0.750880
vt 0.948130 0.853620
vt 0.967500 0.499000
vt 0.967500 0.598350
vt 0.944390 0.750880
vt 0.944390 0.853610
vt 0.963910 0.499280
vt 0.963910 0.598630
vt 0.940800 0.750870
vt 0.940800 0.853610
vt 0.960180 0.499370
vt 0.960180 0.598730
vt 0.937480 0.750860
vt 0.937480 0.853600
vt 0.956450 0.499280
vt 0.956450 0.598630
vt 0.934560 0.750850
vt 0.934560 0.853580
vt 0.952860 0.499010
vt 0.952860 0.598360
vt 0.960670 0.163840
vt 0.960670 0.061160
vt 0.957760 0.061230
vt 0.957760 0.163920
vt 0.949550 0.498560
vt 0.949550 0.597910
vt 0.954450 0.061290
vt 0.954450 0.163970
vt 0.075610 0.167450
vt 0.075610 0.064770
vt 0.946640 0.497960
vt 0.946640 0.597310
vt 0.950850 0.061320
vt 0.950850 0.164010
vt 0.079190 0.167480
vt 0.079190 0.064800
vt 0.058360 0.064940
vt 0.058360 0.167620
vt 0.061250 0.167540
vt 0.061250 0.064860
vt 0.947120 0.061330
vt 0.947120 0.164020
vt 0.082500 0.167540
vt 0.082500 0.064860
vt 0.064560 0.167480
vt 0.064560 0.064800
vt 0.085400 0.167620
vt 0.085400 0.064940
vt 0.838580 0.598730
vt 0.838580 0.542740
vt 0.804210 0.538490
vt 0.804210 0.579550
s 0
usemtl base.001
f 7554/3472/3288 7555/3473/3288 7556/3474/3288
f 7554/3472/3288 7556/3474/3288 7557/3475/3288
f 7558/3476/3288 7559/3477/3288 7560/3478/3288
f 7558/3476/3288 7560/3478/3288 7561/3479/3288
f 7555/3473/3288 7562/3480/3288 7563/3481/3288
f 7555/3473/3288 7563/3481/3288 7556/3474/3288
f 7559/3477/3288 7564/3482/3288 7565/3483/3288
f 7559/3477/3288 7565/3483/3288 7560/3478/3288
f 7562/3480/3288 7566/3484/3288 7567/3485/3288
f 7562/3480/3288 7567/3485/3288 7563/3481/3288
f 7564/3482/3288 7568/3486/3288 7569/3487/3288
f 7564/3482/3288 7569/3487/3288 7565/3483/3288
f 7566/3484/3288 7570/3488/3288 7571/3489/3288
f 7566/3484/3288 7571/3489/3288 7567/3485/3288
f 7568/3486/3288 7572/3490/3288 7573/3491/3288
f 7568/3486/3288 7573/3491/3288 7569/3487/3288
f 7570/3488/3288 7574/3492/3288 7575/3493/3288
f 7570/3488/3288 7575/3493/3288 7571/3489/3288
f 7572/3490/3288 7576/3494/3288 7577/3495/3288
f 7572/3490/3288 7577/3495/3288 7573/3491/3288
f 7574/3492/3288 7578/3496/3288 7579/3497/3288
f 7574/3492/3288 7579/3497/3288 7575/3493/3288
f 7576/3494/3288 7580/3498/3288 7581/3499/3288
f 7576/3494/3288 7581/3499/3288 7577/3495/3288
f 7578/3496/3288 7582/3500/3288 7583/3501/3288
f 7578/3496/3288 7583/3501/3288 7579/3497/3288
f 7580/3498/3288 7584/3502/3288 7585/3503/3288
f 7580/3498/3288 7585/3503/3288 7581/3499/3288
f 7586/3504/3288 7587/3505/3288 7588/3506/3288
f 7586/3504/3288 7588/3506/3288 7589/3507/3288
f 7582/3500/3288 7590/3508/3288 7591/3509/3288
f 7582/3500/3288 7591/3509/3288 7583/3501/3288
f 7584/3502/3288 7592/3510/3288 7593/3511/3288
f 7584/3502/3288 7593/3511/3288 7585/3503/3288
f 7587/3505/3288 7594/3512/3288 7595/3513/3288
f 7587/3505/3288 7595/3513/3288 7588/3506/3288
f 7590/3508/3288 7596/3514/3288 7597/3515/3288
f 7590/3508/3288 7597/3515/3288 7591/3509/3288
f 7592/3510/3288 7598/3516/3288 7599/3517/3288
f 7592/3510/3288 7599/3517/3288 7593/3511/3288
f 7594/3512/3288 7600/3518/3288 7601/3519/3288
f 7594/3512/3288 7601/3519/3288 7595/3513/3288
f 7596/3514/3288 7602/3520/3288 7603/3521/3288
f 7596/3514/3288 7603/3521/3288 7597/3515/3288
f 7598/3516/3288 7604/3522/3288 7605/3523/3288
f 7598/3516/3288 7605/3523/3288 7599/3517/3288
f 7600/3518/3288 7606/3524/3288 7607/3525/3288
f 7600/3518/3288 7607/3525/3288 7601/3519/3288
f 7602/3520/3288 7608/3526/3288 7609/3527/3288
f 7602/3520/3288 7609/3527/3288 7603/3521/3288
f 7604/3522/3288 7610/3528/3288 7611/3529/3288
f 7604/3522/3288 7611/3529/3288 7605/3523/3288
f 7606/3524/3288 7612/3530/3288 7613/3531/3288
f 7606/3524/3288 7613/3531/3288 7607/3525/3288
f 7608/3526/3288 7586/3504/3288 7589/3507/3288
f 7608/3526/3288 7589/3507/3288 7609/3527/3288
f 7610/3528/3288 7614/3532/3288 7615/3533/3288
f 7610/3528/3288 7615/3533/3288 7611/3529/3288
f 7612/3530/3288 7616/3534/3288 7617/3535/3288
f 7612/3530/3288 7617/3535/3288 7613/3531/3288
f 7614/3532/3288 7554/3472/3288 7557/3475/3288
f 7614/3532/3288 7557/3475/3288 7615/3533/3288
f 7616/3534/3288 7558/3476/3288 7561/3479/3288
f 7616/3534/3288 7561/3479/3288 7617/3535/3288
s 1
f 7618/3536/3289 7619/3537/3290 7620/3538/3291
f 7618/3536/3289 7620/3538/3291 7621/3539/3289
f 7622/3540/3292 7623/3541/3293 7624/3542/3293
f 7622/3540/3292 7624/3542/3293 7625/3543/3294
f 7626/3544/3295 7618/3536/3289 7621/3539/3289
f 7626/3544/3295 7621/3539/3289 7627/3545/3295
f 7628/3546/3296 7622/3540/3292 7625/3543/3294
f 7628/3546/3296 7625/3543/3294 7629/3547/3296
f 7630/3548/3297 7626/3544/3295 7627/3545/3295
f 7630/3548/3297 7627/3545/3295 7631/3549/3298
f 7632/3550/3299 7633/3551/3296 7634/3552/3296
f 7632/3550/3299 7634/3552/3296 7635/3553/3299
f 7636/3554/3300 7630/3548/3297 7631/3549/3298
f 7636/3554/3300 7631/3549/3298 7637/3555/3301
f 7638/3556/3302 7632/3550/3299 7635/3553/3299
f 7638/3556/3302 7635/3553/3299 7639/3557/3303
f 7640/3558/3304 7641/3559/3305 7642/3560/3305
f 7640/3558/3304 7642/3560/3305 7643/3561/3304
f 7644/3562/3306 7636/3554/3300 7637/3555/3301
f 7644/3562/3306 7637/3555/3301 7645/3563/3306
f 7646/3564/3307 7638/3556/3302 7639/3557/3303
f 7646/3564/3307 7639/3557/3303 7647/3565/3307
f 7648/3566/3308 7640/3558/3304 7643/3561/3304
f 7648/3566/3308 7643/3561/3304 7649/3567/3308
f 7650/3568/3309 7651/3569/3306 7652/3570/3310
f 7650/3568/3309 7652/3570/3310 7653/3571/3311
f 7654/3572/3312 7646/3564/3307 7647/3565/3307
f 7654/3572/3312 7647/3565/3307 7655/3573/3312
f 7656/3574/3313 7648/3566/3308 7649/3567/3308
f 7656/3574/3313 7649/3567/3308 7657/3575/3313
f 7658/3576/3314 7650/3568/3309 7653/3571/3311
f 7658/3576/3314 7653/3571/3311 7659/3577/3314
f 7660/3578/3315 7654/3572/3312 7655/3573/3312
f 7660/3578/3315 7655/3573/3312 7661/3579/3315
f 7662/3580/3316 7656/3574/3313 7657/3575/3313
f 7662/3580/3316 7657/3575/3313 7663/3581/3316
f 7664/3582/3317 7658/3576/3314 7659/3577/3314
f 7664/3582/3317 7659/3577/3314 7665/3583/3318
f 7666/3584/3319 7660/3578/3315 7661/3579/3315
f 7666/3584/3319 7661/3579/3315 7667/3585/3319
f 7668/3586/3320 7669/3587/3316 7670/3588/3316
f 7668/3586/3320 7670/3588/3316 7671/3589/3320
f 7641/3559/3305 7664/3582/3317 7665/3583/3318
f 7641/3559/3305 7665/3583/3318 7642/3560/3305
f 7672/3590/3321 7666/3584/3319 7667/3585/3319
f 7672/3590/3321 7667/3585/3319 7673/3591/3321
f 7674/3592/3322 7668/3586/3320 7671/3589/3320
f 7674/3592/3322 7671/3589/3320 7675/3593/3322
f 7676/3594/3323 7672/3590/3321 7673/3591/3321
f 7676/3594/3323 7673/3591/3321 7677/3595/3323
f 7678/3596/3324 7674/3592/3322 7675/3593/3322
f 7678/3596/3324 7675/3593/3322 7679/3597/3325
f 7680/3598/3326 7681/3599/3323 7682/3600/3323
f 7680/3598/3326 7682/3600/3323 7683/3601/3326
f 7684/3602/3327 7678/3596/3324 7679/3597/3325
f 7684/3602/3327 7679/3597/3325 7685/3603/3328
f 7686/3604/3329 7680/3598/3326 7683/3601/3326
f 7686/3604/3329 7683/3601/3326 7687/3605/3330
f 7619/3537/3290 7686/3604/3329 7687/3605/3330
f 7619/3537/3290 7687/3605/3330 7620/3538/3291
f 7623/3541/3293 7688/3606/3331 7689/3607/3332
f 7623/3541/3293 7689/3607/3332 7624/3542/3293
f 7690/3608/3333 7691/3609/3334 7692/3610/3334
f 7690/3608/3333 7692/3610/3334 7693/3611/3333
f 7694/3612/3335 7695/3613/3336 7696/3614/3337
f 7694/3612/3335 7696/3614/3337 7697/3615/3338
f 7698/3616/3339 7699/3617/3340 7700/3618/3340
f 7698/3616/3339 7700/3618/3340 7701/3619/3341
f 7702/3620/3342 7690/3608/3333 7693/3611/3333
f 7702/3620/3342 7693/3611/3333 7703/3621/3342
f 7704/3622/3343 7698/3616/3339 7701/3619/3341
f 7704/3622/3343 7701/3619/3341 7705/3623/3343
f 7706/3624/3344 7702/3620/3342 7703/3621/3342
f 7706/3624/3344 7703/3621/3342 7707/3613/3344
f 7708/3625/3345 7704/3622/3343 7705/3623/3343
f 7708/3625/3345 7705/3623/3343 7709/3626/3345
f 7710/3627/3346 7706/3624/3344 7707/3613/3344
f 7710/3627/3346 7707/3613/3344 7711/3612/3347
f 7712/3628/3348 7708/3625/3345 7709/3626/3345
f 7712/3628/3348 7709/3626/3345 7713/3629/3348
f 7714/3630/3349 7710/3627/3346 7711/3612/3347
f 7714/3630/3349 7711/3612/3347 7715/3631/3349
f 7716/3632/3350 7712/3628/3348 7713/3629/3348
f 7716/3632/3350 7713/3629/3348 7717/3633/3351
f 7718/3634/3352 7719/3635/3349 7720/3636/3349
f 7718/3634/3352 7720/3636/3349 7721/3637/3353
f 7722/3638/3354 7716/3632/3350 7717/3633/3351
f 7722/3638/3354 7717/3633/3351 7723/3639/3355
f 7724/3640/3356 7718/3634/3352 7721/3637/3353
f 7724/3640/3356 7721/3637/3353 7725/3641/3356
f 7726/3642/3357 7727/3643/3358 7728/3644/3358
f 7726/3642/3357 7728/3644/3358 7729/3645/3357
f 7730/3646/3359 7722/3638/3354 7723/3639/3355
f 7730/3646/3359 7723/3639/3355 7731/3647/3360
f 7732/3648/3361 7724/3640/3356 7725/3641/3356
f 7732/3648/3361 7725/3641/3356 7733/3649/3362
f 7734/3650/3363 7726/3642/3357 7729/3645/3357
f 7734/3650/3363 7729/3645/3357 7735/3651/3364
f 7736/3652/3365 7737/3653/3360 7738/3654/3360
f 7736/3652/3365 7738/3654/3360 7739/3655/3365
f 7740/3656/3366 7732/3648/3361 7733/3649/3362
f 7740/3656/3366 7733/3649/3362 7741/3657/3366
f 7742/3658/3367 7734/3650/3363 7735/3651/3364
f 7742/3658/3367 7735/3651/3364 7743/3659/3368
f 7744/3660/3369 7736/3652/3365 7739/3655/3365
f 7744/3660/3369 7739/3655/3365 7745/3661/3370
f 7746/3662/3371 7740/3656/3366 7741/3657/3366
f 7746/3662/3371 7741/3657/3366 7747/3663/3371
f 7748/3664/3372 7742/3658/3367 7743/3659/3368
f 7748/3664/3372 7743/3659/3368 7749/3665/3372
f 7750/3666/3373 7744/3660/3369 7745/3661/3370
f 7750/3666/3373 7745/3661/3370 7751/3667/3373
f 7752/3668/3374 7746/3662/3371 7747/3663/3371
f 7752/3668/3374 7747/3663/3371 7753/3669/3375
f 7754/3670/3376 7755/3671/3372 7756/3672/3372
f 7754/3670/3376 7756/3672/3372 7757/3673/3376
f 7727/3643/3358 7750/3666/3373 7751/3667/3373
f 7727/3643/3358 7751/3667/3373 7728/3644/3358
f 7758/3674/3377 7752/3668/3374 7753/3669/3375
f 7758/3674/3377 7753/3669/3375 7759/3675/3377
f 7760/3676/3378 7754/3670/3376 7757/3673/3376
f 7760/3676/3378 7757/3673/3376 7761/3677/3379
f 7762/3678/3380 7758/3674/3377 7759/3675/3377
f 7762/3678/3380 7759/3675/3377 7763/3679/3381
f 7691/3609/3334 7760/3676/3378 7761/3677/3379
f 7691/3609/3334 7761/3677/3379 7692/3610/3334
f 7699/3617/3340 7764/3680/3380 7765/3681/3380
f 7699/3617/3340 7765/3681/3380 7700/3618/3340
f 7766/3682/3382 7767/3683/3383 7768/3684/3384
f 7766/3682/3382 7768/3684/3384 7769/3685/3385
f 7770/3629/3386 7771/3626/3387 7772/3686/3388
f 7770/3629/3386 7772/3686/3388 7773/3687/3389
f 7774/3631/3390 7694/3612/3335 7697/3615/3338
f 7774/3631/3390 7697/3615/3338 7775/3688/3391
f 7776/3633/3392 7770/3629/3386 7773/3687/3389
f 7776/3633/3392 7773/3687/3389 7777/3689/3393
f 7778/3637/3394 7779/3636/3390 7780/3690/3391
f 7778/3637/3394 7780/3690/3391 7767/3683/3383
f 7781/3639/3395 7776/3633/3392 7777/3689/3393
f 7781/3639/3395 7777/3689/3393 7782/3691/3396
f 7783/3641/3397 7778/3637/3394 7767/3683/3383
f 7783/3641/3397 7767/3683/3383 7766/3682/3382
f 7784/3645/3398 7785/3644/3399 7786/3692/3400
f 7784/3645/3398 7786/3692/3400 7787/3693/3401
f 7788/3647/3402 7781/3639/3395 7782/3691/3396
f 7788/3647/3402 7782/3691/3396 7789/3694/3403
f 7790/3649/3404 7783/3641/3397 7766/3682/3382
f 7790/3649/3404 7766/3682/3382 7791/3695/3405
f 7792/3651/3406 7784/3645/3398 7787/3693/3401
f 7792/3651/3406 7787/3693/3401 7793/3696/3407
f 7794/3655/3408 7795/3654/3402 7796/3697/3403
f 7794/3655/3408 7796/3697/3403 7797/3698/3409
f 7798/3657/3410 7790/3649/3404 7791/3695/3405
f 7798/3657/3410 7791/3695/3405 7799/3699/3411
f 7800/3659/3412 7792/3651/3406 7793/3696/3407
f 7800/3659/3412 7793/3696/3407 7801/3700/3413
f 7802/3661/3414 7794/3655/3408 7797/3698/3409
f 7802/3661/3414 7797/3698/3409 7803/3701/3415
f 7804/3663/3416 7798/3657/3410 7799/3699/3411
f 7804/3663/3416 7799/3699/3411 7805/3702/3417
f 7806/3665/3418 7800/3659/3412 7801/3700/3413
f 7806/3665/3418 7801/3700/3413 7807/3703/3419
f 7808/3667/3420 7802/3661/3414 7803/3701/3415
f 7808/3667/3420 7803/3701/3415 7809/3704/3421
f 7810/3669/3422 7804/3663/3416 7805/3702/3417
f 7810/3669/3422 7805/3702/3417 7811/3705/3423
f 7812/3673/3424 7813/3672/3418 7814/3706/3425
f 7812/3673/3424 7814/3706/3425 7815/3707/3426
f 7785/3644/3399 7808/3667/3420 7809/3704/3421
f 7785/3644/3399 7809/3704/3421 7786/3692/3400
f 7816/3675/3427 7810/3669/3422 7811/3705/3423
f 7816/3675/3427 7811/3705/3423 7817/3708/3428
f 7818/3677/3429 7812/3673/3424 7815/3707/3426
f 7818/3677/3429 7815/3707/3426 7819/3709/3430
f 7820/3679/3431 7816/3675/3427 7817/3708/3428
f 7820/3679/3431 7817/3708/3428 7821/3710/3432
f 7822/3610/3433 7818/3677/3429 7819/3709/3430
f 7822/3610/3433 7819/3709/3430 7823/3711/3434
f 7824/3618/3435 7825/3681/3436 7826/3712/3432
f 7824/3618/3435 7826/3712/3432 7827/3713/3437
f 7828/3611/3438 7822/3610/3433 7823/3711/3434
f 7828/3611/3438 7823/3711/3434 7829/3714/3439
f 7830/3619/3440 7824/3618/3435 7827/3713/3437
f 7830/3619/3440 7827/3713/3437 7831/3715/3441
f 7832/3621/3442 7828/3611/3438 7829/3714/3439
f 7832/3621/3442 7829/3714/3439 7833/3716/3443
f 7834/3623/3444 7830/3619/3440 7831/3715/3441
f 7834/3623/3444 7831/3715/3441 7835/3717/3445
f 7695/3613/3336 7832/3621/3442 7833/3716/3443
f 7695/3613/3336 7833/3716/3443 7696/3614/3337
f 7771/3626/3387 7834/3623/3444 7835/3717/3445
f 7771/3626/3387 7835/3717/3445 7772/3686/3388
s 0
f 7836/3718/3446 7837/3719/3446 7838/3720/3446
f 7836/3718/3446 7838/3720/3446 7839/3721/3446
s 1
f 7787/3693/3401 7786/3692/3400 7840/3722/3447
f 7787/3693/3401 7840/3722/3447 7841/3723/3448
f 7789/3694/3403 7782/3691/3396 7842/3724/3449
f 7789/3694/3403 7842/3724/3449 7843/3725/3450
f 7791/3695/3405 7766/3682/3382 7769/3685/3385
f 7791/3695/3405 7769/3685/3385 7844/3726/3451
f 7793/3696/3407 7787/3693/3401 7841/3723/3448
f 7793/3696/3407 7841/3723/3448 7845/3727/3452
f 7797/3698/3409 7796/3697/3403 7846/3728/3450
f 7797/3698/3409 7846/3728/3450 7847/3729/3453
f 7799/3699/3411 7791/3695/3405 7844/3726/3451
f 7799/3699/3411 7844/3726/3451 7848/3730/3454
f 7801/3700/3413 7793/3696/3407 7845/3727/3452
f 7801/3700/3413 7845/3727/3452 7849/3731/3455
f 7803/3701/3415 7797/3698/3409 7847/3729/3453
f 7803/3701/3415 7847/3729/3453 7850/3732/3456
f 7805/3702/3417 7799/3699/3411 7848/3730/3454
f 7805/3702/3417 7848/3730/3454 7851/3733/3457
f 7807/3703/3419 7801/3700/3413 7849/3731/3455
f 7807/3703/3419 7849/3731/3455 7852/3734/3458
f 7809/3704/3421 7803/3701/3415 7850/3732/3456
f 7809/3704/3421 7850/3732/3456 7853/3735/3459
f 7811/3705/3423 7805/3702/3417 7851/3733/3457
f 7811/3705/3423 7851/3733/3457 7854/3736/3460
f 7855/3737/3426 7856/3738/3425 7857/3739/3461
f 7855/3737/3426 7857/3739/3461 7858/3740/3462
f 7786/3692/3400 7809/3704/3421 7853/3735/3459
f 7786/3692/3400 7853/3735/3459 7840/3722/3447
f 7817/3708/3428 7811/3705/3423 7854/3736/3460
f 7817/3708/3428 7854/3736/3460 7859/3741/3463
f 7860/3742/3464 7855/3737/3426 7858/3740/3462
f 7860/3742/3464 7858/3740/3462 7861/3743/3465
f 7821/3710/3432 7817/3708/3428 7859/3741/3463
f 7821/3710/3432 7859/3741/3463 7862/3744/3466
f 7823/3711/3434 7819/3709/3430 7863/3745/3467
f 7823/3711/3434 7863/3745/3467 7864/3746/3468
f 7827/3713/3437 7826/3712/3432 7865/3747/3469
f 7827/3713/3437 7865/3747/3469 7866/3748/3470
f 7829/3714/3439 7823/3711/3434 7864/3746/3468
f 7829/3714/3439 7864/3746/3468 7867/3749/3471
f 7831/3715/3441 7827/3713/3437 7866/3748/3470
f 7831/3715/3441 7866/3748/3470 7868/3750/3472
f 7833/3716/3443 7829/3714/3439 7867/3749/3471
f 7833/3716/3443 7867/3749/3471 7869/3751/3473
f 7835/3717/3445 7831/3715/3441 7868/3750/3472
f 7835/3717/3445 7868/3750/3472 7870/3752/3474
f 7696/3614/3337 7833/3716/3443 7869/3751/3473
f 7696/3614/3337 7869/3751/3473 7871/3753/3475
f 7772/3686/3388 7835/3717/3445 7870/3752/3474
f 7772/3686/3388 7870/3752/3474 7872/3754/3476
f 7873/3755/3338 7874/3756/3477 7875/3757/3475
f 7873/3755/3338 7875/3757/3475 7876/3758/3478
f 7773/3687/3389 7772/3686/3388 7872/3754/3476
f 7773/3687/3389 7872/3754/3476 7877/3759/3479
f 7878/3760/3480 7873/3755/3338 7876/3758/3478
f 7878/3760/3480 7876/3758/3478 7879/3761/3481
f 7777/3689/3393 7773/3687/3389 7877/3759/3479
f 7777/3689/3393 7877/3759/3479 7880/3762/3482
f 7767/3683/3383 7780/3690/3391 7881/3763/3483
f 7767/3683/3383 7881/3763/3483 7768/3684/3384
f 7782/3691/3396 7777/3689/3393 7880/3762/3482
f 7782/3691/3396 7880/3762/3482 7842/3724/3449
f 7882/3764/3484 7883/3765/3485 7884/3766/3485
f 7882/3764/3484 7884/3766/3485 7885/3767/3484
s 0
f 7886/3739/3446 7887/3768/3446 7888/3769/3446
f 7886/3739/3446 7888/3769/3446 7889/3770/3446
f 7890/3771/3446 7891/3772/3446 7892/3773/3446
f 7890/3771/3446 7892/3773/3446 7893/3774/3446
f 7894/3775/3446 7836/3718/3446 7839/3721/3446
f 7894/3775/3446 7839/3721/3446 7895/3776/3446
f 7896/3740/3446 7886/3739/3446 7889/3770/3446
f 7896/3740/3446 7889/3770/3446 7897/3777/3446
f 7898/3778/3446 7890/3771/3446 7893/3774/3446
f 7898/3778/3446 7893/3774/3446 7899/3779/3446
f 7900/3780/3446 7894/3775/3446 7895/3776/3446
f 7900/3780/3446 7895/3776/3446 7901/3765/3446
f 7902/3743/3446 7896/3740/3446 7897/3777/3446
f 7902/3743/3486 7897/3777/3486 7903/3781/3486
f 7904/3782/3446 7900/3780/3446 7901/3765/3446
f 7904/3782/3446 7901/3765/3446 7905/3764/3446
f 7906/3783/3446 7902/3743/3446 7903/3781/3446
f 7906/3783/3446 7903/3781/3446 7907/3784/3446
f 7908/3785/3446 7904/3782/3446 7905/3764/3446
f 7908/3785/3446 7905/3764/3446 7909/3786/3446
f 7910/3787/3446 7906/3783/3446 7907/3784/3446
f 7910/3787/3446 7907/3784/3446 7911/3788/3446
f 7912/3789/3446 7908/3785/3446 7909/3786/3446
f 7912/3789/3446 7909/3786/3446 7913/3790/3446
f 7914/3791/3446 7910/3787/3446 7911/3788/3446
f 7914/3791/3446 7911/3788/3446 7915/3792/3446
f 7916/3793/3446 7912/3789/3446 7913/3790/3446
f 7916/3793/3486 7913/3790/3486 7917/3794/3486
f 7918/3757/3446 7914/3791/3446 7915/3792/3446
f 7918/3757/3446 7915/3792/3446 7919/3795/3446
f 7920/3796/3446 7916/3793/3446 7917/3794/3446
f 7920/3796/3446 7917/3794/3446 7921/3797/3446
f 7922/3758/3446 7918/3757/3446 7919/3795/3446
f 7922/3758/3446 7919/3795/3446 7923/3798/3446
f 7924/3799/3446 7920/3796/3446 7921/3797/3446
f 7924/3799/3446 7921/3797/3446 7925/3800/3446
f 7926/3761/3446 7922/3758/3446 7923/3798/3446
f 7926/3761/3486 7923/3798/3486 7927/3801/3486
f 7928/3802/3446 7924/3799/3446 7925/3800/3446
f 7928/3802/3446 7925/3800/3446 7929/3803/3446
f 7930/3804/3446 7926/3761/3446 7927/3801/3446
f 7930/3804/3446 7927/3801/3446 7931/3805/3446
f 7932/3806/3446 7928/3802/3446 7929/3803/3446
f 7932/3806/3446 7929/3803/3446 7933/3807/3446
f 7934/3808/3446 7930/3804/3446 7931/3805/3446
f 7934/3808/3446 7931/3805/3446 7935/3809/3446
f 7936/3810/3446 7898/3778/3446 7899/3779/3446
f 7936/3810/3446 7899/3779/3446 7937/3811/3446
f 7938/3812/3446 7932/3806/3446 7933/3807/3446
f 7938/3812/3446 7933/3807/3446 7939/3813/3446
f 7940/3814/3446 7934/3808/3446 7935/3809/3446
f 7940/3814/3446 7935/3809/3446 7941/3815/3446
f 7942/3816/3446 7936/3810/3446 7937/3811/3446
f 7942/3816/3446 7937/3811/3446 7943/3817/3446
f 7944/3818/3446 7938/3812/3446 7939/3813/3446
f 7944/3818/3446 7939/3813/3446 7945/3819/3446
f 7837/3719/3446 7940/3814/3446 7941/3815/3446
f 7837/3719/3446 7941/3815/3446 7838/3720/3446
f 7887/3768/3446 7942/3816/3446 7943/3817/3446
f 7887/3768/3446 7943/3817/3446 7888/3769/3446
f 7891/3772/3446 7944/3818/3446 7945/3819/3446
f 7891/3772/3446 7945/3819/3446 7892/3773/3446
s 1
f 7946/3820/3487 7947/3821/3488 7948/3822/3488
f 7946/3820/3487 7948/3822/3488 7949/3823/3489
f 7950/3784/3490 7951/3781/3491 7952/3824/3492
f 7950/3784/3490 7952/3824/3492 7953/3825/3493
f 7954/3786/3494 7882/3764/3484 7885/3767/3484
f 7954/3786/3494 7885/3767/3484 7955/3826/3494
f 7956/3788/3495 7950/3784/3490 7953/3825/3493
f 7956/3788/3495 7953/3825/3493 7957/3827/3495
f 7958/3790/3496 7954/3786/3494 7955/3826/3494
f 7958/3790/3496 7955/3826/3494 7959/3828/3497
f 7960/3792/3498 7956/3788/3495 7957/3827/3495
f 7960/3792/3498 7957/3827/3495 7961/3829/3498
f 7962/3794/3499 7958/3790/3496 7959/3828/3497
f 7962/3794/3499 7959/3828/3497 7963/3830/3499
f 7964/3795/3500 7960/3792/3498 7961/3829/3498
f 7964/3795/3500 7961/3829/3498 7965/3831/3500
f 7966/3797/3501 7962/3794/3499 7963/3830/3499
f 7966/3797/3501 7963/3830/3499 7967/3832/3501
f 7968/3798/3502 7964/3795/3500 7965/3831/3500
f 7968/3798/3502 7965/3831/3500 7969/3833/3502
f 7970/3800/3503 7966/3797/3501 7967/3832/3501
f 7970/3800/3503 7967/3832/3501 7971/3834/3503
f 7972/3801/3504 7968/3798/3502 7969/3833/3502
f 7972/3801/3504 7969/3833/3502 7973/3835/3504
f 7974/3803/3505 7970/3800/3503 7971/3834/3503
f 7974/3803/3505 7971/3834/3503 7975/3836/3505
f 7976/3805/3506 7972/3801/3504 7973/3835/3504
f 7976/3805/3506 7973/3835/3504 7977/3837/3506
f 7978/3807/3507 7974/3803/3505 7975/3836/3505
f 7978/3807/3507 7975/3836/3505 7979/3838/3508
f 7980/3809/3509 7976/3805/3506 7977/3837/3506
f 7980/3809/3509 7977/3837/3506 7981/3839/3509
f 7982/3811/3510 7983/3779/3511 7984/3840/3512
f 7982/3811/3510 7984/3840/3512 7985/3841/3510
f 7986/3813/3513 7978/3807/3507 7979/3838/3508
f 7986/3813/3513 7979/3838/3508 7987/3842/3513
f 7988/3815/3514 7980/3809/3509 7981/3839/3509
f 7988/3815/3514 7981/3839/3509 7989/3843/3514
f 7990/3817/3515 7982/3811/3510 7985/3841/3510
f 7990/3817/3515 7985/3841/3510 7991/3844/3516
f 7992/3819/3517 7986/3813/3513 7987/3842/3513
f 7992/3819/3517 7987/3842/3513 7993/3845/3518
f 7994/3720/3519 7988/3815/3514 7989/3843/3514
f 7994/3720/3519 7989/3843/3514 7995/3846/3519
f 7996/3769/3520 7990/3817/3515 7991/3844/3516
f 7996/3769/3520 7991/3844/3516 7997/3847/3520
f 7998/3773/3521 7992/3819/3517 7993/3845/3518
f 7998/3773/3521 7993/3845/3518 7999/3848/3521
f 8000/3721/3522 7994/3720/3519 7995/3846/3519
f 8000/3721/3522 7995/3846/3519 8001/3849/3522
f 8002/3770/3523 7996/3769/3520 7997/3847/3520
f 8002/3770/3523 7997/3847/3520 8003/3850/3523
f 8004/3774/3524 7998/3773/3521 7999/3848/3521
f 8004/3774/3524 7999/3848/3521 8005/3851/3524
f 8006/3776/3525 8000/3721/3522 8001/3849/3522
f 8006/3776/3525 8001/3849/3522 8007/3852/3525
f 8008/3777/3526 8002/3770/3523 8003/3850/3523
f 8008/3777/3526 8003/3850/3523 8009/3853/3526
f 7983/3779/3511 8004/3774/3524 8005/3851/3524
f 7983/3779/3511 8005/3851/3524 7984/3840/3512
f 7883/3765/3485 8006/3776/3525 8007/3852/3525
f 7883/3765/3485 8007/3852/3525 7884/3766/3485
f 7951/3781/3491 8008/3777/3526 8009/3853/3526
f 7951/3781/3491 8009/3853/3526 7952/3824/3492
f 8010/3854/3527 8011/3855/3528 8012/3856/3528
f 8010/3854/3527 8012/3856/3528 8013/3857/3529
f 8014/3858/3530 7946/3820/3487 7949/3823/3489
f 8014/3858/3530 7949/3823/3489 8015/3859/3531
f 8016/3860/3532 8010/3854/3527 8013/3857/3529
f 8016/3860/3532 8013/3857/3529 8017/3861/3532
f 8018/3862/3533 8014/3858/3530 8015/3859/3531
f 8018/3862/3533 8015/3859/3531 8019/3863/3533
f 8020/3864/3534 8016/3860/3532 8017/3861/3532
f 8020/3864/3534 8017/3861/3532 8021/3865/3534
f 8022/3866/3535 8018/3862/3533 8019/3863/3533
f 8022/3866/3535 8019/3863/3533 8023/3867/3536
f 8024/3868/3537 8025/3869/3538 8026/3870/3539
f 8024/3868/3537 8026/3870/3539 8027/3871/3537
f 8028/3872/3540 8022/3866/3535 8023/3867/3536
f 8028/3872/3540 8023/3867/3536 8029/3873/3541
f 8030/3874/3542 8024/3868/3537 8027/3871/3537
f 8030/3874/3542 8027/3871/3537 8031/3875/3542
f 8032/3876/3543 8033/3877/3544 8034/3878/3544
f 8032/3876/3543 8034/3878/3544 8035/3879/3543
f 8036/3880/3545 8028/3872/3540 8029/3873/3541
f 8036/3880/3545 8029/3873/3541 8037/3881/3545
f 8038/3882/3546 8030/3874/3542 8031/3875/3542
f 8038/3882/3546 8031/3875/3542 8039/3883/3546
f 8040/3884/3547 8032/3876/3543 8035/3879/3543
f 8040/3884/3547 8035/3879/3543 8041/3885/3548
f 8042/3886/3549 8043/3887/3545 8044/3888/3550
f 8042/3886/3549 8044/3888/3550 8045/3889/3551
f 8046/3890/3552 8038/3882/3546 8039/3883/3546
f 8046/3890/3552 8039/3883/3546 8047/3891/3553
f 8048/3892/3554 8040/3884/3547 8041/3885/3548
f 8048/3892/3554 8041/3885/3548 8049/3893/3555
f 8050/3894/3556 8042/3886/3549 8045/3889/3551
f 8050/3894/3556 8045/3889/3551 8051/3895/3556
f 8052/3896/3557 8046/3890/3552 8047/3891/3553
f 8052/3896/3557 8047/3891/3553 8053/3897/3558
f 8054/3898/3559 8048/3892/3554 8049/3893/3555
f 8054/3898/3559 8049/3893/3555 8055/3899/3559
f 8056/3900/3560 8050/3894/3556 8051/3895/3556
f 8056/3900/3560 8051/3895/3556 8057/3901/3560
f 8058/3902/3561 8052/3896/3557 8053/3897/3558
f 8058/3902/3561 8053/3897/3558 8059/3903/3562
f 8060/3904/3563 8061/3905/3564 8062/3906/3564
f 8060/3904/3563 8062/3906/3564 8063/3907/3563
f 8033/3877/3544 8056/3900/3560 8057/3901/3560
f 8033/3877/3544 8057/3901/3560 8034/3878/3544
f 8064/3908/3565 8058/3902/3561 8059/3903/3562
f 8064/3908/3565 8059/3903/3562 8065/3909/3565
f 8066/3910/3566 8060/3904/3563 8063/3907/3563
f 8066/3910/3566 8063/3907/3563 8067/3911/3567
f 8068/3912/3568 8064/3908/3565 8065/3909/3565
f 8068/3912/3568 8065/3909/3565 8069/3913/3568
f 8070/3914/3569 8066/3910/3566 8067/3911/3567
f 8070/3914/3569 8067/3911/3567 8071/3915/3569
f 8072/3916/3570 8073/3917/3568 8074/3918/3568
f 8072/3916/3570 8074/3918/3568 8075/3919/3571
f 8076/3920/3572 8070/3914/3569 8071/3915/3569
f 8076/3920/3572 8071/3915/3569 8077/3921/3572
f 7947/3821/3488 8072/3916/3570 8075/3919/3571
f 7947/3821/3488 8075/3919/3571 7948/3822/3488
f 8011/3855/3528 8076/3920/3572 8077/3921/3572
f 8011/3855/3528 8077/3921/3572 8012/3856/3528
f 8078/3922/3573 8079/3923/3573 8080/3924/3574
f 8078/3922/3573 8080/3924/3574 8081/3925/3574
f 8082/3926/3575 8083/3927/3576 8084/3928/3577
f 8082/3926/3575 8084/3928/3577 8085/3929/3577
f 8086/3930/3578 8087/3931/3578 8088/3932/3579
f 8086/3930/3578 8088/3932/3579 8089/3933/3579
f 8081/3925/3574 8080/3924/3574 8090/3934/3580
f 8081/3925/3574 8090/3934/3580 8091/3935/3580
f 8085/3929/3577 8084/3928/3577 8092/3936/3581
f 8085/3929/3577 8092/3936/3581 8093/3937/3582
f 8091/3935/3580 8090/3934/3580 8094/3938/3583
f 8091/3935/3580 8094/3938/3583 8095/3939/3583
f 8093/3937/3582 8092/3936/3581 8096/3940/3584
f 8093/3937/3582 8096/3940/3584 8097/3941/3585
f 8098/3942/3583 8099/3943/3586 8100/3944/3587
f 8098/3942/3583 8100/3944/3587 8101/3945/3587
f 8097/3941/3585 8096/3940/3584 8102/3946/3588
f 8097/3941/3585 8102/3946/3588 8103/3947/3588
f 8101/3945/3587 8100/3944/3587 8104/3948/3589
f 8101/3945/3587 8104/3948/3589 8105/3949/3589
f 8103/3947/3588 8102/3946/3588 8106/3950/3590
f 8103/3947/3588 8106/3950/3590 8107/3951/3591
f 8105/3949/3589 8104/3948/3589 8108/3952/3592
f 8105/3949/3589 8108/3952/3592 8109/3953/3592
f 8107/3951/3591 8106/3950/3590 8110/3954/3593
f 8107/3951/3591 8110/3954/3593 8111/3955/3594
f 8109/3953/3592 8108/3952/3592 8112/3956/3595
f 8109/3953/3592 8112/3956/3595 8113/3957/3595
f 8111/3955/3594 8110/3954/3593 8114/3958/3596
f 8111/3955/3594 8114/3958/3596 8115/3959/3596
f 8113/3957/3595 8112/3956/3595 8116/3960/3597
f 8113/3957/3595 8116/3960/3597 8117/3961/3597
f 8115/3959/3596 8114/3958/3596 8118/3962/3598
f 8115/3959/3596 8118/3962/3598 8119/3963/3598
f 8117/3961/3597 8116/3960/3597 8120/3964/3599
f 8117/3961/3597 8120/3964/3599 8121/3965/3599
f 8122/3966/3598 8123/3967/3598 8124/3968/3600
f 8122/3966/3598 8124/3968/3600 8125/3969/3600
f 8121/3965/3599 8120/3964/3599 8126/3970/3601
f 8121/3965/3599 8126/3970/3601 8127/3971/3601
f 8125/3969/3600 8124/3968/3600 8128/3972/3602
f 8125/3969/3600 8128/3972/3602 8129/3973/3602
f 8089/3933/3579 8088/3932/3579 8130/3974/3603
f 8089/3933/3579 8130/3974/3603 8131/3975/3603
f 8127/3971/3601 8126/3970/3601 8132/3976/3604
f 8127/3971/3601 8132/3976/3604 8133/3977/3604
f 8129/3973/3602 8128/3972/3602 8134/3978/3605
f 8129/3973/3602 8134/3978/3605 8135/3979/3605
f 8131/3975/3603 8130/3974/3603 8136/3980/3606
f 8131/3975/3603 8136/3980/3606 8137/3981/3606
f 8138/3982/3604 8139/3983/3604 8140/3984/3607
f 8138/3982/3604 8140/3984/3607 8141/3985/3607
f 8135/3979/3605 8134/3978/3605 8142/3986/3608
f 8135/3979/3605 8142/3986/3608 8143/3987/3608
f 8137/3981/3606 8136/3980/3606 8144/3988/3609
f 8137/3981/3606 8144/3988/3609 8145/3989/3609
f 8141/3985/3607 8140/3984/3607 8146/3990/3610
f 8141/3985/3607 8146/3990/3610 8147/3991/3610
f 8143/3987/3608 8142/3986/3608 8079/3923/3573
f 8143/3987/3608 8079/3923/3573 8078/3922/3573
f 8145/3989/3609 8144/3988/3609 8148/3992/3576
f 8145/3989/3609 8148/3992/3576 8149/3993/3576
f 8147/3991/3610 8146/3990/3610 8087/3931/3578
f 8147/3991/3610 8087/3931/3578 8086/3930/3578
f 8150/3994/3573 8151/3995/3573 8152/3996/3574
f 8150/3994/3573 8152/3996/3574 8153/3997/3574
f 8154/3998/3575 8155/3999/3576 8156/4000/3577
f 8154/3998/3575 8156/4000/3577 8157/4001/3577
f 8158/4002/3578 8159/4003/3578 8160/4004/3579
f 8158/4002/3578 8160/4004/3579 8161/4005/3579
f 8153/3997/3574 8152/3996/3574 8162/4006/3580
f 8153/3997/3574 8162/4006/3580 8163/4007/3580
f 8157/4001/3577 8156/4000/3577 8164/4008/3581
f 8157/4001/3577 8164/4008/3581 8165/4009/3582
f 8163/4007/3580 8162/4006/3580 8166/4010/3583
f 8163/4007/3580 8166/4010/3583 8167/4011/3583
f 8165/4009/3582 8164/4008/3581 8168/4012/3584
f 8165/4009/3582 8168/4012/3584 8169/4013/3585
f 8170/4014/3583 8171/4015/3586 8172/4016/3587
f 8170/4014/3583 8172/4016/3587 8173/4017/3587
f 8169/4013/3585 8168/4012/3584 8174/4018/3588
f 8169/4013/3585 8174/4018/3588 8175/4019/3588
f 8173/4017/3587 8172/4016/3587 8176/4020/3589
f 8173/4017/3587 8176/4020/3589 8177/4021/3589
f 8175/4019/3588 8174/4018/3588 8178/4022/3590
f 8175/4019/3588 8178/4022/3590 8179/4023/3591
f 8177/4021/3589 8176/4020/3589 8180/4024/3592
f 8177/4021/3589 8180/4024/3592 8181/4025/3592
f 8179/4023/3591 8178/4022/3590 8182/4026/3593
f 8179/4023/3591 8182/4026/3593 8183/4027/3594
f 8181/4025/3592 8180/4024/3592 8184/4028/3595
f 8181/4025/3592 8184/4028/3595 8185/4029/3595
f 8183/4027/3594 8182/4026/3593 8186/4030/3596
f 8183/4027/3594 8186/4030/3596 8187/4031/3596
f 8185/4029/3595 8184/4028/3595 8188/4032/3611
f 8185/4029/3595 8188/4032/3611 8189/4033/3611
f 8187/4031/3596 8186/4030/3596 8190/4034/3598
f 8187/4031/3596 8190/4034/3598 8191/4035/3598
f 8189/4033/3611 8188/4032/3611 8192/4036/3612
f 8189/4033/3611 8192/4036/3612 8193/4037/3612
f 8194/4038/3598 8195/4039/3598 8196/4040/3600
f 8194/4038/3598 8196/4040/3600 8197/4041/3600
f 8193/4037/3612 8192/4036/3612 8198/4042/3613
f 8193/4037/3612 8198/4042/3613 8199/4043/3613
f 8197/4041/3600 8196/4040/3600 8200/4044/3602
f 8197/4041/3600 8200/4044/3602 8201/4045/3602
f 8161/4005/3579 8160/4004/3579 8202/4046/3603
f 8161/4005/3579 8202/4046/3603 8203/4047/3603
f 8199/4043/3613 8198/4042/3613 8204/4048/3604
f 8199/4043/3613 8204/4048/3604 8205/4049/3604
f 8201/4045/3602 8200/4044/3602 8206/4050/3605
f 8201/4045/3602 8206/4050/3605 8207/4051/3605
f 8203/4047/3603 8202/4046/3603 8208/4052/3606
f 8203/4047/3603 8208/4052/3606 8209/4053/3606
f 8210/4054/3604 8211/4055/3604 8212/4056/3607
f 8210/4054/3604 8212/4056/3607 8213/4057/3607
f 8207/4051/3605 8206/4050/3605 8214/4058/3608
f 8207/4051/3605 8214/4058/3608 8215/4059/3608
f 8209/4053/3606 8208/4052/3606 8216/4060/3609
f 8209/4053/3606 8216/4060/3609 8217/4061/3609
f 8213/4057/3607 8212/4056/3607 8218/4062/3610
f 8213/4057/3607 8218/4062/3610 8219/4063/3610
f 8215/4059/3608 8214/4058/3608 8151/3995/3573
f 8215/4059/3608 8151/3995/3573 8150/3994/3573
f 8217/4061/3609 8216/4060/3609 8220/4064/3576
f 8217/4061/3609 8220/4064/3576 8221/4065/3576
f 8219/4063/3610 8218/4062/3610 8159/4003/3578
f 8219/4063/3610 8159/4003/3578 8158/4002/3578
s 0
f 8222/4066/3288 8223/4067/3288 8224/4068/3288
f 8222/4066/3288 8224/4068/3288 8225/4069/3288
f 8226/3472/3288 8227/3475/3288 8228/3474/3288
f 8226/3472/3288 8228/3474/3288 8229/3473/3288
f 8230/3476/3288 8231/3479/3288 8232/3478/3288
f 8230/3476/3288 8232/3478/3288 8233/3477/3288
f 8229/3473/3288 8228/3474/3288 8234/3481/3288
f 8229/3473/3288 8234/3481/3288 8235/3480/3288
f 8233/3477/3288 8232/3478/3288 8236/3483/3288
f 8233/3477/3288 8236/3483/3288 8237/3482/3288
f 8235/3480/3288 8234/3481/3288 8238/3485/3288
f 8235/3480/3288 8238/3485/3288 8239/3484/3288
f 8237/3482/3288 8236/3483/3288 8240/3487/3288
f 8237/3482/3288 8240/3487/3288 8241/3486/3288
f 8239/3484/3288 8238/3485/3288 8242/3489/3288
f 8239/3484/3288 8242/3489/3288 8243/3488/3288
f 8241/3486/3288 8240/3487/3288 8244/3491/3288
f 8241/3486/3288 8244/3491/3288 8245/3490/3288
f 8243/3488/3288 8242/3489/3288 8246/3493/3288
f 8243/3488/3288 8246/3493/3288 8247/3492/3288
f 8245/3490/3288 8244/3491/3288 8248/3495/3288
f 8245/3490/3288 8248/3495/3288 8249/3494/3288
f 8247/3492/3288 8246/3493/3288 8250/3497/3288
f 8247/3492/3288 8250/3497/3288 8251/3496/3288
f 8249/3494/3288 8248/3495/3288 8252/3499/3288
f 8249/3494/3288 8252/3499/3288 8253/3498/3288
f 8251/3496/3288 8250/3497/3288 8254/3501/3288
f 8251/3496/3288 8254/3501/3288 8255/3500/3288
f 8253/3498/3288 8252/3499/3288 8256/3503/3288
f 8253/3498/3288 8256/3503/3288 8257/3502/3288
f 8258/3504/3288 8259/3507/3288 8260/3506/3288
f 8258/3504/3288 8260/3506/3288 8261/3505/3288
f 8255/3500/3288 8254/3501/3288 8262/3509/3288
f 8255/3500/3288 8262/3509/3288 8263/3508/3288
f 8257/3502/3288 8256/3503/3288 8264/3511/3288
f 8257/3502/3288 8264/3511/3288 8265/3510/3288
f 8261/3505/3288 8260/3506/3288 8266/3513/3288
f 8261/3505/3288 8266/3513/3288 8267/3512/3288
f 8263/3508/3288 8262/3509/3288 8268/3515/3288
f 8263/3508/3288 8268/3515/3288 8269/3514/3288
f 8265/3510/3288 8264/3511/3288 8270/3517/3288
f 8265/3510/3288 8270/3517/3288 8271/3516/3288
f 8267/3512/3288 8266/3513/3288 8272/3519/3288
f 8267/3512/3288 8272/3519/3288 8273/3518/3288
f 8269/3514/3288 8268/3515/3288 8274/3521/3288
f 8269/3514/3288 8274/3521/3288 8275/3520/3288
f 8271/3516/3288 8270/3517/3288 8276/3523/3288
f 8271/3516/3288 8276/3523/3288 8277/3522/3288
f 8273/3518/3288 8272/3519/3288 8278/3525/3288
f 8273/3518/3288 8278/3525/3288 8279/3524/3288
f 8275/3520/3288 8274/3521/3288 8280/3527/3288
f 8275/3520/3288 8280/3527/3288 8281/3526/3288
f 8277/3522/3288 8276/3523/3288 8282/3529/3288
f 8277/3522/3288 8282/3529/3288 8283/3528/3288
f 8279/3524/3288 8278/3525/3288 8284/3531/3288
f 8279/3524/3288 8284/3531/3288 8285/3530/3288
f 8281/3526/3288 8280/3527/3288 8259/3507/3288
f 8281/3526/3288 8259/3507/3288 8258/3504/3288
f 8283/3528/3288 8282/3529/3288 8286/3533/3288
f 8283/3528/3288 8286/3533/3288 8287/3532/3288
f 8285/3530/3288 8284/3531/3288 8288/3535/3288
f 8285/3530/3288 8288/3535/3288 8289/3534/3288
f 8287/3532/3288 8286/3533/3288 8227/3475/3288
f 8287/3532/3288 8227/3475/3288 8226/3472/3288
f 8289/3534/3288 8288/3535/3288 8231/3479/3288
f 8289/3534/3288 8231/3479/3288 8230/3476/3288
s 1
f 8290/3536/3614 8291/3539/3614 8292/3538/3615
f 8290/3536/3614 8292/3538/3615 8293/3537/3615
f 8294/3540/3616 8295/3543/3616 8296/3542/3329
f 8294/3540/3616 8296/3542/3329 8297/3541/3329
f 8298/3544/3617 8299/3545/3618 8291/3539/3614
f 8298/3544/3617 8291/3539/3614 8290/3536/3614
f 8300/3546/3323 8301/3547/3323 8295/3543/3616
f 8300/3546/3323 8295/3543/3616 8294/3540/3616
f 8302/3548/3322 8303/3549/3619 8299/3545/3618
f 8302/3548/3322 8299/3545/3618 8298/3544/3617
f 8304/3550/3321 8305/3553/3321 8306/3552/3323
f 8304/3550/3321 8306/3552/3323 8307/3551/3323
f 8308/3554/3620 8309/3555/3621 8303/3549/3619
f 8308/3554/3620 8303/3549/3619 8302/3548/3322
f 8310/3556/3319 8311/3557/3319 8305/3553/3321
f 8310/3556/3319 8305/3553/3321 8304/3550/3321
f 8312/3558/3317 8313/3561/3318 8314/3560/3305
f 8312/3558/3317 8314/3560/3305 8315/3559/3305
f 8316/3562/3316 8317/3563/3622 8309/3555/3621
f 8316/3562/3316 8309/3555/3621 8308/3554/3620
f 8318/3564/3315 8319/3565/3315 8311/3557/3319
f 8318/3564/3315 8311/3557/3319 8310/3556/3319
f 8320/3566/3314 8321/3567/3314 8313/3561/3318
f 8320/3566/3314 8313/3561/3318 8312/3558/3317
f 8322/3568/3313 8323/3571/3623 8324/3570/3624
f 8322/3568/3313 8324/3570/3624 8325/3569/3316
f 8326/3572/3625 8327/3573/3625 8319/3565/3315
f 8326/3572/3625 8319/3565/3315 8318/3564/3315
f 8328/3574/3309 8329/3575/3309 8321/3567/3314
f 8328/3574/3309 8321/3567/3314 8320/3566/3314
f 8330/3576/3626 8331/3577/3308 8323/3571/3623
f 8330/3576/3626 8323/3571/3623 8322/3568/3313
f 8332/3578/3307 8333/3579/3307 8327/3573/3625
f 8332/3578/3307 8327/3573/3625 8326/3572/3625
f 8334/3580/3310 8335/3581/3310 8329/3575/3309
f 8334/3580/3310 8329/3575/3309 8328/3574/3309
f 8336/3582/3304 8337/3583/3304 8331/3577/3308
f 8336/3582/3304 8331/3577/3308 8330/3576/3626
f 8338/3584/3302 8339/3585/3302 8333/3579/3307
f 8338/3584/3302 8333/3579/3307 8332/3578/3307
f 8340/3586/3301 8341/3589/3301 8342/3588/3306
f 8340/3586/3301 8342/3588/3306 8343/3587/3306
f 8315/3559/3305 8314/3560/3305 8337/3583/3304
f 8315/3559/3305 8337/3583/3304 8336/3582/3304
f 8344/3590/3299 8345/3591/3299 8339/3585/3302
f 8344/3590/3299 8339/3585/3302 8338/3584/3302
f 8346/3592/3298 8347/3593/3298 8341/3589/3301
f 8346/3592/3298 8341/3589/3301 8340/3586/3301
f 8348/3594/3296 8349/3595/3296 8345/3591/3299
f 8348/3594/3296 8345/3591/3299 8344/3590/3299
f 8350/3596/3627 8351/3597/3628 8347/3593/3298
f 8350/3596/3627 8347/3593/3298 8346/3592/3298
f 8352/3598/3629 8353/3601/3629 8354/3600/3296
f 8352/3598/3629 8354/3600/3296 8355/3599/3296
f 8356/3602/3630 8357/3603/3631 8351/3597/3628
f 8356/3602/3630 8351/3597/3628 8350/3596/3627
f 8358/3604/3293 8359/3605/3632 8353/3601/3629
f 8358/3604/3293 8353/3601/3629 8352/3598/3629
f 8293/3537/3615 8292/3538/3615 8359/3605/3632
f 8293/3537/3615 8359/3605/3632 8358/3604/3293
f 8297/3541/3329 8296/3542/3329 8360/3607/3633
f 8297/3541/3329 8360/3607/3633 8361/3606/3634
f 8362/3608/3345 8363/3611/3345 8364/3610/3348
f 8362/3608/3345 8364/3610/3348 8365/3609/3348
f 8366/3612/3635 8367/3615/3636 8368/3614/3637
f 8366/3612/3635 8368/3614/3637 8369/3613/3638
f 8370/3616/3344 8371/3619/3344 8372/3618/3347
f 8370/3616/3344 8372/3618/3347 8373/3617/3347
f 8374/3620/3639 8375/3621/3343 8363/3611/3345
f 8374/3620/3639 8363/3611/3345 8362/3608/3345
f 8376/3622/3342 8377/3623/3342 8371/3619/3344
f 8376/3622/3342 8371/3619/3344 8370/3616/3344
f 8378/3624/3640 8379/3613/3339 8375/3621/3343
f 8378/3624/3640 8375/3621/3343 8374/3620/3639
f 8380/3625/3333 8381/3626/3333 8377/3623/3342
f 8380/3625/3333 8377/3623/3342 8376/3622/3342
f 8382/3627/3340 8383/3612/3340 8379/3613/3339
f 8382/3627/3340 8379/3613/3339 8378/3624/3640
f 8384/3628/3334 8385/3629/3641 8381/3626/3333
f 8384/3628/3334 8381/3626/3333 8380/3625/3333
f 8386/3630/3380 8387/3631/3380 8383/3612/3340
f 8386/3630/3380 8383/3612/3340 8382/3627/3340
f 8388/3632/3378 8389/3633/3378 8385/3629/3641
f 8388/3632/3378 8385/3629/3641 8384/3628/3334
f 8390/3634/3377 8391/3637/3377 8392/3636/3380
f 8390/3634/3377 8392/3636/3380 8393/3635/3380
f 8394/3638/3376 8395/3639/3642 8389/3633/3378
f 8394/3638/3376 8389/3633/3378 8388/3632/3378
f 8396/3640/3375 8397/3641/3375 8391/3637/3377
f 8396/3640/3375 8391/3637/3377 8390/3634/3377
f 8398/3642/3373 8399/3645/3373 8400/3644/3358
f 8398/3642/3373 8400/3644/3358 8401/3643/3358
f 8402/3646/3372 8403/3647/3372 8395/3639/3642
f 8402/3646/3372 8395/3639/3642 8394/3638/3376
f 8404/3648/3371 8405/3649/3371 8397/3641/3375
f 8404/3648/3371 8397/3641/3375 8396/3640/3375
f 8406/3650/3370 8407/3651/3370 8399/3645/3373
f 8406/3650/3370 8399/3645/3373 8398/3642/3373
f 8408/3652/3368 8409/3655/3368 8410/3654/3372
f 8408/3652/3368 8410/3654/3372 8411/3653/3372
f 8412/3656/3366 8413/3657/3366 8405/3649/3371
f 8412/3656/3366 8405/3649/3371 8404/3648/3371
f 8414/3658/3643 8415/3659/3365 8407/3651/3370
f 8414/3658/3643 8407/3651/3370 8406/3650/3370
f 8416/3660/3363 8417/3661/3644 8409/3655/3368
f 8416/3660/3363 8409/3655/3368 8408/3652/3368
f 8418/3662/3361 8419/3663/3361 8413/3657/3366
f 8418/3662/3361 8413/3657/3366 8412/3656/3366
f 8420/3664/3645 8421/3665/3360 8415/3659/3365
f 8420/3664/3645 8415/3659/3365 8414/3658/3643
f 8422/3666/3357 8423/3667/3357 8417/3661/3644
f 8422/3666/3357 8417/3661/3644 8416/3660/3363
f 8424/3668/3356 8425/3669/3356 8419/3663/3361
f 8424/3668/3356 8419/3663/3361 8418/3662/3361
f 8426/3670/3354 8427/3673/3354 8428/3672/3360
f 8426/3670/3354 8428/3672/3360 8429/3671/3360
f 8401/3643/3358 8400/3644/3358 8423/3667/3357
f 8401/3643/3358 8423/3667/3357 8422/3666/3357
f 8430/3674/3353 8431/3675/3646 8425/3669/3356
f 8430/3674/3353 8425/3669/3356 8424/3668/3356
f 8432/3676/3350 8433/3677/3350 8427/3673/3354
f 8432/3676/3350 8427/3673/3354 8426/3670/3354
f 8434/3678/3349 8435/3679/3349 8431/3675/3646
f 8434/3678/3349 8431/3675/3646 8430/3674/3353
f 8365/3609/3348 8364/3610/3348 8433/3677/3350
f 8365/3609/3348 8433/3677/3350 8432/3676/3350
f 8373/3617/3347 8372/3618/3347 8436/3681/3349
f 8373/3617/3347 8436/3681/3349 8437/3680/3349
f 8438/3682/3647 8439/3685/3648 8440/3684/3649
f 8438/3682/3647 8440/3684/3649 8441/3683/3650
f 8442/3629/3651 8443/3687/3652 8444/3686/3653
f 8442/3629/3651 8444/3686/3653 8445/3626/3654
f 8446/3631/3436 8447/3688/3655 8367/3615/3636
f 8446/3631/3436 8367/3615/3636 8366/3612/3635
f 8448/3633/3656 8449/3689/3430 8443/3687/3652
f 8448/3633/3656 8443/3687/3652 8442/3629/3651
f 8450/3637/3657 8441/3683/3650 8451/3690/3655
f 8450/3637/3657 8451/3690/3655 8452/3636/3431
f 8453/3639/3658 8454/3691/3426 8449/3689/3430
f 8453/3639/3658 8449/3689/3430 8448/3633/3656
f 8455/3641/3659 8438/3682/3647 8441/3683/3650
f 8455/3641/3659 8441/3683/3650 8450/3637/3657
f 8456/3645/3420 8457/3693/3421 8458/3692/3400
f 8456/3645/3420 8458/3692/3400 8459/3644/3660
f 8460/3647/3661 8461/3694/3419 8454/3691/3426
f 8460/3647/3661 8454/3691/3426 8453/3639/3658
f 8462/3649/3416 8463/3695/3417 8438/3682/3647
f 8462/3649/3416 8438/3682/3647 8455/3641/3659
f 8464/3651/3414 8465/3696/3662 8457/3693/3421
f 8464/3651/3414 8457/3693/3421 8456/3645/3420
f 8466/3655/3663 8467/3698/3413 8468/3697/3419
f 8466/3655/3663 8468/3697/3419 8469/3654/3418
f 8470/3657/3410 8471/3699/3664 8463/3695/3417
f 8470/3657/3410 8463/3695/3417 8462/3649/3416
f 8472/3659/3665 8473/3700/3409 8465/3696/3662
f 8472/3659/3665 8465/3696/3662 8464/3651/3414
f 8474/3661/3666 8475/3701/3407 8467/3698/3413
f 8474/3661/3666 8467/3698/3413 8466/3655/3663
f 8476/3663/3404 8477/3702/3405 8471/3699/3664
f 8476/3663/3404 8471/3699/3664 8470/3657/3410
f 8478/3665/3667 8479/3703/3403 8473/3700/3409
f 8478/3665/3667 8473/3700/3409 8472/3659/3665
f 8480/3667/3398 8481/3704/3668 8475/3701/3407
f 8480/3667/3398 8475/3701/3407 8474/3661/3666
f 8482/3669/3669 8483/3705/3382 8477/3702/3405
f 8482/3669/3669 8477/3702/3405 8476/3663/3404
f 8484/3673/3670 8485/3707/3396 8486/3706/3403
f 8484/3673/3670 8486/3706/3403 8487/3672/3402
f 8459/3644/3660 8458/3692/3400 8481/3704/3668
f 8459/3644/3660 8481/3704/3668 8480/3667/3398
f 8488/3675/3671 8489/3708/3383 8483/3705/3382
f 8488/3675/3671 8483/3705/3382 8482/3669/3669
f 8490/3677/3392 8491/3709/3672 8485/3707/3396
f 8490/3677/3392 8485/3707/3396 8484/3673/3670
f 8492/3679/3390 8493/3710/3391 8489/3708/3383
f 8492/3679/3390 8489/3708/3383 8488/3675/3671
f 8494/3610/3673 8495/3711/3674 8491/3709/3672
f 8494/3610/3673 8491/3709/3672 8490/3677/3392
f 8496/3618/3675 8497/3713/3676 8498/3712/3391
f 8496/3618/3675 8498/3712/3391 8499/3681/3390
f 8500/3611/3677 8501/3714/3678 8495/3711/3674
f 8500/3611/3677 8495/3711/3674 8494/3610/3673
f 8502/3619/3679 8503/3715/3477 8497/3713/3676
f 8502/3619/3679 8497/3713/3676 8496/3618/3675
f 8504/3621/3680 8505/3716/3681 8501/3714/3678
f 8504/3621/3680 8501/3714/3678 8500/3611/3677
f 8506/3623/3682 8507/3717/3683 8503/3715/3477
f 8506/3623/3682 8503/3715/3477 8502/3619/3679
f 8369/3613/3638 8368/3614/3637 8505/3716/3681
f 8369/3613/3638 8505/3716/3681 8504/3621/3680
f 8445/3626/3654 8444/3686/3653 8507/3717/3683
f 8445/3626/3654 8507/3717/3683 8506/3623/3682
s 0
f 8508/3718/3446 8509/3721/3446 8510/3720/3446
f 8508/3718/3446 8510/3720/3446 8511/3719/3446
s 1
f 8457/3693/3421 8512/3723/3684 8513/3722/3685
f 8457/3693/3421 8513/3722/3685 8458/3692/3400
f 8461/3694/3419 8514/3725/3686 8515/3724/3687
f 8461/3694/3419 8515/3724/3687 8454/3691/3426
f 8463/3695/3417 8516/3726/3688 8439/3685/3648
f 8463/3695/3417 8439/3685/3648 8438/3682/3647
f 8465/3696/3662 8517/3727/3689 8512/3723/3684
f 8465/3696/3662 8512/3723/3684 8457/3693/3421
f 8467/3698/3413 8518/3729/3690 8519/3728/3686
f 8467/3698/3413 8519/3728/3686 8468/3697/3419
f 8471/3699/3664 8520/3730/3454 8516/3726/3688
f 8471/3699/3664 8516/3726/3688 8463/3695/3417
f 8473/3700/3409 8521/3731/3453 8517/3727/3689
f 8473/3700/3409 8517/3727/3689 8465/3696/3662
f 8475/3701/3407 8522/3732/3452 8518/3729/3690
f 8475/3701/3407 8518/3729/3690 8467/3698/3413
f 8477/3702/3405 8523/3733/3451 8520/3730/3454
f 8477/3702/3405 8520/3730/3454 8471/3699/3664
f 8479/3703/3403 8524/3734/3450 8521/3731/3453
f 8479/3703/3403 8521/3731/3453 8473/3700/3409
f 8481/3704/3668 8525/3735/3691 8522/3732/3452
f 8481/3704/3668 8522/3732/3452 8475/3701/3407
f 8483/3705/3382 8526/3736/3692 8523/3733/3451
f 8483/3705/3382 8523/3733/3451 8477/3702/3405
f 8527/3737/3693 8528/3740/3449 8529/3739/3450
f 8527/3737/3693 8529/3739/3450 8530/3738/3694
f 8458/3692/3400 8513/3722/3685 8525/3735/3691
f 8458/3692/3400 8525/3735/3691 8481/3704/3668
f 8489/3708/3383 8531/3741/3384 8526/3736/3692
f 8489/3708/3383 8526/3736/3692 8483/3705/3382
f 8532/3742/3672 8533/3743/3695 8528/3740/3449
f 8532/3742/3672 8528/3740/3449 8527/3737/3693
f 8493/3710/3391 8534/3744/3483 8531/3741/3384
f 8493/3710/3391 8531/3741/3384 8489/3708/3383
f 8495/3711/3674 8535/3746/3696 8536/3745/3695
f 8495/3711/3674 8536/3745/3695 8491/3709/3672
f 8497/3713/3676 8537/3748/3478 8538/3747/3481
f 8497/3713/3676 8538/3747/3481 8498/3712/3391
f 8501/3714/3678 8539/3749/3697 8535/3746/3696
f 8501/3714/3678 8535/3746/3696 8495/3711/3674
f 8503/3715/3477 8540/3750/3698 8537/3748/3478
f 8503/3715/3477 8537/3748/3478 8497/3713/3676
f 8505/3716/3681 8541/3751/3699 8539/3749/3697
f 8505/3716/3681 8539/3749/3697 8501/3714/3678
f 8507/3717/3683 8542/3752/3700 8540/3750/3698
f 8507/3717/3683 8540/3750/3698 8503/3715/3477
f 8368/3614/3637 8543/3753/3701 8541/3751/3699
f 8368/3614/3637 8541/3751/3699 8505/3716/3681
f 8444/3686/3653 8544/3754/3702 8542/3752/3700
f 8444/3686/3653 8542/3752/3700 8507/3717/3683
f 8545/3755/3636 8546/3758/3470 8547/3757/3701
f 8545/3755/3636 8547/3757/3701 8548/3756/3441
f 8443/3687/3652 8549/3759/3703 8544/3754/3702
f 8443/3687/3652 8544/3754/3702 8444/3686/3653
f 8550/3760/3432 8551/3761/3469 8546/3758/3470
f 8550/3760/3432 8546/3758/3470 8545/3755/3636
f 8449/3689/3430 8552/3762/3704 8549/3759/3703
f 8449/3689/3430 8549/3759/3703 8443/3687/3652
f 8441/3683/3650 8440/3684/3649 8553/3763/3466
f 8441/3683/3650 8553/3763/3466 8451/3690/3655
f 8454/3691/3426 8515/3724/3687 8552/3762/3704
f 8454/3691/3426 8552/3762/3704 8449/3689/3430
f 8554/3764/3705 8555/3767/3705 8556/3766/3706
f 8554/3764/3705 8556/3766/3706 8557/3765/3706
s 0
f 8558/3739/3446 8559/3770/3446 8560/3769/3446
f 8558/3739/3446 8560/3769/3446 8561/3768/3446
f 8562/3771/3446 8563/3774/3446 8564/3773/3446
f 8562/3771/3446 8564/3773/3446 8565/3772/3446
f 8566/3775/3446 8567/3776/3446 8509/3721/3446
f 8566/3775/3446 8509/3721/3446 8508/3718/3446
f 8568/3740/3446 8569/3777/3446 8559/3770/3446
f 8568/3740/3446 8559/3770/3446 8558/3739/3446
f 8570/3778/3446 8571/3779/3446 8563/3774/3446
f 8570/3778/3446 8563/3774/3446 8562/3771/3446
f 8572/3780/3446 8573/3765/3446 8567/3776/3446
f 8572/3780/3446 8567/3776/3446 8566/3775/3446
f 8574/3743/3446 8575/3781/3446 8569/3777/3446
f 8574/3743/3446 8569/3777/3446 8568/3740/3446
f 8576/3782/3446 8577/3764/3446 8573/3765/3446
f 8576/3782/3446 8573/3765/3446 8572/3780/3446
f 8578/3783/3446 8579/3784/3446 8575/3781/3446
f 8578/3783/3446 8575/3781/3446 8574/3743/3446
f 8580/3785/3446 8581/3786/3446 8577/3764/3446
f 8580/3785/3446 8577/3764/3446 8576/3782/3446
f 8582/3787/3446 8583/3788/3446 8579/3784/3446
f 8582/3787/3446 8579/3784/3446 8578/3783/3446
f 8584/3789/3446 8585/3790/3446 8581/3786/3446
f 8584/3789/3446 8581/3786/3446 8580/3785/3446
f 8586/3791/3446 8587/3792/3446 8583/3788/3446
f 8586/3791/3446 8583/3788/3446 8582/3787/3446
f 8588/3793/3446 8589/3794/3446 8585/3790/3446
f 8588/3793/3446 8585/3790/3446 8584/3789/3446
f 8590/3757/3446 8591/3795/3446 8587/3792/3446
f 8590/3757/3446 8587/3792/3446 8586/3791/3446
f 8592/3796/3446 8593/3797/3446 8589/3794/3446
f 8592/3796/3446 8589/3794/3446 8588/3793/3446
f 8594/3758/3446 8595/3798/3446 8591/3795/3446
f 8594/3758/3446 8591/3795/3446 8590/3757/3446
f 8596/3799/3446 8597/3800/3446 8593/3797/3446
f 8596/3799/3446 8593/3797/3446 8592/3796/3446
f 8598/3761/3446 8599/3801/3446 8595/3798/3446
f 8598/3761/3446 8595/3798/3446 8594/3758/3446
f 8600/3802/3446 8601/3803/3446 8597/3800/3446
f 8600/3802/3446 8597/3800/3446 8596/3799/3446
f 8602/3804/3446 8603/3805/3446 8599/3801/3446
f 8602/3804/3446 8599/3801/3446 8598/3761/3446
f 8604/3806/3446 8605/3807/3446 8601/3803/3446
f 8604/3806/3446 8601/3803/3446 8600/3802/3446
f 8606/3808/3446 8607/3809/3446 8603/3805/3446
f 8606/3808/3446 8603/3805/3446 8602/3804/3446
f 8608/3810/3446 8609/3811/3446 8571/3779/3446
f 8608/3810/3446 8571/3779/3446 8570/3778/3446
f 8610/3812/3446 8611/3813/3446 8605/3807/3446
f 8610/3812/3446 8605/3807/3446 8604/3806/3446
f 8612/3814/3446 8613/3815/3446 8607/3809/3446
f 8612/3814/3446 8607/3809/3446 8606/3808/3446
f 8614/3816/3446 8615/3817/3446 8609/3811/3446
f 8614/3816/3446 8609/3811/3446 8608/3810/3446
f 8616/3818/3446 8617/3819/3446 8611/3813/3446
f 8616/3818/3446 8611/3813/3446 8610/3812/3446
f 8511/3719/3446 8510/3720/3446 8613/3815/3446
f 8511/3719/3446 8613/3815/3446 8612/3814/3446
f 8561/3768/3446 8560/3769/3446 8615/3817/3446
f 8561/3768/3446 8615/3817/3446 8614/3816/3446
f 8565/3772/3446 8564/3773/3446 8617/3819/3446
f 8565/3772/3446 8617/3819/3446 8616/3818/3446
s 1
f 8618/3820/3528 8619/3823/3528 8620/3822/3529
f 8618/3820/3528 8620/3822/3529 8621/3821/3529
f 8622/3784/3707 8623/3825/3708 8624/3824/3505
f 8622/3784/3707 8624/3824/3505 8625/3781/3505
f 8626/3786/3502 8627/3826/3709 8555/3767/3705
f 8626/3786/3502 8555/3767/3705 8554/3764/3705
f 8628/3788/3710 8629/3827/3711 8623/3825/3708
f 8628/3788/3710 8623/3825/3708 8622/3784/3707
f 8630/3790/3500 8631/3828/3712 8627/3826/3709
f 8630/3790/3500 8627/3826/3709 8626/3786/3502
f 8632/3792/3713 8633/3829/3714 8629/3827/3711
f 8632/3792/3713 8629/3827/3711 8628/3788/3710
f 8634/3794/3715 8635/3830/3715 8631/3828/3712
f 8634/3794/3715 8631/3828/3712 8630/3790/3500
f 8636/3795/3496 8637/3831/3496 8633/3829/3714
f 8636/3795/3496 8633/3829/3714 8632/3792/3713
f 8638/3797/3716 8639/3832/3716 8635/3830/3715
f 8638/3797/3716 8635/3830/3715 8634/3794/3715
f 8640/3798/3717 8641/3833/3717 8637/3831/3496
f 8640/3798/3717 8637/3831/3496 8636/3795/3496
f 8642/3800/3718 8643/3834/3718 8639/3832/3716
f 8642/3800/3718 8639/3832/3716 8638/3797/3716
f 8644/3801/3719 8645/3835/3719 8641/3833/3717
f 8644/3801/3719 8641/3833/3717 8640/3798/3717
f 8646/3803/3492 8647/3836/3720 8643/3834/3718
f 8646/3803/3492 8643/3834/3718 8642/3800/3718
f 8648/3805/3721 8649/3837/3721 8645/3835/3719
f 8648/3805/3721 8645/3835/3719 8644/3801/3719
f 8650/3807/3722 8651/3838/3723 8647/3836/3720
f 8650/3807/3722 8647/3836/3720 8646/3803/3492
f 8652/3809/3525 8653/3839/3525 8649/3837/3721
f 8652/3809/3525 8649/3837/3721 8648/3805/3721
f 8654/3811/3724 8655/3841/3724 8656/3840/3725
f 8654/3811/3724 8656/3840/3725 8657/3779/3725
f 8658/3813/3726 8659/3842/3726 8651/3838/3723
f 8658/3813/3726 8651/3838/3723 8650/3807/3722
f 8660/3815/3727 8661/3843/3727 8653/3839/3525
f 8660/3815/3727 8653/3839/3525 8652/3809/3525
f 8662/3817/3521 8663/3844/3521 8655/3841/3724
f 8662/3817/3521 8655/3841/3724 8654/3811/3724
f 8664/3819/3728 8665/3845/3729 8659/3842/3726
f 8664/3819/3728 8659/3842/3726 8658/3813/3726
f 8666/3720/3519 8667/3846/3519 8661/3843/3727
f 8666/3720/3519 8661/3843/3727 8660/3815/3727
f 8668/3769/3730 8669/3847/3731 8663/3844/3521
f 8668/3769/3730 8663/3844/3521 8662/3817/3521
f 8670/3773/3515 8671/3848/3515 8665/3845/3729
f 8670/3773/3515 8665/3845/3729 8664/3819/3728
f 8672/3721/3732 8673/3849/3732 8667/3846/3519
f 8672/3721/3732 8667/3846/3519 8666/3720/3519
f 8674/3770/3733 8675/3850/3734 8669/3847/3731
f 8674/3770/3733 8669/3847/3731 8668/3769/3730
f 8676/3774/3735 8677/3851/3510 8671/3848/3515
f 8676/3774/3735 8671/3848/3515 8670/3773/3515
f 8678/3776/3509 8679/3852/3509 8673/3849/3732
f 8678/3776/3509 8673/3849/3732 8672/3721/3732
f 8680/3777/3736 8681/3853/3736 8675/3850/3734
f 8680/3777/3736 8675/3850/3734 8674/3770/3733
f 8657/3779/3725 8656/3840/3725 8677/3851/3510
f 8657/3779/3725 8677/3851/3510 8676/3774/3735
f 8557/3765/3706 8556/3766/3706 8679/3852/3509
f 8557/3765/3706 8679/3852/3509 8678/3776/3509
f 8625/3781/3505 8624/3824/3505 8681/3853/3736
f 8625/3781/3505 8681/3853/3736 8680/3777/3736
f 8682/3854/3737 8683/3857/3488 8684/3856/3738
f 8682/3854/3737 8684/3856/3738 8685/3855/3487
f 8686/3858/3572 8687/3859/3572 8619/3823/3528
f 8686/3858/3572 8619/3823/3528 8618/3820/3528
f 8688/3860/3739 8689/3861/3739 8683/3857/3488
f 8688/3860/3739 8683/3857/3488 8682/3854/3737
f 8690/3862/3569 8691/3863/3569 8687/3859/3572
f 8690/3862/3569 8687/3859/3572 8686/3858/3572
f 8692/3864/3568 8693/3865/3568 8689/3861/3739
f 8692/3864/3568 8689/3861/3739 8688/3860/3739
f 8694/3866/3567 8695/3867/3567 8691/3863/3569
f 8694/3866/3567 8691/3863/3569 8690/3862/3569
f 8696/3868/3740 8697/3871/3565 8698/3870/3741
f 8696/3868/3740 8698/3870/3741 8699/3869/3568
f 8700/3872/3563 8701/3873/3742 8695/3867/3567
f 8700/3872/3563 8695/3867/3567 8694/3866/3567
f 8702/3874/3562 8703/3875/3562 8697/3871/3565
f 8702/3874/3562 8697/3871/3565 8696/3868/3740
f 8704/3876/3560 8705/3879/3560 8706/3878/3544
f 8704/3876/3560 8706/3878/3544 8707/3877/3544
f 8708/3880/3559 8709/3881/3559 8701/3873/3742
f 8708/3880/3559 8701/3873/3742 8700/3872/3563
f 8710/3882/3557 8711/3883/3557 8703/3875/3562
f 8710/3882/3557 8703/3875/3562 8702/3874/3562
f 8712/3884/3556 8713/3885/3556 8705/3879/3560
f 8712/3884/3556 8705/3879/3560 8704/3876/3560
f 8714/3886/3743 8715/3889/3555 8716/3888/3744
f 8714/3886/3743 8716/3888/3744 8717/3887/3559
f 8718/3890/3552 8719/3891/3552 8711/3883/3557
f 8718/3890/3552 8711/3883/3557 8710/3882/3557
f 8720/3892/3549 8721/3893/3551 8713/3885/3556
f 8720/3892/3549 8713/3885/3556 8712/3884/3556
f 8722/3894/3548 8723/3895/3547 8715/3889/3555
f 8722/3894/3548 8715/3889/3555 8714/3886/3743
f 8724/3896/3745 8725/3897/3746 8719/3891/3552
f 8724/3896/3745 8719/3891/3552 8718/3890/3552
f 8726/3898/3747 8727/3899/3747 8721/3893/3551
f 8726/3898/3747 8721/3893/3551 8720/3892/3549
f 8728/3900/3543 8729/3901/3748 8723/3895/3547
f 8728/3900/3543 8723/3895/3547 8722/3894/3548
f 8730/3902/3542 8731/3903/3749 8725/3897/3746
f 8730/3902/3542 8725/3897/3746 8724/3896/3745
f 8732/3904/3750 8733/3907/3750 8734/3906/3747
f 8732/3904/3750 8734/3906/3747 8735/3905/3747
f 8707/3877/3544 8706/3878/3544 8729/3901/3748
f 8707/3877/3544 8729/3901/3748 8728/3900/3543
f 8736/3908/3537 8737/3909/3537 8731/3903/3749
f 8736/3908/3537 8731/3903/3749 8730/3902/3542
f 8738/3910/3535 8739/3911/3536 8733/3907/3750
f 8738/3910/3535 8733/3907/3750 8732/3904/3750
f 8740/3912/3539 8741/3913/3539 8737/3909/3537
f 8740/3912/3539 8737/3909/3537 8736/3908/3537
f 8742/3914/3533 8743/3915/3533 8739/3911/3536
f 8742/3914/3533 8739/3911/3536 8738/3910/3535
f 8744/3916/3751 8745/3919/3532 8746/3918/3538
f 8744/3916/3751 8746/3918/3538 8747/3917/3538
f 8748/3920/3530 8749/3921/3530 8743/3915/3533
f 8748/3920/3530 8743/3915/3533 8742/3914/3533
f 8621/3821/3529 8620/3822/3529 8745/3919/3532
f 8621/3821/3529 8745/3919/3532 8744/3916/3751
f 8685/3855/3487 8684/3856/3738 8749/3921/3530
f 8685/3855/3487 8749/3921/3530 8748/3920/3530
f 8750/3922/3605 8751/3925/3602 8752/3924/3602
f 8750/3922/3605 8752/3924/3602 8753/3923/3605
f 8754/3926/3604 8755/3929/3613 8756/3928/3613
f 8754/3926/3604 8756/3928/3613 8757/3927/3604
f 8758/3930/3603 8759/3933/3579 8760/3932/3579
f 8758/3930/3603 8760/3932/3579 8761/3931/3603
f 8751/3925/3602 8762/3935/3600 8763/3934/3600
f 8751/3925/3602 8763/3934/3600 8752/3924/3602
f 8755/3929/3613 8764/3937/3612 8765/3936/3752
f 8755/3929/3613 8765/3936/3752 8756/3928/3613
f 8762/3935/3600 8766/3939/3598 8767/3938/3598
f 8762/3935/3600 8767/3938/3598 8763/3934/3600
f 8764/3937/3612 8768/3941/3611 8769/3940/3753
f 8764/3937/3612 8769/3940/3753 8765/3936/3752
f 8770/3942/3598 8771/3945/3596 8772/3944/3596
f 8770/3942/3598 8772/3944/3596 8773/3943/3598
f 8768/3941/3611 8774/3947/3595 8775/3946/3595
f 8768/3941/3611 8775/3946/3595 8769/3940/3753
f 8771/3945/3596 8776/3949/3594 8777/3948/3594
f 8771/3945/3596 8777/3948/3594 8772/3944/3596
f 8774/3947/3595 8778/3951/3754 8779/3950/3755
f 8774/3947/3595 8779/3950/3755 8775/3946/3595
f 8776/3949/3594 8780/3953/3591 8781/3952/3591
f 8776/3949/3594 8781/3952/3591 8777/3948/3594
f 8778/3951/3754 8782/3955/3589 8783/3954/3756
f 8778/3951/3754 8783/3954/3756 8779/3950/3755
f 8780/3953/3591 8784/3957/3588 8785/3956/3588
f 8780/3953/3591 8785/3956/3588 8781/3952/3591
f 8782/3955/3589 8786/3959/3587 8787/3958/3587
f 8782/3955/3589 8787/3958/3587 8783/3954/3756
f 8784/3957/3588 8788/3961/3757 8789/3960/3757
f 8784/3957/3588 8789/3960/3757 8785/3956/3588
f 8786/3959/3587 8790/3963/3583 8791/3962/3586
f 8786/3959/3587 8791/3962/3586 8787/3958/3587
f 8788/3961/3757 8792/3965/3582 8793/3964/3582
f 8788/3961/3757 8793/3964/3582 8789/3960/3757
f 8794/3966/3583 8795/3969/3580 8796/3968/3580
f 8794/3966/3583 8796/3968/3580 8797/3967/3583
f 8792/3965/3582 8798/3971/3577 8799/3970/3577
f 8792/3965/3582 8799/3970/3577 8793/3964/3582
f 8795/3969/3580 8800/3973/3574 8801/3972/3574
f 8795/3969/3580 8801/3972/3574 8796/3968/3580
f 8759/3933/3579 8802/3975/3578 8803/3974/3578
f 8759/3933/3579 8803/3974/3578 8760/3932/3579
f 8798/3971/3577 8804/3977/3575 8805/3976/3576
f 8798/3971/3577 8805/3976/3576 8799/3970/3577
f 8800/3973/3574 8806/3979/3573 8807/3978/3573
f 8800/3973/3574 8807/3978/3573 8801/3972/3574
f 8802/3975/3578 8808/3981/3610 8809/3980/3610
f 8802/3975/3578 8809/3980/3610 8803/3974/3578
f 8810/3982/3758 8811/3985/3609 8812/3984/3609
f 8810/3982/3758 8812/3984/3609 8813/3983/3576
f 8806/3979/3573 8814/3987/3608 8815/3986/3608
f 8806/3979/3573 8815/3986/3608 8807/3978/3573
f 8808/3981/3610 8816/3989/3607 8817/3988/3607
f 8808/3981/3610 8817/3988/3607 8809/3980/3610
f 8811/3985/3609 8818/3991/3606 8819/3990/3606
f 8811/3985/3609 8819/3990/3606 8812/3984/3609
f 8814/3987/3608 8750/3922/3605 8753/3923/3605
f 8814/3987/3608 8753/3923/3605 8815/3986/3608
f 8816/3989/3607 8820/3993/3604 8821/3992/3604
f 8816/3989/3607 8821/3992/3604 8817/3988/3607
f 8818/3991/3606 8758/3930/3603 8761/3931/3603
f 8818/3991/3606 8761/3931/3603 8819/3990/3606
f 8822/3994/3605 8823/3997/3602 8824/3996/3602
f 8822/3994/3605 8824/3996/3602 8825/3995/3605
f 8826/3998/3604 8827/4001/3613 8828/4000/3613
f 8826/3998/3604 8828/4000/3613 8829/3999/3604
f 8830/4002/3603 8831/4005/3579 8832/4004/3579
f 8830/4002/3603 8832/4004/3579 8833/4003/3603
f 8823/3997/3602 8834/4007/3600 8835/4006/3600
f 8823/3997/3602 8835/4006/3600 8824/3996/3602
f 8827/4001/3613 8836/4009/3612 8837/4008/3752
f 8827/4001/3613 8837/4008/3752 8828/4000/3613
f 8834/4007/3600 8838/4011/3598 8839/4010/3598
f 8834/4007/3600 8839/4010/3598 8835/4006/3600
f 8836/4009/3612 8840/4013/3611 8841/4012/3753
f 8836/4009/3612 8841/4012/3753 8837/4008/3752
f 8842/4014/3598 8843/4017/3596 8844/4016/3596
f 8842/4014/3598 8844/4016/3596 8845/4015/3598
f 8840/4013/3611 8846/4019/3595 8847/4018/3595
f 8840/4013/3611 8847/4018/3595 8841/4012/3753
f 8843/4017/3596 8848/4021/3594 8849/4020/3594
f 8843/4017/3596 8849/4020/3594 8844/4016/3596
f 8846/4019/3595 8850/4023/3754 8851/4022/3755
f 8846/4019/3595 8851/4022/3755 8847/4018/3595
f 8848/4021/3594 8852/4025/3591 8853/4024/3591
f 8848/4021/3594 8853/4024/3591 8849/4020/3594
f 8850/4023/3754 8854/4027/3589 8855/4026/3756
f 8850/4023/3754 8855/4026/3756 8851/4022/3755
f 8852/4025/3591 8856/4029/3588 8857/4028/3588
f 8852/4025/3591 8857/4028/3588 8853/4024/3591
f 8854/4027/3589 8858/4031/3587 8859/4030/3587
f 8854/4027/3589 8859/4030/3587 8855/4026/3756
f 8856/4029/3588 8860/4033/3585 8861/4032/3585
f 8856/4029/3588 8861/4032/3585 8857/4028/3588
f 8858/4031/3587 8862/4035/3583 8863/4034/3586
f 8858/4031/3587 8863/4034/3586 8859/4030/3587
f 8860/4033/3585 8864/4037/3582 8865/4036/3582
f 8860/4033/3585 8865/4036/3582 8861/4032/3585
f 8866/4038/3583 8867/4041/3580 8868/4040/3580
f 8866/4038/3583 8868/4040/3580 8869/4039/3583
f 8864/4037/3582 8870/4043/3577 8871/4042/3577
f 8864/4037/3582 8871/4042/3577 8865/4036/3582
f 8867/4041/3580 8872/4045/3574 8873/4044/3574
f 8867/4041/3580 8873/4044/3574 8868/4040/3580
f 8831/4005/3579 8874/4047/3578 8875/4046/3578
f 8831/4005/3579 8875/4046/3578 8832/4004/3579
f 8870/4043/3577 8876/4049/3575 8877/4048/3576
f 8870/4043/3577 8877/4048/3576 8871/4042/3577
f 8872/4045/3574 8878/4051/3573 8879/4050/3573
f 8872/4045/3574 8879/4050/3573 8873/4044/3574
f 8874/4047/3578 8880/4053/3610 8881/4052/3610
f 8874/4047/3578 8881/4052/3610 8875/4046/3578
f 8882/4054/3576 8883/4057/3609 8884/4056/3609
f 8882/4054/3576 8884/4056/3609 8885/4055/3576
f 8878/4051/3573 8886/4059/3608 8887/4058/3608
f 8878/4051/3573 8887/4058/3608 8879/4050/3573
f 8880/4053/3610 8888/4061/3607 8889/4060/3607
f 8880/4053/3610 8889/4060/3607 8881/4052/3610
f 8883/4057/3609 8890/4063/3606 8891/4062/3606
f 8883/4057/3609 8891/4062/3606 8884/4056/3609
f 8886/4059/3608 8822/3994/3605 8825/3995/3605
f 8886/4059/3608 8825/3995/3605 8887/4058/3608
f 8888/4061/3607 8892/4065/3604 8893/4064/3604
f 8888/4061/3607 8893/4064/3604 8889/4060/3607
f 8890/4063/3606 8830/4002/3603 8833/4003/3603
f 8890/4063/3606 8833/4003/3603 8891/4062/3606
s 0
f 8894/4066/3288 8895/4069/3288 8896/4068/3288
f 8894/4066/3288 8896/4068/3288 8897/4067/3288
o Cube.003_3
v -0.979525 0.532384 0.332625
v -0.993464 0.542896 0.318090
v -0.987065 0.536689 0.325213
v -1.001920 0.560014 0.305773
v -0.998480 0.550776 0.311525
v -1.003605 0.581127 0.297550
v -1.003652 0.570262 0.301053
v -0.998261 0.603018 0.294675
v -1.001784 0.592188 0.295397
v -0.986704 0.622362 0.297582
v -0.993169 0.613208 0.295413
v -0.970693 0.636206 0.305832
v -0.979116 0.630126 0.301099
v -0.952662 0.642448 0.318168
v -0.961761 0.640368 0.311594
v -0.935362 0.640139 0.332709
v -0.943750 0.642374 0.325295
v -0.921422 0.629621 0.347246
v -0.927822 0.635834 0.340121
v -0.912968 0.612505 0.359561
v -0.916407 0.621747 0.353809
v -0.911282 0.591396 0.367784
v -0.911237 0.602257 0.364281
v -0.916628 0.569501 0.370659
v -0.913103 0.580335 0.369937
v -0.928183 0.550161 0.367752
v -0.921718 0.559315 0.369921
v -0.944196 0.536313 0.359502
v -0.935772 0.542393 0.364235
v -0.962223 0.530070 0.347169
v -0.953127 0.532155 0.353740
v -0.971138 0.530149 0.340039
v -1.169352 0.069227 0.332266
v -1.183289 0.079743 0.317731
v -1.176892 0.073531 0.324854
v -1.191747 0.096856 0.305414
v -1.188308 0.087619 0.311165
v -1.193432 0.117970 0.297191
v -1.193479 0.107105 0.300694
v -1.188088 0.139861 0.294316
v -1.191611 0.129031 0.295037
v -1.176531 0.159205 0.297223
v -1.182996 0.150050 0.295054
v -1.160518 0.173052 0.305473
v -1.168943 0.166969 0.300740
v -1.142489 0.179291 0.317808
v -1.151588 0.177211 0.311235
v -1.125189 0.176981 0.332350
v -1.133577 0.179217 0.324936
v -1.111249 0.166464 0.346887
v -1.117649 0.172677 0.339761
v -1.102794 0.149352 0.359202
v -1.106234 0.158590 0.353450
v -1.101110 0.128239 0.367425
v -1.101064 0.139099 0.363922
v -1.106455 0.106344 0.370300
v -1.102930 0.117177 0.369578
v -1.118010 0.087003 0.367393
v -1.111545 0.096158 0.369562
v -1.134023 0.073156 0.359143
v -1.125599 0.079235 0.363875
v -1.152049 0.066916 0.346810
v -1.142954 0.068997 0.353381
v -1.160964 0.066992 0.339679
v -0.139268 -0.479135 -0.061725
v -0.193194 -0.456974 -0.137800
v -0.128871 -0.483386 -0.074770
v -0.225673 -0.443656 -0.146746
v -0.209096 -0.450444 -0.153385
v -0.077351 -0.504310 -0.321413
v 0.005925 -0.538501 -0.243901
v -0.004323 -0.534311 -0.231042
v -0.081865 -0.502474 -0.303217
v -0.573438 -0.297280 0.222456
v -0.455017 -0.345903 0.336270
v -0.466529 -0.341196 0.350715
v -0.575936 -0.296274 0.245805
v -0.617970 -0.279275 0.540728
v -0.665244 -0.259841 0.465438
v -0.606025 -0.284159 0.525742
v -0.716783 -0.238697 0.439277
v -0.698648 -0.246124 0.431416
v -0.106280 0.173850 1.145436
v -0.120221 0.184364 1.130899
v -0.113819 0.178154 1.138024
v -0.128675 0.201479 1.118584
v -0.125235 0.192242 1.124336
v -0.130359 0.222593 1.110361
v -0.130406 0.211728 1.113864
v -0.125015 0.244484 1.107486
v -0.128538 0.233654 1.108207
v -0.113458 0.263828 1.110393
v -0.119923 0.254674 1.108224
v -0.097447 0.277672 1.118643
v -0.105871 0.271592 1.113910
v -0.079420 0.283915 1.130976
v -0.088515 0.281834 1.124405
v -0.062116 0.281605 1.145520
v -0.070504 0.283840 1.138106
v -0.048179 0.271088 1.160054
v -0.054576 0.277300 1.152931
v -0.039723 0.253971 1.172372
v -0.043161 0.263213 1.166620
v -0.038037 0.232862 1.180595
v -0.037991 0.243723 1.177092
v -0.043382 0.210967 1.183470
v -0.039857 0.221801 1.182748
v -0.054937 0.191626 1.180563
v -0.048472 0.200781 1.182732
v -0.070950 0.177779 1.172313
v -0.062527 0.183858 1.177045
v -0.088981 0.171537 1.159977
v -0.079881 0.173621 1.166551
v -0.097892 0.171615 1.152849
v -0.296107 -0.289307 1.145077
v -0.310046 -0.278790 1.130539
v -0.303646 -0.285003 1.137665
v -0.318502 -0.261678 1.118224
v -0.315062 -0.270916 1.123976
v -0.320186 -0.240564 1.110002
v -0.320233 -0.251429 1.113505
v -0.314842 -0.218673 1.107127
v -0.318365 -0.229503 1.107848
v -0.303285 -0.199329 1.110034
v -0.309750 -0.208484 1.107864
v -0.287272 -0.185482 1.118284
v -0.295698 -0.191565 1.113551
v -0.269247 -0.179242 1.130617
v -0.278342 -0.181323 1.124046
v -0.251943 -0.181553 1.145160
v -0.260331 -0.179318 1.137747
v -0.238006 -0.192069 1.159695
v -0.244403 -0.185857 1.152572
v -0.229548 -0.209182 1.172013
v -0.232988 -0.199944 1.166261
v -0.227864 -0.230295 1.180236
v -0.227818 -0.219435 1.176733
v -0.233209 -0.252190 1.183110
v -0.229684 -0.241357 1.182389
v -0.244764 -0.271531 1.180204
v -0.238299 -0.262376 1.182373
v -0.260777 -0.285378 1.171954
v -0.252354 -0.279299 1.176686
v -0.278806 -0.291616 1.159618
v -0.269708 -0.289537 1.166191
v -0.287719 -0.291542 1.152490
v -0.045039 -0.517802 -0.000682
v -0.048657 -0.516334 0.018018
v -0.061658 -0.510980 -0.015367
v 0.089200 -0.572692 -0.166388
v 0.073218 -0.566148 -0.158867
v -0.333312 -0.395870 0.445963
v -0.354309 -0.387269 0.452094
v -0.505978 -0.325229 0.610752
v -0.510484 -0.323399 0.631298
v -0.542063 -0.310416 0.580094
vn -0.6040 0.2469 0.7578
vn -0.6040 0.2470 0.7578
vn -0.6039 0.2469 0.7578
vn -0.2269 -0.9574 -0.1786
vn -0.3792 -0.9253 -0.0007
vn -0.2048 -0.9600 -0.1910
vn -0.2156 -0.9556 -0.2010
vn -0.5210 -0.8314 0.1930
vn -0.5092 -0.8426 0.1754
vt 0.094910 0.210230
vt 0.089580 0.209700
vt 0.092220 0.210230
vt 0.084860 0.207160
vt 0.087100 0.208660
vt 0.081470 0.202990
vt 0.082960 0.205240
vt 0.079920 0.197830
vt 0.080440 0.200490
vt 0.080440 0.192470
vt 0.079920 0.195120
vt 0.082960 0.187720
vt 0.081470 0.189970
vt 0.087100 0.184300
vt 0.084860 0.185800
vt 0.092220 0.182740
vt 0.089580 0.183270
vt 0.097540 0.183270
vt 0.094910 0.182740
vt 0.102260 0.185810
vt 0.100030 0.184310
vt 0.105660 0.189980
vt 0.104160 0.187730
vt 0.107210 0.195140
vt 0.106690 0.192480
vt 0.106690 0.200500
vt 0.107210 0.197850
vt 0.104160 0.205250
vt 0.105660 0.203000
vt 0.100030 0.208670
vt 0.102260 0.207170
vt 0.097540 0.209700
vt 0.877910 0.860200
vt 0.883240 0.860730
vt 0.880600 0.860200
vt 0.887960 0.863270
vt 0.885720 0.861770
vt 0.891350 0.867440
vt 0.889860 0.865190
vt 0.892910 0.872600
vt 0.892380 0.869940
vt 0.892380 0.877960
vt 0.892910 0.875300
vt 0.889860 0.882710
vt 0.891350 0.880460
vt 0.885720 0.886120
vt 0.887960 0.884620
vt 0.880600 0.887690
vt 0.883240 0.887160
vt 0.875280 0.887160
vt 0.877910 0.887680
vt 0.870560 0.884610
vt 0.872790 0.886120
vt 0.867160 0.880450
vt 0.868660 0.882700
vt 0.865610 0.875290
vt 0.866130 0.877940
vt 0.866130 0.869930
vt 0.865610 0.872580
vt 0.868660 0.865170
vt 0.867160 0.867420
vt 0.872790 0.861760
vt 0.870560 0.863260
vt 0.875280 0.860720
vt 0.671600 0.841070
vt 0.649300 0.845720
vt 0.671600 0.845150
vt 0.641590 0.841900
vt 0.643790 0.845860
vt 0.487130 0.021470
vt 0.466250 0.027090
vt 0.487130 0.026150
vt 0.452160 0.023170
vt 0.454470 0.027610
vt 0.643360 0.898060
vt 0.671600 0.898060
vt 0.671600 0.894040
vt 0.645310 0.894040
vt 0.446420 0.086070
vt 0.487130 0.085430
vt 0.487130 0.080910
vt 0.449560 0.081460
s 0
usemtl Material.001
f 8898/4070/3759 8899/4071/3759 8900/4072/3759
f 8901/4073/3760 8902/4074/3760 8899/4071/3760
f 8903/4075/3759 8904/4076/3759 8901/4073/3759
f 8905/4077/3760 8906/4078/3760 8903/4075/3760
f 8907/4079/3759 8908/4080/3759 8905/4077/3759
f 8909/4081/3761 8910/4082/3761 8907/4079/3761
f 8911/4083/3760 8912/4084/3760 8909/4081/3760
f 8913/4085/3761 8914/4086/3761 8911/4083/3761
f 8915/4087/3760 8916/4088/3760 8913/4085/3760
f 8917/4089/3761 8918/4090/3761 8915/4087/3761
f 8919/4091/3760 8920/4092/3760 8917/4089/3760
f 8921/4093/3759 8922/4094/3759 8919/4091/3759
f 8923/4095/3761 8924/4096/3761 8921/4093/3761
f 8925/4097/3759 8926/4098/3759 8923/4095/3759
f 8927/4099/3759 8928/4100/3759 8925/4097/3759
f 8898/4070/3759 8929/4101/3759 8927/4099/3759
f 8898/4070/3759 8901/4073/3759 8899/4071/3759
f 8905/4077/3759 8903/4075/3759 8901/4073/3759
f 8909/4081/3761 8907/4079/3761 8905/4077/3761
f 8913/4085/3761 8911/4083/3761 8909/4081/3761
f 8917/4089/3760 8915/4087/3760 8913/4085/3760
f 8921/4093/3760 8919/4091/3760 8917/4089/3760
f 8925/4097/3759 8923/4095/3759 8921/4093/3759
f 8898/4070/3759 8927/4099/3759 8925/4097/3759
f 8898/4070/3759 8905/4077/3759 8901/4073/3759
f 8913/4085/3759 8909/4081/3759 8905/4077/3759
f 8921/4093/3759 8917/4089/3759 8913/4085/3759
f 8898/4070/3759 8925/4097/3759 8921/4093/3759
f 8898/4070/3759 8913/4085/3759 8905/4077/3759
f 8898/4070/3759 8921/4093/3759 8913/4085/3759
f 8930/4102/3759 8931/4103/3759 8932/4104/3759
f 8933/4105/3760 8934/4106/3760 8931/4103/3760
f 8935/4107/3759 8936/4108/3759 8933/4105/3759
f 8937/4109/3759 8938/4110/3759 8935/4107/3759
f 8939/4111/3759 8940/4112/3759 8937/4109/3759
f 8941/4113/3759 8942/4114/3759 8939/4111/3759
f 8943/4115/3760 8944/4116/3760 8941/4113/3760
f 8945/4117/3761 8946/4118/3761 8943/4115/3761
f 8947/4119/3760 8948/4120/3760 8945/4117/3760
f 8949/4121/3761 8950/4122/3761 8947/4119/3761
f 8951/4123/3759 8952/4124/3759 8949/4121/3759
f 8953/4125/3759 8954/4126/3759 8951/4123/3759
f 8955/4127/3759 8956/4128/3759 8953/4125/3759
f 8957/4129/3759 8958/4130/3759 8955/4127/3759
f 8959/4131/3761 8960/4132/3761 8957/4129/3761
f 8930/4102/3759 8961/4133/3759 8959/4131/3759
f 8930/4102/3759 8933/4105/3759 8931/4103/3759
f 8937/4109/3759 8935/4107/3759 8933/4105/3759
f 8941/4113/3761 8939/4111/3761 8937/4109/3761
f 8945/4117/3761 8943/4115/3761 8941/4113/3761
f 8949/4121/3760 8947/4119/3760 8945/4117/3760
f 8953/4125/3760 8951/4123/3760 8949/4121/3760
f 8957/4129/3759 8955/4127/3759 8953/4125/3759
f 8930/4102/3759 8959/4131/3759 8957/4129/3759
f 8930/4102/3759 8937/4109/3759 8933/4105/3759
f 8945/4117/3759 8941/4113/3759 8937/4109/3759
f 8953/4125/3759 8949/4121/3759 8945/4117/3759
f 8930/4102/3759 8957/4129/3759 8953/4125/3759
f 8930/4102/3759 8945/4117/3759 8937/4109/3759
f 8930/4102/3759 8953/4125/3759 8945/4117/3759
s 1
f 8962/4134/3762 8963/4135/3763 8964/4136/3763
f 8965/4137/3764 8966/4138/3763 8963/4135/3763
f 8962/4134/3762 8965/4137/3764 8963/4135/3763
s 0
f 8975/4139/3763 8976/4140/3763 8977/4141/3763
f 8978/4142/3763 8979/4143/3763 8976/4140/3763
f 8975/4139/3763 8978/4142/3763 8976/4140/3763
f 8980/4070/3759 8981/4099/3759 8982/4101/3759
f 8983/4097/3760 8984/4100/3760 8981/4099/3760
f 8985/4095/3759 8986/4098/3759 8983/4097/3759
f 8987/4093/3760 8988/4096/3760 8985/4095/3760
f 8989/4091/3759 8990/4094/3759 8987/4093/3759
f 8991/4089/3761 8992/4092/3761 8989/4091/3761
f 8993/4087/3760 8994/4090/3760 8991/4089/3760
f 8995/4085/3761 8996/4088/3761 8993/4087/3761
f 8997/4083/3760 8998/4086/3760 8995/4085/3760
f 8999/4081/3761 9000/4084/3761 8997/4083/3761
f 9001/4079/3760 9002/4082/3760 8999/4081/3760
f 9003/4077/3759 9004/4080/3759 9001/4079/3759
f 9005/4075/3761 9006/4078/3761 9003/4077/3761
f 9007/4073/3759 9008/4076/3759 9005/4075/3759
f 9009/4071/3759 9010/4074/3759 9007/4073/3759
f 8980/4070/3759 9011/4072/3759 9009/4071/3759
f 8980/4070/3759 8983/4097/3759 8981/4099/3759
f 8987/4093/3759 8985/4095/3759 8983/4097/3759
f 8991/4089/3761 8989/4091/3761 8987/4093/3761
f 8995/4085/3761 8993/4087/3761 8991/4089/3761
f 8999/4081/3760 8997/4083/3760 8995/4085/3760
f 9003/4077/3760 9001/4079/3760 8999/4081/3760
f 9007/4073/3759 9005/4075/3759 9003/4077/3759
f 8980/4070/3759 9009/4071/3759 9007/4073/3759
f 8980/4070/3759 8987/4093/3759 8983/4097/3759
f 8995/4085/3759 8991/4089/3759 8987/4093/3759
f 9003/4077/3759 8999/4081/3759 8995/4085/3759
f 8980/4070/3759 9007/4073/3759 9003/4077/3759
f 8980/4070/3759 8995/4085/3759 8987/4093/3759
f 8980/4070/3759 9003/4077/3759 8995/4085/3759
f 9012/4102/3759 9013/4131/3759 9014/4133/3759
f 9015/4129/3760 9016/4132/3760 9013/4131/3760
f 9017/4127/3759 9018/4130/3759 9015/4129/3759
f 9019/4125/3759 9020/4128/3759 9017/4127/3759
f 9021/4123/3759 9022/4126/3759 9019/4125/3759
f 9023/4121/3759 9024/4124/3759 9021/4123/3759
f 9025/4119/3760 9026/4122/3760 9023/4121/3760
f 9027/4117/3761 9028/4120/3761 9025/4119/3761
f 9029/4115/3760 9030/4118/3760 9027/4117/3760
f 9031/4113/3761 9032/4116/3761 9029/4115/3761
f 9033/4111/3759 9034/4114/3759 9031/4113/3759
f 9035/4109/3759 9036/4112/3759 9033/4111/3759
f 9037/4107/3759 9038/4110/3759 9035/4109/3759
f 9039/4105/3759 9040/4108/3759 9037/4107/3759
f 9041/4103/3761 9042/4106/3761 9039/4105/3761
f 9012/4102/3759 9043/4104/3759 9041/4103/3759
f 9012/4102/3759 9015/4129/3759 9013/4131/3759
f 9019/4125/3759 9017/4127/3759 9015/4129/3759
f 9023/4121/3761 9021/4123/3761 9019/4125/3761
f 9027/4117/3761 9025/4119/3761 9023/4121/3761
f 9031/4113/3760 9029/4115/3760 9027/4117/3760
f 9035/4109/3760 9033/4111/3760 9031/4113/3760
f 9039/4105/3759 9037/4107/3759 9035/4109/3759
f 9012/4102/3759 9041/4103/3759 9039/4105/3759
f 9012/4102/3759 9019/4125/3759 9015/4129/3759
f 9027/4117/3759 9023/4121/3759 9019/4125/3759
f 9035/4109/3759 9031/4113/3759 9027/4117/3759
f 9012/4102/3759 9039/4105/3759 9035/4109/3759
f 9012/4102/3759 9027/4117/3759 9019/4125/3759
f 9012/4102/3759 9035/4109/3759 9027/4117/3759
s 1
f 8962/4134/3762 9044/4138/3763 9045/4137/3765
f 8962/4134/3762 8964/4136/3763 9046/4135/3763
f 8962/4134/3762 9046/4135/3763 9044/4138/3763
s 0
f 8975/4139/3763 9051/4143/3763 9052/4142/3763
f 8975/4139/3763 8977/4141/3763 9053/4140/3763
f 8975/4139/3763 9053/4140/3763 9051/4143/3763
s 1
f 8967/4144/3766 8968/4145/3767 8969/4146/3763
f 8967/4144/3766 8969/4146/3763 8970/4147/3763
f 8965/4137/3764 8967/4144/3766 8970/4147/3763
f 8965/4137/3764 8970/4147/3763 8966/4138/3763
s 0
f 8971/4148/3763 8972/4149/3763 8973/4150/3763
f 8971/4148/3763 8973/4150/3763 8974/4151/3763
f 8978/4142/3763 8971/4148/3763 8974/4151/3763
f 8978/4142/3763 8974/4151/3763 8979/4143/3763
s 1
f 9047/4144/3766 9048/4147/3763 8969/4146/3763
f 9047/4144/3766 8969/4146/3763 8968/4145/3767
f 9045/4137/3765 9044/4138/3763 9048/4147/3763
f 9045/4137/3765 9048/4147/3763 9047/4144/3766
s 0
f 9049/4148/3763 9050/4151/3763 8973/4150/3763
f 9049/4148/3763 8973/4150/3763 8972/4149/3763
f 9052/4142/3763 9051/4143/3763 9050/4151/3763
f 9052/4142/3763 9050/4151/3763 9049/4148/3763
o Cube.003_4
v -0.654751 0.190656 -0.591096
v -0.728872 0.223715 -0.477134
v -0.553879 0.151867 -0.314252
v -0.470725 0.115099 -0.419806
v -0.864627 0.577194 -1.336123
v -1.392486 0.820506 -0.668507
v -1.342908 0.904710 -0.657564
v -0.821461 0.664081 -1.331163
v -1.655186 0.927919 -0.338894
v -1.608714 0.914022 -0.297328
v -1.569340 0.978006 -0.287932
v -1.605606 1.012122 -0.327954
v -1.655186 0.927919 -0.338894
v -1.605606 1.012122 -0.327954
v -0.821838 0.564392 -1.297849
v -0.612958 0.478985 -1.559934
v -0.579190 0.547258 -1.556398
v -0.788070 0.632665 -1.294314
v -1.608714 0.914022 -0.297328
v -1.346014 0.806609 -0.626941
v -1.306642 0.870593 -0.617542
v -1.569340 0.978006 -0.287932
v -0.655747 0.491787 -1.598208
v -0.612581 0.578674 -1.593248
v -0.612958 0.478985 -1.559934
v -0.655747 0.491787 -1.598208
v -0.612581 0.578674 -1.593248
v -0.579190 0.547258 -1.556398
v 0.305588 0.359051 -0.397208
v 0.409545 0.316368 -0.300445
v 0.581252 0.246161 -0.515887
v 0.504758 0.277567 -0.587087
v -0.690230 0.142272 0.653647
v -0.621317 0.113978 0.717791
v -0.566044 0.131250 0.666026
v -0.623646 0.154900 0.612410
v 0.010374 -0.546237 -0.252093
v -0.054919 -0.519430 -0.312867
v 0.107223 -0.585723 -0.520567
v 0.174464 -0.613331 -0.457979
v 0.205777 -0.541617 -0.637419
v 0.286935 -0.574938 -0.561877
v 0.590722 0.232523 -0.532078
v 0.515508 0.263404 -0.602086
v 0.602931 0.201355 -0.558942
v 0.530464 0.231109 -0.626394
v 0.530464 0.231109 -0.626394
v 0.602931 0.201355 -0.558942
v 0.607814 0.174112 -0.576206
v 0.538340 0.202636 -0.640872
v 0.393460 -0.070808 -0.740735
v 0.462393 -0.099110 -0.676572
v 0.356594 -0.357250 -0.676772
v 0.287660 -0.328948 -0.740935
v 0.456122 0.201646 -0.696205
v 0.527057 0.172521 -0.630179
v 0.535643 0.133323 -0.646632
v 0.469803 0.160355 -0.707915
v 0.443984 0.213097 -0.683222
v 0.516148 0.183468 -0.616052
v 0.527057 0.172521 -0.630179
v 0.456122 0.201646 -0.696205
v 0.343655 -0.521983 -0.599456
v 0.267079 -0.490542 -0.670733
v 0.297669 -0.456782 -0.681390
v 0.370899 -0.486848 -0.613228
v 0.306711 -0.559832 -0.576460
v 0.226993 -0.527102 -0.650662
v -0.732786 -0.157994 0.717580
v -0.801699 -0.129700 0.653436
v -0.714053 -0.249936 0.531464
v -0.656679 -0.273492 0.584867
v -0.021792 0.492734 0.240759
v -0.125749 0.535416 0.143996
v -0.127950 0.479562 0.198950
v -0.059316 0.451383 0.262834
v -0.021792 0.492734 0.240759
v -0.125749 0.535416 0.143996
v 0.286935 -0.574938 -0.561877
v 0.205777 -0.541617 -0.637419
v -0.621317 0.113978 0.717791
v -0.690230 0.142272 0.653647
v -0.801699 -0.129700 0.653436
v -0.732786 -0.157994 0.717580
v 0.316558 -0.404224 -0.665614
v 0.241986 -0.373607 -0.735026
v 0.528229 0.061520 -0.676448
v 0.459295 0.089823 -0.740610
v 0.297917 -0.414456 -0.652788
v 0.221985 -0.383280 -0.723466
v 0.241986 -0.373607 -0.735026
v 0.316558 -0.404224 -0.665614
v -0.462232 -0.352895 0.208888
v -0.209824 -0.456095 -0.114438
v -0.147966 -0.481495 -0.053422
v -0.401832 -0.377694 0.265108
v -0.676885 -0.265132 0.483849
v -0.621495 -0.287878 0.540722
v -0.517462 -0.330314 0.279633
v -0.458543 -0.354506 0.336264
v 0.606429 -0.327155 0.582801
v 0.422403 -0.251598 0.411511
v 0.339250 -0.214830 0.517066
v 0.514243 -0.286678 0.679948
v 1.440359 -0.369179 0.809341
v 1.471624 -0.277405 0.803223
v 0.943555 -0.034057 1.470659
v 0.918736 -0.128427 1.482761
v 0.656035 -0.021014 1.812374
v 0.680857 0.073355 1.800270
v 0.631101 0.074557 1.760222
v 0.613201 0.001756 1.770815
v 0.680857 0.073355 1.800270
v 0.656035 -0.021014 1.812374
v 1.400914 -0.348217 0.771073
v 1.425810 -0.276302 0.766350
v 1.634690 -0.361709 0.504265
v 1.609794 -0.433624 0.508988
v 0.613201 0.001756 1.770815
v 0.631101 0.074557 1.760222
v 0.893798 -0.032855 1.430612
v 0.875901 -0.105657 1.441201
v 1.649239 -0.454586 0.547256
v 1.680504 -0.362813 0.541138
v 1.609794 -0.433624 0.508988
v 1.634690 -0.361709 0.504265
v 1.680504 -0.362813 0.541138
v 1.649239 -0.454586 0.547256
v 0.513502 0.273686 -0.203682
v 0.657745 0.214754 -0.444688
v -0.552405 0.085684 0.781934
v -0.508441 0.107599 0.719642
v 0.241705 -0.640939 -0.395392
v 0.075667 -0.573045 -0.191318
v 0.368094 -0.608260 -0.486336
v 0.665936 0.201642 -0.462069
v 0.675398 0.171602 -0.491490
v 0.675398 0.171602 -0.491490
v 0.677288 0.145588 -0.511540
v 0.655814 -0.178524 -0.496538
v 0.550014 -0.436664 -0.496738
v 0.481081 -0.408362 -0.560901
v 0.586881 -0.150222 -0.560700
v 0.726096 0.090801 -0.444915
v 0.720381 0.057473 -0.474679
v 0.654542 0.084506 -0.535962
v 0.655161 0.119925 -0.510941
v 0.718631 0.100333 -0.427582
v 0.726096 0.090801 -0.444915
v 0.655161 0.119925 -0.510941
v 0.646467 0.129962 -0.494752
v 0.444129 -0.516915 -0.545065
v 0.420232 -0.553423 -0.528179
v 0.386429 -0.592563 -0.502259
v -0.599305 -0.297048 0.638270
v -0.663873 -0.186288 0.781723
v 0.009317 0.423204 0.326717
v 0.082166 0.450051 0.337521
v 0.082166 0.450051 0.337521
v 0.368094 -0.608260 -0.486336
v -0.663873 -0.186288 0.781723
v -0.552405 0.085684 0.781934
v 0.451231 -0.459518 -0.540263
v 0.525803 -0.490135 -0.470851
v 0.652716 0.010409 -0.560576
v 0.721649 -0.017894 -0.496413
v 0.435048 -0.470759 -0.525148
v 0.451231 -0.459518 -0.540263
v 0.525803 -0.490135 -0.470851
v 0.510981 -0.501935 -0.454471
v -0.341433 -0.402493 0.321327
v -0.082961 -0.508182 0.003645
v -0.561240 -0.312613 0.591490
v -0.397987 -0.379368 0.390840
vn 0.3903 0.9206 -0.0132
vn 0.3869 0.9220 -0.0164
vn 0.3851 0.9227 -0.0181
vn -0.7092 0.2628 -0.6541
vn -0.6911 0.3074 -0.6541
vn -0.5082 0.6109 -0.6071
vn -0.5433 0.5672 -0.6189
vn -0.6008 0.2564 0.7571
vn -0.6006 0.2563 0.7574
vn -0.5941 0.2596 0.7613
vn -0.5951 0.2589 0.7608
vn -0.6842 0.3270 -0.6519
vn -0.4976 0.6267 -0.5997
vn 0.7058 -0.2760 0.6524
vn 0.7166 -0.2506 0.6509
vn 0.5510 -0.5602 0.6185
vn 0.5340 -0.5815 0.6138
vn 0.6700 -0.3577 0.6505
vn 0.6817 -0.3327 0.6516
vn 0.4877 -0.6388 0.5951
vn 0.4683 -0.6622 0.5850
vn -0.7181 0.2439 -0.6518
vn -0.5606 0.5484 -0.6205
vn 0.6006 -0.2564 -0.7573
vn 0.6007 -0.2564 -0.7572
vn 0.5916 -0.2625 -0.7623
vn 0.5919 -0.2623 -0.7621
vn 0.3792 0.9253 0.0007
vn 0.4918 0.8577 -0.1500
vn 0.4917 0.8577 -0.1499
vn 0.0467 0.9315 0.3607
vn -0.5092 -0.8426 0.1754
vn -0.2120 -0.9577 -0.1946
vn 0.0838 -0.8754 -0.4761
vn 0.6224 0.6936 -0.3627
vn 0.6790 0.5492 -0.4872
vn 0.6973 0.4687 -0.5424
vn 0.6040 -0.2469 -0.7578
vn 0.5301 -0.4018 -0.7467
vn 0.5300 -0.4018 -0.7467
vn 0.7071 0.3997 -0.5833
vn 0.7130 0.3046 -0.6316
vn 0.5369 0.8152 -0.2172
vn 0.3615 -0.6453 -0.6730
vn 0.4074 -0.5893 -0.6976
vn 0.2558 -0.7526 -0.6068
vn -0.5924 -0.7444 0.3081
vn -0.4968 -0.8535 0.1571
vn -0.4967 -0.8536 0.1571
vn -0.3435 0.6655 0.6626
vn 0.0838 -0.8754 -0.4762
vn -0.6040 0.2469 0.7578
vn 0.2893 -0.7215 -0.6291
vn 0.6765 -0.0211 -0.7361
vn 0.1205 -0.8540 -0.5062
vn 0.2893 -0.7215 -0.6290
vn -0.3792 -0.9253 -0.0007
vn -0.2250 -0.9592 -0.1714
vn -0.2323 -0.9572 -0.1727
vn 0.3955 0.9184 -0.0084
vn 0.3937 0.9192 -0.0101
vn 0.6923 -0.3126 0.6504
vn 0.7858 0.0215 0.6182
vn 0.7931 0.0766 0.6042
vn 0.7106 -0.2680 0.6505
vn -0.5995 0.2559 0.7584
vn -0.6017 0.2616 0.7546
vn -0.6019 0.2629 0.7541
vn -0.5997 0.2559 0.7582
vn 0.7929 0.0968 0.6016
vn 0.7165 -0.2481 0.6519
vn -0.6961 0.2996 -0.6525
vn -0.7869 -0.0391 -0.6158
vn -0.7824 -0.0128 -0.6227
vn -0.6851 0.3249 -0.6519
vn -0.7271 0.2159 -0.6517
vn -0.7943 -0.1438 -0.5902
vn -0.7938 -0.1126 -0.5977
vn -0.7187 0.2422 -0.6518
vn 0.6823 -0.3311 0.6517
vn 0.7793 -0.0018 0.6267
vn 0.5996 -0.2560 -0.7582
vn 0.6015 -0.2662 -0.7532
vn 0.6016 -0.2666 -0.7530
vn 0.5996 -0.2560 -0.7583
vn -0.2121 -0.9576 -0.1947
vn -0.4967 -0.8536 0.1572
vn -0.2341 -0.9554 -0.1799
vt 0.552620 0.441120
vt 0.555680 0.474130
vt 0.615010 0.474140
vt 0.615010 0.441140
vt 0.278820 0.914030
vt 0.272790 0.704170
vt 0.249760 0.704350
vt 0.255810 0.914220
vt 0.635290 0.170480
vt 0.650300 0.169410
vt 0.653970 0.151830
vt 0.639540 0.147560
vt 0.272790 0.601000
vt 0.249760 0.601180
vt 0.468770 0.694290
vt 0.468780 0.614960
vt 0.450710 0.614390
vt 0.450710 0.693730
vt 0.462620 0.996990
vt 0.462620 0.897220
vt 0.444990 0.896100
vt 0.444990 0.995870
vt 0.278820 0.996060
vt 0.255810 0.996250
vt 0.981570 0.689100
vt 0.967630 0.689820
vt 0.972540 0.712340
vt 0.985340 0.706790
vt 0.451200 0.523660
vt 0.415950 0.523660
vt 0.415950 0.591060
vt 0.441890 0.591060
vt 0.813840 0.432700
vt 0.830780 0.448750
vt 0.842180 0.436840
vt 0.828020 0.423420
vt 0.671600 0.900670
vt 0.649460 0.900670
vt 0.648800 0.965080
vt 0.671600 0.965070
vt 0.644060 0.996980
vt 0.671580 0.996980
vt 0.415960 0.596050
vt 0.441470 0.596060
vt 0.416000 0.604270
vt 0.440570 0.604270
vt 0.980790 0.140470
vt 0.987540 0.164020
vt 0.992760 0.162230
vt 0.986290 0.139660
vt 0.048220 0.239000
vt 0.024880 0.238990
vt 0.024880 0.305160
vt 0.048220 0.305170
vt 0.048730 0.173660
vt 0.024710 0.173660
vt 0.023490 0.181440
vt 0.045780 0.181450
vt 0.210390 0.134130
vt 0.210390 0.109710
vt 0.205680 0.109340
vt 0.205680 0.133350
vt 0.914400 0.448150
vt 0.914400 0.422270
vt 0.904190 0.423180
vt 0.904190 0.447930
vt 0.926100 0.448520
vt 0.926100 0.421580
vt 0.671580 0.596730
vt 0.648210 0.596730
vt 0.652150 0.638840
vt 0.671600 0.638840
vt 0.678570 0.996990
vt 0.713500 0.996940
vt 0.700710 0.984450
vt 0.677640 0.984480
vt 0.415950 0.354340
vt 0.451200 0.354350
vt 0.931240 0.448750
vt 0.931240 0.421330
vt 0.298080 0.135170
vt 0.298080 0.158280
vt 0.367940 0.158370
vt 0.367940 0.135260
vt 0.026340 0.319110
vt 0.051590 0.319120
vt 0.024880 0.197820
vt 0.048220 0.197830
vt 0.539860 0.144630
vt 0.539860 0.170320
vt 0.544110 0.169450
vt 0.544110 0.144220
vt 0.651120 0.738870
vt 0.650090 0.839140
vt 0.671600 0.838520
vt 0.671600 0.738870
vt 0.652000 0.653610
vt 0.671600 0.652650
vt 0.651350 0.716930
vt 0.671600 0.716610
s 1
usemtl Material.002
f 9054/4152/3768 9055/4153/3768 9056/4154/3769
f 9054/4152/3768 9056/4154/3769 9057/4155/3770
f 9058/4156/3771 9059/4157/3772 9060/4158/3773
f 9058/4156/3771 9060/4158/3773 9061/4159/3774
f 9062/4160/3775 9063/4161/3776 9064/4162/3777
f 9062/4160/3775 9064/4162/3777 9065/4163/3778
f 9059/4157/3772 9066/4164/3779 9067/4165/3780
f 9059/4157/3772 9067/4165/3780 9060/4158/3773
f 9068/4166/3781 9069/4167/3782 9070/4168/3783
f 9068/4166/3781 9070/4168/3783 9071/4169/3784
f 9072/4170/3785 9073/4171/3786 9074/4172/3787
f 9072/4170/3785 9074/4172/3787 9075/4173/3788
f 9073/4171/3786 9068/4166/3781 9071/4169/3784
f 9073/4171/3786 9071/4169/3784 9074/4172/3787
f 9076/4174/3789 9058/4156/3771 9061/4159/3774
f 9076/4174/3789 9061/4159/3774 9077/4175/3790
f 9078/4176/3791 9079/4177/3792 9080/4178/3793
f 9078/4176/3791 9080/4178/3793 9081/4179/3794
f 9082/4180/3795 9083/4181/3795 9084/4182/3796
f 9082/4180/3795 9084/4182/3796 9085/4183/3797
s 0
f 9086/4184/3798 9087/4185/3798 9088/4186/3798
f 9086/4184/3798 9088/4186/3798 9089/4187/3798
s 1
f 9090/4188/3799 9091/4189/3799 9092/4190/3800
f 9090/4188/3799 9092/4190/3800 9093/4191/3800
f 9094/4192/3801 9095/4193/3801 9093/4191/3800
f 9094/4192/3801 9093/4191/3800 9092/4190/3800
f 9085/4183/3797 9084/4182/3796 9096/4194/3802
f 9085/4183/3797 9096/4194/3802 9097/4195/3802
f 9097/4195/3802 9096/4194/3802 9098/4196/3803
f 9097/4195/3802 9098/4196/3803 9099/4197/3803
f 9100/4198/3803 9101/4199/3803 9102/4200/3804
f 9100/4198/3803 9102/4200/3804 9103/4201/3804
f 9104/4202/3805 9105/4203/3805 9106/4204/3806
f 9104/4202/3805 9106/4204/3806 9107/4205/3807
f 9108/4206/3808 9109/4207/3808 9110/4208/3809
f 9108/4206/3808 9110/4208/3809 9111/4209/3809
s 0
f 9112/4210/3810 9113/4211/3810 9114/4212/3810
f 9112/4210/3810 9114/4212/3810 9115/4213/3810
s 1
f 9116/4214/3811 9117/4215/3811 9118/4216/3812
f 9116/4214/3811 9118/4216/3812 9119/4217/3812
f 9120/4218/3813 9121/4219/3813 9117/4215/3811
f 9120/4218/3813 9117/4215/3811 9116/4214/3811
f 9122/4220/3814 9123/4221/3814 9124/4222/3815
f 9122/4220/3814 9124/4222/3815 9125/4223/3816
s 0
f 9126/4224/3817 9127/4225/3817 9128/4226/3817
f 9126/4224/3817 9128/4226/3817 9129/4227/3817
f 9130/4228/3795 9083/4181/3795 9082/4180/3795
f 9130/4228/3795 9082/4180/3795 9131/4229/3795
s 1
f 9132/4230/3818 9133/4231/3818 9121/4219/3813
f 9132/4230/3818 9121/4219/3813 9120/4218/3813
s 0
f 9134/4232/3819 9135/4233/3819 9136/4234/3819
f 9134/4232/3819 9136/4234/3819 9137/4235/3819
s 1
f 9138/4236/3820 9139/4237/3820 9107/4205/3807
f 9138/4236/3820 9107/4205/3807 9106/4204/3806
f 9140/4238/3821 9141/4239/3821 9111/4209/3809
f 9140/4238/3821 9111/4209/3809 9110/4208/3809
f 9105/4203/3805 9104/4202/3805 9141/4239/3821
f 9105/4203/3805 9141/4239/3821 9140/4238/3821
f 9142/4240/3822 9143/4241/3822 9144/4242/3823
f 9142/4240/3822 9144/4242/3823 9145/4243/3823
f 9146/4244/3824 9147/4245/3825 9148/4246/3826
f 9146/4244/3824 9148/4246/3826 9149/4247/3824
f 9124/4222/3815 9150/4248/3824 9151/4249/3824
f 9124/4222/3815 9151/4249/3824 9125/4223/3816
s 0
f 9152/4250/3824 9146/4244/3824 9149/4247/3824
f 9152/4250/3824 9149/4247/3824 9153/4251/3824
s 1
f 9154/4152/3768 9155/4155/3827 9156/4154/3828
f 9154/4152/3768 9156/4154/3828 9157/4153/3768
f 9158/4156/3829 9159/4159/3830 9160/4158/3831
f 9158/4156/3829 9160/4158/3831 9161/4157/3832
f 9162/4160/3833 9163/4163/3834 9164/4162/3835
f 9162/4160/3833 9164/4162/3835 9165/4161/3836
f 9161/4157/3832 9160/4158/3831 9166/4165/3837
f 9161/4157/3832 9166/4165/3837 9167/4164/3838
f 9168/4166/3839 9169/4169/3840 9170/4168/3841
f 9168/4166/3839 9170/4168/3841 9171/4167/3842
f 9172/4170/3843 9173/4173/3844 9174/4172/3845
f 9172/4170/3843 9174/4172/3845 9175/4171/3846
f 9175/4171/3846 9174/4172/3845 9169/4169/3840
f 9175/4171/3846 9169/4169/3840 9168/4166/3839
f 9176/4174/3847 9177/4175/3848 9159/4159/3830
f 9176/4174/3847 9159/4159/3830 9158/4156/3829
f 9178/4176/3849 9179/4179/3850 9180/4178/3851
f 9178/4176/3849 9180/4178/3851 9181/4177/3852
f 9182/4180/3795 9183/4183/3797 9084/4182/3796
f 9182/4180/3795 9084/4182/3796 9083/4181/3795
s 0
f 9184/4184/3798 9185/4187/3798 9088/4186/3798
f 9184/4184/3798 9088/4186/3798 9087/4185/3798
s 1
f 9090/4188/3799 9093/4191/3800 9186/4190/3853
f 9090/4188/3799 9186/4190/3853 9187/4189/3799
f 9188/4192/3801 9186/4190/3853 9093/4191/3800
f 9188/4192/3801 9093/4191/3800 9095/4193/3801
f 9183/4183/3797 9189/4195/3802 9096/4194/3802
f 9183/4183/3797 9096/4194/3802 9084/4182/3796
f 9189/4195/3802 9190/4197/3803 9098/4196/3803
f 9189/4195/3802 9098/4196/3803 9096/4194/3802
f 9191/4198/3803 9192/4201/3804 9102/4200/3804
f 9191/4198/3803 9102/4200/3804 9101/4199/3803
f 9193/4202/3805 9194/4205/3807 9195/4204/3806
f 9193/4202/3805 9195/4204/3806 9196/4203/3805
f 9197/4206/3808 9198/4209/3809 9199/4208/3809
f 9197/4206/3808 9199/4208/3809 9200/4207/3808
s 0
f 9201/4210/3810 9202/4213/3810 9203/4212/3810
f 9201/4210/3810 9203/4212/3810 9204/4211/3810
s 1
f 9116/4214/3811 9119/4217/3812 9205/4216/3812
f 9116/4214/3811 9205/4216/3812 9206/4215/3811
f 9120/4218/3813 9116/4214/3811 9206/4215/3811
f 9120/4218/3813 9206/4215/3811 9207/4219/3813
f 9122/4220/3814 9125/4223/3816 9208/4222/3854
f 9122/4220/3814 9208/4222/3854 9209/4221/3814
s 0
f 9126/4224/3817 9129/4227/3817 9210/4226/3817
f 9126/4224/3817 9210/4226/3817 9211/4225/3817
f 9130/4228/3795 9212/4229/3795 9182/4180/3795
f 9130/4228/3795 9182/4180/3795 9083/4181/3795
s 1
f 9132/4230/3818 9120/4218/3813 9207/4219/3813
f 9132/4230/3818 9207/4219/3813 9213/4231/3818
s 0
f 9134/4232/3819 9137/4235/3819 9214/4234/3819
f 9134/4232/3819 9214/4234/3819 9215/4233/3819
s 1
f 9216/4236/3820 9195/4204/3806 9194/4205/3807
f 9216/4236/3820 9194/4205/3807 9217/4237/3820
f 9218/4238/3821 9199/4208/3809 9198/4209/3809
f 9218/4238/3821 9198/4209/3809 9219/4239/3821
f 9196/4203/3805 9218/4238/3821 9219/4239/3821
f 9196/4203/3805 9219/4239/3821 9193/4202/3805
f 9220/4240/3822 9221/4243/3820 9222/4242/3820
f 9220/4240/3822 9222/4242/3820 9223/4241/3822
f 9224/4244/3824 9149/4247/3824 9148/4246/3826
f 9224/4244/3824 9148/4246/3826 9225/4245/3855
f 9208/4222/3854 9125/4223/3816 9151/4249/3824
f 9208/4222/3854 9151/4249/3824 9226/4248/3824
s 0
f 9227/4250/3824 9153/4251/3824 9149/4247/3824
f 9227/4250/3824 9149/4247/3824 9224/4244/3824
o Cube.003_5
v -0.581058 0.014124 -1.073194
v -0.552675 0.017278 -1.051601
v -0.567010 0.014001 -1.061958
v -0.525326 0.033418 -1.035063
v -0.538599 0.023835 -1.042519
v -0.503179 0.060081 -1.026101
v -0.513365 0.045655 -1.029519
v -0.489602 0.093207 -1.026076
v -0.495152 0.076136 -1.024936
v -0.486661 0.127756 -1.034990
v -0.486732 0.110638 -1.029468
v -0.494807 0.158469 -1.051491
v -0.489387 0.143908 -1.042426
v -0.512800 0.180665 -1.073065
v -0.502712 0.170881 -1.061836
v -0.537897 0.190969 -1.096425
v -0.524679 0.187451 -1.084743
v -0.566280 0.187814 -1.118018
v -0.551944 0.191095 -1.107661
v -0.593629 0.171675 -1.134555
v -0.580356 0.181258 -1.127099
v -0.615776 0.145011 -1.143517
v -0.605586 0.159436 -1.140097
v -0.629353 0.111885 -1.143543
v -0.623800 0.128955 -1.144680
v -0.632294 0.077336 -1.134628
v -0.632220 0.094454 -1.140148
v -0.624147 0.046623 -1.118127
v -0.629568 0.061184 -1.127193
v -0.606155 0.024428 -1.096554
v -0.616241 0.034215 -1.107782
v -0.594274 0.017645 -1.084875
v -0.882843 0.020502 0.379418
v -0.853298 0.092587 0.379474
v -0.892007 0.108480 0.343444
v -0.921551 0.036395 0.343388
v 0.977486 -0.625777 0.377487
v 1.002583 -0.636082 0.400847
v 0.989366 -0.632560 0.389166
v 1.030965 -0.632927 0.422440
v 1.016631 -0.636204 0.412083
v 1.058314 -0.616788 0.438978
v 1.045041 -0.626371 0.431522
v 1.080461 -0.590124 0.447940
v 1.070272 -0.604549 0.444519
v 1.094038 -0.556998 0.447965
v 1.088485 -0.574068 0.449102
v 1.096980 -0.522449 0.439051
v 1.096905 -0.539566 0.444570
v 1.088833 -0.491736 0.422549
v 1.094254 -0.506297 0.431615
v 1.070840 -0.469541 0.400976
v 1.080929 -0.479324 0.412205
v 1.045743 -0.459237 0.377616
v 1.058962 -0.462754 0.389297
v 1.017361 -0.462391 0.356023
v 1.031697 -0.459110 0.366380
v 0.990012 -0.478530 0.339486
v 1.003285 -0.468948 0.346941
v 0.967865 -0.505194 0.330524
v 0.978051 -0.490768 0.333941
v 0.954288 -0.538320 0.330498
v 0.959838 -0.521249 0.329358
v 0.951346 -0.572869 0.339412
v 0.951418 -0.555750 0.333891
v 0.959493 -0.603582 0.355914
v 0.954072 -0.589021 0.346848
v 0.967399 -0.615990 0.366258
v -0.353983 -0.196635 0.871677
v -0.315274 -0.212528 0.907706
v -0.285730 -0.140443 0.907762
v -0.324438 -0.124551 0.871733
vn 0.6040 -0.2469 -0.7578
vn 0.6040 -0.2470 -0.7578
vn 0.6039 -0.2469 -0.7578
vn -0.6040 0.2469 0.7578
vt 0.906290 0.033680
vt 0.913780 0.037680
vt 0.910230 0.035310
vt 0.919180 0.044250
vt 0.916800 0.040700
vt 0.921640 0.052370
vt 0.920810 0.048190
vt 0.920810 0.060820
vt 0.921640 0.056640
vt 0.916810 0.068310
vt 0.919180 0.064770
vt 0.910240 0.073700
vt 0.913790 0.071330
vt 0.902100 0.076170
vt 0.906290 0.075330
vt 0.893650 0.075330
vt 0.897840 0.076170
vt 0.886150 0.071330
vt 0.889700 0.073700
vt 0.880760 0.064770
vt 0.883130 0.068310
vt 0.878290 0.056640
vt 0.879130 0.060820
vt 0.879130 0.048190
vt 0.878290 0.052370
vt 0.883130 0.040700
vt 0.880760 0.044250
vt 0.889700 0.035310
vt 0.886150 0.037680
vt 0.897830 0.032850
vt 0.893640 0.033680
vt 0.902100 0.032850
vt 0.677640 0.598930
vt 0.677640 0.617410
vt 0.690650 0.617390
vt 0.690650 0.598920
s 0
usemtl Material.003
f 9228/4252/3856 9229/4253/3856 9230/4254/3856
f 9231/4255/3857 9232/4256/3857 9229/4253/3857
f 9233/4257/3857 9234/4258/3857 9231/4255/3857
f 9235/4259/3856 9236/4260/3856 9233/4257/3856
f 9237/4261/3857 9238/4262/3857 9235/4259/3857
f 9239/4263/3857 9240/4264/3857 9237/4261/3857
f 9241/4265/3857 9242/4266/3857 9239/4263/3857
f 9243/4267/3856 9244/4268/3856 9241/4265/3856
f 9245/4269/3856 9246/4270/3856 9243/4267/3856
f 9247/4271/3858 9248/4272/3858 9245/4269/3858
f 9249/4273/3858 9250/4274/3858 9247/4271/3858
f 9251/4275/3856 9252/4276/3856 9249/4273/3856
f 9253/4277/3858 9254/4278/3858 9251/4275/3858
f 9255/4279/3856 9256/4280/3856 9253/4277/3856
f 9257/4281/3857 9258/4282/3857 9255/4279/3857
f 9228/4252/3856 9259/4283/3856 9257/4281/3856
f 9228/4252/3856 9231/4255/3856 9229/4253/3856
f 9235/4259/3856 9233/4257/3856 9231/4255/3856
f 9239/4263/3856 9237/4261/3856 9235/4259/3856
f 9243/4267/3856 9241/4265/3856 9239/4263/3856
f 9247/4271/3856 9245/4269/3856 9243/4267/3856
f 9251/4275/3856 9249/4273/3856 9247/4271/3856
f 9255/4279/3856 9253/4277/3856 9251/4275/3856
f 9228/4252/3856 9257/4281/3856 9255/4279/3856
f 9228/4252/3856 9235/4259/3856 9231/4255/3856
f 9243/4267/3856 9239/4263/3856 9235/4259/3856
f 9251/4275/3856 9247/4271/3856 9243/4267/3856
f 9228/4252/3856 9255/4279/3856 9251/4275/3856
f 9228/4252/3856 9243/4267/3856 9235/4259/3856
f 9228/4252/3856 9251/4275/3856 9243/4267/3856
f 9264/4252/3856 9265/4281/3856 9266/4283/3856
f 9267/4279/3856 9268/4282/3856 9265/4281/3856
f 9269/4277/3857 9270/4280/3857 9267/4279/3857
f 9271/4275/3857 9272/4278/3857 9269/4277/3857
f 9273/4273/3856 9274/4276/3856 9271/4275/3856
f 9275/4271/3857 9276/4274/3857 9273/4273/3857
f 9277/4269/3857 9278/4272/3857 9275/4271/3857
f 9279/4267/3857 9280/4270/3857 9277/4269/3857
f 9281/4265/3856 9282/4268/3856 9279/4267/3856
f 9283/4263/3856 9284/4266/3856 9281/4265/3856
f 9285/4261/3858 9286/4264/3858 9283/4263/3858
f 9287/4259/3858 9288/4262/3858 9285/4261/3858
f 9289/4257/3856 9290/4260/3856 9287/4259/3856
f 9291/4255/3858 9292/4258/3858 9289/4257/3858
f 9293/4253/3856 9294/4256/3856 9291/4255/3856
f 9264/4252/3857 9295/4254/3857 9293/4253/3857
f 9264/4252/3856 9267/4279/3856 9265/4281/3856
f 9271/4275/3856 9269/4277/3856 9267/4279/3856
f 9275/4271/3856 9273/4273/3856 9271/4275/3856
f 9279/4267/3856 9277/4269/3856 9275/4271/3856
f 9283/4263/3856 9281/4265/3856 9279/4267/3856
f 9287/4259/3856 9285/4261/3856 9283/4263/3856
f 9291/4255/3856 9289/4257/3856 9287/4259/3856
f 9264/4252/3856 9293/4253/3856 9291/4255/3856
f 9264/4252/3856 9271/4275/3856 9267/4279/3856
f 9279/4267/3856 9275/4271/3856 9271/4275/3856
f 9287/4259/3856 9283/4263/3856 9279/4267/3856
f 9264/4252/3856 9291/4255/3856 9287/4259/3856
f 9264/4252/3856 9279/4267/3856 9271/4275/3856
f 9264/4252/3856 9287/4259/3856 9279/4267/3856
f 9260/4284/3859 9261/4285/3859 9262/4286/3859
f 9260/4284/3859 9262/4286/3859 9263/4287/3859
f 9296/4284/3859 9297/4287/3859 9298/4286/3859
f 9296/4284/3859 9298/4286/3859 9299/4285/3859
