# Blender 5.0.0
# www.blender.org
mtllib spaceship.mtl
o Spaceship_BarbaraTheBee
v 13.748487 -2.682194 -13.484314
v 10.802116 0.000003 -16.166512
v 13.748487 0.000004 -13.748488
v 10.802116 -3.153928 -15.855877
v 7.440629 -3.504457 -17.618103
v 7.440629 0.000003 -17.963264
v 13.748489 2.682196 -13.484307
v 3.793201 -3.720312 -18.703276
v 3.793201 0.000003 -19.069698
v 10.802116 3.153926 -15.855860
v 0.000000 -3.793196 -19.069696
v 0.000000 0.000004 -19.443296
v 7.440629 3.504460 -17.618095
v -3.793201 -7.297656 -17.618101
v -3.793201 -3.720312 -18.703276
v 3.793201 3.720309 -18.703262
v -3.793201 0.000003 -19.069698
v -3.793201 3.720309 -18.703262
v 0.000000 3.793196 -19.069685
v 13.263325 0.000003 -3.793201
v 14.369762 1.451596 -7.297651
v 13.263326 0.740020 -3.720312
v 12.889727 0.000008 0.000008
v 13.263325 -0.740014 -3.720316
v 13.263325 -1.451594 -3.504461
v 14.369762 0.000003 -7.440630
v 16.166515 2.107388 -10.594548
v 14.369762 -1.451593 -7.297661
v 14.369762 -2.847406 -6.874246
v 16.166515 0.000003 -10.802118
v 16.166515 -2.107387 -10.594559
v 16.166515 -4.133790 -9.979856
v 16.166515 0.000003 -10.802118
v 14.957501 -2.394791 -12.039437
v 14.957501 0.000003 -12.275304
v 14.957501 2.394792 -12.039428
v 16.166515 2.107388 -10.594548
v 16.166515 -2.107387 -10.594559
v 13.748487 -5.261316 -12.701945
v 13.748487 -2.682194 -13.484314
v 13.748489 2.682196 -13.484307
v 13.748487 0.000004 -13.748488
v 14.957501 -4.697554 -11.340900
v 16.166515 -4.133790 -9.979856
v 13.748487 -5.261316 -12.701945
v 10.802116 -6.186655 -14.935907
v 7.440629 -6.874241 -16.595890
v 3.793201 -7.297656 -17.618101
v 0.000000 -7.440626 -17.963261
v 13.263325 -2.107389 -3.153931
v 7.440629 -9.979854 -14.935906
v 3.793201 -7.297656 -17.618101
v 7.440629 -6.874241 -16.595890
v 3.793200 -10.594556 -15.855871
v 0.000000 -10.802116 -16.166506
v 0.000000 -7.440626 -17.963261
v -3.793201 -13.484309 -13.484309
v -3.793200 -10.594556 -15.855871
v -3.793201 -7.297656 -17.618101
v 13.263325 -2.682197 -2.682198
v 13.263325 -1.451594 -3.504461
v 14.369762 -4.133791 -6.186657
v 14.369762 -2.847406 -6.874246
v 13.263325 -2.107389 -3.153931
v 16.166515 -6.001334 -8.981632
v 16.166515 -4.133790 -9.979856
v 14.369762 -5.261319 -5.261319
v 16.166515 -7.638251 -7.638249
v 16.166515 -4.133790 -9.979856
v 14.957501 -6.819792 -10.206541
v 14.957501 -4.697554 -11.340900
v 13.748489 -9.721649 -9.721647
v 13.748487 -7.638249 -11.431449
v 16.166515 -7.638251 -7.638249
v 14.957501 -8.679950 -8.679948
v 16.166515 -6.001334 -8.981632
v 13.748487 -5.261316 -12.701945
v 13.748487 -7.638249 -11.431449
v 13.748489 -9.721649 -9.721647
v 10.802116 -8.981631 -13.441960
v 10.802116 -6.186655 -14.935907
v 13.748487 -5.261316 -12.701945
v 10.802116 -11.431450 -11.431446
v 14.957501 -10.206542 -6.819790
v 7.440629 -12.701946 -12.701943
v 7.440629 -14.935908 -9.979853
v 3.793202 -15.855873 -10.594551
v 3.793201 -13.484309 -13.484309
v 0.000000 -16.166510 -10.802112
v 0.000000 -13.748487 -13.748482
v 13.263325 -3.153932 -2.107388
v 13.263325 -2.682197 -2.682198
v 13.263325 -3.153932 -2.107388
v 14.369762 -6.186658 -4.133791
v 0.000000 -17.963263 -7.440621
v 13.263325 -3.504461 -1.451593
v 14.369762 -6.874244 -2.847403
v 16.166515 -9.979857 -4.133790
v 16.166515 -8.981632 -6.001333
v 16.166515 -8.981632 -6.001333
v 16.166515 -9.979857 -4.133790
v 13.748489 -12.701946 -5.261315
v 13.748489 -11.431452 -7.638247
v 10.802116 -13.441963 -8.981629
v 10.802116 -11.431450 -11.431446
v 10.802118 -14.935907 -6.186652
v 10.802116 -13.441963 -8.981629
v 3.793202 -17.618101 -7.297651
v 7.440629 -16.595890 -6.874239
v 10.802118 -15.855873 -3.153925
v 14.957501 -11.340901 -4.697552
v 14.957501 -12.039437 -2.394789
v 10.802118 -14.935907 -6.186652
v -3.793202 -15.855873 -10.594551
v 13.263325 -3.720317 -0.740014
v 13.263325 -3.504461 -1.451593
v 13.263325 -3.720317 -0.740014
v 14.369761 -7.297659 -1.451592
v 16.166515 -10.594560 -2.107385
v 13.263325 -3.793200 0.000004
v 14.369761 -7.440629 0.000004
v 16.166515 -10.802117 0.000004
v 16.166515 -10.594560 -2.107385
v 13.748489 -13.748486 0.000005
v 13.748489 -13.484314 -2.682193
v 14.957501 -12.275302 0.000004
v 7.440630 -17.618101 -3.504454
v 3.793203 -19.069695 0.000008
v 3.793202 -18.703276 -3.720306
v 10.802118 -14.935907 -6.186652
v 10.802118 -15.855873 -3.153925
v 7.440629 -16.595890 -6.874239
v 7.440630 -17.963263 0.000005
v 3.793202 -17.618101 -7.297651
v 0.000000 -19.443296 0.000008
v 0.000000 -19.069698 -3.793192
v 0.000000 -17.963263 -7.440621
v -3.793202 -17.618101 -7.297651
v 10.802118 -16.166506 0.000006
v 13.748489 -13.484314 -2.682193
v 13.748489 -13.748486 0.000005
v -3.793202 -18.703276 -3.720306
v -3.793203 -18.703272 3.720321
v -3.793203 -19.069695 0.000008
v 13.263325 -3.720317 0.740021
v 13.263325 -3.793200 0.000004
v 16.166515 -10.802117 0.000004
v 13.263325 -3.720317 0.740021
v 14.369761 -6.874243 2.847411
v 14.369761 -7.297659 1.451599
v 16.166515 -10.594560 2.107394
v 16.166515 -9.979855 4.133796
v 16.166515 -10.594560 2.107394
v 14.957501 -12.039436 2.394798
v 14.957501 -11.340899 4.697560
v 13.748489 -12.701943 5.261323
v 13.748489 -13.484312 2.682202
v 13.748489 -13.484312 2.682202
v 10.802118 -15.855873 3.153935
v 7.440631 -17.618101 3.504465
v 3.793203 -18.703272 3.720321
v 0.000000 -19.069696 3.793207
v -3.793204 -17.618097 7.297664
v 13.263325 -3.504460 1.451600
v 10.802118 -14.935905 6.186662
v 7.440631 -16.595890 6.874249
v 3.793204 -17.618097 7.297664
v 0.000000 -17.963263 7.440636
v -3.793204 -15.855869 10.594563
v 13.263325 -3.153931 2.107395
v 13.263325 -3.153931 2.107395
v 14.369761 -6.186656 4.133797
v 13.263325 -3.504460 1.451600
v 16.166515 -8.981630 6.001340
v 16.166515 -8.981630 6.001340
v 14.957501 -10.206539 6.819798
v 16.166515 -9.979855 4.133796
v 13.748489 -12.701943 5.261323
v 14.369761 -5.261317 5.261324
v 16.166512 -7.638248 7.638256
v 14.957501 -8.679947 8.679955
v 13.748492 -9.721644 9.721654
v 13.748489 -11.431449 7.638255
v 13.748489 -11.431449 7.638255
v 10.802121 -13.441958 8.981638
v 13.748492 -9.721644 9.721654
v 10.802121 -11.431444 11.431456
v 7.440632 -14.935906 9.979858
v 3.793204 -15.855869 10.594563
v 0.000000 -16.166508 10.802125
v -3.793205 -13.484306 13.484317
v 13.263325 -2.682197 2.682204
v 7.440632 -12.701944 12.701950
v 3.793205 -13.484306 13.484317
v 0.000000 -13.748482 13.748496
v 13.263325 -2.107388 3.153937
v 13.263325 -2.682197 2.682204
v 16.166512 -6.001333 8.981638
v 14.369761 -4.133790 6.186662
v 16.166512 -7.638248 7.638256
v 16.166512 -6.001333 8.981638
v 14.957501 -6.819789 10.206546
v 13.263325 -2.107388 3.153937
v 16.166512 -4.133788 9.979861
v 16.166512 -4.133788 9.979861
v 14.957501 -4.697551 11.340905
v 13.748492 -5.261313 12.701948
v 13.748492 -7.638246 11.431454
v 13.263325 -1.451593 3.504466
v 14.369761 -2.847403 6.874249
v 14.369761 -1.451592 7.297664
v 14.369761 -2.847403 6.874249
v 13.263325 -0.740015 3.720321
v 13.263325 -1.451593 3.504466
v 16.166512 -4.133788 9.979861
v 16.166512 -2.107386 10.594562
v 14.957501 -4.697551 11.340905
v 16.166512 0.000003 10.802124
v 14.957501 -2.394789 12.039440
v 13.748492 -2.682193 13.484317
v 13.748492 -5.261313 12.701948
v 14.369761 0.000002 7.440633
v 13.263325 0.000003 3.793206
v 16.166512 -2.107386 10.594562
v 16.166512 -4.133788 9.979861
v 13.263325 0.740021 3.720321
v 14.369761 1.451597 7.297663
v 16.166512 2.107392 10.594562
v 16.166512 0.000003 10.802124
v 14.957501 2.394797 12.039440
v 14.957501 0.000004 12.275307
v 16.166512 2.107392 10.594562
v 16.166512 4.133794 9.979859
v 10.100736 11.027082 10.907626
v 7.440635 12.701946 12.701948
v 6.858156 12.252640 12.133186
v 10.802122 11.431450 11.431446
v 3.793206 13.484312 13.484313
v 3.339748 13.007331 12.887877
v 12.942884 9.377768 9.258309
v 13.748492 9.721653 9.721649
v 12.942884 9.377768 9.258309
v 13.748493 7.638254 11.431452
v 13.748492 9.721653 9.721649
v 12.942885 7.368065 10.907630
v 13.748492 5.261322 12.701947
v 13.748492 -5.261313 12.701948
v 12.942884 -7.368057 10.907632
v 13.748492 -7.638246 11.431454
v 12.942884 -5.075205 12.133186
v 12.942884 -9.377760 9.258314
v 13.748492 -9.721644 9.721654
v 3.339746 -13.007325 12.887881
v 0.000000 -13.748482 13.748496
v 3.793205 -13.484306 13.484317
v 0.000000 -13.262157 13.142713
v 6.858153 -12.252638 12.133186
v -3.339746 -13.007325 12.887881
v 13.263325 1.451599 3.504465
v 14.369761 2.847408 6.874248
v 16.166512 4.133794 9.979859
v 12.942884 5.075212 12.133184
v 13.748492 2.682201 13.484316
v 13.748492 5.261322 12.701947
v 12.942884 2.587324 12.887879
v 13.748492 0.000005 13.748489
v 14.369761 4.133793 6.186660
v 13.263325 2.107394 3.153936
v 14.957501 4.697558 11.340903
v 12.942884 -2.587315 12.887880
v 13.748492 -2.682193 13.484317
v 12.942884 0.000004 13.142707
v 7.440632 -12.701944 12.701950
v 10.100736 -11.027078 10.907634
v 10.802121 -11.431444 11.431456
v 12.942884 -9.377760 9.258314
v 13.748492 -9.721644 9.721654
v 12.942884 5.075212 12.133184
v 14.369761 5.261321 5.261322
v 13.263325 2.682202 2.682203
v 16.166513 6.001338 8.981637
v 16.166512 7.638254 7.638255
v 16.166513 6.001338 8.981637
v 14.957504 6.819796 10.206544
v 13.748492 5.261322 12.701947
v 16.166512 7.638254 7.638255
v 14.957501 8.679954 8.679952
v 13.263325 3.153935 2.107394
v 14.369761 6.186659 4.133794
v 16.166512 8.981636 6.001339
v 14.957502 10.206543 6.819796
v 13.748493 7.638254 11.431452
v 0.000000 13.748492 13.748489
v -3.339748 13.007331 12.887877
v 0.000000 13.262165 13.142708
v 13.748492 -2.682193 13.484317
v 12.942884 -5.075205 12.133186
v 13.748492 -5.261313 12.701948
v 12.942884 -2.587315 12.887880
v 7.440635 12.701946 12.701948
v 4.237110 14.142046 12.354210
v 3.793206 13.484312 13.484313
v 7.413092 13.422184 11.720031
v 0.000000 14.385118 12.568352
v 0.000000 13.748492 13.748489
v 10.802122 11.431450 11.431446
v 10.340093 12.253187 10.690166
v 12.905632 11.353512 8.483518
v 10.802121 13.441963 8.981630
v 10.340093 13.045172 9.725132
v 13.748493 11.431451 7.638253
v 7.440632 14.935909 9.979859
v 7.413092 14.302190 10.647741
v 3.793206 15.855873 10.594556
v 0.000000 15.337630 11.407714
v 4.237110 15.076255 11.215875
v 0.000000 16.166515 10.802118
v -3.793206 15.855873 10.594556
v 12.905632 10.679986 9.304212
v 13.263326 3.504465 1.451599
v 16.166512 9.979857 4.133795
v 14.369759 6.874247 2.847407
v 16.166512 8.981636 6.001339
v 13.748492 9.721653 9.721649
v 14.957501 11.340903 4.697557
v 14.369761 7.297660 1.451597
v 13.263325 3.720319 0.740020
v 16.166513 10.594560 2.107391
v 16.166512 9.979857 4.133795
v 16.166513 10.594560 2.107391
v 14.957501 12.039437 2.394795
v 13.748493 11.431451 7.638253
v 13.748490 13.484314 2.682198
v 13.748492 12.701947 5.261320
v 13.748493 11.431451 7.638253
v 10.802120 14.935905 6.186654
v 10.802121 13.441963 8.981630
v 13.748492 12.701947 5.261320
v 7.440632 17.618107 3.504463
v 7.440632 16.595894 6.874248
v 7.440632 14.935909 9.979859
v 10.802120 15.855871 3.153929
v 3.793204 18.703276 3.720313
v 3.793204 17.618101 7.297656
v 3.793206 15.855873 10.594556
v 0.000000 17.963268 7.440629
v 0.000000 16.166515 10.802118
v -3.793206 15.855873 10.594556
v 13.748490 13.484314 2.682198
v 3.056576 16.250069 -12.913892
v 3.056575 18.485706 -10.189762
v 3.506957 16.877794 -10.437254
v 3.506958 18.600775 -7.213783
v 3.793203 17.618097 -7.297652
v 3.506958 14.559052 -13.262648
v 3.793202 15.855865 -10.594549
v 13.263326 3.793205 0.000003
v 14.369761 7.440629 0.000003
v 16.166515 10.802117 0.000003
v 14.369761 7.297660 -1.451591
v 16.166515 10.594560 -2.107385
v 10.103266 15.617997 0.442527
v 7.440632 17.963264 0.000005
v 6.959253 17.298513 0.442530
v 10.802120 16.166506 0.000001
v 3.793204 19.069693 0.000001
v 3.547799 18.333361 0.442527
v 12.859020 13.356416 0.442528
v 13.748492 13.748488 0.000001
v 12.859017 13.109333 2.229997
v 10.103266 15.327459 2.544368
v 10.802120 15.855871 3.153929
v 6.959253 16.975683 2.777971
v 7.440632 17.618107 3.504463
v 13.748490 13.484314 2.682198
v 13.989811 11.757934 2.038466
v 14.957501 12.039437 2.394795
v -13.989816 11.978539 0.442528
v -12.859020 13.356416 0.442528
v -13.748492 13.748488 0.000001
v -10.103266 15.617997 0.442527
v -10.802120 16.166506 0.000001
v -14.957504 12.275302 0.000002
v -16.166515 10.802117 0.000003
v -15.120608 10.600663 0.442529
v 13.989813 11.978539 0.442528
v 14.957504 12.275302 0.000002
v 3.506959 19.661787 3.558797
v 3.056577 20.146940 6.676979
v 3.506959 18.600780 7.056468
v 3.793204 19.069693 0.000001
v 3.506959 20.020044 -0.078658
v 3.056577 21.169922 3.304666
v 3.793204 18.703276 3.720313
v 13.263325 3.720319 -0.740013
v 7.440632 17.963264 0.000005
v 10.802117 15.855869 -3.153927
v 7.440631 17.618107 -3.504454
v 3.793204 19.069693 0.000001
v 7.440631 16.595894 -6.874238
v 3.793203 18.703272 -3.720311
v 10.802118 14.935903 -6.186652
v 3.793203 17.618097 -7.297652
v 3.056575 18.485706 -10.189762
v 3.056576 20.146936 -7.081821
v 3.506958 18.600775 -7.213783
v 3.056576 21.169920 -3.709510
v 3.506958 19.661785 -3.716114
v 3.506957 16.877794 -10.437254
v 13.263326 3.504465 -1.451592
v 16.166513 9.979855 -4.133787
v 14.369761 6.874245 -2.847401
v 16.166515 10.594560 -2.107385
v 14.957504 12.275302 0.000002
v 16.166515 10.802117 0.000003
v 14.957501 11.340899 -4.697552
v 14.957501 12.039437 -2.394790
v 13.748489 12.701945 -5.261315
v 13.748489 13.484314 -2.682195
v 13.748492 13.748488 0.000001
v 13.748492 13.748488 0.000001
v 13.748489 13.484314 -2.682195
v 10.802120 16.166506 0.000001
v 13.748489 12.701945 -5.261315
v 14.369761 6.186656 -4.133787
v 16.166513 9.979855 -4.133787
v 16.166515 8.981632 -6.001330
v 14.957504 10.206541 -6.819789
v 10.802117 13.441956 -8.981627
v 13.748490 11.431448 -7.638247
v 7.440631 14.935909 -9.979849
v 3.793202 15.855865 -10.594549
v 3.056577 21.515337 -0.202422
v 3.506959 20.020044 -0.078658
v 3.056577 21.169922 3.304666
v 3.506959 19.661787 3.558797
v 13.263325 3.153935 -2.107386
v 10.802120 11.431441 -11.431441
v 7.440630 12.701946 -12.701939
v 3.793203 13.484306 -13.484302
v 0.000000 14.817346 -13.520940
v -3.056576 16.250069 -12.913892
v 0.000000 16.499104 -13.162929
v 3.056576 16.250069 -12.913892
v 3.506958 14.559052 -13.262648
v 0.000000 13.748482 -13.748479
v 14.369761 5.261320 -5.261313
v 13.263325 2.682201 -2.682195
v 16.166515 8.981632 -6.001330
v 16.166515 7.638250 -7.638246
v 14.957501 8.679948 -8.679946
v 14.957501 6.819792 -10.206535
v 10.802120 11.431441 -11.431441
v 13.748489 9.721647 -9.721645
v 13.748489 7.638249 -11.431444
v 10.802117 13.441956 -8.981627
v 13.748490 11.431448 -7.638247
v 3.056577 20.146940 6.676979
v 0.000000 20.472324 6.811757
v 0.000000 18.938261 7.196257
v -3.056577 20.146940 6.676979
v -3.506959 18.600780 7.056468
v 3.506959 18.600780 7.056468
v 0.000000 17.963268 7.440629
v 13.263325 2.107393 -3.153928
v 14.369762 4.133792 -6.186650
v 16.166515 7.638250 -7.638246
v 16.166515 6.001335 -8.981627
v 0.000000 10.802112 -16.166498
v 3.793203 13.484306 -13.484302
v 3.793202 10.594551 -15.855860
v -3.793203 13.484306 -13.484302
v 0.000000 13.748482 -13.748479
v 7.440630 12.701946 -12.701939
v 7.440630 9.979856 -14.935900
v 0.000000 7.440623 -17.963251
v 13.263326 1.451598 -3.504458
v 14.369764 2.847405 -6.874238
v 16.166515 6.001335 -8.981627
v 10.802118 8.981626 -13.441952
v 10.802118 6.186650 -14.935896
v 10.802120 11.431441 -11.431441
v 10.802118 8.981626 -13.441952
v 3.793202 7.297652 -17.618088
v 7.440629 6.874244 -16.595882
v 16.166515 4.133791 -9.979850
v 14.957501 4.697554 -11.340896
v 13.748489 5.261318 -12.701941
v 10.802118 6.186650 -14.935896
v -3.793202 10.594551 -15.855860
v 16.166515 4.133791 -9.979850
v -3.793202 7.297652 -17.618088
v 13.748489 5.261318 -12.701941
v 12.942884 -9.377760 9.258314
v 10.100736 -8.663918 12.847028
v 10.100736 -11.027078 10.907634
v 12.942884 -7.368057 10.907632
v 6.858154 -9.626835 14.288128
v 6.858153 -12.252638 12.133186
v 3.339747 -7.039510 16.875446
v 3.339747 -10.219789 15.175552
v 3.339746 -13.007325 12.887881
v 0.000000 -7.177424 17.208401
v 0.000000 -10.420008 15.475204
v 0.000000 -13.262157 13.142713
v -3.339746 -13.007325 12.887881
v 6.858154 -6.631077 15.889393
v -3.339747 -10.219789 15.175552
v 10.100736 -5.967807 14.288128
v 6.858154 -3.380493 16.875446
v 6.858154 -6.631077 15.889393
v 12.942884 -7.368057 10.907632
v 12.942884 -5.075205 12.133186
v 10.100736 -8.663918 12.847028
v 10.100736 -3.042359 15.175550
v 6.858154 -9.626835 14.288128
v 3.339747 -3.588708 17.922234
v 3.339747 -7.039510 16.875446
v 12.942884 -2.587315 12.887880
v 6.858154 0.000003 17.208397
v 10.100736 0.000006 15.475195
v 3.339748 0.000006 18.275692
v 0.000000 0.000006 18.636080
v 0.000000 -3.659016 18.275698
v 0.000000 -7.177424 17.208401
v -3.339747 -7.039510 16.875446
v -3.339748 3.588720 17.922234
v -3.339748 0.000006 18.275692
v -3.339747 -3.588708 17.922234
v 12.942884 0.000004 13.142707
v 12.942884 2.587324 12.887879
v 10.100736 3.042370 15.175549
v 6.858154 3.380498 16.875446
v 3.339748 3.588720 17.922234
v 0.000000 3.659029 18.275696
v -3.339748 7.039521 16.875443
v 3.339748 7.039521 16.875443
v 0.000000 7.177436 17.208397
v -3.339748 10.219798 15.175548
v 12.942884 5.075212 12.133184
v 10.100736 5.967819 14.288121
v 6.858154 6.631083 15.889393
v 12.942885 7.368065 10.907630
v 10.100736 8.663926 12.847020
v 10.100736 11.027082 10.907626
v 6.858154 9.626839 14.288128
v 3.339748 10.219798 15.175548
v 0.000000 10.420020 15.475199
v -3.339748 13.007331 12.887877
v 6.858156 12.252640 12.133186
v 12.942884 9.377768 9.258309
v 3.339748 13.007331 12.887877
v 0.000000 13.262165 13.142708
v 10.340093 12.253187 10.690166
v 12.905632 11.353512 8.483518
v 10.340093 13.045172 9.725132
v 7.413092 14.302190 10.647741
v 7.413092 13.422184 11.720031
v 12.905632 10.679986 9.304212
v 4.237110 15.076255 11.215875
v 4.237110 14.142046 12.354210
v 4.237110 14.142046 12.354210
v 0.000000 15.337630 11.407714
v 0.000000 14.385118 12.568352
v -4.237110 14.142046 12.354210
v 4.237110 15.076255 11.215875
v -3.793206 13.484312 13.484313
v 12.905632 10.679986 9.304212
v 13.748492 9.721653 9.721649
v 13.748492 9.721653 9.721649
v 3.056577 20.146940 6.676979
v 0.000000 21.515345 3.373377
v 0.000000 20.472324 6.811757
v -3.056577 20.146940 6.676979
v 3.056577 21.169922 3.304666
v 3.056577 21.169922 3.304666
v 0.000000 21.867527 -0.202421
v 0.000000 21.515345 3.373377
v -3.056577 21.169922 3.304666
v 0.000000 21.515343 -3.778218
v -3.056576 21.169920 -3.709510
v 3.056576 21.169920 -3.709510
v 3.056577 21.515337 -0.202422
v 3.056576 20.146936 -7.081821
v 0.000000 20.472319 -7.216599
v -3.056576 20.146936 -7.081821
v 3.056575 18.485706 -10.189762
v 0.000000 18.778540 -10.385428
v -3.056575 18.485706 -10.189762
v 3.056575 18.485706 -10.189762
v 3.056576 16.250069 -12.913892
v 0.000000 18.778540 -10.385428
v 0.000000 16.499104 -13.162929
v -3.056576 16.250069 -12.913892
v -13.748487 -2.682194 -13.484314
v -10.802116 0.000003 -16.166512
v -10.802116 -3.153928 -15.855877
v -13.748487 0.000004 -13.748488
v -13.748489 2.682196 -13.484307
v -10.802116 3.153926 -15.855860
v -7.440629 0.000003 -17.963264
v -7.440629 -3.504457 -17.618103
v -13.748487 -5.261316 -12.701945
v -7.440629 3.504460 -17.618095
v -10.802116 -6.186655 -14.935907
v -7.440629 -6.874241 -16.595890
v -13.263325 0.000003 -3.793201
v -14.369762 0.000003 -7.440630
v -13.263325 -0.740014 -3.720316
v -12.889727 0.000008 0.000008
v -14.369762 1.451596 -7.297651
v -13.263325 -1.451594 -3.504461
v -14.369762 -1.451593 -7.297661
v -16.166515 0.000003 -10.802118
v -16.166515 2.107388 -10.594548
v -16.166515 -2.107387 -10.594559
v -14.369762 -2.847406 -6.874246
v -16.166515 -4.133790 -9.979856
v -16.166515 0.000003 -10.802118
v -14.957501 2.394792 -12.039428
v -14.957501 0.000003 -12.275304
v -14.957501 -2.394791 -12.039437
v -16.166515 -2.107387 -10.594559
v -13.748487 -5.261316 -12.701945
v -14.957501 -4.697554 -11.340900
v -16.166515 -4.133790 -9.979856
v -13.748487 -2.682194 -13.484314
v -13.748489 2.682196 -13.484307
v -13.748487 0.000004 -13.748488
v -13.263325 -2.107389 -3.153931
v -7.440629 -9.979854 -14.935906
v -10.802116 -11.431450 -11.431446
v -10.802116 -8.981631 -13.441960
v -7.440629 -6.874241 -16.595890
v -7.440629 -12.701946 -12.701943
v -10.802116 -6.186655 -14.935907
v -13.263325 -2.682197 -2.682198
v -14.369762 -4.133791 -6.186657
v -13.263325 -1.451594 -3.504461
v -14.369762 -2.847406 -6.874246
v -16.166515 -6.001334 -8.981632
v -14.369762 -5.261319 -5.261319
v -13.263325 -2.107389 -3.153931
v -13.263325 -2.682197 -2.682198
v -16.166515 -4.133790 -9.979856
v -16.166515 -4.133790 -9.979856
v -14.957501 -6.819792 -10.206541
v -16.166515 -6.001334 -8.981632
v -14.957501 -8.679950 -8.679948
v -16.166515 -7.638251 -7.638249
v -13.748489 -9.721649 -9.721647
v -14.957501 -4.697554 -11.340900
v -13.748487 -7.638249 -11.431449
v -13.748487 -7.638249 -11.431449
v -13.748487 -5.261316 -12.701945
v -13.748489 -9.721649 -9.721647
v -14.957501 -10.206542 -6.819790
v -16.166515 -8.981632 -6.001333
v -7.440629 -14.935908 -9.979853
v -10.802116 -13.441963 -8.981629
v -13.263325 -3.153932 -2.107388
v -13.263325 -3.153932 -2.107388
v -16.166515 -7.638251 -7.638249
v -14.369762 -6.186658 -4.133791
v -3.793202 -17.618101 -7.297651
v -13.263325 -3.504461 -1.451593
v -16.166515 -9.979857 -4.133790
v -14.369762 -6.874244 -2.847403
v -13.263325 -3.504461 -1.451593
v -16.166515 -8.981632 -6.001333
v -16.166515 -9.979857 -4.133790
v -13.748489 -12.701946 -5.261315
v -14.957501 -11.340901 -4.697552
v -10.802116 -13.441963 -8.981629
v -13.748489 -11.431452 -7.638247
v -10.802116 -11.431450 -11.431446
v -10.802118 -14.935907 -6.186652
v -7.440629 -16.595890 -6.874239
v -10.802118 -14.935907 -6.186652
v -10.802118 -15.855873 -3.153925
v -13.748489 -13.484314 -2.682193
v -14.957501 -12.039437 -2.394789
v -13.263325 -3.720317 -0.740014
v -13.263325 -3.720317 -0.740014
v -14.369761 -7.297659 -1.451592
v -16.166515 -10.594560 -2.107385
v -13.263325 -3.793200 0.000004
v -14.369761 -7.440629 0.000004
v -13.263325 -3.793200 0.000004
v -16.166515 -10.802117 0.000004
v -16.166515 -10.594560 -2.107385
v -14.957501 -12.275302 0.000004
v -16.166515 -10.802117 0.000004
v -13.748489 -13.748486 0.000005
v -7.440630 -17.618101 -3.504454
v -10.802118 -14.935907 -6.186652
v -7.440629 -16.595890 -6.874239
v -7.440630 -17.963263 0.000005
v -10.802118 -15.855873 -3.153925
v -10.802118 -16.166506 0.000006
v -13.748489 -13.484314 -2.682193
v -13.748489 -13.484312 2.682202
v -13.748489 -13.748486 0.000005
v -10.802118 -15.855873 3.153935
v -7.440631 -17.618101 3.504465
v -13.263325 -3.720317 0.740021
v -13.263325 -3.720317 0.740021
v -14.369761 -7.297659 1.451599
v -16.166515 -10.594560 2.107394
v -14.369761 -6.874243 2.847411
v -13.263325 -3.504460 1.451600
v -16.166515 -9.979855 4.133796
v -16.166515 -10.594560 2.107394
v -14.957501 -11.340899 4.697560
v -16.166515 -9.979855 4.133796
v -14.957501 -12.039436 2.394798
v -13.748489 -13.484312 2.682202
v -13.748489 -12.701943 5.261323
v -13.748489 -12.701943 5.261323
v -10.802118 -14.935905 6.186662
v -7.440631 -16.595890 6.874249
v -13.263325 -3.504460 1.451600
v -13.748489 -11.431449 7.638255
v -10.802121 -13.441958 8.981638
v -7.440632 -14.935906 9.979858
v -13.263325 -3.153931 2.107395
v -14.369761 -6.186656 4.133797
v -13.263325 -3.153931 2.107395
v -14.369761 -5.261317 5.261324
v -13.263325 -2.682197 2.682204
v -16.166512 -7.638248 7.638256
v -16.166515 -8.981630 6.001340
v -16.166515 -8.981630 6.001340
v -14.957501 -10.206539 6.819798
v -14.957501 -8.679947 8.679955
v -16.166512 -7.638248 7.638256
v -13.748492 -9.721644 9.721654
v -13.748489 -11.431449 7.638255
v -10.802121 -11.431444 11.431456
v -13.748492 -9.721644 9.721654
v -7.440632 -12.701944 12.701950
v -13.263325 -2.682197 2.682204
v -13.263325 -2.107388 3.153937
v -16.166512 -6.001333 8.981638
v -14.369761 -4.133790 6.186662
v -13.263325 -2.107388 3.153937
v -14.957501 -6.819789 10.206546
v -16.166512 -6.001333 8.981638
v -16.166512 -4.133788 9.979861
v -14.369761 -2.847403 6.874249
v -16.166512 -4.133788 9.979861
v -13.748492 -5.261313 12.701948
v -14.957501 -4.697551 11.340905
v -13.263325 -1.451593 3.504466
v -13.263325 -1.451593 3.504466
v -13.263325 -0.740015 3.720321
v -14.369761 -1.451592 7.297664
v -14.957501 -4.697551 11.340905
v -16.166512 -2.107386 10.594562
v -16.166512 -4.133788 9.979861
v -14.957501 -2.394789 12.039440
v -13.748492 -2.682193 13.484317
v -16.166512 0.000003 10.802124
v -14.957501 0.000004 12.275307
v -13.263325 0.000003 3.793206
v -14.369761 0.000002 7.440633
v -14.369761 -2.847403 6.874249
v -16.166512 -2.107386 10.594562
v -16.166512 -4.133788 9.979861
v -14.369761 1.451597 7.297663
v -13.263325 0.740021 3.720321
v -16.166512 2.107392 10.594562
v -16.166512 0.000003 10.802124
v -14.957501 2.394797 12.039440
v -16.166512 2.107392 10.594562
v -16.166512 4.133794 9.979859
v -10.100736 11.027082 10.907626
v -7.440635 12.701946 12.701948
v -10.802122 11.431450 11.431446
v -6.858156 12.252640 12.133186
v -12.942884 9.377768 9.258309
v -3.793206 13.484312 13.484313
v -13.748492 9.721653 9.721649
v -13.748493 7.638254 11.431452
v -12.942884 9.377768 9.258309
v -13.748492 5.261322 12.701947
v -12.942885 7.368065 10.907630
v -12.942884 5.075212 12.133184
v -13.748492 -5.261313 12.701948
v -12.942884 -7.368057 10.907632
v -12.942884 -5.075205 12.133186
v -13.748492 -7.638246 11.431454
v -6.858153 -12.252638 12.133186
v -3.793205 -13.484306 13.484317
v -13.263325 1.451599 3.504465
v -14.369761 2.847408 6.874248
v -16.166512 4.133794 9.979859
v -13.748492 5.261322 12.701947
v -13.748492 2.682201 13.484316
v -12.942884 5.075212 12.133184
v -13.748492 0.000005 13.748489
v -12.942884 2.587324 12.887879
v -12.942884 0.000004 13.142707
v -14.369761 4.133793 6.186660
v -13.263325 2.107394 3.153936
v -14.957501 4.697558 11.340903
v -16.166513 6.001338 8.981637
v -13.748492 9.721653 9.721649
v -12.942884 -2.587315 12.887880
v -13.748492 -2.682193 13.484317
v -7.440632 -12.701944 12.701950
v -10.100736 -11.027078 10.907634
v -10.802121 -11.431444 11.431456
v -12.942884 -9.377760 9.258314
v -10.802121 -11.431444 11.431456
v -10.100736 -11.027078 10.907634
v -13.748492 -9.721644 9.721654
v -13.748492 -7.638246 11.431454
v -12.942884 -9.377760 9.258314
v -12.942884 -7.368057 10.907632
v -13.748492 -9.721644 9.721654
v -14.369761 5.261321 5.261322
v -13.263325 2.682202 2.682203
v -16.166512 7.638254 7.638255
v -16.166513 6.001338 8.981637
v -14.957504 6.819796 10.206544
v -13.748492 5.261322 12.701947
v -13.748493 7.638254 11.431452
v -16.166512 7.638254 7.638255
v -13.263325 3.153935 2.107394
v -16.166512 8.981636 6.001339
v -14.369761 6.186659 4.133794
v -14.957501 8.679954 8.679952
v -14.957502 10.206543 6.819796
v -16.166512 8.981636 6.001339
v -13.748492 9.721653 9.721649
v -13.748492 -2.682193 13.484317
v -12.942884 -5.075205 12.133186
v -12.942884 -2.587315 12.887880
v -13.748492 -5.261313 12.701948
v -4.237110 14.142046 12.354210
v -7.440635 12.701946 12.701948
v -7.413092 13.422184 11.720031
v -10.802122 11.431450 11.431446
v -10.802121 13.441963 8.981630
v -12.905632 11.353512 8.483518
v -10.340093 13.045172 9.725132
v -13.748493 11.431451 7.638253
v -4.237110 15.076255 11.215875
v -7.440632 14.935909 9.979859
v -7.413092 14.302190 10.647741
v -10.340093 12.253187 10.690166
v -13.263326 3.504465 1.451599
v -16.166512 9.979857 4.133795
v -14.369759 6.874247 2.847407
v -13.748493 11.431451 7.638253
v -14.957501 11.340903 4.697557
v -16.166512 9.979857 4.133795
v -14.369761 7.297660 1.451597
v -13.263325 3.720319 0.740020
v -16.166513 10.594560 2.107391
v -13.748492 12.701947 5.261320
v -13.748490 13.484314 2.682198
v -14.957501 12.039437 2.394795
v -16.166513 10.594560 2.107391
v -13.748493 11.431451 7.638253
v -10.802120 14.935905 6.186654
v -13.748492 12.701947 5.261320
v -13.748492 9.721653 9.721649
v -12.905632 11.353512 8.483518
v -10.802121 13.441963 8.981630
v -7.440632 17.618107 3.504463
v -10.802120 15.855871 3.153929
v -13.748490 13.484314 2.682198
v -7.440632 16.595894 6.874248
v -7.440632 14.935909 9.979859
v -3.793204 18.703276 3.720313
v -10.340093 13.045172 9.725132
v -7.413092 14.302190 10.647741
v -3.793204 17.618101 7.297656
v -3.056575 18.485706 -10.189762
v -3.056576 16.250069 -12.913892
v -3.506957 16.877794 -10.437254
v -3.506958 14.559052 -13.262648
v -3.793202 15.855865 -10.594549
v -13.263326 3.793205 0.000003
v -16.166515 10.802117 0.000003
v -14.369761 7.440629 0.000003
v -14.369761 7.297660 -1.451591
v 16.166513 10.594560 2.107391
v 15.120605 10.406534 1.846935
v 15.120608 10.600663 0.442529
v 16.166515 10.802117 0.000003
v -16.166513 10.594560 2.107391
v -15.120608 10.600663 0.442529
v -16.166515 10.802117 0.000003
v -15.120605 10.406534 1.846935
v -3.056577 20.146940 6.676979
v -3.506959 19.661787 3.558797
v -3.506959 18.600780 7.056468
v -3.056577 21.169922 3.304666
v -3.793204 19.069693 0.000001
v -3.793204 18.703276 3.720313
v -3.793204 17.618101 7.297656
v -13.263325 3.720319 -0.740013
v -7.440632 17.963264 0.000005
v -3.793204 19.069693 0.000001
v -7.440631 17.618107 -3.504454
v -10.802117 15.855869 -3.153927
v -3.793203 18.703272 -3.720311
v -7.440631 16.595894 -6.874238
v -10.802118 14.935903 -6.186652
v -3.793203 17.618097 -7.297652
v -3.056576 20.146936 -7.081821
v -3.056575 18.485706 -10.189762
v -3.506958 18.600775 -7.213783
v -3.506957 16.877794 -10.437254
v -13.263326 3.504465 -1.451592
v -16.166513 9.979855 -4.133787
v -14.369761 6.874245 -2.847401
v -16.166515 10.594560 -2.107385
v -16.166515 10.802117 0.000003
v -14.957504 12.275302 0.000002
v -16.166515 10.594560 -2.107385
v -13.748492 13.748488 0.000001
v -14.957501 12.039437 -2.394790
v -14.957501 11.340899 -4.697552
v -16.166513 9.979855 -4.133787
v -13.748489 12.701945 -5.261315
v -13.748492 13.748488 0.000001
v -10.802120 16.166506 0.000001
v -13.748489 13.484314 -2.682195
v -13.748489 12.701945 -5.261315
v -14.369761 6.186656 -4.133787
v -16.166515 8.981632 -6.001330
v -13.748490 11.431448 -7.638247
v -10.802117 13.441956 -8.981627
v -7.440631 14.935909 -9.979849
v -3.793202 15.855865 -10.594549
v -3.056576 21.169920 -3.709510
v -3.506958 19.661785 -3.716114
v -3.506959 20.020044 -0.078658
v -3.056577 21.515337 -0.202422
v -3.056577 21.169922 3.304666
v -13.263325 3.153935 -2.107386
v -7.440630 12.701946 -12.701939
v -3.506958 14.559052 -13.262648
v -3.793203 13.484306 -13.484302
v -14.369761 5.261320 -5.261313
v -13.263325 2.682201 -2.682195
v -16.166515 8.981632 -6.001330
v -14.957504 10.206541 -6.819789
v -16.166515 7.638250 -7.638246
v -10.802120 11.431441 -11.431441
v -14.957501 8.679948 -8.679946
v -14.957501 6.819792 -10.206535
v -16.166515 6.001335 -8.981627
v -13.748490 11.431448 -7.638247
v -13.748489 9.721647 -9.721645
v -10.802117 13.441956 -8.981627
v -10.802120 11.431441 -11.431441
v -13.748489 7.638249 -11.431444
v -3.793203 13.484306 -13.484302
v -13.263325 2.107393 -3.153928
v -14.369762 4.133792 -6.186650
v -16.166515 6.001335 -8.981627
v -16.166515 7.638250 -7.638246
v -7.440630 12.701946 -12.701939
v -14.369764 2.847405 -6.874238
v -13.263326 1.451598 -3.504458
v -16.166515 4.133791 -9.979850
v -14.957501 4.697554 -11.340896
v -10.802118 6.186650 -14.935896
v -13.748489 5.261318 -12.701941
v -10.802118 8.981626 -13.441952
v -7.440630 9.979856 -14.935900
v -10.802120 11.431441 -11.431441
v -7.440629 6.874244 -16.595882
v -10.802118 8.981626 -13.441952
v -10.802118 6.186650 -14.935896
v -16.166515 2.107388 -10.594548
v -13.263326 0.740020 -3.720312
v -16.166515 4.133791 -9.979850
v -13.748489 5.261318 -12.701941
v -12.942884 -9.377760 9.258314
v -10.100736 -8.663918 12.847028
v -12.942884 -7.368057 10.907632
v -10.100736 -11.027078 10.907634
v -6.858154 -6.631077 15.889393
v -10.100736 -5.967807 14.288128
v -6.858154 -9.626835 14.288128
v -6.858153 -12.252638 12.133186
v -3.339747 -7.039510 16.875446
v -10.100736 -5.967807 14.288128
v -12.942884 -7.368057 10.907632
v -10.100736 -8.663918 12.847028
v -12.942884 -5.075205 12.133186
v -10.100736 -3.042359 15.175550
v -12.942884 -2.587315 12.887880
v -6.858154 -3.380493 16.875446
v -6.858154 0.000003 17.208397
v -10.100736 -5.967807 14.288128
v -6.858154 -6.631077 15.889393
v -10.100736 -3.042359 15.175550
v -10.100736 0.000006 15.475195
v -6.858154 3.380498 16.875446
v -12.942884 2.587324 12.887879
v -12.942884 0.000004 13.142707
v -12.942884 -2.587315 12.887880
v -10.100736 3.042370 15.175549
v -12.942884 5.075212 12.133184
v -10.100736 5.967819 14.288121
v -6.858154 6.631083 15.889393
v -6.858154 9.626839 14.288128
v -12.942885 7.368065 10.907630
v -10.100736 8.663926 12.847020
v -10.100736 11.027082 10.907626
v -6.858156 12.252640 12.133186
v -12.942885 7.368065 10.907630
v -10.100736 11.027082 10.907626
v -12.942884 9.377768 9.258309
v -10.100736 8.663926 12.847020
v -10.340093 12.253187 10.690166
v -12.905632 11.353512 8.483518
v -12.905632 10.679986 9.304212
v -10.340093 13.045172 9.725132
v -10.340093 12.253187 10.690166
v -7.413092 14.302190 10.647741
v -10.340093 13.045172 9.725132
v -7.413092 13.422184 11.720031
v -4.237110 15.076255 11.215875
v -12.905632 10.679986 9.304212
v -3.056577 21.169922 3.304666
v -3.056577 21.515337 -0.202422
v -3.056575 18.485706 -10.189762
v -3.506959 19.661787 3.558797
v -0.189310 35.109848 -4.398859
v 0.130102 35.218216 -8.303974
v -0.268505 35.218216 -8.297626
v -0.503393 35.025558 -5.360787
v 0.149820 35.109844 -12.151922
v -0.027685 35.109844 -12.140817
v 0.278475 35.109848 -4.400445
v -0.353975 35.109844 -12.129707
v -0.576578 35.025558 -11.108861
v -0.633121 35.109844 -8.259522
v -0.608814 34.784733 -4.256168
v 0.255043 32.175251 -1.766844
v 0.315382 34.784733 -2.955588
v -0.171278 34.784733 -2.955588
v 0.472798 25.213760 1.368346
v 0.568376 32.175251 -1.766844
v 0.608602 34.784733 -2.955588
v -0.211504 32.175251 -1.766844
v 0.111677 25.213760 1.368346
v 0.315382 34.784733 -2.955588
v -0.171278 34.784733 -2.955588
v 0.551130 35.109848 -4.402032
v -0.171278 34.784733 -2.955588
v -0.608814 34.784733 -4.256168
v -0.754659 32.175247 -7.481452
v -0.618870 32.175251 -3.195496
v -0.171278 34.784733 -2.955588
v -0.754659 25.213760 -5.718829
v -0.642765 25.213760 -0.403448
v -0.211504 32.175251 -1.766844
v -0.307081 25.213760 1.368346
v -0.431058 32.175247 -13.208755
v -0.296535 25.213758 -12.831393
v -0.526635 25.213758 -12.818698
v -0.390833 34.784733 -13.372921
v -0.153169 32.175247 -13.221450
v -0.092830 34.784733 -13.385617
v 0.033297 32.175247 -13.234144
v -0.663703 34.784733 -12.062820
v -0.431058 32.175247 -13.208755
v -0.673759 32.175247 -11.770584
v -0.390833 34.784733 -13.372921
v -0.526635 25.213758 -12.818698
v -0.697653 25.213758 -11.037383
v -0.390833 34.784733 -13.372921
v -0.353975 35.109844 -12.129707
v -0.353975 35.109844 -12.129707
v -0.092830 34.784733 -13.385617
v -0.390833 34.784733 -13.372921
v -0.027685 35.109844 -12.140817
v 0.149820 35.109844 -12.151922
v 0.073523 34.784733 -13.398310
v 0.612330 16.076271 3.247939
v 0.643143 25.213760 -0.409796
v 0.472798 25.213760 1.368346
v 0.568376 32.175251 -1.766844
v 0.489576 16.076273 -3.438512
v 0.489576 25.213760 -5.744218
v 0.349545 16.076273 5.476756
v 0.667038 32.175251 -3.201843
v 0.489576 32.175247 -7.506840
v 0.349545 16.076273 5.476756
v -0.307081 25.213760 1.368346
v -0.073202 16.076273 5.476756
v -0.430335 16.076273 5.476756
v -0.754658 16.076273 -3.413121
v -0.673578 16.076271 3.254287
v -0.430335 16.076273 5.476756
v 0.227800 34.784733 -12.100904
v 0.033297 32.175247 -13.234144
v 0.073523 34.784733 -13.398310
v 0.217744 32.175247 -11.808666
v 0.149820 35.109844 -12.151922
v 0.193849 25.213758 -11.075468
v -0.062280 25.213758 -12.844089
v 0.073523 34.784733 -13.398310
v 0.608602 34.784733 -2.955588
v 0.677094 34.784733 -4.262515
v 0.551130 35.109848 -4.402032
v 0.489576 34.784733 -8.183296
v 0.587049 35.025558 -5.370660
v 0.608602 34.784733 -2.955588
v 0.353612 35.218216 -8.310320
v 0.163036 16.076273 -10.121789
v 0.193849 25.213758 -11.075468
v 0.217744 32.175247 -11.808666
v -0.649887 16.076271 -12.315695
v -0.728465 16.076273 -10.083704
v -0.062280 25.213758 -12.844089
v -0.185533 16.076271 -12.341085
v -0.481413 16.076271 -12.328391
v -0.649887 16.076271 -12.315695
v 0.227800 34.784733 -12.100904
v 0.268457 35.025558 -11.138481
v 0.455585 35.109844 -8.281737
v 0.149820 35.109844 -12.151922
v -0.754659 34.784733 -8.157907
v -0.673759 32.175247 -11.770584
v -0.697653 25.213758 -11.037383
v -0.663703 34.784733 -12.062820
v -0.503393 35.025558 -5.360787
v -0.576578 35.025558 -11.108861
v -0.633121 35.109844 -8.259522
v -0.728465 16.076273 -10.083704
v -0.185533 16.076271 -12.341085
v 0.163036 16.076273 -10.121789
v 0.353612 35.218216 -8.310320
v 0.455585 35.109844 -8.281737
v -13.748487 -5.261316 -12.701945
v -13.748492 -7.638246 11.431454
v -13.748492 -5.261313 12.701948
v -13.748492 -2.682193 13.484317
v -13.748492 0.000005 13.748489
v -14.957501 0.000004 12.275307
v -14.957501 -2.394789 12.039440
v -14.957501 2.394797 12.039440
v -13.748492 2.682201 13.484316
v -14.957501 4.697558 11.340903
v -13.748492 5.261322 12.701947
v -13.748489 13.484314 -2.682195
v 14.957501 -2.394789 12.039440
v 14.957501 0.000004 12.275307
v 13.748492 -2.682193 13.484317
v 13.748492 0.000005 13.748489
v 14.957501 2.394797 12.039440
v 13.748492 2.682201 13.484316
v 14.957501 4.697558 11.340903
v 13.748492 5.261322 12.701947
v -6.959253 16.975683 2.777971
v -3.793204 18.703276 3.720313
v -3.547799 17.990648 2.921817
v -7.440632 17.618107 3.504463
v -0.353975 35.109844 -12.129707
v -3.506958 19.661785 -3.716114
v -3.506958 18.600775 -7.213783
v -3.793203 18.703272 -3.720311
v -3.506959 20.020044 -0.078658
v -3.793203 17.618097 -7.297652
v 3.793204 17.618101 7.297656
v -3.793204 17.618101 7.297656
v 3.793203 13.484306 -13.484302
v -3.793203 13.484306 -13.484302
v 3.506958 19.661785 -3.716114
v 3.793203 18.703272 -3.720311
v 3.793204 17.618101 7.297656
v 3.793203 13.484306 -13.484302
v 15.120608 10.600663 0.442529
v 13.989811 11.757934 2.038466
v 15.120605 10.406534 1.846935
v 13.989813 11.978539 0.442528
v 12.859017 13.109333 2.229997
v 12.859017 13.109333 2.229997
v 10.103266 15.617997 0.442527
v 10.103266 15.327459 2.544368
v 12.859020 13.356416 0.442528
v 6.959253 17.298513 0.442530
v 6.959253 16.975683 2.777971
v 3.547799 18.333361 0.442527
v 3.547799 17.990648 2.921817
v -15.120605 10.406534 1.846935
v -13.989813 11.757934 2.038466
v -15.120608 10.600663 0.442529
v -12.859020 13.109333 2.229997
v -13.989816 11.978539 0.442528
v -12.859020 13.109333 2.229997
v -10.103266 15.617997 0.442527
v -12.859020 13.356416 0.442528
v -10.103266 15.327459 2.544368
v -6.959253 17.298513 0.442530
v -6.959253 16.975683 2.777971
v -3.547799 18.333361 0.442527
v -3.547799 17.990648 2.921817
v -12.859020 13.356416 0.442528
v 12.859020 13.356416 0.442528
v -13.748490 13.484314 2.682198
v -13.989813 11.757934 2.038466
v -14.957501 12.039437 2.394795
v -12.859020 13.109333 2.229997
v -15.120605 10.406534 1.846935
v -16.166513 10.594560 2.107391
v -10.802120 15.855871 3.153929
v -10.103266 15.327459 2.544368
v -7.440632 17.963264 0.000005
v 3.793204 19.069693 0.000001
v 3.793204 18.703276 3.720313
v 3.547799 17.990648 2.921817
v 3.547799 18.333361 0.442527
v -7.440632 17.618107 3.504463
v -6.959253 16.975683 2.777971
v -6.959253 17.298513 0.442530
v -3.793204 19.069693 0.000001
v 6.959253 16.975683 2.777971
v 3.547799 17.990648 2.921817
v 3.793204 18.703276 3.720313
v 7.440632 17.618107 3.504463
v -3.793204 19.069693 0.000001
v -3.547799 17.990648 2.921817
v -3.793204 18.703276 3.720313
v -3.547799 18.333361 0.442527
v -3.547799 18.333361 0.442527
v 15.120605 10.406534 1.846935
v 16.166513 10.594560 2.107391
v 15.120608 10.600663 0.442529
v 16.166515 10.802117 0.000003
v 7.910522 8.683553 -1.674195
v 8.449274 9.917530 -0.751455
v 7.714292 9.796913 -0.950838
v 8.977551 8.858661 -1.384735
v 6.843493 8.858660 -1.963656
v 9.112310 10.267576 -0.571587
v 8.197074 7.707681 -2.730503
v 9.555143 7.930553 -2.362088
v 10.782417 5.945240 -12.260747
v 13.100021 6.602898 -13.781782
v 12.666112 6.254371 -11.749743
v 11.325621 6.311703 -14.263137
v 9.551217 6.602895 -14.744493
v 14.700736 7.447978 -13.347546
v 14.365419 7.151505 -11.288758
v 7.714292 9.796913 -0.950838
v 7.968143 11.066471 -0.403752
v 7.593454 11.004982 -0.505397
v 8.449274 9.917530 -0.751455
v 6.979309 9.917529 -1.150222
v 8.306157 11.244923 -0.312057
v 10.249110 5.821496 -10.294842
v 8.898720 6.254367 -12.771751
v 10.782417 5.945240 -12.260747
v 12.666112 6.254371 -11.749743
v 12.169711 6.136688 -9.773826
v 14.365419 7.151505 -11.288758
v 13.902308 7.051397 -9.303811
v 7.552652 12.261329 -0.354991
v 8.805978 12.261329 -0.176466
v 8.746633 12.649563 -0.192566
v 8.306157 13.277736 -0.312057
v 7.968144 13.456188 -0.403753
v 7.593454 13.517677 -0.505398
v 7.218762 13.456188 -0.607043
v 8.574406 11.522866 -0.239287
v 8.746633 11.873096 -0.192565
v 6.380929 12.261329 -0.834328
v 6.440274 11.873096 -0.818229
v 8.574406 12.999792 -0.239287
v 7.218763 11.066471 -0.607045
v 6.880749 13.277736 -0.698738
v 6.612500 12.999792 -0.771508
v 6.440274 12.649563 -0.818229
v 6.880749 11.244921 -0.698738
v 6.612500 11.522866 -0.771508
v 10.249110 5.821496 -10.294842
v 11.599500 6.254372 -7.817930
v 9.715804 5.945241 -8.328935
v 12.547715 7.447980 -5.410950
v 10.947002 6.602899 -5.845187
v 12.169711 6.136688 -9.773826
v 9.172599 6.311701 -6.326544
v 13.298807 7.151506 -7.356947
v 11.659876 7.929429 -3.474171
v 10.219273 7.168877 -3.864974
v 8.622352 6.906806 -4.298183
v 13.654727 8.858658 -18.626024
v 12.783929 9.796910 -19.638844
v 13.518910 9.917526 -19.439459
v 12.587698 8.683549 -18.915487
v 14.617305 9.366844 -18.364901
v 12.048946 9.917525 -19.838228
v 10.780276 8.577351 -2.029737
v 13.659215 7.930551 -17.490765
v 12.301146 7.707677 -17.859180
v 11.520669 8.858658 -19.204948
v 9.940129 9.366847 -1.123609
v 13.472789 7.168875 -15.858289
v 11.875870 6.906804 -16.291498
v 13.659215 7.930551 -17.490765
v 14.884349 8.577349 -17.158415
v 12.301146 7.707677 -17.859180
v 11.325621 6.311703 -14.263137
v 10.278947 7.168873 -16.724705
v 13.100021 6.602898 -13.781782
v 14.913393 7.929427 -15.467486
v 10.704041 10.158363 -0.916377
v 14.700736 7.447978 -13.347546
v 9.112310 10.267576 -0.571587
v 13.902308 7.051397 -9.303811
v 13.818050 8.764226 -5.066337
v 14.647387 8.548825 -6.991107
v 12.803145 9.114019 -3.164028
v 14.181949 10.267570 -19.259592
v 15.381215 10.158360 -18.157669
v 11.752547 9.584764 -1.765983
v 14.884349 8.577349 -17.158415
v 15.277309 8.476091 -8.930804
v 14.708137 10.812778 -19.116850
v 15.871674 11.155732 -18.024620
v 14.617305 9.366844 -18.364901
v 15.856618 9.584761 -16.894659
v 14.884349 8.577349 -17.158415
v 16.790688 10.606688 -14.958218
v 16.056662 9.114018 -15.157343
v 15.381215 10.158360 -18.157669
v 14.913393 7.929427 -15.467486
v 16.480854 10.854171 -16.725319
v 14.700736 7.447978 -13.347546
v 15.971070 8.764225 -13.002932
v 9.940129 9.366847 -1.123609
v 9.638498 10.812781 -0.428844
v 10.704041 10.158363 -0.916377
v 9.976334 11.499784 -0.337197
v 15.714001 8.548825 -10.922919
v 15.971070 8.764225 -13.002932
v 16.786673 10.422792 -12.781677
v 14.365419 7.151505 -11.288758
v 14.700736 7.447978 -13.347546
v 13.902308 7.051397 -9.303811
v 14.365419 7.151505 -11.288758
v 15.714001 8.548825 -10.922919
v 15.277309 8.476091 -8.930804
v 16.579838 10.309549 -10.688037
v 16.786673 10.422792 -12.781677
v 17.067711 12.261328 -12.705438
v 11.194499 11.155735 -0.783327
v 11.752547 9.584764 -1.765983
v 12.376783 10.854175 -1.596641
v 10.092742 12.261329 -0.305618
v 16.579838 10.309549 -10.688037
v 17.067711 12.261328 -12.705438
v 16.160112 10.271311 -8.691320
v 16.878187 12.261328 -10.607101
v 15.513228 10.309549 -6.756225
v 14.647387 8.548825 -6.991107
v 16.160112 10.271311 -8.691320
v 16.464304 12.261327 -8.608799
v 15.277309 8.476091 -8.930804
v 14.633652 10.422792 -4.845083
v 15.811576 12.261328 -6.675290
v 13.818050 8.764226 -5.066337
v 15.045971 11.499779 -19.025204
v 13.537170 10.606690 -2.964904
v 12.803145 9.114019 -3.164028
v 14.914692 12.261328 -4.768843
v 15.871674 11.155732 -18.024620
v 17.043617 12.261325 -14.889604
v 16.695953 12.261326 -16.666967
v 12.376783 10.854175 -1.596641
v 11.752547 9.584764 -1.765983
v 13.790099 12.261329 -2.896290
v 11.363500 12.261329 -0.737481
v 13.537170 13.915969 -2.964904
v 14.633652 14.099862 -4.845083
v 16.040676 12.261325 -17.978773
v 15.045971 11.499779 -19.025204
v 15.162379 12.261324 -18.993626
v 15.045971 13.022871 -19.025200
v 15.871674 13.366920 -18.024620
v 12.591883 12.261329 -1.538291
v 16.480854 13.668479 -16.725321
v 12.591883 12.261329 -1.538291
v 12.376785 13.668484 -1.596642
v 16.790688 13.915962 -14.958220
v 16.878187 12.261328 -10.607101
v 16.579840 14.213108 -10.688040
v 16.464304 12.261327 -8.608799
v 16.160114 14.251343 -8.691320
v 15.513228 14.213105 -6.756226
v 11.194499 13.366922 -0.783328
v 9.976334 13.022875 -0.337198
v 11.752549 14.937896 -1.765983
v 10.704041 14.364295 -0.916378
v 16.786673 14.099862 -12.781678
v 15.714001 15.973835 -10.922922
v 9.638498 13.709878 -0.428845
v 16.579840 14.213108 -10.688040
v 15.277310 16.046562 -8.930804
v 13.818051 15.758430 -5.066339
v 16.160114 14.251343 -8.691320
v 14.647387 15.973834 -6.991108
v 12.803145 15.408637 -3.164029
v 14.708137 13.709874 -19.116852
v 15.381215 14.364292 -18.157673
v 13.790099 12.261329 -2.896290
v 13.537170 13.915969 -2.964904
v 15.856620 14.937893 -16.894661
v 15.971072 15.758430 -13.002933
v 16.786673 14.099862 -12.781678
v 14.181949 14.255079 -19.259596
v 16.056662 15.408634 -15.157344
v 14.617305 15.155807 -18.364902
v 12.803145 15.408637 -3.164029
v 11.659876 16.593227 -3.474172
v 14.884349 15.945303 -17.158417
v 14.700737 17.074675 -13.347547
v 10.780278 15.945308 -2.029739
v 9.940129 15.155812 -1.123610
v 9.112309 14.255082 -0.571588
v 15.971072 15.758430 -13.002933
v 14.365419 17.371149 -11.288762
v 15.714001 15.973835 -10.922922
v 15.277310 16.046562 -8.930804
v 14.700737 17.074675 -13.347547
v 8.977551 15.663999 -1.384736
v 8.449273 14.605127 -0.751455
v 13.902311 17.471258 -9.303811
v 15.714001 15.973835 -10.922922
v 14.365419 17.371149 -11.288762
v 15.277310 16.046562 -8.930804
v 12.169711 18.385967 -9.773827
v 13.902311 17.471258 -9.303811
v 13.298807 17.371151 -7.356948
v 14.647387 15.973834 -6.991108
v 12.547716 17.074675 -5.410952
v 13.818051 15.758430 -5.066339
v 12.169711 18.385967 -9.773827
v 15.277310 16.046562 -8.930804
v 11.659876 16.593227 -3.474172
v 12.803145 15.408637 -3.164029
v 11.599500 18.268286 -7.817933
v 10.947004 17.919758 -5.845189
v 14.913393 16.593224 -15.467487
v 9.555144 16.592106 -2.362090
v 10.219273 17.353781 -3.864976
v 9.715803 18.577417 -8.328937
v 9.555144 16.592106 -2.362090
v 10.780278 15.945308 -2.029739
v 9.172601 18.210951 -6.326545
v 13.659216 16.592098 -17.490768
v 14.617305 15.155807 -18.364902
v 13.654727 15.663994 -18.626028
v 11.875870 17.615845 -16.291500
v 13.472789 17.353777 -15.858290
v 14.884349 15.945303 -17.158417
v 12.301147 16.814972 -17.859180
v 14.913393 16.593224 -15.467487
v 8.622352 17.615849 -4.298186
v 11.325621 18.210949 -14.263139
v 13.100024 17.919756 -13.781783
v 14.700737 17.074675 -13.347547
v 8.197076 16.814978 -2.730505
v 7.910522 15.839106 -1.674197
v 7.714292 14.725742 -0.950839
v 12.666113 18.268286 -11.749745
v 14.700737 17.074675 -13.347547
v 13.100024 17.919756 -13.781783
v 14.365419 17.371149 -11.288762
v 10.782417 18.577415 -12.260751
v 12.666113 18.268286 -11.749745
v 10.249112 18.701157 -10.294845
v 10.249112 18.701157 -10.294845
v 13.518910 14.605124 -19.439463
v 13.654727 15.663994 -18.626028
v 14.617305 15.155807 -18.364902
v 14.181949 14.255079 -19.259596
v 12.783926 14.725741 -19.638842
v 12.587697 15.839101 -18.915489
v 6.843493 15.663999 -1.963658
v 6.979310 14.605127 -1.150223
v 10.782417 18.577415 -12.260751
v 8.898719 18.268286 -12.771754
v 7.832105 18.268286 -8.839942
v 7.398197 17.919758 -6.807901
v 7.025430 17.353781 -4.731393
v 12.048944 14.605124 -19.838230
v 11.520669 15.663994 -19.204952
v 8.197076 16.814978 -2.730505
v 6.839005 16.592106 -3.098918
v 12.587697 15.839101 -18.915489
v 11.520669 15.663994 -19.204952
v 6.843493 15.663999 -1.963658
v 7.910522 15.839106 -1.674197
v 10.943075 16.592098 -18.227596
v 10.278947 17.353777 -16.724709
v 11.325621 18.210949 -14.263139
v 9.551216 17.919752 -14.744496
v 5.880912 15.155811 -2.224785
v 5.613871 15.945308 -3.431269
v 10.558087 15.155807 -19.466076
v 9.717941 15.945301 -18.559948
v 9.551216 17.919752 -14.744496
v 8.838343 16.593224 -17.115513
v 8.898719 18.268286 -12.771754
v 7.950503 17.074673 -15.178733
v 8.328509 18.385967 -10.815860
v 7.199411 17.371149 -13.232738
v 5.797483 17.074675 -7.242139
v 8.328509 18.385967 -10.815860
v 6.132799 17.371151 -9.300926
v 5.584826 16.593225 -5.122197
v 11.385907 14.255079 -20.018097
v 10.558087 15.155807 -19.466076
v 6.316273 14.255083 -1.330090
v 5.790083 13.709878 -1.472833
v 6.595910 17.471256 -11.285874
v 10.859719 13.709874 -20.160839
v 8.745670 14.937892 -18.823702
v 7.950503 17.074673 -15.178733
v 7.695073 15.408634 -17.425655
v 5.880912 15.155811 -2.224785
v 5.117003 14.364295 -2.432015
v 7.199411 17.371149 -13.232738
v 6.680170 15.758426 -15.523345
v 6.595910 17.471256 -11.285874
v 5.850833 15.973831 -13.598578
v 6.680170 15.758426 -15.523345
v 4.641600 14.937895 -3.695024
v 5.117003 14.364295 -2.432015
v 5.880912 15.155811 -2.224785
v 4.441556 15.408636 -5.432340
v 3.707532 13.915967 -5.631464
v 4.017364 13.668483 -3.864365
v 5.613871 15.945308 -3.431269
v 5.584826 16.593225 -5.122197
v 5.850833 15.973831 -13.598578
v 5.452248 13.022876 -1.564480
v 5.220912 16.046564 -11.658881
v 4.784220 15.973830 -9.666764
v 3.711546 14.099864 -7.808005
v 4.527150 15.758430 -7.586752
v 6.595910 17.471256 -11.285874
v 5.220912 16.046564 -11.658881
v 6.132799 17.371151 -9.300926
v 3.918380 14.213105 -9.901648
v 5.797483 17.074675 -7.242139
v 9.794178 14.364291 -19.673307
v 10.521885 13.022871 -20.252487
v 8.745670 14.937892 -18.823702
v 9.303720 13.366919 -19.806356
v 9.717941 15.945301 -18.559948
v 3.430508 12.261328 -7.884244
v 4.338108 14.251342 -11.898365
v 3.620032 12.261327 -9.982582
v 8.121434 13.668480 -18.993044
v 3.454604 12.261328 -5.700078
v 4.626545 13.366922 -2.565065
v 8.745670 14.937892 -18.823702
v 6.961050 13.915966 -17.624781
v 7.695073 15.408634 -17.425655
v 5.583528 12.261325 -15.820840
v 5.864567 14.099860 -15.744599
v 8.121434 13.668480 -18.993044
v 6.680170 15.758426 -15.523345
v 6.708122 12.261325 -17.693394
v 5.452248 13.022876 -1.564480
v 5.790083 13.709878 -1.472833
v 3.802266 12.261328 -3.922716
v 4.457544 12.261329 -2.610912
v 4.984992 14.213104 -13.833460
v 6.680170 15.758426 -15.523345
v 5.864567 14.099860 -15.744599
v 5.850833 15.973831 -13.598578
v 4.686644 12.261325 -13.914393
v 5.335838 12.261329 -1.596059
v 4.338108 14.251342 -11.898365
v 5.850833 15.973831 -13.598578
v 4.984992 14.213104 -13.833460
v 5.220912 16.046564 -11.658881
v 4.033915 12.261328 -11.980884
v 5.452248 11.499784 -1.564481
v 5.335838 12.261329 -1.596059
v 4.626545 11.155735 -2.565065
v 6.961050 10.606688 -17.624779
v 7.906336 12.261324 -19.051394
v 8.121434 10.854170 -18.993040
v 5.583528 12.261325 -15.820840
v 5.864567 10.422791 -15.744598
v 4.686644 12.261325 -13.914393
v 4.984993 10.309546 -13.833459
v 4.033915 12.261328 -11.980884
v 4.338108 10.271310 -11.898364
v 3.707532 10.606689 -5.631464
v 3.918380 10.309547 -9.901648
v 10.405474 12.261324 -20.284067
v 9.303720 11.155730 -19.806356
v 9.134720 12.261324 -19.852203
v 7.906336 12.261324 -19.051394
v 8.121434 10.854170 -18.993040
v 4.017364 10.854173 -3.864365
v 3.711545 10.422793 -7.808005
v 4.784222 8.548821 -9.666764
v 5.220912 8.476090 -11.658879
v 8.745670 9.584760 -18.823700
v 10.521885 11.499779 -20.252487
v 9.794180 10.158360 -19.673306
v 4.641600 9.584762 -3.695023
v 4.527148 8.764225 -7.586750
v 4.441556 9.114018 -5.432339
v 5.117005 10.158363 -2.432015
v 5.790082 10.812780 -1.472833
v 5.864567 10.422791 -15.744598
v 7.695073 9.114017 -17.425655
v 4.984993 10.309546 -13.833459
v 6.680170 8.764223 -15.523344
v 5.452248 11.499784 -1.564481
v 4.338108 10.271310 -11.898364
v 5.850834 8.548822 -13.598575
v 6.680170 8.764223 -15.523344
v 5.850834 8.548822 -13.598575
v 7.199412 7.151501 -13.232735
v 5.790082 10.812780 -1.472833
v 5.220912 8.476090 -11.658879
v 6.595910 7.051396 -11.285872
v 6.595910 7.051396 -11.285872
v 6.132800 7.151502 -9.300925
v 5.797482 7.447979 -7.242136
v 10.859719 10.812778 -20.160839
v 9.717941 8.577348 -18.559946
v 10.558087 9.366844 -19.466074
v 5.613871 8.577350 -3.431268
v 5.584826 7.929429 -5.122196
v 8.838343 7.929426 -17.115511
v 7.695073 9.114017 -17.425655
v 7.950503 7.447978 -15.178732
v 6.680170 8.764223 -15.523344
v 6.961050 10.606688 -17.624779
v 10.943075 7.930549 -18.227594
v 11.385907 10.267569 -20.018097
v 10.278947 7.168873 -16.724705
v 4.641600 9.584762 -3.695023
v 5.880912 9.366846 -2.224784
v 5.117005 10.158363 -2.432015
v 6.979309 9.917529 -1.150222
v 6.316272 10.267573 -1.330089
v 5.613871 8.577350 -3.431268
v 6.839005 7.930552 -3.098918
v 5.790082 10.812780 -1.472833
v 5.584826 7.929429 -5.122196
v 7.025430 7.168875 -4.731392
v 7.950503 7.447978 -15.178732
v 6.316272 10.267573 -1.330089
v 7.199412 7.151501 -13.232735
v 7.950503 7.447978 -15.178732
v 8.898720 6.254367 -12.771751
v 7.199412 7.151501 -13.232735
v 7.199412 7.151501 -13.232735
v 8.328508 6.136685 -10.815857
v 6.595910 7.051396 -11.285872
v 6.132800 7.151502 -9.300925
v 6.595910 7.051396 -11.285872
v 8.328508 6.136685 -10.815857
v 7.832108 6.254368 -8.839940
v 5.797482 7.447979 -7.242136
v 7.398195 6.602897 -6.807900
v 11.875870 6.906804 -16.291498
v 8.838343 7.929426 -17.115511
v 9.551217 6.602895 -14.744493
v 7.950503 7.447978 -15.178732
v 6.588079 -8.144891 -2.849694
v 6.024248 -7.101235 -4.216691
v 5.780731 -8.081409 -3.123698
v 7.196335 -7.193398 -3.818899
v 6.379848 -6.364879 -5.622022
v 4.852158 -7.383549 -4.511700
v 4.973381 -8.275869 -3.326905
v 9.588182 -7.251198 -16.234512
v 11.657346 -7.413897 -15.532264
v 12.211391 -8.378484 -17.586559
v 10.262282 -8.225223 -18.248064
v 8.313169 -8.694695 -18.738647
v 7.519016 -7.749583 -16.755312
v 13.523971 -8.221759 -14.717304
v 13.969713 -9.139473 -16.818888
v 5.780731 -8.081409 -3.123698
v 6.042355 -9.276012 -2.157617
v 6.588079 -8.144891 -2.849694
v 5.630774 -9.243650 -2.297302
v 6.413650 -9.436707 -1.995512
v 7.316399 -8.460104 -2.531712
v 4.973381 -8.275869 -3.326905
v 5.219192 -9.342787 -2.400899
v 8.926366 -6.547312 -14.188375
v 11.657346 -7.413897 -15.532264
v 9.588182 -7.251198 -16.234512
v 7.519016 -7.749583 -16.755312
v 6.816660 -7.055468 -14.719378
v 11.036069 -6.713202 -13.472365
v 12.939259 -7.536891 -12.641443
v 13.523971 -8.221759 -14.717304
v 11.385907 14.255079 -20.018097
v 9.943335 14.255080 -14.700397
v 10.859719 13.709874 -20.160839
v 10.606374 14.605124 -14.520531
v 9.417146 13.709875 -14.843141
v 5.580140 -10.543293 -1.769264
v 4.364052 -10.274651 -2.416895
v 4.298863 -10.695064 -2.322222
v 5.219190 -11.898037 -1.699557
v 5.630774 -11.930398 -1.559870
v 6.708311 -9.710001 -1.826854
v 6.897496 -10.069145 -1.668158
v 6.962685 -10.478982 -1.534950
v 6.897496 -10.899399 -1.440278
v 6.708311 -11.289231 -1.393403
v 6.413650 -11.610330 -1.398917
v 6.042357 -11.831264 -1.456277
v 4.847896 -11.737340 -1.861663
v 4.553235 -11.464046 -2.030319
v 4.364052 -11.104903 -2.189016
v 4.553235 -9.884814 -2.463771
v 4.847896 -9.563716 -2.458257
v 8.264547 -6.108056 -12.069602
v 6.816660 -7.055468 -14.719378
v 6.195382 -6.606441 -12.590404
v 10.333714 -6.270755 -11.367352
v 11.036069 -6.713202 -13.472365
v 8.926366 -6.547312 -14.188375
v 12.200335 -7.078618 -10.552395
v 12.939259 -7.536891 -12.641443
v 9.539557 -6.070984 -9.179443
v 7.590446 -5.917721 -9.840950
v 5.641333 -6.387196 -10.331534
v 8.661759 -6.102251 -6.922345
v 11.297879 -6.831972 -8.411769
v 12.072001 -13.514792 -22.919622
v 13.000573 -12.206160 -22.082340
v 12.879349 -13.578274 -22.645618
v 14.310428 -11.463156 -20.553759
v 14.057927 -12.663779 -21.620705
v 11.828484 -12.113999 -22.480131
v 13.607669 -13.893486 -22.327639
v 12.964664 -10.880718 -21.141308
v 11.264649 -13.709254 -23.122831
v 10.656393 -12.396315 -22.775146
v 10.244205 -6.787121 -6.231458
v 9.217395 -7.064616 -4.528175
v 6.907606 -5.964320 -7.517686
v 5.153450 -6.386833 -7.959198
v 7.871634 -6.482180 -5.115726
v 11.472879 -10.763416 -21.647602
v 9.981093 -11.122736 -22.023079
v 8.253690 -7.651015 -3.357262
v 4.888064 -6.724200 -5.997501
v 10.945126 -9.451277 -20.222021
v 9.981093 -11.122736 -22.023079
v 9.190969 -9.873792 -20.663540
v 12.699277 -9.589208 -19.626684
v 12.964664 -10.880718 -21.141308
v 11.472879 -10.763416 -21.647602
v 12.211391 -8.378484 -17.586559
v 14.281723 -10.274079 -18.935799
v 14.310428 -11.463156 -20.553759
v 10.262282 -8.225223 -18.248064
v 8.313169 -8.694695 -18.738647
v 13.969713 -9.139473 -16.818888
v 7.196335 -7.193398 -3.818899
v 8.253690 -7.651015 -3.357262
v 7.894396 -8.996190 -2.200882
v 9.092814 -8.429292 -2.876969
v 15.005331 -9.595704 -13.869411
v 7.797042 -13.991096 -17.521254
v 9.958331 -14.772483 -23.246162
v 8.168140 -13.226406 -17.613203
v 9.587233 -15.537174 -23.154213
v 7.669171 -14.815766 -17.335545
v 9.459360 -16.361843 -22.968508
v 14.449643 -8.937754 -11.776937
v 13.681697 -8.452564 -9.704501
v 12.693292 -8.126202 -7.613072
v 14.897051 -13.442057 -21.140415
v 14.185665 -14.429574 -21.996809
v 10.285397 -8.055178 -3.916879
v 11.500043 -7.951899 -5.512650
v 13.265563 13.709875 -13.799152
v 15.045971 13.022871 -19.025200
v 13.603397 13.022872 -13.707498
v 14.708137 13.709874 -19.116852
v 15.162379 12.261324 -18.993626
v 13.719808 12.261325 -13.675924
v 14.181949 14.255079 -19.259596
v 14.057927 -12.663779 -21.620705
v 15.378426 -12.453717 -19.942463
v 14.897051 -13.442057 -21.140415
v 16.343861 -12.969518 -17.540623
v 16.064125 -13.755437 -19.367260
v 14.310428 -11.463156 -20.553759
v 15.435802 -14.464813 -20.688478
v 15.537560 -11.438856 -18.216988
v 15.365125 -10.433701 -16.020187
v 14.281723 -10.274079 -18.935799
v 13.969713 -9.139473 -16.818888
v 9.217395 -7.064616 -4.528175
v 10.285397 -8.055178 -3.916879
v 8.265494 -9.700677 -1.889584
v 9.631566 -9.452048 -2.425036
v 10.971094 -9.356898 -3.341677
v 15.005331 -9.595704 -13.869411
v 15.365125 -10.433701 -16.020187
v 13.523971 -8.221759 -14.717304
v 15.956422 -11.401243 -13.071585
v 16.261032 -12.134481 -15.268650
v 13.969713 -9.139473 -16.818888
v 14.449643 -8.937754 -11.776937
v 16.261032 -12.134481 -15.268650
v 16.621691 -14.716232 -16.972900
v 8.393364 -10.504601 -1.628293
v 9.817206 -10.619167 -2.045699
v 16.569740 -14.075330 -14.637838
v 15.005331 -9.595704 -13.869411
v 14.449643 -8.937754 -11.776937
v 15.956422 -11.401243 -13.071585
v 15.419367 -10.778663 -10.963479
v 15.753510 -12.879421 -10.280691
v 16.284145 -13.461636 -12.401916
v 13.603398 11.499781 -13.707502
v 15.045971 11.499779 -19.025204
v 13.265563 10.812778 -13.799150
v 14.708137 10.812778 -19.116850
v 14.449643 -8.937754 -11.776937
v 13.681697 -8.452564 -9.704501
v 15.419367 -10.778663 -10.963479
v 12.693292 -8.126202 -7.613072
v 14.632790 -10.258101 -8.906672
v 14.960514 -12.318493 -8.237004
v 15.753510 -12.879421 -10.280691
v 13.607669 -18.157209 -21.157377
v 11.817478 -16.611132 -15.524416
v 14.185665 -17.527351 -21.146566
v 12.395475 -15.981271 -15.513601
v 14.556762 -16.762657 -21.238510
v 13.589197 -9.826982 -6.861533
v 13.897907 -11.767830 -6.230720
v 11.500043 -7.951899 -5.512650
v 14.185665 -14.429574 -21.996809
v 14.556762 -15.134062 -21.685511
v 16.300402 -15.240896 -18.884451
v 15.621443 -15.631930 -20.309145
v 14.684634 -15.937984 -21.424219
v 12.306339 -9.482560 -4.836283
v 12.306339 -9.482560 -4.836283
v 11.207373 -10.842358 -2.858873
v 12.584172 -11.229277 -4.268564
v 11.500043 -7.951899 -5.512650
v 12.306339 -13.021070 -3.865068
v 13.589197 -13.758759 -5.782379
v 14.632790 -14.432053 -7.761048
v 14.556762 -16.762657 -21.238510
v 12.584172 -11.229277 -4.268564
v 15.435802 -16.829168 -20.039532
v 9.631566 -11.816403 -1.776092
v 10.971095 -12.366153 -2.515727
v 12.306339 -13.021070 -3.865068
v 16.261032 -16.066261 -14.189496
v 16.343861 -16.508024 -16.569410
v 16.064125 -16.764692 -18.541311
v 8.265494 -11.329272 -1.442584
v 16.569740 -14.075330 -14.637838
v 16.284145 -13.461636 -12.401916
v 15.956422 -15.575199 -11.925960
v 16.261032 -16.066261 -14.189496
v 15.419370 -15.034390 -9.795408
v 15.956422 -15.575199 -11.925960
v 15.419370 -15.034390 -9.795408
v 7.894396 -12.093965 -1.350635
v 9.092814 -12.926563 -1.642604
v 15.005331 -17.535040 -11.690307
v 15.365126 -17.912392 -13.967515
v 14.449644 -17.032623 -9.555140
v 15.005331 -17.535040 -11.690307
v 12.693293 -15.604890 -5.560398
v 13.681697 -16.391897 -7.525395
v 14.449644 -17.032623 -9.555140
v 11.500043 -14.682540 -3.665293
v 14.185665 -17.527351 -21.146566
v 14.897051 -17.939329 -19.906046
v 10.285398 -13.779118 -2.345830
v 11.500043 -14.682540 -3.665293
v 15.365126 -17.912392 -13.967515
v 15.537560 -18.169497 -16.369629
v 15.378428 -18.177658 -18.371414
v 14.057927 -18.853743 -19.921745
v 13.969713 -19.433002 -13.993623
v 14.281723 -19.538013 -16.393127
v 14.310428 -19.341486 -18.391394
v 7.316396 -12.723823 -1.361451
v 13.523971 -19.149311 -11.718022
v 13.969713 -19.433002 -13.993623
v 8.168140 -13.226406 -17.613203
v 10.536328 -14.142623 -23.235348
v 8.746139 -12.596544 -17.602386
v 9.958331 -14.772483 -23.246162
v 9.474460 -12.163176 -17.489870
v 10.606374 9.917526 -14.520529
v 12.783929 9.796910 -19.638844
v 12.048946 9.917525 -19.838228
v 9.943335 10.267570 -14.700396
v 10.859719 10.812778 -20.160839
v 9.417146 10.812778 -14.843139
v 11.385907 10.267569 -20.018097
v 6.588078 -13.157192 -1.473967
v 7.196335 -14.470135 -1.821653
v 8.253690 -13.840978 -1.658303
v 12.939261 -18.678526 -9.583397
v 15.005331 -17.535040 -11.690307
v 14.449644 -17.032623 -9.555140
v 11.657349 -20.260006 -12.006394
v 13.523971 -19.149311 -11.718022
v 12.200335 -18.006168 -7.553112
v 14.449644 -17.032623 -9.555140
v 13.681697 -16.391897 -7.525395
v 11.036069 -19.810980 -9.877420
v 12.939261 -18.678526 -9.583397
v 11.297880 -17.125500 -5.586508
v 11.500043 -14.682540 -3.665293
v 10.244205 -16.051054 -3.688788
v 12.693293 -15.604890 -5.560398
v 10.333714 -19.116861 -7.841484
v 14.057927 -18.853743 -19.921745
v 13.607669 -18.157209 -21.157377
v 14.897051 -17.939329 -19.906046
v 13.000573 -19.482897 -20.085096
v 12.879349 -18.590578 -21.269896
v 14.185665 -17.527351 -21.146566
v 10.285398 -13.779118 -2.345830
v 9.217396 -14.942945 -2.365812
v 9.539559 -18.171751 -5.858148
v 8.661759 -16.992657 -3.933258
v 9.217396 -14.942945 -2.365812
v 8.264546 -19.615253 -8.362284
v 7.871635 -15.743711 -2.573715
v 7.590447 -18.641224 -6.348732
v 12.964666 -20.142244 -18.599297
v 14.057927 -18.853743 -19.921745
v 14.310428 -19.341486 -18.391394
v 10.945126 -20.902126 -17.079109
v 11.472881 -20.501568 -18.974771
v 13.000573 -19.482897 -20.085096
v 12.699277 -20.479612 -16.637594
v 11.828482 -19.765215 -20.380108
v 6.907606 -17.415171 -4.374774
v 8.253690 -13.840978 -1.658303
v 7.196335 -14.470135 -1.821653
v 14.281723 -19.538013 -16.393127
v 13.969713 -19.433002 -13.993623
v 12.211395 -20.479252 -14.265263
v 10.262282 -20.948725 -14.755847
v 6.379851 -16.103029 -2.949196
v 6.024245 -14.752448 -2.116666
v 12.211395 -20.479252 -14.265263
v 13.523971 -19.149311 -11.718022
v 11.657349 -20.260006 -12.006394
v 13.969713 -19.433002 -13.993623
v 10.262282 -20.948725 -14.755847
v 5.780731 -13.351653 -1.677174
v 11.036069 -19.810980 -9.877420
v 9.588182 -20.758398 -12.527195
v 7.797042 -15.619693 -17.074253
v 9.587233 -17.165771 -22.707211
v 9.958331 -17.870258 -22.395918
v 8.926367 -20.319134 -10.408424
v 11.828482 -19.765215 -20.380108
v 12.071997 -18.785040 -21.473101
v 4.852158 -14.660288 -2.514456
v 4.973382 -13.288174 -1.951179
v 6.816661 -20.153248 -11.124433
v 7.519015 -20.595695 -13.229445
v 8.926367 -20.319134 -10.408424
v 12.783926 14.725741 -19.638842
v 12.048944 14.605124 -19.838230
v 11.341354 14.725742 -14.321141
v 12.076338 14.605124 -14.121761
v 6.195379 -19.452553 -9.064535
v 6.816661 -20.153248 -11.124433
v 5.641335 -18.487968 -7.010237
v 9.079311 13.022872 -14.934787
v 10.859719 13.709874 -20.160839
v 9.417146 13.709875 -14.843141
v 10.521885 13.022871 -20.252487
v 8.962901 12.261325 -14.966366
v 10.405474 12.261324 -20.284067
v 5.153450 -17.277241 -4.970111
v 11.264648 -18.721558 -21.747108
v 4.888064 -15.985731 -3.455487
v 6.024245 -14.752448 -2.116666
v 9.981093 -20.384266 -19.481068
v 9.190969 -20.764198 -17.674450
v 9.588182 -20.758398 -12.527195
v 7.519015 -20.595695 -13.229445
v 8.313168 -20.795464 -15.417353
v 4.852158 -14.660288 -2.514456
v 3.542303 -15.403296 -4.043041
v 3.571004 -16.592367 -5.660999
v 8.313168 -20.795464 -15.417353
v 8.635333 -19.801832 -20.068623
v 6.554849 -20.034475 -16.185026
v 7.608522 -20.079325 -18.365337
v 3.794799 -14.202669 -2.976094
v 4.245061 -12.972961 -2.269157
v 3.794799 -14.202669 -2.976094
v 5.652393 -19.787834 -14.044403
v 6.554849 -20.034475 -16.185026
v 4.913469 -19.329557 -11.955357
v 5.652393 -19.787834 -14.044403
v 3.883015 -17.726974 -7.777912
v 4.328757 -18.644691 -9.879494
v 4.913469 -19.329557 -11.955357
v 11.341356 9.796910 -14.321145
v 13.518910 9.917526 -19.439459
v 10.656393 -19.673054 -20.777901
v 10.536328 -18.406347 -22.065083
v 11.472881 -20.501568 -18.974771
v 9.981093 -20.384266 -19.481068
v 9.599035 -19.215435 -21.239536
v 3.667063 -12.436875 -2.599990
v 12.076338 9.917526 -14.121759
v 12.739375 10.267570 -13.941894
v 14.181949 10.267570 -19.259592
v 9.958331 -17.870258 -22.395918
v 8.635333 -19.801832 -20.068623
v 8.759912 -18.437159 -21.719830
v 5.159438 -18.740246 -16.983719
v 6.352685 -18.914551 -19.084150
v 4.171033 -18.413887 -14.892296
v 5.159438 -18.740246 -16.983719
v 7.567331 -18.811272 -20.679918
v 5.546390 -17.383890 -19.760515
v 6.881633 -17.509554 -21.255123
v 8.221165 -17.414400 -22.171766
v 7.608522 -20.079325 -18.365337
v 6.352685 -18.914551 -19.084150
v 2.474301 -14.412733 -4.654337
v 1.508871 -13.896931 -7.056173
v 2.315167 -15.427592 -6.379808
v 3.794799 -14.202669 -2.976094
v 2.955676 -13.424392 -3.456386
v 3.542303 -15.403296 -4.043041
v 4.245061 -12.972961 -2.269157
v 1.788601 -13.111013 -5.229538
v 3.571004 -16.592367 -5.660999
v 3.667063 -12.436875 -2.599990
v 2.416928 -12.401637 -3.908320
v 3.295964 -11.732388 -2.911288
v 3.403088 -17.928698 -12.819861
v 5.652393 -19.787834 -14.044403
v 4.913469 -19.329557 -11.955357
v 4.171033 -18.413887 -14.892296
v 2.433363 -16.087782 -13.633321
v 3.219939 -16.608347 -15.690125
v 2.847398 -17.270742 -10.727386
v 1.591697 -14.731967 -9.328145
v 1.896306 -15.465203 -11.525215
v 4.913469 -19.329557 -11.955357
v 4.328757 -18.644691 -9.879494
v 3.403088 -17.928698 -12.819861
v 2.487603 -16.432749 -8.576609
v 2.433363 -16.087782 -13.633321
v 13.265563 10.812778 -13.799150
v 14.708137 10.812778 -19.116850
v 3.883015 -17.726974 -7.777912
v 9.587233 -17.165771 -22.707211
v 1.282986 -12.791117 -9.958960
v 1.568583 -13.404811 -12.194885
v 2.099219 -13.987023 -14.316106
v 1.231039 -12.150212 -7.623891
v 9.459360 -16.361843 -22.968508
v 8.035523 -16.247278 -22.551100
v 6.645356 -16.024088 -21.737926
v 3.295964 -11.732388 -2.911288
v 1.552325 -11.625550 -5.712344
v 4.263531 -17.039465 -17.735262
v 6.352685 -18.914551 -19.084150
v 5.159438 -18.740246 -16.983719
v 5.546390 -17.383890 -19.760515
v 3.954821 -15.098618 -18.366072
v 5.268558 -15.637170 -20.328234
v 2.231287 -11.234517 -4.287656
v 3.219939 -16.608347 -15.690125
v 5.159438 -18.740246 -16.983719
v 4.171033 -18.413887 -14.892296
v 4.263531 -17.039465 -17.735262
v 2.892216 -14.547953 -16.359791
v 3.954821 -15.098618 -18.366072
v 2.099219 -13.987023 -14.316106
v 2.892216 -14.547953 -16.359791
v 12.766572 -15.216577 -15.605543
v 14.684634 -15.937984 -21.424219
v 12.766575 -13.587982 -16.052549
v 14.556762 -15.134062 -21.685511
v 12.894444 -14.391908 -15.791259
v 2.416928 -10.037282 -4.557264
v 1.788601 -10.101757 -6.055488
v 3.168094 -10.928461 -3.172580
v 3.295964 -10.103792 -3.358290
v 5.546390 -13.845381 -20.731728
v 6.881633 -14.500295 -22.081072
v 6.645356 -16.024088 -21.737926
v 6.881633 -17.509554 -21.255123
v 4.263531 -13.107688 -18.814415
v 3.168094 -10.928461 -3.172580
v 3.295964 -10.103792 -3.358290
v 3.219941 -12.434390 -16.835749
v 2.433361 -11.832056 -14.801390
v 1.896307 -11.291248 -12.670841
v 9.587233 -15.537174 -23.154213
v 8.221165 -15.050045 -22.820707
v 1.508870 -10.358421 -8.027387
v 1.591694 -10.800188 -10.407300
v 6.881633 -14.500295 -22.081072
v 3.403087 -9.833820 -15.041660
v 2.847399 -9.331410 -12.906495
v 9.958331 -14.772483 -23.246162
v 2.487602 -8.954061 -10.629281
v 2.474301 -8.688791 -6.225386
v 2.315167 -8.696951 -8.227166
v 8.759915 -13.939884 -22.954193
v 2.955677 -8.927120 -4.690752
v 4.263531 -13.107688 -18.814415
v 3.667061 -9.339099 -3.450237
v 6.352685 -12.183909 -20.931509
v 3.219941 -12.434390 -16.835749
v 5.159438 -11.261559 -19.036396
v 3.667061 -9.339099 -3.450237
v 2.433361 -11.832056 -14.801390
v 4.171034 -10.474553 -17.071402
v 14.181949 14.255079 -19.259596
v 12.739375 14.255080 -13.941895
v 13.518910 14.605124 -19.439463
v 5.159438 -11.261559 -19.036396
v 6.554849 -9.740945 -19.010290
v 7.608522 -10.815391 -20.908005
v 4.245060 -8.709239 -3.439422
v 3.794799 -8.012708 -4.675052
v 4.171034 -10.474553 -17.071402
v 6.554849 -9.740945 -19.010290
v 4.245060 -8.709239 -3.439422
v 3.403087 -9.833820 -15.041660
v 5.652393 -8.860277 -17.043688
v 9.417146 10.812778 -14.843139
v 10.859719 10.812778 -20.160839
v 9.079311 11.499781 -14.934787
v 10.521885 11.499779 -20.252487
v 4.913469 -8.187919 -15.013399
v 8.746139 -16.860270 -16.432123
v 11.264648 -18.721558 -21.747108
v 10.536328 -18.406347 -22.065083
v 8.168140 -16.324183 -16.762955
v 9.958331 -17.870258 -22.395918
v 4.328758 -7.717136 -12.878779
v 8.635333 -11.923503 -22.230984
v 9.599035 -13.025472 -22.938492
v 10.536328 -14.142623 -23.235348
v 3.883014 -7.433446 -10.603173
v 3.542303 -7.524963 -6.205405
v 3.571004 -7.328434 -8.203669
v 7.567331 -13.087330 -22.250969
v 7.608522 -10.815391 -20.908005
v 6.352685 -12.183909 -20.931509
v 5.546390 -13.845381 -20.731728
v 5.652393 -8.860277 -17.043688
v 4.913469 -8.187919 -15.013399
v 4.245060 -8.709239 -3.439422
v 3.794799 -8.012708 -4.675052
v 3.542303 -7.524963 -6.205405
v 6.554849 -9.740945 -19.010290
v 5.652393 -8.860277 -17.043688
v 5.652393 -8.860277 -17.043688
v 4.913469 -8.187919 -15.013399
v 4.913469 -8.187919 -15.013399
v 4.328758 -7.717136 -12.878779
v 3.883014 -7.433446 -10.603173
v 3.571004 -7.328434 -8.203669
v 8.635333 -11.923503 -22.230984
v 7.608522 -10.815391 -20.908005
v 6.554849 -9.740945 -19.010290
v 12.395475 -12.883496 -16.363848
v 14.185665 -14.429574 -21.996809
v 11.817478 -12.347407 -16.694677
v 13.607669 -13.893486 -22.327639
v 10.281807 -17.238962 -15.840135
v 12.071997 -18.785040 -21.473101
v 9.474460 -17.175480 -16.114145
v 11.089159 -17.044500 -15.636933
v 12.879349 -18.590578 -21.269896
v 8.168140 -16.324183 -16.762955
v 12.879349 -13.578274 -22.645618
v 10.281811 -11.968714 -17.286663
v 12.072001 -13.514792 -22.919622
v 11.089159 -12.032195 -17.012659
v 11.264649 -13.709254 -23.122831
v 13.607669 -13.893486 -22.327639
v 11.817478 -12.347407 -16.694677
v 11.817478 -16.611132 -15.524416
v 13.607669 -18.157209 -21.157377
v 12.739375 14.255080 -13.941895
v 11.462195 11.004975 -14.766588
v 11.502995 12.261328 -14.916995
v 11.836886 11.066465 -14.664944
v 12.076338 9.917526 -14.121759
v 11.341356 9.796910 -14.321145
v 12.174901 11.244917 -14.573247
v 12.739375 10.267570 -13.941894
v 11.087503 11.066464 -14.868234
v 13.265563 10.812778 -13.799150
v 12.443149 11.522861 -14.500478
v 12.615376 11.873093 -14.453755
v 13.603398 11.499781 -13.707502
v 12.674720 12.261325 -14.437657
v 13.719808 12.261325 -13.675924
v 12.615376 12.649560 -14.453755
v 13.603397 13.022872 -13.707498
v 12.443149 12.999791 -14.500478
v 13.265563 13.709875 -13.799152
v 12.174901 13.277734 -14.573247
v 12.739375 14.255080 -13.941895
v 11.836886 13.456185 -14.664944
v 12.076338 14.605124 -14.121761
v 11.462195 13.517675 -14.766588
v 11.341354 14.725742 -14.321141
v 11.087503 13.456185 -14.868234
v 10.606374 14.605124 -14.520531
v 10.749489 13.277734 -14.959929
v 9.943335 14.255080 -14.700397
v 10.481240 12.999791 -15.032700
v 10.309012 12.649560 -15.079421
v 9.417146 13.709875 -14.843141
v 9.079311 13.022872 -14.934787
v 10.249668 12.261325 -15.095519
v 8.962901 12.261325 -14.966366
v 10.309012 11.873093 -15.079421
v 9.079311 11.499781 -14.934787
v 10.481240 11.522861 -15.032700
v 9.417146 10.812778 -14.843139
v 10.749489 11.244916 -14.959929
v 9.943335 10.267570 -14.700396
v 10.606374 9.917526 -14.520529
v 10.431767 -13.389970 -17.403967
v 10.843350 -13.422333 -17.264284
v 10.482399 -14.777078 -17.194576
v 11.089159 -12.032195 -17.012659
v 11.214645 -13.583027 -17.102177
v 11.817478 -12.347407 -16.694677
v 10.281811 -11.968714 -17.286663
v 10.020184 -13.489105 -17.507561
v 9.474460 -12.163176 -17.489870
v 11.509306 -13.856322 -16.933519
v 12.395475 -12.883496 -16.363848
v 11.698490 -14.215466 -16.774820
v 12.766575 -13.587982 -16.052549
v 11.763679 -14.625305 -16.641617
v 12.894444 -14.391908 -15.791259
v 11.698490 -15.045721 -16.546940
v 12.766572 -15.216577 -15.605543
v 11.509306 -15.435556 -16.500067
v 12.395475 -15.981271 -15.513601
v 11.214645 -15.756657 -16.505581
v 11.817478 -16.611132 -15.524416
v 10.843350 -15.977589 -16.562943
v 10.431767 -16.076723 -16.666534
v 11.089159 -17.044500 -15.636933
v 10.020184 -16.044361 -16.806221
v 10.281807 -17.238962 -15.840135
v 9.648887 -15.883666 -16.968327
v 9.474460 -17.175480 -16.114145
v 9.354226 -15.610372 -17.136986
v 8.746139 -16.860270 -16.432123
v 8.168140 -16.324183 -16.762955
v 9.165042 -15.251228 -17.295683
v 7.797042 -15.619693 -17.074253
v 9.099854 -14.841387 -17.428888
v 7.669171 -14.815766 -17.335545
v 9.165042 -14.420974 -17.523563
v 7.797042 -13.991096 -17.521254
v 9.354226 -14.031137 -17.570438
v 8.168140 -13.226406 -17.613203
v 9.648887 -13.710036 -17.564922
v 8.746139 -12.596544 -17.602386
v -8.449274 9.917530 -0.751455
v -7.910522 8.683553 -1.674195
v -7.714292 9.796913 -0.950838
v -8.977551 8.858661 -1.384735
v -6.843493 8.858660 -1.963656
v -6.979309 9.917529 -1.150222
v -9.112310 10.267576 -0.571587
v -9.940129 9.366847 -1.123609
v -8.197074 7.707681 -2.730503
v -12.666112 6.254371 -11.749743
v -13.100021 6.602898 -13.781782
v -10.782417 5.945240 -12.260747
v -14.700736 7.447978 -13.347546
v -11.325621 6.311703 -14.263137
v -9.551217 6.602895 -14.744493
v -8.898720 6.254367 -12.771751
v -7.968143 11.066471 -0.403752
v -7.714292 9.796913 -0.950838
v -7.593454 11.004982 -0.505397
v -8.449274 9.917530 -0.751455
v -6.979309 9.917529 -1.150222
v -7.218763 11.066471 -0.607045
v -8.306157 11.244923 -0.312057
v -9.112310 10.267576 -0.571587
v -12.169711 6.136688 -9.773826
v -12.666112 6.254371 -11.749743
v -10.249110 5.821496 -10.294842
v -14.365419 7.151505 -11.288758
v -8.898720 6.254367 -12.771751
v -8.328508 6.136685 -10.815857
v -10.782417 5.945240 -12.260747
v -7.552652 12.261329 -0.354991
v -7.968144 13.456188 -0.403753
v -8.306157 13.277736 -0.312057
v -6.612500 11.522866 -0.771508
v -6.440274 11.873096 -0.818229
v -8.574406 11.522866 -0.239287
v -8.746633 11.873096 -0.192565
v -8.805978 12.261329 -0.176466
v -8.746633 12.649563 -0.192566
v -8.574406 12.999792 -0.239287
v -6.380929 12.261329 -0.834328
v -6.880749 11.244921 -0.698738
v -7.593454 13.517677 -0.505398
v -7.218762 13.456188 -0.607043
v -6.880749 13.277736 -0.698738
v -6.612500 12.999792 -0.771508
v -6.440274 12.649563 -0.818229
v -11.599500 6.254372 -7.817930
v -12.547715 7.447980 -5.410950
v -13.298807 7.151506 -7.356947
v -10.249110 5.821496 -10.294842
v -9.715804 5.945241 -8.328935
v -12.169711 6.136688 -9.773826
v -10.947002 6.602899 -5.845187
v -7.832108 6.254368 -8.839940
v -13.902308 7.051397 -9.303811
v -11.659876 7.929429 -3.474171
v -9.172599 6.311701 -6.326544
v -10.219273 7.168877 -3.864974
v -7.398195 6.602897 -6.807900
v -13.654727 8.858658 -18.626024
v -12.783929 9.796910 -19.638844
v -12.587698 8.683549 -18.915487
v -13.518910 9.917526 -19.439459
v -12.048946 9.917525 -19.838228
v -11.520669 8.858658 -19.204948
v -14.617305 9.366844 -18.364901
v -14.181949 10.267570 -19.259592
v -10.780276 8.577351 -2.029737
v -8.622352 6.906806 -4.298183
v -9.555143 7.930553 -2.362088
v -7.025430 7.168875 -4.731392
v -13.659215 7.930551 -17.490765
v -12.301146 7.707677 -17.859180
v -10.943075 7.930549 -18.227594
v -6.839005 7.930552 -3.098918
v -13.472789 7.168875 -15.858289
v -14.884349 8.577349 -17.158415
v -13.659215 7.930551 -17.490765
v -11.875870 6.906804 -16.291498
v -12.301146 7.707677 -17.859180
v -13.100021 6.602898 -13.781782
v -11.325621 6.311703 -14.263137
v -14.913393 7.929427 -15.467486
v -10.278947 7.168873 -16.724705
v -9.551217 6.602895 -14.744493
v -10.704041 10.158363 -0.916377
v -11.752547 9.584764 -1.765983
v -14.700736 7.447978 -13.347546
v -14.365419 7.151505 -11.288758
v -9.638498 10.812781 -0.428844
v -13.902308 7.051397 -9.303811
v -13.818050 8.764226 -5.066337
v -14.647387 8.548825 -6.991107
v -15.277309 8.476091 -8.930804
v -12.803145 9.114019 -3.164028
v -15.381215 10.158360 -18.157669
v -14.708137 10.812778 -19.116850
v -14.884349 8.577349 -17.158415
v -15.871674 11.155732 -18.024620
v -15.045971 11.499779 -19.025204
v -15.856618 9.584761 -16.894659
v -14.617305 9.366844 -18.364901
v -14.884349 8.577349 -17.158415
v -16.790688 10.606688 -14.958218
v -16.480854 10.854171 -16.725319
v -15.381215 10.158360 -18.157669
v -16.056662 9.114018 -15.157343
v -15.871674 11.155732 -18.024620
v -11.194499 11.155735 -0.783327
v -12.376783 10.854175 -1.596641
v -14.913393 7.929427 -15.467486
v -15.971070 8.764225 -13.002932
v -14.700736 7.447978 -13.347546
v -9.940129 9.366847 -1.123609
v -10.704041 10.158363 -0.916377
v -9.976334 11.499784 -0.337197
v -11.194499 11.155735 -0.783327
v -15.714001 8.548825 -10.922919
v -16.786673 10.422792 -12.781677
v -15.971070 8.764225 -13.002932
v -14.365419 7.151505 -11.288758
v -14.700736 7.447978 -13.347546
v -15.277309 8.476091 -8.930804
v -15.714001 8.548825 -10.922919
v -13.902308 7.051397 -9.303811
v -16.579838 10.309549 -10.688037
v -14.365419 7.151505 -11.288758
v -16.786673 10.422792 -12.781677
v -17.067711 12.261328 -12.705438
v -17.043617 12.261325 -14.889604
v -10.092742 12.261329 -0.305618
v -11.363500 12.261329 -0.737481
v -16.579838 10.309549 -10.688037
v -17.067711 12.261328 -12.705438
v -16.160112 10.271311 -8.691320
v -16.878187 12.261328 -10.607101
v -15.513228 10.309549 -6.756225
v -16.464304 12.261327 -8.608799
v -16.160112 10.271311 -8.691320
v -14.647387 8.548825 -6.991107
v -15.277309 8.476091 -8.930804
v -14.633652 10.422792 -4.845083
v -15.811576 12.261328 -6.675290
v -13.818050 8.764226 -5.066337
v -13.537170 10.606690 -2.964904
v -14.914692 12.261328 -4.768843
v -12.803145 9.114019 -3.164028
v -16.695953 12.261326 -16.666967
v -16.040676 12.261325 -17.978773
v -12.376783 10.854175 -1.596641
v -13.790099 12.261329 -2.896290
v -11.752547 9.584764 -1.765983
v -13.537170 13.915969 -2.964904
v -14.633652 14.099862 -4.845083
v -15.513228 14.213105 -6.756226
v -15.045971 13.022871 -19.025200
v -15.162379 12.261324 -18.993626
v -15.045971 11.499779 -19.025204
v -12.376785 13.668484 -1.596642
v -15.871674 13.366920 -18.024620
v -12.591883 12.261329 -1.538291
v -16.480854 13.668479 -16.725321
v -12.376783 10.854175 -1.596641
v -12.376785 13.668484 -1.596642
v -12.591883 12.261329 -1.538291
v -16.790688 13.915962 -14.958220
v -11.194499 13.366922 -0.783328
v -16.878187 12.261328 -10.607101
v -16.579840 14.213108 -10.688040
v -16.786673 14.099862 -12.781678
v -9.976334 13.022875 -0.337198
v -16.464304 12.261327 -8.608799
v -16.160114 14.251343 -8.691320
v -16.579840 14.213108 -10.688040
v -16.160114 14.251343 -8.691320
v -11.752549 14.937896 -1.765983
v -10.704041 14.364295 -0.916378
v -15.714001 15.973835 -10.922922
v -15.971072 15.758430 -13.002933
v -9.638498 13.709878 -0.428845
v -15.277310 16.046562 -8.930804
v -15.714001 15.973835 -10.922922
v -13.818051 15.758430 -5.066339
v -14.647387 15.973834 -6.991108
v -15.277310 16.046562 -8.930804
v -12.803145 15.408637 -3.164029
v -14.708137 13.709874 -19.116852
v -11.752549 14.937896 -1.765983
v -15.381215 14.364292 -18.157673
v -15.971072 15.758430 -13.002933
v -16.056662 15.408634 -15.157344
v -15.856620 14.937893 -16.894661
v -16.786673 14.099862 -12.781678
v -14.181949 14.255079 -19.259596
v -14.617305 15.155807 -18.364902
v -14.700737 17.074675 -13.347547
v -14.913393 16.593224 -15.467487
v -14.884349 15.945303 -17.158417
v -10.780278 15.945308 -2.029739
v -9.940129 15.155812 -1.123610
v -14.365419 17.371149 -11.288762
v -14.700737 17.074675 -13.347547
v -9.112309 14.255082 -0.571588
v -8.449273 14.605127 -0.751455
v -8.977551 15.663999 -1.384736
v -13.902311 17.471258 -9.303811
v -15.714001 15.973835 -10.922922
v -15.277310 16.046562 -8.930804
v -14.365419 17.371149 -11.288762
v -12.169711 18.385967 -9.773827
v -12.666113 18.268286 -11.749745
v -13.902311 17.471258 -9.303811
v -14.647387 15.973834 -6.991108
v -13.298807 17.371151 -7.356948
v -15.277310 16.046562 -8.930804
v -12.169711 18.385967 -9.773827
v -13.818051 15.758430 -5.066339
v -12.547716 17.074675 -5.410952
v -11.599500 18.268286 -7.817933
v -12.803145 15.408637 -3.164029
v -11.659876 16.593227 -3.474172
v -10.947004 17.919758 -5.845189
v -11.752549 14.937896 -1.765983
v -10.780278 15.945308 -2.029739
v -10.219273 17.353781 -3.864976
v -9.555144 16.592106 -2.362090
v -9.715803 18.577417 -8.328937
v -9.555144 16.592106 -2.362090
v -9.172601 18.210951 -6.326545
v -13.659216 16.592098 -17.490768
v -14.617305 15.155807 -18.364902
v -14.884349 15.945303 -17.158417
v -11.875870 17.615845 -16.291500
v -12.301147 16.814972 -17.859180
v -13.654727 15.663994 -18.626028
v -13.472789 17.353777 -15.858290
v -12.587697 15.839101 -18.915489
v -8.622352 17.615849 -4.298186
v -14.913393 16.593224 -15.467487
v -11.325621 18.210949 -14.263139
v -13.100024 17.919756 -13.781783
v -8.197076 16.814978 -2.730505
v -7.910522 15.839106 -1.674197
v -14.700737 17.074675 -13.347547
v -7.714292 14.725742 -0.950839
v -12.666113 18.268286 -11.749745
v -14.700737 17.074675 -13.347547
v -14.365419 17.371149 -11.288762
v -13.100024 17.919756 -13.781783
v -10.782417 18.577415 -12.260751
v -11.325621 18.210949 -14.263139
v -10.249112 18.701157 -10.294845
v -10.782417 18.577415 -12.260751
v -10.249112 18.701157 -10.294845
v -13.518910 14.605124 -19.439463
v -14.617305 15.155807 -18.364902
v -13.654727 15.663994 -18.626028
v -14.181949 14.255079 -19.259596
v -12.587697 15.839101 -18.915489
v -12.783926 14.725741 -19.638842
v -6.979310 14.605127 -1.150223
v -8.898719 18.268286 -12.771754
v -7.832105 18.268286 -8.839942
v -8.328509 18.385967 -10.815860
v -7.398197 17.919758 -6.807901
v -7.025430 17.353781 -4.731393
v -12.048944 14.605124 -19.838230
v -11.520669 15.663994 -19.204952
v -6.839005 16.592106 -3.098918
v -8.197076 16.814978 -2.730505
v -11.520669 15.663994 -19.204952
v -10.943075 16.592098 -18.227596
v -6.843493 15.663999 -1.963658
v -6.839005 16.592106 -3.098918
v -10.278947 17.353777 -16.724709
v -9.551216 17.919752 -14.744496
v -5.613871 15.945308 -3.431269
v -5.584826 16.593225 -5.122197
v -9.717941 15.945301 -18.559948
v -10.558087 15.155807 -19.466076
v -9.551216 17.919752 -14.744496
v -5.880912 15.155811 -2.224785
v -5.613871 15.945308 -3.431269
v -8.838343 16.593224 -17.115513
v -8.898719 18.268286 -12.771754
v -7.950503 17.074673 -15.178733
v -6.316273 14.255083 -1.330090
v -8.328509 18.385967 -10.815860
v -7.199411 17.371149 -13.232738
v -5.797483 17.074675 -7.242139
v -6.132799 17.371151 -9.300926
v -6.595910 17.471256 -11.285874
v -11.385907 14.255079 -20.018097
v -10.558087 15.155807 -19.466076
v -5.790083 13.709878 -1.472833
v -10.859719 13.709874 -20.160839
v -7.950503 17.074673 -15.178733
v -8.745670 14.937892 -18.823702
v -7.695073 15.408634 -17.425655
v -5.117003 14.364295 -2.432015
v -7.199411 17.371149 -13.232738
v -6.680170 15.758426 -15.523345
v -6.595910 17.471256 -11.285874
v -5.850833 15.973831 -13.598578
v -6.680170 15.758426 -15.523345
v -4.641600 14.937895 -3.695024
v -5.880912 15.155811 -2.224785
v -5.117003 14.364295 -2.432015
v -3.707532 13.915967 -5.631464
v -4.441556 15.408636 -5.432340
v -5.613871 15.945308 -3.431269
v -4.017364 13.668483 -3.864365
v -5.584826 16.593225 -5.122197
v -4.626545 13.366922 -2.565065
v -5.850833 15.973831 -13.598578
v -5.452248 13.022876 -1.564480
v -5.220912 16.046564 -11.658881
v -4.784220 15.973830 -9.666764
v -3.711546 14.099864 -7.808005
v -3.918380 14.213105 -9.901648
v -6.595910 17.471256 -11.285874
v -6.132799 17.371151 -9.300926
v -5.220912 16.046564 -11.658881
v -4.527150 15.758430 -7.586752
v -4.338108 14.251342 -11.898365
v -5.797483 17.074675 -7.242139
v -9.794178 14.364291 -19.673307
v -10.521885 13.022871 -20.252487
v -8.745670 14.937892 -18.823702
v -9.303720 13.366919 -19.806356
v -9.717941 15.945301 -18.559948
v -3.430508 12.261328 -7.884244
v -3.620032 12.261327 -9.982582
v -4.033915 12.261328 -11.980884
v -8.121434 13.668480 -18.993044
v -10.405474 12.261324 -20.284067
v -9.134720 12.261324 -19.852203
v -4.626545 13.366922 -2.565065
v -3.454604 12.261328 -5.700078
v -6.961050 13.915966 -17.624781
v -5.583528 12.261325 -15.820840
v -6.708122 12.261325 -17.693394
v -8.745670 14.937892 -18.823702
v -7.695073 15.408634 -17.425655
v -8.121434 13.668480 -18.993044
v -5.864567 14.099860 -15.744599
v -7.906336 12.261324 -19.051394
v -3.802266 12.261328 -3.922716
v -6.680170 15.758426 -15.523345
v -5.335838 12.261329 -1.596059
v -4.984992 14.213104 -13.833460
v -6.680170 15.758426 -15.523345
v -5.850833 15.973831 -13.598578
v -5.864567 14.099860 -15.744599
v -4.686644 12.261325 -13.914393
v -5.583528 12.261325 -15.820840
v -4.338108 14.251342 -11.898365
v -5.850833 15.973831 -13.598578
v -5.220912 16.046564 -11.658881
v -4.984992 14.213104 -13.833460
v -4.033915 12.261328 -11.980884
v -4.686644 12.261325 -13.914393
v -4.457544 12.261329 -2.610912
v -5.452248 11.499784 -1.564481
v -4.626545 11.155735 -2.565065
v -4.017364 10.854173 -3.864365
v -6.961050 10.606688 -17.624779
v -8.121434 10.854170 -18.993040
v -5.335838 12.261329 -1.596059
v -5.452248 13.022876 -1.564480
v -5.864567 10.422791 -15.744598
v -5.452248 11.499784 -1.564481
v -4.984993 10.309546 -13.833459
v -4.338108 10.271310 -11.898364
v -3.707532 10.606689 -5.631464
v -3.711545 10.422793 -7.808005
v -3.918380 10.309547 -9.901648
v -9.303720 11.155730 -19.806356
v -10.521885 11.499779 -20.252487
v -7.906336 12.261324 -19.051394
v -8.121434 10.854170 -18.993040
v -4.784222 8.548821 -9.666764
v -5.220912 8.476090 -11.658879
v -8.745670 9.584760 -18.823700
v -9.794180 10.158360 -19.673306
v -10.859719 10.812778 -20.160839
v -4.641600 9.584762 -3.695023
v -4.441556 9.114018 -5.432339
v -4.527148 8.764225 -7.586750
v -5.117005 10.158363 -2.432015
v -5.790082 10.812780 -1.472833
v -5.864567 10.422791 -15.744598
v -7.695073 9.114017 -17.425655
v -4.984993 10.309546 -13.833459
v -6.680170 8.764223 -15.523344
v -5.790082 10.812780 -1.472833
v -4.338108 10.271310 -11.898364
v -5.850834 8.548822 -13.598575
v -6.680170 8.764223 -15.523344
v -7.950503 7.447978 -15.178732
v -8.838343 7.929426 -17.115511
v -5.850834 8.548822 -13.598575
v -7.199412 7.151501 -13.232735
v -7.950503 7.447978 -15.178732
v -6.316272 10.267573 -1.330089
v -5.220912 8.476090 -11.658879
v -6.595910 7.051396 -11.285872
v -7.199412 7.151501 -13.232735
v -6.595910 7.051396 -11.285872
v -6.132800 7.151502 -9.300925
v -9.717941 8.577348 -18.559946
v -10.558087 9.366844 -19.466074
v -11.385907 10.267569 -20.018097
v -5.613871 8.577350 -3.431268
v -5.584826 7.929429 -5.122196
v -5.797482 7.447979 -7.242136
v -8.838343 7.929426 -17.115511
v -7.695073 9.114017 -17.425655
v -6.961050 10.606688 -17.624779
v -10.278947 7.168873 -16.724705
v -5.880912 9.366846 -2.224784
v -4.641600 9.584762 -3.695023
v -5.117005 10.158363 -2.432015
v -5.613871 8.577350 -3.431268
v -5.584826 7.929429 -5.122196
v -5.117005 10.158363 -2.432015
v -5.880912 9.366846 -2.224784
v -6.316272 10.267573 -1.330089
v -7.950503 7.447978 -15.178732
v -7.199412 7.151501 -13.232735
v -7.199412 7.151501 -13.232735
v -6.595910 7.051396 -11.285872
v -8.328508 6.136685 -10.815857
v -6.132800 7.151502 -9.300925
v -6.595910 7.051396 -11.285872
v -5.797482 7.447979 -7.242136
v -11.875870 6.906804 -16.291498
v -8.838343 7.929426 -17.115511
v -7.950503 7.447978 -15.178732
v -6.024248 -7.101235 -4.216691
v -6.588079 -8.144891 -2.849694
v -5.780731 -8.081409 -3.123698
v -6.413650 -9.436707 -1.995512
v -6.042355 -9.276012 -2.157617
v -7.196335 -7.193398 -3.818899
v -5.630774 -9.243650 -2.297302
v -7.316399 -8.460104 -2.531712
v -10.262282 -8.225223 -18.248064
v -12.211391 -8.378484 -17.586559
v -9.588182 -7.251198 -16.234512
v -13.969713 -9.139473 -16.818888
v -11.657346 -7.413897 -15.532264
v -8.313169 -8.694695 -18.738647
v -13.523971 -8.221759 -14.717304
v -4.973381 -8.275869 -3.326905
v -9.588182 -7.251198 -16.234512
v -11.657346 -7.413897 -15.532264
v -8.926366 -6.547312 -14.188375
v -13.523971 -8.221759 -14.717304
v -11.036069 -6.713202 -13.472365
v -7.519016 -7.749583 -16.755312
v -12.939259 -7.536891 -12.641443
v -9.943335 14.255080 -14.700397
v -10.859719 13.709874 -20.160839
v -9.417146 13.709875 -14.843141
v -11.385907 14.255079 -20.018097
v -10.606374 14.605124 -14.520531
v -12.048944 14.605124 -19.838230
v -5.580140 -10.543293 -1.769264
v -6.042357 -11.831264 -1.456277
v -5.630774 -11.930398 -1.559870
v -6.708311 -9.710001 -1.826854
v -6.897496 -10.069145 -1.668158
v -6.962685 -10.478982 -1.534950
v -6.897496 -10.899399 -1.440278
v -6.708311 -11.289231 -1.393403
v -6.413650 -11.610330 -1.398917
v -4.847896 -11.737340 -1.861663
v -4.553235 -11.464046 -2.030319
v -5.219190 -11.898037 -1.699557
v -5.219192 -9.342787 -2.400899
v -4.847896 -9.563716 -2.458257
v -4.553235 -9.884814 -2.463771
v -4.364052 -10.274651 -2.416895
v -4.298863 -10.695064 -2.322222
v -4.364052 -11.104903 -2.189016
v -8.926366 -6.547312 -14.188375
v -11.036069 -6.713202 -13.472365
v -8.264547 -6.108056 -12.069602
v -12.939259 -7.536891 -12.641443
v -10.333714 -6.270755 -11.367352
v -6.816660 -7.055468 -14.719378
v -7.590446 -5.917721 -9.840950
v -12.200335 -7.078618 -10.552395
v -9.539557 -6.070984 -9.179443
v -8.661759 -6.102251 -6.922345
v -6.907606 -5.964320 -7.517686
v -6.195382 -6.606441 -12.590404
v -11.297879 -6.831972 -8.411769
v -13.000573 -12.206160 -22.082340
v -12.072001 -13.514792 -22.919622
v -12.879349 -13.578274 -22.645618
v -14.310428 -11.463156 -20.553759
v -12.964664 -10.880718 -21.141308
v -11.828484 -12.113999 -22.480131
v -14.057927 -12.663779 -21.620705
v -11.264649 -13.709254 -23.122831
v -11.472879 -10.763416 -21.647602
v -9.217395 -7.064616 -4.528175
v -7.871634 -6.482180 -5.115726
v -10.244205 -6.787121 -6.231458
v -6.379848 -6.364879 -5.622022
v -10.656393 -12.396315 -22.775146
v -8.253690 -7.651015 -3.357262
v -7.196335 -7.193398 -3.818899
v -6.024248 -7.101235 -4.216691
v -11.472879 -10.763416 -21.647602
v -12.964664 -10.880718 -21.141308
v -10.945126 -9.451277 -20.222021
v -12.699277 -9.589208 -19.626684
v -10.262282 -8.225223 -18.248064
v -9.981093 -11.122736 -22.023079
v -14.310428 -11.463156 -20.553759
v -9.190969 -9.873792 -20.663540
v -12.211391 -8.378484 -17.586559
v -14.281723 -10.274079 -18.935799
v -13.969713 -9.139473 -16.818888
v -9.092814 -8.429292 -2.876969
v -8.253690 -7.651015 -3.357262
v -7.894396 -8.996190 -2.200882
v -15.005331 -9.595704 -13.869411
v -14.449643 -8.937754 -11.776937
v -9.958331 -14.772483 -23.246162
v -7.797042 -13.991096 -17.521254
v -8.168140 -13.226406 -17.613203
v -9.587233 -15.537174 -23.154213
v -7.669171 -14.815766 -17.335545
v -14.449643 -8.937754 -11.776937
v -13.681697 -8.452564 -9.704501
v -12.693292 -8.126202 -7.613072
v -13.607669 -13.893486 -22.327639
v -14.897051 -13.442057 -21.140415
v -11.500043 -7.951899 -5.512650
v -10.285397 -8.055178 -3.916879
v -13.265563 13.709875 -13.799152
v -15.045971 13.022871 -19.025200
v -14.708137 13.709874 -19.116852
v -14.181949 14.255079 -19.259596
v -12.739375 14.255080 -13.941895
v -13.603397 13.022872 -13.707498
v -15.162379 12.261324 -18.993626
v -14.185665 -14.429574 -21.996809
v -14.057927 -12.663779 -21.620705
v -15.378426 -12.453717 -19.942463
v -14.310428 -11.463156 -20.553759
v -16.343861 -12.969518 -17.540623
v -15.537560 -11.438856 -18.216988
v -14.897051 -13.442057 -21.140415
v -14.281723 -10.274079 -18.935799
v -16.064125 -13.755437 -19.367260
v -13.969713 -9.139473 -16.818888
v -15.365125 -10.433701 -16.020187
v -16.261032 -12.134481 -15.268650
v -9.092814 -8.429292 -2.876969
v -8.265494 -9.700677 -1.889584
v -13.523971 -8.221759 -14.717304
v -13.969713 -9.139473 -16.818888
v -15.365125 -10.433701 -16.020187
v -15.005331 -9.595704 -13.869411
v -16.261032 -12.134481 -15.268650
v -15.956422 -11.401243 -13.071585
v -16.621691 -14.716232 -16.972900
v -16.569740 -14.075330 -14.637838
v -9.631566 -9.452048 -2.425036
v -10.285397 -8.055178 -3.916879
v -10.971094 -9.356898 -3.341677
v -8.393364 -10.504601 -1.628293
v -16.569740 -14.075330 -14.637838
v -16.284145 -13.461636 -12.401916
v -15.005331 -9.595704 -13.869411
v -15.956422 -11.401243 -13.071585
v -14.449643 -8.937754 -11.776937
v -16.284145 -13.461636 -12.401916
v -15.419367 -10.778663 -10.963479
v -15.753510 -12.879421 -10.280691
v -13.265563 10.812778 -13.799150
v -15.045971 11.499779 -19.025204
v -13.603398 11.499781 -13.707502
v -14.708137 10.812778 -19.116850
v -13.719808 12.261325 -13.675924
v -14.449643 -8.937754 -11.776937
v -15.419367 -10.778663 -10.963479
v -13.681697 -8.452564 -9.704501
v -15.753510 -12.879421 -10.280691
v -14.632790 -10.258101 -8.906672
v -14.960514 -12.318493 -8.237004
v -13.589197 -9.826982 -6.861533
v -11.817478 -16.611132 -15.524416
v -14.185665 -17.527351 -21.146566
v -12.395475 -15.981271 -15.513601
v -13.607669 -18.157209 -21.157377
v -14.556762 -16.762657 -21.238510
v -12.766572 -15.216577 -15.605543
v -12.693292 -8.126202 -7.613072
v -13.897907 -11.767830 -6.230720
v -14.185665 -14.429574 -21.996809
v -15.435802 -14.464813 -20.688478
v -14.556762 -15.134062 -21.685511
v -16.300402 -15.240896 -18.884451
v -15.621443 -15.631930 -20.309145
v -11.500043 -7.951899 -5.512650
v -12.306339 -9.482560 -4.836283
v -12.584172 -11.229277 -4.268564
v -10.971094 -9.356898 -3.341677
v -10.285397 -8.055178 -3.916879
v -11.207373 -10.842358 -2.858873
v -9.817206 -10.619167 -2.045699
v -13.589197 -13.758759 -5.782379
v -12.306339 -13.021070 -3.865068
v -14.684634 -15.937984 -21.424219
v -14.556762 -16.762657 -21.238510
v -10.971095 -12.366153 -2.515727
v -15.435802 -16.829168 -20.039532
v -16.064125 -16.764692 -18.541311
v -16.261032 -16.066261 -14.189496
v -11.207373 -10.842358 -2.858873
v -8.265494 -11.329272 -1.442584
v -9.631566 -11.816403 -1.776092
v -15.956422 -15.575199 -11.925960
v -15.419370 -15.034390 -9.795408
v -14.632790 -14.432053 -7.761048
v -7.894396 -12.093965 -1.350635
v -10.971095 -12.366153 -2.515727
v -16.261032 -16.066261 -14.189496
v -15.005331 -17.535040 -11.690307
v -15.956422 -15.575199 -11.925960
v -14.449644 -17.032623 -9.555140
v -12.693293 -15.604890 -5.560398
v -15.419370 -15.034390 -9.795408
v -13.681697 -16.391897 -7.525395
v -11.500043 -14.682540 -3.665293
v -14.185665 -17.527351 -21.146566
v -10.285398 -13.779118 -2.345830
v -14.897051 -17.939329 -19.906046
v -16.343861 -16.508024 -16.569410
v -15.365126 -17.912392 -13.967515
v -15.378428 -18.177658 -18.371414
v -9.092814 -12.926563 -1.642604
v -14.057927 -18.853743 -19.921745
v -15.537560 -18.169497 -16.369629
v -13.969713 -19.433002 -13.993623
v -14.310428 -19.341486 -18.391394
v -9.217396 -14.942945 -2.365812
v -8.253690 -13.840978 -1.658303
v -10.285398 -13.779118 -2.345830
v -7.316396 -12.723823 -1.361451
v -15.365126 -17.912392 -13.967515
v -13.523971 -19.149311 -11.718022
v -15.005331 -17.535040 -11.690307
v -10.536328 -14.142623 -23.235348
v -8.168140 -13.226406 -17.613203
v -8.746139 -12.596544 -17.602386
v -9.474460 -12.163176 -17.489870
v -11.264649 -13.709254 -23.122831
v -9.958331 -14.772483 -23.246162
v -14.449644 -17.032623 -9.555140
v -12.048946 9.917525 -19.838228
v -9.943335 10.267570 -14.700396
v -11.385907 10.267569 -20.018097
v -10.859719 10.812778 -20.160839
v -10.606374 9.917526 -14.520529
v -12.783929 9.796910 -19.638844
v -11.341356 9.796910 -14.321145
v -13.969713 -19.433002 -13.993623
v -15.005331 -17.535040 -11.690307
v -12.939261 -18.678526 -9.583397
v -14.449644 -17.032623 -9.555140
v -13.523971 -19.149311 -11.718022
v -11.657349 -20.260006 -12.006394
v -14.449644 -17.032623 -9.555140
v -12.200335 -18.006168 -7.553112
v -13.681697 -16.391897 -7.525395
v -12.939261 -18.678526 -9.583397
v -11.036069 -19.810980 -9.877420
v -11.297880 -17.125500 -5.586508
v -12.693293 -15.604890 -5.560398
v -11.500043 -14.682540 -3.665293
v -10.333714 -19.116861 -7.841484
v -13.607669 -18.157209 -21.157377
v -14.057927 -18.853743 -19.921745
v -14.897051 -17.939329 -19.906046
v -13.000573 -19.482897 -20.085096
v -14.185665 -17.527351 -21.146566
v -10.244205 -16.051054 -3.688788
v -10.285398 -13.779118 -2.345830
v -9.539559 -18.171751 -5.858148
v -9.217396 -14.942945 -2.365812
v -14.281723 -19.538013 -16.393127
v -8.661759 -16.992657 -3.933258
v -8.264546 -19.615253 -8.362284
v -7.871635 -15.743711 -2.573715
v -7.590447 -18.641224 -6.348732
v -12.964666 -20.142244 -18.599297
v -14.057927 -18.853743 -19.921745
v -13.000573 -19.482897 -20.085096
v -10.945126 -20.902126 -17.079109
v -12.699277 -20.479612 -16.637594
v -14.310428 -19.341486 -18.391394
v -11.472881 -20.501568 -18.974771
v -14.281723 -19.538013 -16.393127
v -7.196335 -14.470135 -1.821653
v -8.253690 -13.840978 -1.658303
v -6.907606 -17.415171 -4.374774
v -10.262282 -20.948725 -14.755847
v -12.211395 -20.479252 -14.265263
v -13.969713 -19.433002 -13.993623
v -6.379851 -16.103029 -2.949196
v -7.196335 -14.470135 -1.821653
v -6.588078 -13.157192 -1.473967
v -6.024245 -14.752448 -2.116666
v -12.211395 -20.479252 -14.265263
v -11.657349 -20.260006 -12.006394
v -13.523971 -19.149311 -11.718022
v -10.262282 -20.948725 -14.755847
v -13.969713 -19.433002 -13.993623
v -5.780731 -13.351653 -1.677174
v -11.036069 -19.810980 -9.877420
v -9.588182 -20.758398 -12.527195
v -9.587233 -17.165771 -22.707211
v -7.797042 -15.619693 -17.074253
v -9.459360 -16.361843 -22.968508
v -9.958331 -17.870258 -22.395918
v -8.168140 -16.324183 -16.762955
v -8.926367 -20.319134 -10.408424
v -12.879349 -18.590578 -21.269896
v -11.828482 -19.765215 -20.380108
v -4.852158 -14.660288 -2.514456
v -4.973382 -13.288174 -1.951179
v -6.816661 -20.153248 -11.124433
v -8.926367 -20.319134 -10.408424
v -12.783926 14.725741 -19.638842
v -12.076338 14.605124 -14.121761
v -13.518910 14.605124 -19.439463
v -11.341354 14.725742 -14.321141
v -6.195379 -19.452553 -9.064535
v -5.641335 -18.487968 -7.010237
v -9.079311 13.022872 -14.934787
v -10.859719 13.709874 -20.160839
v -10.521885 13.022871 -20.252487
v -9.417146 13.709875 -14.843141
v -8.962901 12.261325 -14.966366
v -5.153450 -17.277241 -4.970111
v -12.071997 -18.785040 -21.473101
v -11.264648 -18.721558 -21.747108
v -4.888064 -15.985731 -3.455487
v -11.828482 -19.765215 -20.380108
v -6.024245 -14.752448 -2.116666
v -9.981093 -20.384266 -19.481068
v -9.190969 -20.764198 -17.674450
v -7.519015 -20.595695 -13.229445
v -9.588182 -20.758398 -12.527195
v -3.542303 -15.403296 -4.043041
v -4.852158 -14.660288 -2.514456
v -6.554849 -20.034475 -16.185026
v -8.313168 -20.795464 -15.417353
v -3.794799 -14.202669 -2.976094
v -3.794799 -14.202669 -2.976094
v -4.245061 -12.972961 -2.269157
v -8.313168 -20.795464 -15.417353
v -5.652393 -19.787834 -14.044403
v -7.519015 -20.595695 -13.229445
v -4.913469 -19.329557 -11.955357
v -6.816661 -20.153248 -11.124433
v -3.883015 -17.726974 -7.777912
v -4.328757 -18.644691 -9.879494
v -13.518910 9.917526 -19.439459
v -12.076338 9.917526 -14.121759
v -3.571004 -16.592367 -5.660999
v -10.656393 -19.673054 -20.777901
v -9.981093 -20.384266 -19.481068
v -11.472881 -20.501568 -18.974771
v -3.667063 -12.436875 -2.599990
v -4.913469 -19.329557 -11.955357
v -12.739375 10.267570 -13.941894
v -10.536328 -18.406347 -22.065083
v -9.599035 -19.215435 -21.239536
v -8.635333 -19.801832 -20.068623
v -9.958331 -17.870258 -22.395918
v -8.759912 -18.437159 -21.719830
v -8.635333 -19.801832 -20.068623
v -7.608522 -20.079325 -18.365337
v -5.159438 -18.740246 -16.983719
v -2.955676 -13.424392 -3.456386
v -6.554849 -20.034475 -16.185026
v -4.171033 -18.413887 -14.892296
v -5.652393 -19.787834 -14.044403
v -7.567331 -18.811272 -20.679918
v -8.221165 -17.414400 -22.171766
v -6.881633 -17.509554 -21.255123
v -5.546390 -17.383890 -19.760515
v -6.352685 -18.914551 -19.084150
v -7.608522 -20.079325 -18.365337
v -2.474301 -14.412733 -4.654337
v -3.794799 -14.202669 -2.976094
v -3.542303 -15.403296 -4.043041
v -2.955676 -13.424392 -3.456386
v -6.352685 -18.914551 -19.084150
v -5.159438 -18.740246 -16.983719
v -3.295964 -11.732388 -2.911288
v -3.403088 -17.928698 -12.819861
v -5.652393 -19.787834 -14.044403
v -4.171033 -18.413887 -14.892296
v -4.913469 -19.329557 -11.955357
v -2.433363 -16.087782 -13.633321
v -2.847398 -17.270742 -10.727386
v -4.913469 -19.329557 -11.955357
v -3.403088 -17.928698 -12.819861
v -1.591697 -14.731967 -9.328145
v -2.487603 -16.432749 -8.576609
v -4.328757 -18.644691 -9.879494
v -1.896306 -15.465203 -11.525215
v -3.883015 -17.726974 -7.777912
v -14.181949 10.267570 -19.259592
v -13.265563 10.812778 -13.799150
v -1.508871 -13.896931 -7.056173
v -2.315167 -15.427592 -6.379808
v -3.571004 -16.592367 -5.660999
v -9.587233 -17.165771 -22.707211
v -2.433363 -16.087782 -13.633321
v -1.282986 -12.791117 -9.958960
v -1.568583 -13.404811 -12.194885
v -1.231039 -12.150212 -7.623891
v -9.459360 -16.361843 -22.968508
v -8.035523 -16.247278 -22.551100
v -1.788601 -13.111013 -5.229538
v -6.645356 -16.024088 -21.737926
v -2.416928 -12.401637 -3.908320
v -1.552325 -11.625550 -5.712344
v -4.263531 -17.039465 -17.735262
v -6.352685 -18.914551 -19.084150
v -5.546390 -17.383890 -19.760515
v -5.159438 -18.740246 -16.983719
v -3.954821 -15.098618 -18.366072
v -2.416928 -12.401637 -3.908320
v -3.219939 -16.608347 -15.690125
v -5.159438 -18.740246 -16.983719
v -4.263531 -17.039465 -17.735262
v -4.171033 -18.413887 -14.892296
v -2.892216 -14.547953 -16.359791
v -3.219939 -16.608347 -15.690125
v -2.099219 -13.987023 -14.316106
v -14.684634 -15.937984 -21.424219
v -12.894444 -14.391908 -15.791259
v -12.766575 -13.587982 -16.052549
v -2.416928 -10.037282 -4.557264
v -2.231287 -11.234517 -4.287656
v -3.295964 -10.103792 -3.358290
v -3.168094 -10.928461 -3.172580
v -3.295964 -11.732388 -2.911288
v -5.268558 -15.637170 -20.328234
v -5.546390 -13.845381 -20.731728
v -6.645356 -16.024088 -21.737926
v -6.881633 -14.500295 -22.081072
v -6.881633 -17.509554 -21.255123
v -3.954821 -15.098618 -18.366072
v -4.263531 -13.107688 -18.814415
v -3.168094 -10.928461 -3.172580
v -2.892216 -14.547953 -16.359791
v -3.219941 -12.434390 -16.835749
v -2.099219 -13.987023 -14.316106
v -2.433361 -11.832056 -14.801390
v -1.896307 -11.291248 -12.670841
v -9.587233 -15.537174 -23.154213
v -8.221165 -15.050045 -22.820707
v -1.591694 -10.800188 -10.407300
v -1.788601 -10.101757 -6.055488
v -6.881633 -14.500295 -22.081072
v -3.403087 -9.833820 -15.041660
v -2.847399 -9.331410 -12.906495
v -1.508870 -10.358421 -8.027387
v -9.958331 -14.772483 -23.246162
v -2.487602 -8.954061 -10.629281
v -2.474301 -8.688791 -6.225386
v -8.759915 -13.939884 -22.954193
v -2.955677 -8.927120 -4.690752
v -4.263531 -13.107688 -18.814415
v -3.667061 -9.339099 -3.450237
v -6.352685 -12.183909 -20.931509
v -3.219941 -12.434390 -16.835749
v -5.159438 -11.261559 -19.036396
v -3.295964 -10.103792 -3.358290
v -3.667061 -9.339099 -3.450237
v -2.433361 -11.832056 -14.801390
v -4.171034 -10.474553 -17.071402
v -12.739375 14.255080 -13.941895
v -14.181949 14.255079 -19.259596
v -6.554849 -9.740945 -19.010290
v -5.159438 -11.261559 -19.036396
v -4.171034 -10.474553 -17.071402
v -6.554849 -9.740945 -19.010290
v -3.403087 -9.833820 -15.041660
v -5.652393 -8.860277 -17.043688
v -9.079311 11.499781 -14.934787
v -10.859719 10.812778 -20.160839
v -9.417146 10.812778 -14.843139
v -10.521885 11.499779 -20.252487
v -10.405474 12.261324 -20.284067
v -4.913469 -8.187919 -15.013399
v -8.168140 -16.324183 -16.762955
v -10.536328 -18.406347 -22.065083
v -8.746139 -16.860270 -16.432123
v -9.958331 -17.870258 -22.395918
v -11.264648 -18.721558 -21.747108
v -9.474460 -17.175480 -16.114145
v -4.328758 -7.717136 -12.878779
v -2.315167 -8.696951 -8.227166
v -8.635333 -11.923503 -22.230984
v -7.567331 -13.087330 -22.250969
v -9.599035 -13.025472 -22.938492
v -3.883014 -7.433446 -10.603173
v -3.542303 -7.524963 -6.205405
v -7.608522 -10.815391 -20.908005
v -6.352685 -12.183909 -20.931509
v -3.794799 -8.012708 -4.675052
v -5.546390 -13.845381 -20.731728
v -3.571004 -7.328434 -8.203669
v -9.981093 -11.122736 -22.023079
v -10.536328 -14.142623 -23.235348
v -7.608522 -10.815391 -20.908005
v -2.955677 -8.927120 -4.690752
v -4.245060 -8.709239 -3.439422
v -3.794799 -8.012708 -4.675052
v -4.852158 -7.383549 -4.511700
v -5.652393 -8.860277 -17.043688
v -4.913469 -8.187919 -15.013399
v -6.554849 -9.740945 -19.010290
v -7.519016 -7.749583 -16.755312
v -5.652393 -8.860277 -17.043688
v -5.652393 -8.860277 -17.043688
v -6.816660 -7.055468 -14.719378
v -4.913469 -8.187919 -15.013399
v -4.913469 -8.187919 -15.013399
v -4.328758 -7.717136 -12.878779
v -5.641333 -6.387196 -10.331534
v -3.883014 -7.433446 -10.603173
v -5.153450 -6.386833 -7.959198
v -3.571004 -7.328434 -8.203669
v -3.542303 -7.524963 -6.205405
v -4.888064 -6.724200 -5.997501
v -8.635333 -11.923503 -22.230984
v -8.313169 -8.694695 -18.738647
v -7.608522 -10.815391 -20.908005
v -6.554849 -9.740945 -19.010290
v -4.852158 -7.383549 -4.511700
v -3.794799 -8.012708 -4.675052
v -4.973381 -8.275869 -3.326905
v -5.780731 -8.081409 -3.123698
v -12.395475 -12.883496 -16.363848
v -14.556762 -15.134062 -21.685511
v -14.185665 -14.429574 -21.996809
v -11.817478 -12.347407 -16.694677
v -9.417146 10.812778 -14.843139
v -14.708137 10.812778 -19.116850
v -12.071997 -18.785040 -21.473101
v -10.281807 -17.238962 -15.840135
v -11.089159 -17.044500 -15.636933
v -10.281811 -11.968714 -17.286663
v -12.879349 -13.578274 -22.645618
v -12.072001 -13.514792 -22.919622
v -11.089159 -12.032195 -17.012659
v -13.607669 -13.893486 -22.327639
v -11.817478 -12.347407 -16.694677
v -12.879349 -18.590578 -21.269896
v -11.817478 -16.611132 -15.524416
v -13.607669 -18.157209 -21.157377
v -13.607669 -13.893486 -22.327639
v -11.462195 11.004975 -14.766588
v -12.076338 9.917526 -14.121759
v -11.836886 11.066465 -14.664944
v -11.502995 12.261328 -14.916995
v -12.174901 11.244917 -14.573247
v -12.739375 10.267570 -13.941894
v -11.341356 9.796910 -14.321145
v -11.087503 11.066464 -14.868234
v -10.606374 9.917526 -14.520529
v -12.443149 11.522861 -14.500478
v -13.265563 10.812778 -13.799150
v -13.603398 11.499781 -13.707502
v -12.615376 11.873093 -14.453755
v -12.674720 12.261325 -14.437657
v -13.719808 12.261325 -13.675924
v -12.615376 12.649560 -14.453755
v -12.443149 12.999791 -14.500478
v -13.603397 13.022872 -13.707498
v -12.174901 13.277734 -14.573247
v -13.265563 13.709875 -13.799152
v -12.739375 14.255080 -13.941895
v -11.836886 13.456185 -14.664944
v -12.076338 14.605124 -14.121761
v -11.462195 13.517675 -14.766588
v -11.341354 14.725742 -14.321141
v -11.087503 13.456185 -14.868234
v -10.606374 14.605124 -14.520531
v -10.749489 13.277734 -14.959929
v -10.481240 12.999791 -15.032700
v -9.943335 14.255080 -14.700397
v -10.309012 12.649560 -15.079421
v -9.417146 13.709875 -14.843141
v -9.079311 13.022872 -14.934787
v -10.249668 12.261325 -15.095519
v -10.309012 11.873093 -15.079421
v -9.079311 11.499781 -14.934787
v -8.962901 12.261325 -14.966366
v -10.481240 11.522861 -15.032700
v -9.417146 10.812778 -14.843139
v -10.749489 11.244916 -14.959929
v -9.943335 10.267570 -14.700396
v -10.431767 -13.389970 -17.403967
v -10.482399 -14.777078 -17.194576
v -10.843350 -13.422333 -17.264284
v -11.089159 -12.032195 -17.012659
v -10.281811 -11.968714 -17.286663
v -11.214645 -13.583027 -17.102177
v -11.817478 -12.347407 -16.694677
v -10.020184 -13.489105 -17.507561
v -12.395475 -12.883496 -16.363848
v -11.509306 -13.856322 -16.933519
v -11.698490 -14.215466 -16.774820
v -12.766575 -13.587982 -16.052549
v -11.763679 -14.625305 -16.641617
v -12.894444 -14.391908 -15.791259
v -12.766572 -15.216577 -15.605543
v -11.698490 -15.045721 -16.546940
v -11.509306 -15.435556 -16.500067
v -12.395475 -15.981271 -15.513601
v -11.214645 -15.756657 -16.505581
v -11.817478 -16.611132 -15.524416
v -10.843350 -15.977589 -16.562943
v -11.089159 -17.044500 -15.636933
v -10.431767 -16.076723 -16.666534
v -10.020184 -16.044361 -16.806221
v -10.281807 -17.238962 -15.840135
v -9.474460 -17.175480 -16.114145
v -9.648887 -15.883666 -16.968327
v -8.746139 -16.860270 -16.432123
v -9.354226 -15.610372 -17.136986
v -8.168140 -16.324183 -16.762955
v -9.165042 -15.251228 -17.295683
v -7.797042 -15.619693 -17.074253
v -9.099854 -14.841387 -17.428888
v -7.669171 -14.815766 -17.335545
v -9.165042 -14.420974 -17.523563
v -7.797042 -13.991096 -17.521254
v -9.354226 -14.031137 -17.570438
v -8.168140 -13.226406 -17.613203
v -9.648887 -13.710036 -17.564922
v -8.746139 -12.596544 -17.602386
v -9.474460 -12.163176 -17.489870
v 22.572281 0.000002 -2.689216
v 21.454437 1.029120 -5.173720
v 22.572275 0.524642 -2.637541
v 22.949730 0.000006 0.000007
v 22.572281 -0.524638 -2.637543
v 21.454437 0.000003 -5.275086
v 22.572281 -1.029117 -2.484512
v 21.454437 -1.029116 -5.173727
v 19.639170 1.413512 -7.106197
v 19.639170 -2.772703 -6.693896
v 19.639170 -1.413510 -7.106205
v 21.454437 -2.018687 -4.873544
v 19.639170 0.000002 -7.245423
v 19.639170 -4.025340 -6.024348
v 22.572281 -1.494048 -2.236001
v 21.454437 -2.930680 -4.386074
v 22.572281 -1.901562 -1.901561
v 21.454437 -3.730048 -3.730048
v 19.639170 -5.123288 -5.123287
v 22.572281 -2.236002 -1.494047
v 19.639170 -6.024349 -4.025340
v 22.572281 -2.484512 -1.029116
v 21.454437 -4.873543 -2.018685
v 21.454437 -4.386075 -2.930679
v 22.572281 -2.637544 -0.524637
v 19.639170 -6.693900 -2.772700
v 21.454441 -5.173726 -1.029115
v 21.454441 -5.275086 0.000004
v 22.572281 -2.689216 0.000004
v 19.639170 -7.106205 -1.413509
v 22.572281 -2.637544 0.524644
v 19.639170 -7.245423 0.000004
v 22.572281 -2.484511 1.029123
v 21.454441 -4.873543 2.018693
v 21.454441 -5.173726 1.029122
v 19.639170 -7.106205 1.413516
v 19.639170 -6.693896 2.772708
v 22.572281 -2.236001 1.494053
v 21.454441 -4.386073 2.930685
v 19.639170 -6.024348 4.025346
v 22.572281 -1.901561 1.901569
v 21.454441 -3.730047 3.730053
v 19.639172 -5.123287 5.123292
v 22.572281 -1.494047 2.236007
v 21.454441 -2.930679 4.386078
v 19.639172 -4.025340 6.024353
v 21.454441 -2.018686 4.873549
v 19.639172 -2.772700 6.693904
v 22.572281 -1.029117 2.484517
v 21.454441 -1.029116 5.173731
v 22.572281 -0.524638 2.637549
v 19.639172 -1.413510 7.106209
v 22.572281 0.000002 2.689221
v 21.454441 0.000002 5.275090
v 22.572281 0.524643 2.637548
v 21.454441 1.029120 5.173730
v 19.639172 0.000002 7.245429
v 19.639172 -1.413510 7.106209
v 21.454441 0.000002 5.275090
v 21.454441 -1.029116 5.173731
v 19.639172 1.413514 7.106209
v 22.572281 1.029121 2.484516
v 21.454441 2.018690 4.873547
v 21.454441 1.029120 5.173730
v 21.454441 2.018690 4.873547
v 22.572281 1.494052 2.236006
v 21.454441 2.930683 4.386076
v 19.639172 2.772706 6.693902
v 19.639170 4.025344 6.024353
v 22.572281 1.901566 1.901567
v 21.454441 3.730051 3.730051
v 19.639172 5.123290 5.123292
v 19.639170 4.025344 6.024353
v 21.454441 2.930683 4.386076
v 22.572281 2.236005 1.494053
v 21.454441 4.386076 2.930683
v 19.639172 6.024352 4.025345
v 21.454441 4.873546 2.018691
v 22.572275 2.484515 1.029122
v 19.639172 6.693900 2.772707
v 19.639170 7.106205 1.413515
v 22.572281 2.637547 0.524644
v 21.454441 5.173728 1.029121
v 22.572275 2.689220 0.000003
v 19.639166 7.245424 0.000003
v 21.454441 5.275086 0.000003
v 21.454441 5.173728 -1.029115
v 19.639170 7.106205 -1.413508
v 22.572281 2.637547 -0.524637
v 22.572275 2.484515 -1.029115
v 19.639170 6.693897 -2.772700
v 21.454441 4.873545 -2.018684
v 21.454437 4.386075 -2.930676
v 22.572281 2.236005 -1.494045
v 22.572281 1.901566 -1.901560
v 19.639166 6.024349 -4.025337
v 21.454441 3.730050 -3.730045
v 22.572281 1.494051 -2.235998
v 19.639170 5.123288 -5.123283
v 19.639170 4.025342 -6.024344
v 21.454437 2.930681 -4.386069
v 21.454437 2.018689 -4.873538
v 22.572275 1.029121 -2.484509
v 19.639170 2.772704 -6.693893
v 19.635466 4.535246 6.787475
v 19.484192 3.657498 8.829978
v 19.635466 3.123933 7.541838
v 19.484192 6.758172 6.758173
v 19.484188 5.309863 7.946770
v 19.484192 1.864578 9.373854
v 19.635466 1.592568 8.006371
v 19.484192 7.946770 5.309863
v 17.863384 8.845520 5.910388
v 19.484192 6.758172 6.758173
v 17.863382 5.910388 8.845520
v 19.484188 5.309863 7.946770
v 17.863384 7.522496 7.522496
v 19.635466 -6.787469 4.535247
v 19.484188 -8.829971 3.657500
v 19.635466 -7.541832 3.123934
v 19.484192 -6.758167 6.758173
v 19.484188 -7.946765 5.309865
v 19.635466 -5.772268 5.772274
v 19.635466 -8.006369 1.592570
v 19.484188 3.657495 -8.829968
v 19.635466 4.535244 -6.787467
v 19.635466 3.123930 -7.541829
v 19.484188 5.309859 -7.946761
v 19.484188 1.864575 -9.373842
v 19.635466 5.772270 -5.772264
v 19.484188 -3.657494 -8.829972
v 19.635466 -4.535242 -6.787470
v 19.484188 -5.309858 -7.946766
v 19.635466 -5.772269 -5.772268
v 19.484188 -6.758169 -6.758169
v 19.635466 -3.123929 -7.541832
v 19.484188 8.829972 -3.657492
v 19.484188 9.373850 -1.864571
v 19.635466 8.006370 -1.592562
v 19.635466 7.541832 -3.123926
v 19.635462 6.787470 -4.535239
v 19.484186 7.946766 -5.309856
v 19.635466 0.000003 -8.163222
v 19.635466 1.592566 -8.006360
v 19.484188 -1.864573 -9.373849
v 19.484188 0.000003 -9.557496
v 19.484192 0.000003 9.557500
v 19.635466 0.000003 8.163228
v 19.484192 -1.864572 9.373855
v 19.635466 -1.592563 8.006371
v 19.484192 -5.309857 7.946770
v 19.635466 -3.123927 7.541840
v 19.484192 -3.657491 8.829979
v 19.635466 -4.535242 6.787475
v 19.484188 -7.946766 -5.309857
v 19.635466 -6.787471 -4.535241
v 19.635466 -7.541834 -3.123927
v 19.484188 -8.829975 -3.657493
v 19.635466 7.541835 3.123933
v 19.484188 9.373852 1.864578
v 19.484192 8.829975 3.657498
v 19.635466 8.006370 1.592569
v 19.635466 6.787473 4.535247
v 19.484192 7.946770 5.309863
v 19.635466 5.772272 5.772273
v 19.484188 -9.557494 0.000004
v 19.635466 -8.163221 0.000004
v 19.484188 -9.373850 1.864579
v 19.635466 -8.006369 -1.592562
v 19.484188 6.758170 -6.758164
v 19.635466 -1.592564 -8.006368
v 19.484186 9.557495 0.000003
v 19.635462 8.163222 0.000003
v 19.484188 -9.373852 -1.864571
v 17.863384 -4.393688 6.575627
v 17.863384 -5.910384 8.845522
v 17.863384 -3.026423 7.306446
v 17.863384 -4.071141 9.828619
v 17.863384 -2.075449 10.434004
v 17.863384 -1.542857 7.756480
v 17.863382 -10.434000 -2.075448
v 19.484188 -8.829975 -3.657493
v 19.484188 -9.373852 -1.864571
v 17.863382 -9.828615 -4.071143
v 17.863382 -10.638413 0.000004
v 17.863384 4.071146 9.828618
v 19.484192 3.657498 8.829978
v 17.863382 -9.828615 -4.071143
v 19.484188 -7.946766 -5.309857
v 19.484188 -8.829975 -3.657493
v 17.863382 -8.845518 -5.910385
v 17.863384 2.075454 10.434004
v 19.484192 1.864578 9.373854
v 17.863382 -8.845518 -5.910385
v 17.863382 -7.522493 -7.522493
v 19.484188 -6.758169 -6.758169
v 19.484188 -7.946766 -5.309857
v 17.863382 -5.910384 -8.845516
v 19.484188 -5.309858 -7.946766
v 17.863384 0.000003 10.638419
v 19.484192 0.000003 9.557500
v 17.863382 0.000003 -10.638414
v 19.484188 1.864575 -9.373842
v 19.484188 0.000003 -9.557496
v 19.484188 -1.864573 -9.373849
v 17.863382 -2.075449 -10.433999
v 17.863382 2.075451 -10.433990
v 19.484188 3.657495 -8.829968
v 17.863382 -4.071144 -9.828611
v 19.484188 -3.657494 -8.829972
v 19.484192 -1.864572 9.373855
v 17.863382 4.071145 -9.828607
v 19.484188 5.309859 -7.946761
v 17.863382 5.910385 -8.845511
v 17.863384 -2.075449 10.434004
v 19.484192 -3.657491 8.829979
v 17.863382 5.910385 -8.845511
v 19.484188 6.758170 -6.758164
v 19.484188 5.309859 -7.946761
v 17.863382 7.522493 -7.522490
v 17.863384 -4.071141 9.828619
v 19.484192 -5.309857 7.946770
v 17.863380 8.845516 -5.910381
v 19.484188 6.758170 -6.758164
v 17.863382 7.522493 -7.522490
v 19.484186 7.946766 -5.309856
v 17.863382 9.828611 -4.071141
v 19.484188 8.829972 -3.657492
v 17.863384 -5.910384 8.845522
v 17.863382 10.434000 -2.075448
v 19.484188 9.373850 -1.864571
v 17.863384 -5.910384 8.845522
v 19.484192 -6.758167 6.758173
v 19.484192 -5.309857 7.946770
v 17.863384 -7.522491 7.522498
v 17.863382 -8.845515 5.910390
v 19.484188 -7.946765 5.309865
v 17.863380 10.638413 0.000003
v 19.484186 9.557495 0.000003
v 17.863382 -9.828610 4.071148
v 19.484188 -8.829971 3.657500
v 17.863382 -10.434000 2.075456
v 19.484188 -9.373850 1.864579
v 17.863382 10.434000 2.075454
v 19.484188 9.373852 1.864578
v 19.484188 -9.557494 0.000004
v 17.863384 9.828614 4.071148
v 19.484192 8.829975 3.657498
v 17.863384 8.845520 5.910388
v 19.484192 7.946770 5.309863
v 19.635466 -8.163221 0.000004
v 19.639170 -7.106205 1.413516
v 19.635466 -8.006369 1.592570
v 19.639170 -7.106205 -1.413509
v 19.639170 -7.245423 0.000004
v 19.635466 -8.006369 -1.592562
v 19.639170 -6.693900 -2.772700
v 19.635466 -7.541834 -3.123927
v 19.635466 -1.592563 8.006371
v 19.635466 -3.123927 7.541840
v 19.639172 -2.772700 6.693904
v 19.639172 0.000002 7.245429
v 19.635466 0.000003 8.163228
v 19.639172 -1.413510 7.106209
v 19.639172 6.024352 4.025345
v 19.639172 6.693900 2.772707
v 19.635466 7.541835 3.123933
v 19.635466 6.787473 4.535247
v 19.635466 5.772272 5.772273
v 19.639172 5.123290 5.123292
v 19.639170 4.025344 6.024353
v 19.635466 5.772270 -5.772264
v 19.639170 4.025342 -6.024344
v 19.635466 4.535244 -6.787467
v 19.639170 5.123288 -5.123283
v 19.639170 2.772704 -6.693893
v 19.635466 3.123930 -7.541829
v 19.635462 6.787470 -4.535239
v 19.639166 6.024349 -4.025337
v 19.635466 8.006370 1.592569
v 19.639170 7.106205 1.413515
v 19.635462 8.163222 0.000003
v 19.639166 7.245424 0.000003
v 19.639170 7.106205 -1.413508
v 19.635466 8.006370 -1.592562
v 19.635466 -6.787471 -4.535241
v 19.635466 -5.772269 -5.772268
v 19.639170 -5.123288 -5.123287
v 19.639170 -6.024349 -4.025340
v 19.635466 -4.535242 -6.787470
v 19.639170 -4.025340 -6.024348
v 19.635466 -7.541832 3.123934
v 19.639170 -6.693896 2.772708
v 19.635466 -6.787469 4.535247
v 19.635466 1.592568 8.006371
v 19.639172 2.772706 6.693902
v 19.635466 3.123933 7.541838
v 19.635466 4.535246 6.787475
v 19.639172 1.413514 7.106209
v 19.639172 -4.025340 6.024353
v 19.635466 -5.772268 5.772274
v 19.639172 -5.123287 5.123292
v 19.635466 -4.535242 6.787475
v 19.639172 -2.772700 6.693904
v 19.635466 -3.123927 7.541840
v 19.635466 1.592566 -8.006360
v 19.639170 1.413512 -7.106197
v 19.635466 7.541832 -3.123926
v 19.639170 6.693897 -2.772700
v 19.639170 -1.413510 -7.106205
v 19.639170 -2.772703 -6.693896
v 19.635466 -3.123929 -7.541832
v 19.635466 -1.592564 -8.006368
v 19.639170 -6.024348 4.025346
v 19.639170 0.000002 -7.245423
v 19.635466 0.000003 -8.163222
v 19.635466 1.592566 -8.006360
v 19.639170 1.413512 -7.106197
v 19.635466 1.592568 8.006371
v 19.639172 1.413514 7.106209
v 19.635466 -3.123929 -7.541832
v 19.639170 -2.772703 -6.693896
v 14.658921 -9.976483 0.000004
v 17.863384 -7.756476 -1.542855
v 17.863384 -7.908434 0.000004
v 17.863384 -7.756476 1.542863
v 14.658921 -9.784788 1.946320
v 14.658921 -9.784790 -1.946312
v 17.863384 -7.306442 -3.026424
v 17.863380 8.845516 -5.910381
v 17.863384 7.306440 -3.026423
v 17.863382 9.828611 -4.071141
v 17.863380 6.575623 -4.393686
v 17.863384 7.756477 -1.542855
v 17.863382 10.434000 -2.075448
v 17.863382 7.522493 -7.522490
v 17.863384 5.592107 -5.592102
v 17.863384 3.026427 -7.306435
v 17.863382 5.910385 -8.845511
v 17.863382 4.071145 -9.828607
v 17.863382 2.075451 -10.433990
v 17.863384 1.542859 -7.756467
v 17.863384 0.000003 -7.908434
v 17.863384 -5.592104 5.592111
v 17.863384 -7.522491 7.522498
v 17.863384 -6.575621 4.393694
v 17.863382 -8.845515 5.910390
v 17.863380 10.638413 0.000003
v 17.863382 -9.828610 4.071148
v 17.863384 7.756477 1.542862
v 17.863382 10.434000 2.075454
v 17.863380 7.908434 0.000003
v 17.863384 -7.306438 3.026431
v 17.863384 -7.756476 1.542863
v 17.863382 -10.434000 2.075456
v 17.863384 7.306442 3.026431
v 17.863384 9.828614 4.071148
v 17.863382 -10.638413 0.000004
v 17.863384 6.575625 4.393693
v 17.863384 8.845520 5.910388
v 17.863384 -7.756476 -1.542855
v 17.863382 -10.434000 -2.075448
v 17.863384 -7.908434 0.000004
v 17.863384 7.522496 7.522496
v 17.863384 -7.306442 -3.026424
v 17.863382 -9.828615 -4.071143
v 17.863384 5.592109 5.592110
v 17.863384 4.393693 6.575626
v 17.863382 5.910388 8.845520
v 17.863382 -8.845518 -5.910385
v 17.863384 3.026429 7.306445
v 17.863384 4.071146 9.828618
v 17.863384 -6.575623 -4.393688
v 17.863382 -7.522493 -7.522493
v 17.863384 2.075454 10.434004
v 17.863384 -5.592106 -5.592106
v 17.863384 -4.393689 -6.575621
v 17.863382 -5.910384 -8.845516
v 17.863384 1.542862 7.756480
v 17.863384 0.000003 7.908439
v 17.863384 0.000003 10.638419
v 17.863382 0.000003 -10.638414
v 17.863382 -2.075449 -10.433999
v 17.863384 -1.542857 -7.756474
v 17.863384 -3.026426 -7.306438
v 17.863382 -4.071144 -9.828611
v 17.863384 4.393690 -6.575617
v 14.658924 -7.054436 7.054442
v 14.658921 1.946315 -9.784779
v 14.658921 -9.217066 3.817838
v 14.658924 1.946319 9.784792
v 14.658924 7.054441 7.054440
v 14.658921 -8.295140 5.542641
v 14.658924 -1.946313 9.784793
v 14.658924 0.000003 9.976488
v 14.658921 5.542640 8.295146
v 14.658921 -9.976483 0.000004
v 14.658921 -7.054438 -7.054437
v 14.658921 -8.295143 -5.542635
v 14.658921 -9.784790 -1.946312
v 14.658921 5.542636 -8.295136
v 14.658921 3.817835 -9.217062
v 14.658919 8.295141 -5.542632
v 14.658921 -5.542635 -8.295141
v 14.658921 -9.784788 1.946320
v 14.658919 9.976483 0.000003
v 14.658924 9.217070 3.817839
v 14.658921 9.784790 1.946318
v 14.658921 -1.946314 -9.784786
v 14.658921 0.000003 -9.976483
v 14.658921 -3.817833 -9.217067
v 14.658921 -9.217071 -3.817833
v 14.658921 9.217067 -3.817831
v 14.658921 7.054438 -7.054434
v 14.658924 -5.542634 8.295148
v 14.658924 -3.817831 9.217074
v 14.658924 3.817837 9.217073
v 14.658924 8.295146 5.542639
v 14.658921 9.784788 -1.946312
v 17.863384 6.575625 4.393693
v 14.658924 8.295146 5.542639
v 17.863384 5.592109 5.592110
v 14.658921 5.542640 8.295146
v 17.863384 4.393693 6.575626
v 14.658924 7.054441 7.054440
v 14.658921 -9.217071 -3.817833
v 14.658924 3.817837 9.217073
v 17.863384 3.026429 7.306445
v 14.658921 -9.217071 -3.817833
v 17.863384 -6.575623 -4.393688
v 17.863384 -7.306442 -3.026424
v 14.658921 -8.295143 -5.542635
v 17.863384 -5.592106 -5.592106
v 14.658924 1.946319 9.784792
v 17.863384 1.542862 7.756480
v 14.658921 -7.054438 -7.054437
v 14.658921 -5.542635 -8.295141
v 17.863384 -4.393689 -6.575621
v 14.658924 0.000003 9.976488
v 17.863384 0.000003 7.908439
v 14.658921 0.000003 -9.976483
v 17.863384 -1.542857 -7.756474
v 14.658921 -1.946314 -9.784786
v 17.863384 1.542859 -7.756467
v 17.863384 0.000003 -7.908434
v 14.658921 1.946315 -9.784779
v 17.863384 3.026427 -7.306435
v 14.658921 -3.817833 -9.217067
v 17.863384 -3.026426 -7.306438
v 17.863384 -1.542857 7.756480
v 14.658921 3.817835 -9.217062
v 17.863384 4.393690 -6.575617
v 14.658921 5.542636 -8.295136
v 14.658924 -1.946313 9.784793
v 17.863384 -3.026423 7.306446
v 14.658921 5.542636 -8.295136
v 17.863384 5.592107 -5.592102
v 17.863384 4.393690 -6.575617
v 14.658921 7.054438 -7.054434
v 14.658924 -3.817831 9.217074
v 17.863384 -4.393688 6.575627
v 14.658919 8.295141 -5.542632
v 17.863384 5.592107 -5.592102
v 14.658921 7.054438 -7.054434
v 17.863380 6.575623 -4.393686
v 14.658921 9.217067 -3.817831
v 17.863384 7.306440 -3.026423
v 14.658924 -5.542634 8.295148
v 14.658921 9.784788 -1.946312
v 17.863384 7.756477 -1.542855
v 14.658924 -5.542634 8.295148
v 17.863384 -5.592104 5.592111
v 17.863384 -4.393688 6.575627
v 14.658924 -7.054436 7.054442
v 14.658921 -8.295140 5.542641
v 17.863384 -6.575621 4.393694
v 14.658919 9.976483 0.000003
v 17.863380 7.908434 0.000003
v 14.658921 -9.217066 3.817838
v 17.863384 -7.306438 3.026431
v 17.863384 7.756477 1.542862
v 14.658921 9.784790 1.946318
v 17.863384 7.306442 3.026431
v 14.658924 9.217070 3.817839
v 17.863384 6.575625 4.393693
v 14.658924 8.295146 5.542639
v -22.572281 0.000002 -2.689216
v -21.454437 1.029120 -5.173720
v -21.454437 0.000003 -5.275086
v -22.572281 -0.524638 -2.637543
v -22.949730 0.000006 0.000007
v -22.572281 -1.029117 -2.484512
v -21.454437 -1.029116 -5.173727
v -19.639170 0.000002 -7.245423
v -19.639170 1.413512 -7.106197
v -19.639170 -2.772703 -6.693896
v -21.454437 -2.018687 -4.873544
v -19.639170 -1.413510 -7.106205
v -19.639170 -4.025340 -6.024348
v -21.454437 -2.930680 -4.386074
v -22.572281 -1.494048 -2.236001
v -22.572281 -1.901562 -1.901561
v -21.454437 -3.730048 -3.730048
v -22.572281 -2.236002 -1.494047
v -19.639170 -6.024349 -4.025340
v -21.454437 -4.386075 -2.930679
v -19.639170 -5.123288 -5.123287
v -22.572281 -2.484512 -1.029116
v -21.454437 -4.873543 -2.018685
v -22.572281 -2.637544 -0.524637
v -19.639170 -6.693900 -2.772700
v -21.454441 -5.173726 -1.029115
v -22.572281 -2.689216 0.000004
v -21.454441 -5.275086 0.000004
v -19.639170 -7.106205 -1.413509
v -22.572281 -2.637544 0.524644
v -19.639170 -7.245423 0.000004
v -21.454441 -5.173726 1.029122
v -22.572281 -2.484511 1.029123
v -21.454441 -4.873543 2.018693
v -19.639170 -6.693896 2.772708
v -19.639170 -7.106205 1.413516
v -22.572281 -2.236001 1.494053
v -21.454441 -4.386073 2.930685
v -21.454441 -3.730047 3.730053
v -22.572281 -1.901561 1.901569
v -19.639172 -5.123287 5.123292
v -19.639170 -6.024348 4.025346
v -22.572281 -1.494047 2.236007
v -21.454441 -2.930679 4.386078
v -19.639172 -4.025340 6.024353
v -21.454441 -2.018686 4.873549
v -22.572281 -1.029117 2.484517
v -22.572281 -0.524638 2.637549
v -21.454441 -1.029116 5.173731
v -19.639172 -1.413510 7.106209
v -19.639172 -2.772700 6.693904
v -22.572281 0.000002 2.689221
v -21.454441 0.000002 5.275090
v -22.572281 0.524643 2.637548
v -21.454441 1.029120 5.173730
v -19.639172 1.413514 7.106209
v -19.639172 0.000002 7.245429
v -22.572281 1.029121 2.484516
v -21.454441 2.018690 4.873547
v -22.572281 1.494052 2.236006
v -21.454441 2.930683 4.386076
v -19.639172 2.772706 6.693902
v -19.639170 4.025344 6.024353
v -21.454441 3.730051 3.730051
v -22.572281 1.901566 1.901567
v -19.639172 5.123290 5.123292
v -22.572281 2.236005 1.494053
v -19.639172 6.024352 4.025345
v -21.454441 4.386076 2.930683
v -21.454441 4.873546 2.018691
v -22.572275 2.484515 1.029122
v -19.639172 6.693900 2.772707
v -19.639170 7.106205 1.413515
v -21.454441 5.173728 1.029121
v -22.572281 2.637547 0.524644
v -22.572275 2.689220 0.000003
v -19.639166 7.245424 0.000003
v -21.454441 5.275086 0.000003
v -21.454441 5.173728 -1.029115
v -22.572281 2.637547 -0.524637
v -22.572275 2.484515 -1.029115
v -19.639170 6.693897 -2.772700
v -21.454441 4.873545 -2.018684
v -19.639170 7.106205 -1.413508
v -21.454437 4.386075 -2.930676
v -22.572281 2.236005 -1.494045
v -22.572281 1.901566 -1.901560
v -19.639166 6.024349 -4.025337
v -21.454441 3.730050 -3.730045
v -22.572281 1.494051 -2.235998
v -19.639170 4.025342 -6.024344
v -21.454437 2.930681 -4.386069
v -19.639170 5.123288 -5.123283
v -22.572275 1.029121 -2.484509
v -21.454437 2.018689 -4.873538
v -19.639170 2.772704 -6.693893
v -22.572275 0.524642 -2.637541
v -19.635466 4.535246 6.787475
v -19.484192 3.657498 8.829978
v -19.484188 5.309863 7.946770
v -19.484192 6.758172 6.758173
v -19.635466 3.123933 7.541838
v -19.484192 1.864578 9.373854
v -19.484192 6.758172 6.758173
v -17.863384 7.522496 7.522496
v -17.863384 8.845520 5.910388
v -19.484192 7.946770 5.309863
v -17.863384 9.828614 4.071148
v -19.484192 8.829975 3.657498
v -19.635466 -6.787469 4.535247
v -19.484188 -8.829971 3.657500
v -19.484188 -7.946765 5.309865
v -19.484192 -6.758167 6.758173
v -19.635466 -5.772268 5.772274
v -19.635466 -7.541832 3.123934
v -19.635466 -8.006369 1.592570
v -19.484188 3.657495 -8.829968
v -19.635466 4.535244 -6.787467
v -19.484188 5.309859 -7.946761
v -19.635466 3.123930 -7.541829
v -19.484188 1.864575 -9.373842
v -19.635466 5.772270 -5.772264
v -19.484188 6.758170 -6.758164
v -19.484188 -3.657494 -8.829972
v -19.635466 -4.535242 -6.787470
v -19.635466 -3.123929 -7.541832
v -19.484188 -6.758169 -6.758169
v -19.635466 -5.772269 -5.772268
v -19.484188 -5.309858 -7.946766
v -19.484188 8.829972 -3.657492
v -19.635466 8.006370 -1.592562
v -19.484188 9.373850 -1.864571
v -19.635462 6.787470 -4.535239
v -19.635466 7.541832 -3.123926
v -19.484186 7.946766 -5.309856
v -19.635466 0.000003 -8.163222
v -19.484188 0.000003 -9.557496
v -19.484188 -1.864573 -9.373849
v -19.635466 -1.592564 -8.006368
v -19.635466 1.592566 -8.006360
v -19.635466 0.000003 8.163228
v -19.484192 0.000003 9.557500
v -19.635466 1.592568 8.006371
v -19.484192 -1.864572 9.373855
v -19.484192 -5.309857 7.946770
v -19.635466 -3.123927 7.541840
v -19.635466 -4.535242 6.787475
v -19.635466 -1.592563 8.006371
v -19.484192 -3.657491 8.829979
v -19.484188 -7.946766 -5.309857
v -19.635466 -7.541834 -3.123927
v -19.635466 -6.787471 -4.535241
v -19.484188 -8.829975 -3.657493
v -19.484188 -9.373852 -1.864571
v -19.635466 -8.006369 -1.592562
v -19.635466 7.541835 3.123933
v -19.635466 6.787473 4.535247
v -19.484192 8.829975 3.657498
v -19.484188 9.373852 1.864578
v -19.635466 8.006370 1.592569
v -19.484192 7.946770 5.309863
v -19.635466 5.772272 5.772273
v -19.484188 -9.557494 0.000004
v -19.484188 -9.373850 1.864579
v -19.635466 -8.163221 0.000004
v -19.484186 9.557495 0.000003
v -19.635462 8.163222 0.000003
v -17.863384 -3.026423 7.306446
v -17.863384 -5.910384 8.845522
v -17.863384 -4.393688 6.575627
v -17.863384 -2.075449 10.434004
v -17.863384 -4.071141 9.828619
v -17.863384 -7.522491 7.522498
v -17.863384 -5.592104 5.592111
v -17.863382 -10.434000 -2.075448
v -19.484188 -9.373852 -1.864571
v -19.484188 -8.829975 -3.657493
v -17.863382 -9.828615 -4.071143
v -19.484192 6.758172 6.758173
v -17.863382 5.910388 8.845520
v -17.863384 7.522496 7.522496
v -19.484188 5.309863 7.946770
v -17.863384 4.071146 9.828618
v -17.863382 -9.828615 -4.071143
v -19.484188 -7.946766 -5.309857
v -17.863382 -8.845518 -5.910385
v -19.484188 -8.829975 -3.657493
v -19.484188 -6.758169 -6.758169
v -17.863382 -7.522493 -7.522493
v -19.484192 3.657498 8.829978
v -17.863384 2.075454 10.434004
v -17.863382 -5.910384 -8.845516
v -19.484192 1.864578 9.373854
v -17.863384 0.000003 10.638419
v -17.863382 0.000003 -10.638414
v -19.484188 -1.864573 -9.373849
v -19.484188 0.000003 -9.557496
v -19.484188 1.864575 -9.373842
v -17.863382 2.075451 -10.433990
v -19.484188 3.657495 -8.829968
v -17.863382 4.071145 -9.828607
v -19.484188 -5.309858 -7.946766
v -17.863382 -4.071144 -9.828611
v -19.484192 -1.864572 9.373855
v -17.863384 -2.075449 10.434004
v -19.484192 0.000003 9.557500
v -19.484188 5.309859 -7.946761
v -17.863382 5.910385 -8.845511
v -19.484188 -3.657494 -8.829972
v -17.863382 -2.075449 -10.433999
v -19.484192 -3.657491 8.829979
v -17.863384 -4.071141 9.828619
v -17.863382 5.910385 -8.845511
v -19.484188 6.758170 -6.758164
v -17.863382 7.522493 -7.522490
v -19.484188 5.309859 -7.946761
v -17.863380 8.845516 -5.910381
v -19.484188 6.758170 -6.758164
v -19.484186 7.946766 -5.309856
v -17.863382 7.522493 -7.522490
v -17.863382 9.828611 -4.071141
v -17.863384 -4.071141 9.828619
v -19.484192 -5.309857 7.946770
v -17.863384 -5.910384 8.845522
v -19.484192 -3.657491 8.829979
v -19.484192 -6.758167 6.758173
v -17.863384 -7.522491 7.522498
v -19.484188 8.829972 -3.657492
v -17.863382 10.434000 -2.075448
v -17.863382 -8.845515 5.910390
v -19.484188 9.373850 -1.864571
v -17.863380 10.638413 0.000003
v -19.484188 -7.946765 5.309865
v -17.863382 -9.828610 4.071148
v -19.484186 9.557495 0.000003
v -19.484188 -8.829971 3.657500
v -17.863382 -10.434000 2.075456
v -17.863382 10.434000 2.075454
v -19.484188 9.373852 1.864578
v -19.484188 -9.373850 1.864579
v -17.863382 -10.638413 0.000004
v -19.484188 -9.557494 0.000004
v -19.635466 -8.163221 0.000004
v -19.639170 -7.245423 0.000004
v -19.639170 -7.106205 -1.413509
v -19.635466 -8.006369 -1.592562
v -19.639170 -7.106205 1.413516
v -19.639170 -6.693900 -2.772700
v -19.635466 -7.541834 -3.123927
v -19.635466 -1.592563 8.006371
v -19.639172 0.000002 7.245429
v -19.639172 -1.413510 7.106209
v -19.639172 -2.772700 6.693904
v -19.635466 -3.123927 7.541840
v -19.635466 0.000003 8.163228
v -19.635466 1.592568 8.006371
v -19.639172 1.413514 7.106209
v -19.639172 6.024352 4.025345
v -19.635466 5.772272 5.772273
v -19.635466 6.787473 4.535247
v -19.639172 5.123290 5.123292
v -19.635466 7.541835 3.123933
v -19.639170 4.025344 6.024353
v -19.639170 4.025342 -6.024344
v -19.635466 5.772270 -5.772264
v -19.635466 4.535244 -6.787467
v -19.639170 5.123288 -5.123283
v -19.639170 2.772704 -6.693893
v -19.635462 6.787470 -4.535239
v -19.635466 8.006370 1.592569
v -19.635462 8.163222 0.000003
v -19.639170 7.106205 1.413515
v -19.639170 7.106205 -1.413508
v -19.639166 7.245424 0.000003
v -19.635466 -6.787471 -4.535241
v -19.639170 -6.024349 -4.025340
v -19.639170 -5.123288 -5.123287
v -19.635466 -5.772269 -5.772268
v -19.635466 -4.535242 -6.787470
v -19.639170 -6.693896 2.772708
v -19.635466 -7.541832 3.123934
v -19.635466 -6.787469 4.535247
v -19.635466 -8.006369 1.592570
v -19.639172 2.772706 6.693902
v -19.635466 1.592568 8.006371
v -19.635466 3.123933 7.541838
v -19.639172 1.413514 7.106209
v -19.635466 -5.772268 5.772274
v -19.639172 -4.025340 6.024353
v -19.639172 -5.123287 5.123292
v -19.635466 -4.535242 6.787475
v -19.639172 -2.772700 6.693904
v -19.639172 6.693900 2.772707
v -19.639170 1.413512 -7.106197
v -19.635466 1.592566 -8.006360
v -19.635466 3.123930 -7.541829
v -19.635466 7.541832 -3.123926
v -19.639166 6.024349 -4.025337
v -19.639170 6.693897 -2.772700
v -19.635466 8.006370 -1.592562
v -19.635466 -1.592564 -8.006368
v -19.635466 -3.123929 -7.541832
v -19.639170 -1.413510 -7.106205
v -19.639170 -2.772703 -6.693896
v -19.635466 4.535246 6.787475
v -19.639170 -6.024348 4.025346
v -19.635466 0.000003 -8.163222
v -19.639170 0.000002 -7.245423
v -19.635466 1.592566 -8.006360
v -19.639170 -4.025340 -6.024348
v -19.635466 -3.123927 7.541840
v -19.639170 1.413512 -7.106197
v -19.635466 -3.123929 -7.541832
v -19.639170 -2.772703 -6.693896
v -14.658921 -9.976483 0.000004
v -17.863384 -7.908434 0.000004
v -17.863384 -7.756476 -1.542855
v -14.658921 -9.784790 -1.946312
v -17.863384 -7.756476 1.542863
v -17.863384 -7.306442 -3.026424
v -14.658921 -9.217071 -3.817833
v -17.863380 8.845516 -5.910381
v -17.863384 7.306440 -3.026423
v -17.863380 6.575623 -4.393686
v -17.863382 9.828611 -4.071141
v -17.863382 7.522493 -7.522490
v -17.863384 7.756477 -1.542855
v -17.863382 2.075451 -10.433990
v -17.863384 3.026427 -7.306435
v -17.863384 1.542859 -7.756467
v -17.863384 0.000003 -7.908434
v -17.863382 0.000003 -10.638414
v -17.863382 4.071145 -9.828607
v -17.863382 5.910385 -8.845511
v -17.863384 4.393690 -6.575617
v -17.863384 -6.575621 4.393694
v -17.863382 10.434000 -2.075448
v -17.863380 10.638413 0.000003
v -17.863380 7.908434 0.000003
v -17.863382 -8.845515 5.910390
v -17.863382 -9.828610 4.071148
v -17.863384 -7.306438 3.026431
v -17.863384 7.756477 1.542862
v -17.863384 -7.756476 1.542863
v -17.863382 10.434000 2.075454
v -17.863384 7.306442 3.026431
v -17.863382 -10.434000 2.075456
v -17.863382 -10.638413 0.000004
v -17.863384 -7.908434 0.000004
v -17.863384 9.828614 4.071148
v -17.863384 6.575625 4.393693
v -17.863384 -7.756476 -1.542855
v -17.863384 7.522496 7.522496
v -17.863384 5.592109 5.592110
v -17.863384 8.845520 5.910388
v -17.863382 -10.434000 -2.075448
v -17.863384 -7.306442 -3.026424
v -17.863384 4.393693 6.575626
v -17.863382 -9.828615 -4.071143
v -17.863382 -8.845518 -5.910385
v -17.863382 5.910388 8.845520
v -17.863384 3.026429 7.306445
v -17.863382 -7.522493 -7.522493
v -17.863384 -6.575623 -4.393688
v -17.863384 4.071146 9.828618
v -17.863384 2.075454 10.434004
v -17.863384 -5.592106 -5.592106
v -17.863384 -4.393689 -6.575621
v -17.863384 0.000003 7.908439
v -17.863384 1.542862 7.756480
v -17.863382 -2.075449 -10.433999
v -17.863382 -5.910384 -8.845516
v -17.863384 -3.026426 -7.306438
v -17.863384 0.000003 10.638419
v -17.863384 5.592107 -5.592102
v -17.863382 -4.071144 -9.828611
v -17.863384 -1.542857 -7.756474
v -17.863384 -1.542857 7.756480
v -14.658924 7.054441 7.054440
v -14.658924 -7.054436 7.054442
v -14.658921 1.946315 -9.784779
v -14.658924 9.217070 3.817839
v -14.658924 8.295146 5.542639
v -14.658919 9.976483 0.000003
v -14.658921 -1.946314 -9.784786
v -14.658921 0.000003 -9.976483
v -14.658921 5.542636 -8.295136
v -14.658919 8.295141 -5.542632
v -14.658921 -5.542635 -8.295141
v -14.658921 -3.817833 -9.217067
v -14.658921 9.217067 -3.817831
v -14.658921 9.784788 -1.946312
v -14.658921 -9.217066 3.817838
v -14.658924 1.946319 9.784792
v -14.658921 -7.054438 -7.054437
v -14.658921 5.542640 8.295146
v -14.658924 3.817837 9.217073
v -14.658924 -1.946313 9.784793
v -14.658921 -9.976483 0.000004
v -14.658921 -9.784788 1.946320
v -14.658921 -8.295143 -5.542635
v -14.658921 3.817835 -9.217062
v -14.658921 7.054438 -7.054434
v -14.658921 9.784790 1.946318
v -14.658924 -5.542634 8.295148
v -14.658924 0.000003 9.976488
v -14.658924 -3.817831 9.217074
v -14.658921 -8.295140 5.542641
v -14.658921 -9.784790 -1.946312
v -14.658921 -9.217071 -3.817833
v -17.863384 5.592109 5.592110
v -14.658924 7.054441 7.054440
v -14.658924 8.295146 5.542639
v -17.863384 6.575625 4.393693
v -14.658924 9.217070 3.817839
v -17.863384 7.306442 3.026431
v -17.863384 5.592109 5.592110
v -14.658921 5.542640 8.295146
v -14.658924 7.054441 7.054440
v -17.863384 4.393693 6.575626
v -14.658924 3.817837 9.217073
v -14.658921 -9.217071 -3.817833
v -17.863384 -7.306442 -3.026424
v -17.863384 -6.575623 -4.393688
v -14.658921 -8.295143 -5.542635
v -17.863384 -5.592106 -5.592106
v -14.658921 -7.054438 -7.054437
v -17.863384 3.026429 7.306445
v -14.658924 1.946319 9.784792
v -14.658921 -5.542635 -8.295141
v -17.863384 1.542862 7.756480
v -14.658924 0.000003 9.976488
v -14.658921 0.000003 -9.976483
v -17.863384 -1.542857 -7.756474
v -17.863384 0.000003 -7.908434
v -17.863384 1.542859 -7.756467
v -14.658921 1.946315 -9.784779
v -17.863384 3.026427 -7.306435
v -14.658921 3.817835 -9.217062
v -17.863384 -4.393689 -6.575621
v -14.658921 -3.817833 -9.217067
v -17.863384 0.000003 7.908439
v -17.863384 -1.542857 7.756480
v -14.658924 -1.946313 9.784793
v -17.863384 4.393690 -6.575617
v -14.658921 5.542636 -8.295136
v -17.863384 -3.026426 -7.306438
v -14.658921 -1.946314 -9.784786
v -17.863384 -3.026423 7.306446
v -14.658924 -3.817831 9.217074
v -14.658921 5.542636 -8.295136
v -17.863384 4.393690 -6.575617
v -17.863384 5.592107 -5.592102
v -14.658921 7.054438 -7.054434
v -14.658919 8.295141 -5.542632
v -17.863384 5.592107 -5.592102
v -17.863380 6.575623 -4.393686
v -14.658921 7.054438 -7.054434
v -14.658921 9.217067 -3.817831
v -14.658924 -3.817831 9.217074
v -17.863384 -3.026423 7.306446
v -17.863384 -4.393688 6.575627
v -14.658924 -5.542634 8.295148
v -17.863384 -5.592104 5.592111
v -14.658924 -7.054436 7.054442
v -17.863384 7.306440 -3.026423
v -14.658921 9.784788 -1.946312
v -14.658921 -8.295140 5.542641
v -17.863384 7.756477 -1.542855
v -14.658919 9.976483 0.000003
v -17.863384 -6.575621 4.393694
v -14.658921 -9.217066 3.817838
v -17.863380 7.908434 0.000003
v -17.863384 -7.306438 3.026431
v -14.658921 -9.784788 1.946320
v -17.863384 7.756477 1.542862
v -14.658921 9.784790 1.946318
v 36.547523 22.378590 -26.206749
v 36.185505 22.608810 -26.736444
v 36.002563 22.988113 -26.583067
v 36.329628 22.824465 -26.030453
v 35.557266 23.039585 -26.985363
v 36.286713 22.396185 -26.824322
v 35.989403 23.053080 -25.619280
v 36.320480 22.624117 -25.606138
v 35.704395 22.728607 -27.115131
v 35.491520 23.198677 -26.717627
v 36.002563 22.988113 -26.583067
v 35.557266 23.039585 -26.985363
v 35.776443 23.277260 -26.368996
v 36.057014 23.087507 -25.976297
v 36.329628 22.824465 -26.030453
v 36.548885 22.158381 -25.789158
v 36.025127 22.240995 -24.969994
v 36.251472 21.779455 -25.151363
v 36.684559 21.881735 -25.897869
v 36.673721 22.119696 -26.309565
v 36.547523 22.378590 -26.206749
v 35.493565 21.529024 -23.781879
v 35.717167 21.073080 -23.961050
v 36.057014 23.087507 -25.976297
v 35.670490 22.661955 -25.014517
v 36.025127 22.240995 -24.969994
v 36.320480 22.624117 -25.606138
v 35.092712 21.939299 -23.886662
v 35.493565 21.529024 -23.781879
v 35.989403 23.053080 -25.619280
v 35.345745 22.617531 -27.079699
v 34.702454 22.508064 -26.553263
v 35.211689 22.903404 -26.958712
v 34.834095 22.227118 -26.672316
v 35.415909 22.461927 -27.149490
v 33.766151 21.782076 -25.819153
v 34.702454 22.508064 -26.553263
v 33.766151 21.782076 -25.819153
v 34.733223 22.756897 -26.239048
v 35.212196 23.157907 -26.670506
v 35.211689 22.903404 -26.958712
v 35.491520 23.198677 -26.717627
v 35.211689 22.903404 -26.958712
v 35.212196 23.157907 -26.670506
v 35.557266 23.039585 -26.985363
v 35.345745 22.617531 -27.079699
v 35.557266 23.039585 -26.985363
v 35.704395 22.728607 -27.115131
v 35.211689 22.903404 -26.958712
v 34.159992 18.793455 -21.366302
v 35.689880 20.715357 -24.371956
v 35.857639 20.786646 -24.073608
v 34.452217 18.890762 -20.906359
v 36.389206 21.498613 -25.261723
v 35.689880 20.715357 -24.371956
v 36.267658 21.438013 -25.499807
v 35.857639 20.786646 -24.073608
v 36.586571 21.829138 -26.104568
v 36.684559 21.881735 -25.897869
v 36.389206 21.498613 -25.261723
v 35.857639 20.786646 -24.073608
v 34.088142 19.633142 -20.614632
v 34.305069 19.190813 -20.788452
v 34.452217 18.890762 -20.906359
v 35.609543 22.310099 -27.029606
v 35.781464 22.560495 -27.188755
v 35.871361 22.394918 -27.053652
v 35.130577 21.909090 -26.598148
v 35.415909 22.461927 -27.149490
v 35.716171 21.637203 -26.064344
v 34.906673 22.066591 -26.744043
v 34.250313 21.173748 -25.811655
v 33.970371 21.340605 -26.009933
v 34.906673 22.066591 -26.744043
v 33.893982 21.508892 -25.935152
v 35.781464 22.560495 -27.188755
v 35.415909 22.461927 -27.149490
v 36.286713 22.396185 -26.824322
v 36.273701 22.241381 -26.791193
v 36.673721 22.119696 -26.309565
v 36.273701 22.241381 -26.791193
v 36.286713 22.396185 -26.824322
v 36.561192 22.049709 -26.390841
v 35.689880 20.715357 -24.371956
v 33.058796 18.959345 -22.566229
v 34.988792 20.904861 -25.108482
v 34.159992 18.793455 -21.366302
v 36.267658 21.438013 -25.499807
v 31.911995 19.221367 -23.726219
v 36.586571 21.829138 -26.104568
v 36.113998 22.035549 -26.581558
v 33.852959 22.021553 -25.452555
v 31.278732 19.853912 -23.875578
v 31.514652 20.069170 -23.367121
v 35.147881 22.821058 -25.581837
v 34.733223 22.756897 -26.239048
v 26.116159 15.852054 -19.841726
v 33.766151 21.782076 -25.819153
v 34.420494 22.088718 -24.625975
v 33.852959 22.021553 -25.452555
v 31.278732 19.853912 -23.875578
v 33.970371 21.340605 -26.009933
v 31.396814 19.600609 -23.983761
v 26.116159 15.852054 -19.841726
v 36.561192 22.049709 -26.390841
v 36.273701 22.241381 -26.791193
v 35.212196 23.157907 -26.670506
v 35.545708 23.219404 -26.099051
v 35.989403 23.053080 -25.619280
v 36.057014 23.087507 -25.976297
v 35.491520 23.198677 -26.717627
v 35.670490 22.661955 -25.014517
v 35.776443 23.277260 -26.368996
v 32.490501 20.143204 -22.083719
v 35.092712 21.939299 -23.886662
v 33.562828 20.017397 -20.881016
v 31.482954 19.412441 -24.066355
v 27.058886 15.169244 -19.397951
v 26.320377 15.410580 -20.032507
v 31.482954 19.412441 -24.066355
v 26.214006 15.640008 -19.933701
v 35.781464 22.560495 -27.188755
v 36.673721 22.119696 -26.309565
v 17.697887 7.878595 -12.435224
v 17.596560 6.848442 -11.043592
v 16.561350 7.078265 -11.816958
v 19.161198 7.648772 -11.127593
v 16.229723 6.048111 -10.712736
v 15.474264 6.277933 -11.136980
v 18.547653 6.793265 -10.199436
v 18.933327 8.678926 -12.930061
v 21.121445 8.449102 -10.717886
v 16.901068 5.992935 -10.217703
v 20.540398 7.593596 -9.749172
v 16.898172 8.624692 -12.584955
v 16.164003 7.926074 -11.457859
v 17.300541 8.726406 -12.076123
v 15.904335 7.824360 -11.788602
v 14.910500 7.024028 -10.992249
v 15.076916 7.125741 -10.777882
v 16.970543 8.464594 -12.656513
v 17.964380 9.264924 -13.452868
v 18.096230 8.983546 -13.572086
v 15.904335 7.824360 -11.788602
v 16.898172 8.624692 -12.584955
v 15.976707 7.664262 -11.860160
v 14.910500 7.024028 -10.992249
v 17.102390 8.183216 -12.775733
v 16.108555 7.382884 -11.979381
v 14.982872 6.863931 -11.063807
v 18.592905 8.832631 -10.645085
v 17.300541 8.726406 -12.076123
v 17.028267 8.032299 -10.561085
v 18.535976 9.526737 -12.570962
v 17.950489 8.017206 -9.714147
v 19.943230 8.817537 -9.263884
v 22.628283 9.617868 -7.949626
v 20.553150 9.632962 -10.235375
v 15.661429 7.231967 -10.230228
v 16.303902 7.216876 -9.732414
v 16.164003 7.926074 -11.457859
v 15.076916 7.125741 -10.777882
v 15.114720 6.582553 -11.183027
v 17.102390 8.183216 -12.775733
v 18.096230 8.983546 -13.572086
v 17.697887 7.878595 -12.435224
v 16.561350 7.078265 -11.816958
v 16.108555 7.382884 -11.979381
v 15.474264 6.277933 -11.136980
v 15.114720 6.582553 -11.183027
v 18.547653 6.793265 -10.199436
v 17.008274 6.212252 -9.959280
v 16.901068 5.992935 -10.217703
v 20.540398 7.593596 -9.749172
v 18.748112 7.012582 -9.824639
v 20.883553 7.812913 -9.196287
v 23.225451 8.393928 -8.434916
v 23.810207 8.613244 -7.580515
v 20.705101 8.176790 -9.053295
v 18.569660 7.376461 -9.681647
v 18.748112 7.012582 -9.824639
v 20.519478 8.555296 -8.904556
v 18.384035 7.754965 -9.532908
v 17.008274 6.212252 -9.959280
v 20.883553 7.812913 -9.196287
v 16.829824 6.576128 -9.816289
v 16.644199 6.954633 -9.667551
v 19.943230 8.817537 -9.263884
v 17.950489 8.017206 -9.714147
v 18.384035 7.754965 -9.532908
v 16.644199 6.954633 -9.667551
v 20.519478 8.555296 -8.904556
v 22.628283 9.617868 -7.949626
v 16.303902 7.216876 -9.732414
v 28.515442 11.521641 -7.912654
v 27.133478 10.449955 -5.471842
v 27.319101 10.071450 -5.620581
v 28.325457 11.909039 -7.760420
v 28.689531 11.166657 -8.052151
v 31.374298 15.284213 -14.203799
v 31.171225 15.698293 -14.041080
v 26.024574 10.712198 -6.495913
v 26.029097 10.029373 -5.779809
v 27.133478 10.449955 -5.471842
v 23.076281 10.727292 -9.871351
v 24.992960 10.291616 -6.713073
v 28.325457 11.909039 -7.760420
v 27.297863 12.188283 -8.678917
v 24.610962 12.218802 -11.751616
v 31.171225 15.698293 -14.041080
v 30.387581 16.028534 -14.642859
v 22.262955 10.306709 -9.816089
v 26.214722 9.650868 -5.928548
v 27.133478 10.449955 -5.471842
v 26.029097 10.029373 -5.779809
v 27.319101 10.071450 -5.620581
v 26.393175 9.286992 -6.071539
v 27.497553 9.707574 -5.763573
v 28.689531 11.166657 -8.052151
v 26.621742 9.488256 -6.981204
v 27.895033 10.964340 -9.164208
v 26.393175 9.286992 -6.071539
v 25.590130 9.067675 -7.198362
v 27.497553 9.707574 -5.763573
v 23.644575 9.543433 -10.353860
v 25.179258 11.034945 -12.234125
v 30.984747 14.804594 -15.128150
v 31.535301 14.955910 -14.332811
v 27.497553 9.707574 -5.763573
v 31.535301 14.955910 -14.332811
v 22.831251 9.122851 -10.298597
v 21.353996 11.558052 -16.150129
v 19.323299 10.359254 -14.541760
v 21.228518 11.826444 -16.036015
v 18.728655 10.098769 -14.051710
v 19.250925 10.519352 -14.470201
v 19.455147 10.077875 -14.660979
v 21.149775 11.999527 -15.959352
v 26.320377 15.410580 -20.032507
v 18.932875 9.657293 -14.242488
v 18.801027 9.938672 -14.123269
v 21.353996 11.558052 -16.150129
v 20.583296 9.773256 -13.655723
v 19.455147 10.077875 -14.660979
v 22.384737 11.269253 -15.237549
v 19.988262 9.352674 -13.328041
v 18.932875 9.657293 -14.242488
v 18.933327 8.678926 -12.930061
v 17.892006 9.425023 -13.381309
v 20.185947 10.621067 -13.296624
v 28.484850 16.105333 -16.807339
v 21.987391 12.117061 -14.878451
v 26.661541 16.017050 -19.038853
v 19.590914 10.200484 -12.968939
v 21.149775 11.999527 -15.959352
v 26.661541 16.017050 -19.038853
v 19.250925 10.519352 -14.470201
v 21.987391 12.117061 -14.878451
v 20.185947 10.621067 -13.296624
v 19.590914 10.200484 -12.968939
v 18.728655 10.098769 -14.051710
v 18.535976 9.526737 -12.570962
v 20.583296 9.773256 -13.655723
v 22.384737 11.269253 -15.237549
v 27.058886 15.169244 -19.397951
v 29.053143 14.921477 -17.289846
v 22.831251 9.122851 -10.298597
v 20.583296 9.773256 -13.655723
v 23.644575 9.543433 -10.353860
v 23.225451 8.393928 -8.434916
v 19.988262 9.352674 -13.328041
v 23.631756 8.977120 -7.437523
v 26.029097 10.029373 -5.779809
v 23.446133 9.355625 -7.288785
v 20.883553 7.812913 -9.196287
v 23.810207 8.613244 -7.580515
v 26.214722 9.650868 -5.928548
v 20.705101 8.176790 -9.053295
v 24.992960 10.291616 -6.713073
v 23.446133 9.355625 -7.288785
v 26.029097 10.029373 -5.779809
v 20.519478 8.555296 -8.904556
v 26.393175 9.286992 -6.071539
v 17.892006 9.425023 -13.381309
v 25.590130 9.067675 -7.198362
v 33.562828 20.017397 -20.881016
v 34.088142 19.633142 -20.614632
v 34.452217 18.890762 -20.906359
v 34.305069 19.190813 -20.788452
v 34.088142 19.633142 -20.614632
v 34.088142 19.633142 -20.614632
v 33.562828 20.017397 -20.881016
v 32.490501 20.143204 -22.083719
v 31.514652 20.069170 -23.367121
v 34.159992 18.793455 -21.366302
v 33.058796 18.959345 -22.566229
v 27.058886 15.169244 -19.397951
v 31.911995 19.221367 -23.726219
v 29.053143 14.921477 -17.289846
v 33.058796 18.959345 -22.566229
v 34.452217 18.890762 -20.906359
v 30.321472 -20.916948 -30.164755
v 29.704079 -21.526470 -30.404398
v 29.846457 -21.147171 -30.596024
v 30.150410 -21.362823 -29.942724
v 29.897793 -21.625868 -29.826811
v 29.533779 -21.815620 -30.143715
v 30.239941 -21.162476 -29.527863
v 29.177610 -21.577946 -30.692427
v 29.704079 -21.526470 -30.404398
v 29.175760 -21.737038 -30.416744
v 29.290627 -21.266966 -30.852787
v 29.533779 -21.815620 -30.143715
v 29.846457 -21.147171 -30.596024
v 29.348513 -21.098858 -30.942280
v 29.924515 -20.934544 -30.704981
v 30.419659 -20.696741 -29.758871
v 30.420374 -20.658054 -30.294041
v 30.526411 -20.420094 -29.896090
v 30.100204 -20.779352 -28.840553
v 30.278305 -20.317812 -29.069483
v 29.744909 -21.200314 -28.801603
v 29.914841 -21.591440 -29.463846
v 30.386679 -20.036970 -29.208782
v 29.858738 -20.067383 -27.561543
v 30.034678 -19.611435 -27.787697
v 30.321472 -20.916948 -30.164755
v 28.949976 -21.155886 -30.735126
v 28.546778 -20.765476 -30.220171
v 29.002039 -21.000284 -30.819290
v 28.446342 -21.046425 -30.073832
v 28.847641 -21.441759 -30.586346
v 27.705868 -20.320435 -29.142555
v 27.803303 -20.047249 -29.285042
v 28.949976 -21.155886 -30.735126
v 29.290627 -21.266966 -30.852787
v 28.847641 -21.441759 -30.586346
v 29.002039 -21.000284 -30.819290
v 29.177610 -21.577946 -30.692427
v 28.847641 -21.441759 -30.586346
v 29.175760 -21.737038 -30.416744
v 28.914984 -21.696268 -30.306118
v 29.177610 -21.577946 -30.692427
v 28.914984 -21.696268 -30.306118
v 28.446342 -21.046425 -30.073832
v 28.847641 -21.441759 -30.586346
v 28.549162 -21.295258 -29.775324
v 27.705868 -20.320435 -29.142555
v 29.512808 -17.429119 -24.522907
v 30.145210 -19.324999 -27.929770
v 29.121861 -17.331810 -24.902517
v 29.912821 -19.253714 -28.181063
v 30.386679 -20.036970 -29.208782
v 30.213221 -19.976368 -29.412176
v 30.213221 -19.976368 -29.412176
v 29.060005 -19.443220 -28.734877
v 27.772367 -17.497704 -25.814278
v 29.397022 -17.729168 -24.374077
v 30.145210 -19.324999 -27.929770
v 29.512808 -17.429119 -24.522907
v 29.226337 -18.171501 -24.154680
v 29.002039 -21.000284 -30.819290
v 28.600737 -20.604950 -30.306776
v 28.852377 -20.447451 -30.216801
v 29.218201 -20.848455 -30.747593
v 28.178560 -19.712105 -29.247572
v 29.812826 -20.573906 -30.428780
v 29.467297 -20.933275 -30.831715
v 29.545826 -20.175562 -29.833393
v 29.218201 -20.848455 -30.747593
v 29.348513 -21.098858 -30.942280
v 29.002039 -21.000284 -30.819290
v 29.467297 -20.933275 -30.831715
v 29.348513 -21.098858 -30.942280
v 28.600737 -20.604950 -30.306776
v 27.860260 -19.878963 -29.375504
v 30.383150 -20.367495 -30.074423
v 30.526411 -20.420094 -29.896090
v 30.383150 -20.367495 -30.074423
v 30.420374 -20.658054 -30.294041
v 30.292057 -20.588068 -30.346998
v 30.526411 -20.420094 -29.896090
v 26.387770 -17.759724 -26.676609
v 30.383150 -20.367495 -30.074423
v 27.860260 -19.878963 -29.375504
v 27.875347 -20.559912 -28.806091
v 25.737133 -18.392271 -26.675003
v 26.084558 -18.607529 -26.235140
v 25.826897 -18.138966 -26.807627
v 25.737133 -18.392271 -26.675003
v 21.651075 -14.390410 -21.553646
v 21.724922 -14.178367 -21.665808
v 30.292057 -20.588068 -30.346998
v 29.919544 -20.779737 -30.669743
v 28.549162 -21.295258 -29.775324
v 28.914984 -21.696268 -30.306118
v 29.371954 -21.757765 -29.827612
v 29.175760 -21.737038 -30.416744
v 29.533779 -21.815620 -30.143715
v 29.104959 -21.359415 -29.232224
v 29.914841 -21.591440 -29.463846
v 29.744909 -21.200314 -28.801603
v 27.875347 -20.559912 -28.806091
v 29.897793 -21.625868 -29.826811
v 27.331499 -18.681559 -25.213106
v 29.444511 -20.477657 -27.570488
v 28.653555 -18.555754 -24.291945
v 28.619139 -20.627073 -28.133703
v 26.084558 -18.607529 -26.235140
v 21.651075 -14.390410 -21.553646
v 25.737133 -18.392271 -26.675003
v 25.891529 -17.950798 -26.907948
v 22.671028 -13.707603 -21.340652
v 25.891529 -17.950798 -26.907948
v 21.805475 -13.948937 -21.786591
v 30.420374 -20.658054 -30.294041
v 29.924515 -20.934544 -30.704981
v 30.292057 -20.588068 -30.346998
v 29.919544 -20.779737 -30.669743
v 29.924515 -20.934544 -30.704981
v 30.420374 -20.658054 -30.294041
v 15.180455 -6.416948 -12.396435
v 14.218331 -5.616618 -11.531396
v 15.404697 -5.386796 -11.019255
v 16.907173 -6.187126 -11.463903
v 14.151889 -4.586465 -10.380367
v 14.919750 -4.531288 -10.054564
v 16.267414 -7.217280 -13.164351
v 16.525663 -5.331619 -10.418741
v 18.568497 -6.131950 -10.443002
v 13.318625 -4.816287 -10.617801
v 14.367817 -7.163045 -12.356576
v 13.915120 -6.464427 -11.089921
v 13.585814 -6.362713 -11.351408
v 15.149823 -7.963377 -13.361742
v 14.877240 -7.264759 -11.954957
v 13.015412 -5.664095 -10.176326
v 12.803811 -5.562382 -10.346243
v 13.639612 -6.202616 -11.437804
v 12.803811 -5.562382 -10.346243
v 12.857612 -5.402285 -10.432639
v 13.740210 -5.921237 -11.584355
v 14.522214 -6.721569 -12.589520
v 14.421618 -7.002947 -12.442969
v 13.585814 -6.362713 -11.351408
v 14.367817 -7.163045 -12.356576
v 15.203621 -7.803278 -13.448137
v 15.149823 -7.963377 -13.361742
v 16.057356 -6.555561 -9.808167
v 14.451445 -5.755229 -9.443989
v 14.963828 -6.570653 -10.418083
v 16.466303 -7.370985 -10.862731
v 18.100189 -7.355892 -9.832429
v 15.964197 -8.065089 -12.722876
v 18.468119 -8.171315 -10.918904
v 13.711019 -5.770321 -9.779195
v 13.915120 -6.464427 -11.089921
v 13.015412 -5.664095 -10.176326
v 14.877240 -7.264759 -11.954957
v 15.304221 -7.521900 -13.594688
v 12.958207 -5.120907 -10.579190
v 13.318625 -4.816287 -10.617801
v 13.740210 -5.921237 -11.584355
v 12.958207 -5.120907 -10.579190
v 14.218331 -5.616618 -11.531396
v 14.218331 -5.616618 -11.531396
v 14.522214 -6.721569 -12.589520
v 13.740210 -5.921237 -11.584355
v 15.180455 -6.416948 -12.396435
v 16.807594 -5.550936 -10.100664
v 18.568497 -6.131950 -10.443002
v 16.525663 -5.331619 -10.418741
v 19.030540 -6.351266 -9.984797
v 21.485174 -6.932281 -9.787427
v 15.083977 -4.750605 -9.828057
v 14.919750 -4.531288 -10.054564
v 14.943563 -5.114482 -9.647573
v 16.667175 -5.914814 -9.920179
v 16.807594 -5.550936 -10.100664
v 18.890129 -6.715145 -9.804311
v 18.744072 -7.093649 -9.616570
v 14.797507 -5.492987 -9.459832
v 16.521116 -6.293318 -9.732441
v 15.083977 -4.750605 -9.828057
v 21.965702 -7.893978 -8.723749
v 22.111759 -7.515474 -8.911488
v 19.030540 -6.351266 -9.984797
v 22.252172 -7.151597 -9.091972
v 16.057356 -6.555561 -9.808167
v 14.797507 -5.492987 -9.459832
v 14.451445 -5.755229 -9.443989
v 16.521116 -6.293318 -9.732441
v 18.100189 -7.355892 -9.832429
v 18.744072 -7.093649 -9.616570
v 21.016865 -8.156223 -9.176853
v 21.965702 -7.893978 -8.723749
v 26.752026 -10.059993 -10.506494
v 25.973932 -8.988308 -7.811691
v 26.602533 -10.447392 -10.314342
v 26.119991 -8.609803 -7.999433
v 28.200272 -13.494266 -17.452036
v 26.889009 -9.705010 -10.682570
v 26.260410 -8.245926 -8.179917
v 28.073587 -13.822569 -17.289192
v 24.974300 -8.189221 -8.042823
v 25.973932 -8.988308 -7.811691
v 26.119991 -8.609803 -7.999433
v 24.828241 -8.567726 -7.855083
v 25.114716 -7.825345 -8.223309
v 24.657726 -9.250550 -8.550603
v 24.828241 -8.567726 -7.855083
v 23.603880 -8.829970 -8.522544
v 26.602533 -10.447392 -10.314342
v 25.973932 -8.988308 -7.811691
v 21.965702 -7.893978 -8.723749
v 20.228550 -8.845063 -10.907663
v 21.006872 -9.265644 -11.150081
v 25.389912 -10.726634 -10.969425
v 27.011938 -14.566891 -17.487394
v 27.913801 -14.236648 -17.083807
v 25.126040 -8.026610 -9.161180
v 26.889009 -9.705010 -10.682570
v 25.858223 -9.502693 -11.580000
v 25.114716 -7.825345 -8.223309
v 26.260410 -8.245926 -8.179917
v 21.447744 -8.081786 -11.751253
v 24.072191 -7.606028 -9.133120
v 28.200272 -13.494266 -17.452036
v 27.480246 -13.342950 -18.097971
v 22.504414 -9.573298 -13.936223
v 20.669420 -7.661206 -11.508837
v 21.485174 -6.932281 -9.787427
v 26.260410 -8.245926 -8.179917
v 17.875114 -10.096407 -16.858095
v 17.779531 -10.364798 -16.717987
v 16.272892 -8.897609 -14.822549
v 16.373487 -8.616231 -14.969099
v 15.861939 -8.477027 -14.294325
v 15.808143 -8.637124 -14.207930
v 16.219093 -9.057706 -14.736155
v 15.962540 -8.195648 -14.440875
v 15.962540 -8.195648 -14.440875
v 17.201258 -7.891028 -13.796182
v 16.373487 -8.616231 -14.969099
v 16.267414 -7.217280 -13.164351
v 17.704048 -8.311610 -14.252953
v 17.875114 -10.096407 -16.858095
v 19.089426 -9.807607 -16.209501
v 22.063543 -10.757155 -13.335051
v 17.400835 -9.159421 -13.811479
v 18.786219 -10.655416 -15.768027
v 21.016865 -8.156223 -9.176853
v 16.898043 -8.738838 -13.354704
v 24.659025 -14.643690 -19.151474
v 22.367821 -14.555408 -20.899178
v 18.786219 -10.655416 -15.768027
v 16.219093 -9.057706 -14.736155
v 17.720724 -10.537882 -16.625149
v 17.400835 -9.159421 -13.811479
v 16.898043 -8.738838 -13.354704
v 15.808143 -8.637124 -14.207930
v 22.367821 -14.555408 -20.899178
v 15.964197 -8.065089 -12.722876
v 17.720724 -10.537882 -16.625149
v 17.704048 -8.311610 -14.252953
v 19.089426 -9.807607 -16.209501
v 25.099892 -13.459835 -19.752645
v 22.671028 -13.707603 -21.340652
v 17.201258 -7.891028 -13.796182
v 18.908989 -6.987457 -11.520076
v 21.016865 -8.156223 -9.176853
v 22.252172 -7.151597 -9.091972
v 15.304221 -7.521900 -13.594688
v 21.805475 -13.948937 -21.786591
v 29.226337 -18.171501 -24.154680
v 28.653555 -18.555754 -24.291945
v 29.397022 -17.729168 -24.374077
v 27.913801 -14.236648 -17.083807
v 29.226337 -18.171501 -24.154680
v 29.512808 -17.429119 -24.522907
v 29.444511 -20.477657 -27.570488
v 30.100204 -20.779352 -28.840553
v 29.858738 -20.067383 -27.561543
v 29.226337 -18.171501 -24.154680
v 29.744909 -21.200314 -28.801603
v 27.331499 -18.681559 -25.213106
v 26.084558 -18.607529 -26.235140
v 27.772367 -17.497704 -25.814278
v 26.387770 -17.759724 -26.676609
v 29.512808 -17.429119 -24.522907
v 29.121861 -17.331810 -24.902517
v -36.547523 22.378590 -26.206749
v -36.002563 22.988113 -26.583067
v -36.185505 22.608810 -26.736444
v -36.286713 22.396185 -26.824322
v -36.673721 22.119696 -26.309565
v -36.329628 22.824465 -26.030453
v -35.557266 23.039585 -26.985363
v -35.704395 22.728607 -27.115131
v -35.989403 23.053080 -25.619280
v -36.057014 23.087507 -25.976297
v -35.557266 23.039585 -26.985363
v -36.002563 22.988113 -26.583067
v -35.491520 23.198677 -26.717627
v -36.329628 22.824465 -26.030453
v -36.057014 23.087507 -25.976297
v -35.776443 23.277260 -26.368996
v -36.548885 22.158381 -25.789158
v -36.025127 22.240995 -24.969994
v -36.320480 22.624117 -25.606138
v -36.673721 22.119696 -26.309565
v -36.684559 21.881735 -25.897869
v -36.251472 21.779455 -25.151363
v -36.547523 22.378590 -26.206749
v -35.717167 21.073080 -23.961050
v -35.493565 21.529024 -23.781879
v -35.670490 22.661955 -25.014517
v -36.320480 22.624117 -25.606138
v -36.025127 22.240995 -24.969994
v -35.989403 23.053080 -25.619280
v -35.092712 21.939299 -23.886662
v -34.702454 22.508064 -26.553263
v -35.345745 22.617531 -27.079699
v -35.211689 22.903404 -26.958712
v -33.766151 21.782076 -25.819153
v -34.834095 22.227118 -26.672316
v -35.415909 22.461927 -27.149490
v -35.212196 23.157907 -26.670506
v -34.702454 22.508064 -26.553263
v -35.211689 22.903404 -26.958712
v -34.733223 22.756897 -26.239048
v -33.766151 21.782076 -25.819153
v -35.491520 23.198677 -26.717627
v -35.212196 23.157907 -26.670506
v -35.211689 22.903404 -26.958712
v -35.557266 23.039585 -26.985363
v -35.557266 23.039585 -26.985363
v -35.345745 22.617531 -27.079699
v -35.704395 22.728607 -27.115131
v -35.211689 22.903404 -26.958712
v -35.415909 22.461927 -27.149490
v -35.781464 22.560495 -27.188755
v -35.689880 20.715357 -24.371956
v -34.159992 18.793455 -21.366302
v -35.857639 20.786646 -24.073608
v -34.452217 18.890762 -20.906359
v -35.689880 20.715357 -24.371956
v -36.389206 21.498613 -25.261723
v -36.267658 21.438013 -25.499807
v -35.857639 20.786646 -24.073608
v -34.088142 19.633142 -20.614632
v -36.389206 21.498613 -25.261723
v -35.857639 20.786646 -24.073608
v -34.305069 19.190813 -20.788452
v -34.452217 18.890762 -20.906359
v -35.415909 22.461927 -27.149490
v -35.130577 21.909090 -26.598148
v -35.609543 22.310099 -27.029606
v -34.906673 22.066591 -26.744043
v -34.250313 21.173748 -25.811655
v -35.781464 22.560495 -27.188755
v -35.716171 21.637203 -26.064344
v -36.113998 22.035549 -26.581558
v -34.906673 22.066591 -26.744043
v -33.893982 21.508892 -25.935152
v -33.970371 21.340605 -26.009933
v -35.871361 22.394918 -27.053652
v -36.273701 22.241381 -26.791193
v -36.286713 22.396185 -26.824322
v -36.273701 22.241381 -26.791193
v -36.586571 21.829138 -26.104568
v -36.684559 21.881735 -25.897869
v -36.673721 22.119696 -26.309565
v -36.561192 22.049709 -26.390841
v -36.273701 22.241381 -26.791193
v -33.058796 18.959345 -22.566229
v -35.689880 20.715357 -24.371956
v -34.988792 20.904861 -25.108482
v -34.159992 18.793455 -21.366302
v -36.267658 21.438013 -25.499807
v -31.911995 19.221367 -23.726219
v -33.970371 21.340605 -26.009933
v -36.586571 21.829138 -26.104568
v -33.852959 22.021553 -25.452555
v -31.278732 19.853912 -23.875578
v -33.766151 21.782076 -25.819153
v -35.147881 22.821058 -25.581837
v -34.420494 22.088718 -24.625975
v -31.514652 20.069170 -23.367121
v -26.116159 15.852054 -19.841726
v -33.852959 22.021553 -25.452555
v -31.278732 19.853912 -23.875578
v -31.396814 19.600609 -23.983761
v -26.116159 15.852054 -19.841726
v -36.561192 22.049709 -26.390841
v -35.212196 23.157907 -26.670506
v -35.545708 23.219404 -26.099051
v -34.733223 22.756897 -26.239048
v -35.491520 23.198677 -26.717627
v -35.776443 23.277260 -26.368996
v -36.057014 23.087507 -25.976297
v -35.989403 23.053080 -25.619280
v -35.670490 22.661955 -25.014517
v -35.092712 21.939299 -23.886662
v -32.490501 20.143204 -22.083719
v -33.562828 20.017397 -20.881016
v -31.482954 19.412441 -24.066355
v -27.058886 15.169244 -19.397951
v -31.482954 19.412441 -24.066355
v -26.214006 15.640008 -19.933701
v -26.320377 15.410580 -20.032507
v -36.286713 22.396185 -26.824322
v -35.781464 22.560495 -27.188755
v -19.161198 7.648772 -11.127593
v -18.547653 6.793265 -10.199436
v -20.540398 7.593596 -9.749172
v -17.697887 7.878595 -12.435224
v -17.596560 6.848442 -11.043592
v -18.933327 8.678926 -12.930061
v -16.561350 7.078265 -11.816958
v -16.229723 6.048111 -10.712736
v -16.901068 5.992935 -10.217703
v -15.474264 6.277933 -11.136980
v -16.898172 8.624692 -12.584955
v -16.164003 7.926074 -11.457859
v -15.904335 7.824360 -11.788602
v -17.300541 8.726406 -12.076123
v -15.076916 7.125741 -10.777882
v -14.910500 7.024028 -10.992249
v -15.976707 7.664262 -11.860160
v -16.970543 8.464594 -12.656513
v -15.904335 7.824360 -11.788602
v -14.982872 6.863931 -11.063807
v -16.108555 7.382884 -11.979381
v -17.102390 8.183216 -12.775733
v -14.910500 7.024028 -10.992249
v -16.898172 8.624692 -12.584955
v -17.964380 9.264924 -13.452868
v -17.892006 9.425023 -13.381309
v -17.950489 8.017206 -9.714147
v -18.592905 8.832631 -10.645085
v -19.943230 8.817537 -9.263884
v -16.303902 7.216876 -9.732414
v -17.028267 8.032299 -10.561085
v -18.535976 9.526737 -12.570962
v -20.553150 9.632962 -10.235375
v -15.661429 7.231967 -10.230228
v -17.300541 8.726406 -12.076123
v -16.164003 7.926074 -11.457859
v -15.076916 7.125741 -10.777882
v -15.114720 6.582553 -11.183027
v -17.102390 8.183216 -12.775733
v -16.561350 7.078265 -11.816958
v -17.697887 7.878595 -12.435224
v -16.108555 7.382884 -11.979381
v -15.114720 6.582553 -11.183027
v -15.474264 6.277933 -11.136980
v -20.540398 7.593596 -9.749172
v -18.547653 6.793265 -10.199436
v -18.748112 7.012582 -9.824639
v -17.008274 6.212252 -9.959280
v -20.883553 7.812913 -9.196287
v -23.225451 8.393928 -8.434916
v -20.705101 8.176790 -9.053295
v -18.748112 7.012582 -9.824639
v -18.569660 7.376461 -9.681647
v -20.883553 7.812913 -9.196287
v -17.008274 6.212252 -9.959280
v -16.829824 6.576128 -9.816289
v -20.519478 8.555296 -8.904556
v -16.901068 5.992935 -10.217703
v -18.384035 7.754965 -9.532908
v -17.950489 8.017206 -9.714147
v -16.644199 6.954633 -9.667551
v -16.303902 7.216876 -9.732414
v -19.943230 8.817537 -9.263884
v -18.384035 7.754965 -9.532908
v -20.519478 8.555296 -8.904556
v -22.628283 9.617868 -7.949626
v -23.446133 9.355625 -7.288785
v -16.644199 6.954633 -9.667551
v -28.515442 11.521641 -7.912654
v -27.133478 10.449955 -5.471842
v -28.325457 11.909039 -7.760420
v -27.319101 10.071450 -5.620581
v -28.689531 11.166657 -8.052151
v -27.497553 9.707574 -5.763573
v -31.374298 15.284213 -14.203799
v -28.325457 11.909039 -7.760420
v -26.024574 10.712198 -6.495913
v -27.297863 12.188283 -8.678917
v -27.133478 10.449955 -5.471842
v -30.387581 16.028534 -14.642859
v -31.171225 15.698293 -14.041080
v -23.076281 10.727292 -9.871351
v -24.610962 12.218802 -11.751616
v -26.029097 10.029373 -5.779809
v -26.024574 10.712198 -6.495913
v -27.133478 10.449955 -5.471842
v -24.992960 10.291616 -6.713073
v -26.029097 10.029373 -5.779809
v -27.133478 10.449955 -5.471842
v -26.214722 9.650868 -5.928548
v -27.319101 10.071450 -5.620581
v -26.393175 9.286992 -6.071539
v -26.621742 9.488256 -6.981204
v -26.393175 9.286992 -6.071539
v -27.497553 9.707574 -5.763573
v -28.689531 11.166657 -8.052151
v -27.895033 10.964340 -9.164208
v -23.644575 9.543433 -10.353860
v -25.590130 9.067675 -7.198362
v -25.179258 11.034945 -12.234125
v -27.497553 9.707574 -5.763573
v -23.810207 8.613244 -7.580515
v -19.323299 10.359254 -14.541760
v -18.801027 9.938672 -14.123269
v -19.455147 10.077875 -14.660979
v -21.353996 11.558052 -16.150129
v -21.228518 11.826444 -16.036015
v -18.728655 10.098769 -14.051710
v -19.250925 10.519352 -14.470201
v -18.932875 9.657293 -14.242488
v -21.353996 11.558052 -16.150129
v -20.583296 9.773256 -13.655723
v -22.384737 11.269253 -15.237549
v -19.455147 10.077875 -14.660979
v -19.988262 9.352674 -13.328041
v -26.320377 15.410580 -20.032507
v -18.932875 9.657293 -14.242488
v -18.933327 8.678926 -12.930061
v -18.096230 8.983546 -13.572086
v -24.992960 10.291616 -6.713073
v -20.185947 10.621067 -13.296624
v -21.987391 12.117061 -14.878451
v -22.262955 10.306709 -9.816089
v -19.590914 10.200484 -12.968939
v -26.661541 16.017050 -19.038853
v -28.484850 16.105333 -16.807339
v -22.628283 9.617868 -7.949626
v -21.987391 12.117061 -14.878451
v -19.250925 10.519352 -14.470201
v -21.149775 11.999527 -15.959352
v -20.185947 10.621067 -13.296624
v -19.590914 10.200484 -12.968939
v -18.728655 10.098769 -14.051710
v -26.661541 16.017050 -19.038853
v -21.149775 11.999527 -15.959352
v -18.535976 9.526737 -12.570962
v -17.892006 9.425023 -13.381309
v -20.583296 9.773256 -13.655723
v -22.384737 11.269253 -15.237549
v -30.984747 14.804594 -15.128150
v -29.053143 14.921477 -17.289846
v -22.831251 9.122851 -10.298597
v -20.583296 9.773256 -13.655723
v -22.831251 9.122851 -10.298597
v -23.644575 9.543433 -10.353860
v -19.988262 9.352674 -13.328041
v -21.121445 8.449102 -10.717886
v -23.631756 8.977120 -7.437523
v -20.705101 8.176790 -9.053295
v -23.446133 9.355625 -7.288785
v -26.029097 10.029373 -5.779809
v -26.214722 9.650868 -5.928548
v -23.810207 8.613244 -7.580515
v -20.883553 7.812913 -9.196287
v -20.519478 8.555296 -8.904556
v -26.393175 9.286992 -6.071539
v -18.096230 8.983546 -13.572086
v -23.225451 8.393928 -8.434916
v -25.590130 9.067675 -7.198362
v -34.088142 19.633142 -20.614632
v -33.562828 20.017397 -20.881016
v -32.490501 20.143204 -22.083719
v -34.452217 18.890762 -20.906359
v -31.535301 14.955910 -14.332811
v -31.171225 15.698293 -14.041080
v -34.305069 19.190813 -20.788452
v -34.088142 19.633142 -20.614632
v -35.493565 21.529024 -23.781879
v -35.092712 21.939299 -23.886662
v -34.088142 19.633142 -20.614632
v -35.493565 21.529024 -23.781879
v -31.514652 20.069170 -23.367121
v -22.384737 11.269253 -15.237549
v -29.053143 14.921477 -17.289846
v -27.058886 15.169244 -19.397951
v -25.179258 11.034945 -12.234125
v -33.058796 18.959345 -22.566229
v -31.911995 19.221367 -23.726219
v -34.159992 18.793455 -21.366302
v -34.452217 18.890762 -20.906359
v -31.535301 14.955910 -14.332811
v -33.058796 18.959345 -22.566229
v -30.321472 -20.916948 -30.164755
v -29.846457 -21.147171 -30.596024
v -29.704079 -21.526470 -30.404398
v -30.150410 -21.362823 -29.942724
v -29.924515 -20.934544 -30.704981
v -29.897793 -21.625868 -29.826811
v -29.533779 -21.815620 -30.143715
v -29.175760 -21.737038 -30.416744
v -29.704079 -21.526470 -30.404398
v -29.177610 -21.577946 -30.692427
v -29.846457 -21.147171 -30.596024
v -29.290627 -21.266966 -30.852787
v -29.533779 -21.815620 -30.143715
v -29.348513 -21.098858 -30.942280
v -30.419659 -20.696741 -29.758871
v -30.100204 -20.779352 -28.840553
v -30.278305 -20.317812 -29.069483
v -30.526411 -20.420094 -29.896090
v -30.420374 -20.658054 -30.294041
v -30.321472 -20.916948 -30.164755
v -30.239941 -21.162476 -29.527863
v -29.744909 -21.200314 -28.801603
v -29.858738 -20.067383 -27.561543
v -30.034678 -19.611435 -27.787697
v -29.914841 -21.591440 -29.463846
v -28.949976 -21.155886 -30.735126
v -28.446342 -21.046425 -30.073832
v -28.847641 -21.441759 -30.586346
v -28.546778 -20.765476 -30.220171
v -27.705868 -20.320435 -29.142555
v -27.803303 -20.047249 -29.285042
v -28.847641 -21.441759 -30.586346
v -29.177610 -21.577946 -30.692427
v -29.290627 -21.266966 -30.852787
v -28.949976 -21.155886 -30.735126
v -29.002039 -21.000284 -30.819290
v -28.847641 -21.441759 -30.586346
v -29.175760 -21.737038 -30.416744
v -29.177610 -21.577946 -30.692427
v -28.914984 -21.696268 -30.306118
v -28.446342 -21.046425 -30.073832
v -27.705868 -20.320435 -29.142555
v -28.549162 -21.295258 -29.775324
v -28.914984 -21.696268 -30.306118
v -28.847641 -21.441759 -30.586346
v -29.121861 -17.331810 -24.902517
v -29.912821 -19.253714 -28.181063
v -30.145210 -19.324999 -27.929770
v -30.386679 -20.036970 -29.208782
v -27.772367 -17.497704 -25.814278
v -29.060005 -19.443220 -28.734877
v -29.512808 -17.429119 -24.522907
v -29.397022 -17.729168 -24.374077
v -30.145210 -19.324999 -27.929770
v -29.226337 -18.171501 -24.154680
v -30.386679 -20.036970 -29.208782
v -29.512808 -17.429119 -24.522907
v -30.213221 -19.976368 -29.412176
v -30.383150 -20.367495 -30.074423
v -30.526411 -20.420094 -29.896090
v -29.218201 -20.848455 -30.747593
v -29.545826 -20.175562 -29.833393
v -28.852377 -20.447451 -30.216801
v -29.002039 -21.000284 -30.819290
v -28.600737 -20.604950 -30.306776
v -28.178560 -19.712105 -29.247572
v -27.860260 -19.878963 -29.375504
v -29.348513 -21.098858 -30.942280
v -29.218201 -20.848455 -30.747593
v -29.002039 -21.000284 -30.819290
v -29.924515 -20.934544 -30.704981
v -29.467297 -20.933275 -30.831715
v -29.348513 -21.098858 -30.942280
v -29.002039 -21.000284 -30.819290
v -28.600737 -20.604950 -30.306776
v -30.420374 -20.658054 -30.294041
v -30.383150 -20.367495 -30.074423
v -30.292057 -20.588068 -30.346998
v -30.526411 -20.420094 -29.896090
v -30.213221 -19.976368 -29.412176
v -30.383150 -20.367495 -30.074423
v -29.812826 -20.573906 -30.428780
v -26.387770 -17.759724 -26.676609
v -25.737133 -18.392271 -26.675003
v -27.875347 -20.559912 -28.806091
v -26.084558 -18.607529 -26.235140
v -25.737133 -18.392271 -26.675003
v -27.860260 -19.878963 -29.375504
v -25.826897 -18.138966 -26.807627
v -21.651075 -14.390410 -21.553646
v -21.724922 -14.178367 -21.665808
v -30.292057 -20.588068 -30.346998
v -29.467297 -20.933275 -30.831715
v -29.919544 -20.779737 -30.669743
v -28.549162 -21.295258 -29.775324
v -29.371954 -21.757765 -29.827612
v -28.914984 -21.696268 -30.306118
v -29.914841 -21.591440 -29.463846
v -29.897793 -21.625868 -29.826811
v -29.104959 -21.359415 -29.232224
v -29.175760 -21.737038 -30.416744
v -28.619139 -20.627073 -28.133703
v -29.744909 -21.200314 -28.801603
v -27.875347 -20.559912 -28.806091
v -29.533779 -21.815620 -30.143715
v -27.331499 -18.681559 -25.213106
v -29.444511 -20.477657 -27.570488
v -28.653555 -18.555754 -24.291945
v -26.084558 -18.607529 -26.235140
v -25.891529 -17.950798 -26.907948
v -22.671028 -13.707603 -21.340652
v -21.805475 -13.948937 -21.786591
v -25.891529 -17.950798 -26.907948
v -30.292057 -20.588068 -30.346998
v -30.420374 -20.658054 -30.294041
v -29.919544 -20.779737 -30.669743
v -30.420374 -20.658054 -30.294041
v -29.924515 -20.934544 -30.704981
v -15.180455 -6.416948 -12.396435
v -15.404697 -5.386796 -11.019255
v -14.218331 -5.616618 -11.531396
v -16.907173 -6.187126 -11.463903
v -14.151889 -4.586465 -10.380367
v -13.318625 -4.816287 -10.617801
v -16.525663 -5.331619 -10.418741
v -18.908989 -6.987457 -11.520076
v -18.568497 -6.131950 -10.443002
v -16.267414 -7.217280 -13.164351
v -14.919750 -4.531288 -10.054564
v -14.367817 -7.163045 -12.356576
v -13.915120 -6.464427 -11.089921
v -14.877240 -7.264759 -11.954957
v -13.585814 -6.362713 -11.351408
v -12.803811 -5.562382 -10.346243
v -13.015412 -5.664095 -10.176326
v -13.639612 -6.202616 -11.437804
v -12.803811 -5.562382 -10.346243
v -13.585814 -6.362713 -11.351408
v -14.522214 -6.721569 -12.589520
v -13.740210 -5.921237 -11.584355
v -12.857612 -5.402285 -10.432639
v -14.421618 -7.002947 -12.442969
v -14.367817 -7.163045 -12.356576
v -15.203621 -7.803278 -13.448137
v -16.466303 -7.370985 -10.862731
v -15.964197 -8.065089 -12.722876
v -14.877240 -7.264759 -11.954957
v -16.057356 -6.555561 -9.808167
v -18.100189 -7.355892 -9.832429
v -14.963828 -6.570653 -10.418083
v -14.451445 -5.755229 -9.443989
v -13.711019 -5.770321 -9.779195
v -13.915120 -6.464427 -11.089921
v -13.015412 -5.664095 -10.176326
v -12.958207 -5.120907 -10.579190
v -13.318625 -4.816287 -10.617801
v -13.740210 -5.921237 -11.584355
v -14.218331 -5.616618 -11.531396
v -12.958207 -5.120907 -10.579190
v -14.218331 -5.616618 -11.531396
v -14.522214 -6.721569 -12.589520
v -15.180455 -6.416948 -12.396435
v -13.740210 -5.921237 -11.584355
v -15.304221 -7.521900 -13.594688
v -16.525663 -5.331619 -10.418741
v -18.568497 -6.131950 -10.443002
v -16.807594 -5.550936 -10.100664
v -15.083977 -4.750605 -9.828057
v -14.919750 -4.531288 -10.054564
v -19.030540 -6.351266 -9.984797
v -21.485174 -6.932281 -9.787427
v -22.252172 -7.151597 -9.091972
v -16.667175 -5.914814 -9.920179
v -18.744072 -7.093649 -9.616570
v -16.521116 -6.293318 -9.732441
v -14.797507 -5.492987 -9.459832
v -14.943563 -5.114482 -9.647573
v -16.807594 -5.550936 -10.100664
v -15.083977 -4.750605 -9.828057
v -18.890129 -6.715145 -9.804311
v -19.030540 -6.351266 -9.984797
v -22.111759 -7.515474 -8.911488
v -21.965702 -7.893978 -8.723749
v -16.057356 -6.555561 -9.808167
v -14.797507 -5.492987 -9.459832
v -16.521116 -6.293318 -9.732441
v -14.451445 -5.755229 -9.443989
v -18.744072 -7.093649 -9.616570
v -18.100189 -7.355892 -9.832429
v -21.016865 -8.156223 -9.176853
v -26.752026 -10.059993 -10.506494
v -25.973932 -8.988308 -7.811691
v -26.119991 -8.609803 -7.999433
v -26.602533 -10.447392 -10.314342
v -26.889009 -9.705010 -10.682570
v -28.073587 -13.822569 -17.289192
v -27.913801 -14.236648 -17.083807
v -24.974300 -8.189221 -8.042823
v -26.119991 -8.609803 -7.999433
v -25.973932 -8.988308 -7.811691
v -22.252172 -7.151597 -9.091972
v -25.114716 -7.825345 -8.223309
v -26.260410 -8.245926 -8.179917
v -24.828241 -8.567726 -7.855083
v -24.828241 -8.567726 -7.855083
v -24.657726 -9.250550 -8.550603
v -23.603880 -8.829970 -8.522544
v -25.973932 -8.988308 -7.811691
v -21.006872 -9.265644 -11.150081
v -26.602533 -10.447392 -10.314342
v -25.389912 -10.726634 -10.969425
v -20.228550 -8.845063 -10.907663
v -21.016865 -8.156223 -9.176853
v -27.913801 -14.236648 -17.083807
v -22.063543 -10.757155 -13.335051
v -27.011938 -14.566891 -17.487394
v -26.889009 -9.705010 -10.682570
v -25.126040 -8.026610 -9.161180
v -25.858223 -9.502693 -11.580000
v -25.114716 -7.825345 -8.223309
v -24.072191 -7.606028 -9.133120
v -26.260410 -8.245926 -8.179917
v -27.480246 -13.342950 -18.097971
v -28.200272 -13.494266 -17.452036
v -20.669420 -7.661206 -11.508837
v -21.447744 -8.081786 -11.751253
v -26.260410 -8.245926 -8.179917
v -28.200272 -13.494266 -17.452036
v -16.272892 -8.897609 -14.822549
v -15.808143 -8.637124 -14.207930
v -16.219093 -9.057706 -14.736155
v -17.875114 -10.096407 -16.858095
v -16.373487 -8.616231 -14.969099
v -17.779531 -10.364798 -16.717987
v -15.861939 -8.477027 -14.294325
v -15.962540 -8.195648 -14.440875
v -21.805475 -13.948937 -21.786591
v -17.720724 -10.537882 -16.625149
v -15.149823 -7.963377 -13.361742
v -17.201258 -7.891028 -13.796182
v -15.962540 -8.195648 -14.440875
v -16.373487 -8.616231 -14.969099
v -16.267414 -7.217280 -13.164351
v -17.704048 -8.311610 -14.252953
v -17.875114 -10.096407 -16.858095
v -19.089426 -9.807607 -16.209501
v -24.659025 -14.643690 -19.151474
v -17.400835 -9.159421 -13.811479
v -16.898043 -8.738838 -13.354704
v -18.468119 -8.171315 -10.918904
v -18.786219 -10.655416 -15.768027
v -22.367821 -14.555408 -20.899178
v -17.720724 -10.537882 -16.625149
v -22.367821 -14.555408 -20.899178
v -21.651075 -14.390410 -21.553646
v -16.219093 -9.057706 -14.736155
v -18.786219 -10.655416 -15.768027
v -16.898043 -8.738838 -13.354704
v -17.400835 -9.159421 -13.811479
v -15.808143 -8.637124 -14.207930
v -15.964197 -8.065089 -12.722876
v -17.704048 -8.311610 -14.252953
v -17.201258 -7.891028 -13.796182
v -22.504414 -9.573298 -13.936223
v -19.089426 -9.807607 -16.209501
v -25.099892 -13.459835 -19.752645
v -22.671028 -13.707603 -21.340652
v -21.485174 -6.932281 -9.787427
v -21.965702 -7.893978 -8.723749
v -24.828241 -8.567726 -7.855083
v -23.603880 -8.829970 -8.522544
v -15.304221 -7.521900 -13.594688
v -15.149823 -7.963377 -13.361742
v -29.226337 -18.171501 -24.154680
v -28.653555 -18.555754 -24.291945
v -29.397022 -17.729168 -24.374077
v -29.226337 -18.171501 -24.154680
v -29.512808 -17.429119 -24.522907
v -29.226337 -18.171501 -24.154680
v -29.444511 -20.477657 -27.570488
v -30.100204 -20.779352 -28.840553
v -29.744909 -21.200314 -28.801603
v -29.858738 -20.067383 -27.561543
v -27.331499 -18.681559 -25.213106
v -26.084558 -18.607529 -26.235140
v -25.737133 -18.392271 -26.675003
v -27.772367 -17.497704 -25.814278
v -29.121861 -17.331810 -24.902517
v -29.512808 -17.429119 -24.522907
v -26.387770 -17.759724 -26.676609
vn 0.7040 -0.1385 -0.6965
vn 0.5528 -0.0000 -0.8333
vn 0.7041 -0.0000 -0.7101
vn 0.5528 -0.1626 -0.8173
vn 0.3805 -0.1804 -0.9070
vn 0.3805 -0.0000 -0.9248
vn 0.7040 0.1385 -0.6965
vn 0.1939 -0.1914 -0.9622
vn 0.1939 -0.0000 -0.9810
vn 0.5528 0.1626 -0.8173
vn -0.0000 -0.1951 -0.9808
vn -0.0000 -0.0000 -1.0000
vn 0.3805 0.1804 -0.9070
vn -0.1939 -0.3754 -0.9063
vn -0.1939 -0.1914 -0.9622
vn 0.1939 0.1914 -0.9622
vn -0.1939 -0.0000 -0.9810
vn -0.1939 0.1914 -0.9622
vn -0.0000 0.1951 -0.9808
vn 0.9796 -0.0000 0.2010
vn 0.9217 -0.0757 0.3804
vn 0.9796 -0.0392 0.1971
vn 1.0000 -0.0000 -0.0000
vn 0.9796 0.0392 0.1971
vn 0.9796 0.0769 0.1857
vn 0.9217 -0.0000 0.3879
vn 0.8819 -0.0920 0.4623
vn 0.9217 0.0757 0.3804
vn 0.9217 0.1484 0.3584
vn 0.8819 -0.0000 0.4714
vn 0.8819 0.0920 0.4623
vn 0.8819 0.1804 0.4355
vn 0.7730 -0.0000 -0.6344
vn 0.7730 -0.1238 -0.6222
vn 0.7730 0.1238 -0.6222
vn 0.7041 -0.2717 -0.6561
vn 0.7041 -0.1385 -0.6965
vn 0.7041 0.1385 -0.6965
vn 0.7730 -0.2427 -0.5861
vn 0.7040 -0.2717 -0.6561
vn 0.5528 -0.3189 -0.7699
vn 0.3805 -0.3539 -0.8544
vn 0.1939 -0.3754 -0.9063
vn -0.0000 -0.3827 -0.9239
vn 0.9796 0.1116 0.1671
vn 0.3805 -0.5138 -0.7689
vn 0.1939 -0.5450 -0.8157
vn -0.0000 -0.5556 -0.8315
vn -0.1939 -0.6937 -0.6937
vn -0.1939 -0.5450 -0.8157
vn 0.9796 0.1421 0.1421
vn 0.9217 0.2155 0.3225
vn 0.9217 0.1485 0.3583
vn 0.9796 0.1117 0.1671
vn 0.8819 0.2619 0.3920
vn 0.9217 0.2743 0.2743
vn 0.8819 0.3333 0.3333
vn 0.7730 -0.2428 -0.5861
vn 0.7730 -0.3525 -0.5275
vn 0.7041 -0.5021 -0.5022
vn 0.7041 -0.3945 -0.5904
vn 0.7730 -0.4486 -0.4486
vn 0.7041 -0.2718 -0.6561
vn 0.7040 -0.3945 -0.5905
vn 0.7040 -0.5021 -0.5022
vn 0.5528 -0.4630 -0.6929
vn 0.7040 -0.2718 -0.6561
vn 0.5528 -0.5893 -0.5893
vn 0.7730 -0.5275 -0.3525
vn 0.3805 -0.6539 -0.6539
vn 0.3805 -0.7689 -0.5138
vn 0.1939 -0.8157 -0.5450
vn 0.1939 -0.6937 -0.6937
vn -0.0000 -0.8315 -0.5556
vn -0.0000 -0.7071 -0.7071
vn 0.9796 0.1671 0.1116
vn 0.9796 0.1671 0.1117
vn 0.9217 0.3225 0.2155
vn -0.0000 -0.9239 -0.3827
vn 0.9796 0.1856 0.0769
vn 0.9217 0.3584 0.1484
vn 0.8819 0.4355 0.1804
vn 0.8819 0.3920 0.2619
vn 0.7730 -0.5275 -0.3524
vn 0.7730 -0.5861 -0.2428
vn 0.7041 -0.6561 -0.2718
vn 0.7041 -0.5905 -0.3945
vn 0.5528 -0.6929 -0.4630
vn 0.5528 -0.5893 -0.5892
vn 0.5528 -0.7699 -0.3189
vn 0.5527 -0.6929 -0.4630
vn 0.1939 -0.9063 -0.3754
vn 0.3805 -0.8544 -0.3539
vn 0.5528 -0.8173 -0.1626
vn 0.7730 -0.6222 -0.1238
vn -0.1939 -0.8157 -0.5450
vn 0.9796 0.1971 0.0392
vn 0.9796 0.1857 0.0769
vn 0.9217 0.3804 0.0757
vn 0.9796 0.2009 -0.0000
vn 0.9217 0.3879 -0.0000
vn 0.8819 0.4714 -0.0000
vn 0.8819 0.4623 0.0920
vn 0.7041 -0.7101 -0.0000
vn 0.7041 -0.6965 -0.1386
vn 0.7730 -0.6344 -0.0000
vn 0.3805 -0.9070 -0.1804
vn 0.1939 -0.9810 -0.0000
vn 0.1939 -0.9622 -0.1914
vn 0.5527 -0.8173 -0.1626
vn 0.3805 -0.9248 -0.0000
vn -0.0000 -1.0000 -0.0000
vn -0.0000 -0.9808 -0.1951
vn -0.1939 -0.9063 -0.3754
vn 0.5528 -0.8333 -0.0000
vn 0.7040 -0.6965 -0.1385
vn -0.1939 -0.9622 -0.1914
vn -0.1939 -0.9622 0.1914
vn -0.1939 -0.9810 -0.0000
vn 0.9796 0.1971 -0.0392
vn 0.9796 0.2010 -0.0000
vn 0.9217 0.3584 -0.1484
vn 0.9217 0.3804 -0.0757
vn 0.8819 0.4623 -0.0920
vn 0.8819 0.4355 -0.1804
vn 0.7730 -0.6222 0.1238
vn 0.7730 -0.5861 0.2428
vn 0.7041 -0.6561 0.2717
vn 0.7041 -0.6965 0.1385
vn 0.7040 -0.6965 0.1385
vn 0.5528 -0.8173 0.1626
vn 0.3805 -0.9070 0.1804
vn 0.1939 -0.9622 0.1914
vn -0.0000 -0.9808 0.1951
vn -0.1939 -0.9063 0.3754
vn 0.9796 0.1856 -0.0769
vn 0.5528 -0.7699 0.3189
vn 0.3805 -0.8544 0.3539
vn 0.1939 -0.9063 0.3754
vn -0.0000 -0.9239 0.3827
vn -0.1939 -0.8157 0.5450
vn 0.9796 0.1671 -0.1116
vn 0.9217 0.3225 -0.2155
vn 0.9796 0.1857 -0.0769
vn 0.8819 0.3920 -0.2619
vn 0.7730 -0.5275 0.3525
vn 0.7040 -0.6561 0.2718
vn 0.9217 0.2743 -0.2743
vn 0.8819 0.3333 -0.3333
vn 0.7730 -0.4486 0.4486
vn 0.7270 -0.5042 0.4661
vn 0.7041 -0.5904 0.3945
vn 0.7040 -0.5905 0.3945
vn 0.5528 -0.6929 0.4630
vn 0.5509 -0.6451 0.5294
vn 0.3805 -0.7689 0.5138
vn 0.1939 -0.8157 0.5450
vn -0.0000 -0.8315 0.5556
vn -0.1930 -0.7585 0.6225
vn 0.9796 0.1421 -0.1421
vn 0.3790 -0.7154 0.5871
vn 0.1930 -0.7585 0.6225
vn -0.0000 -0.7730 0.6344
vn 0.9796 0.1116 -0.1671
vn 0.8819 0.2619 -0.3920
vn 0.9217 0.2155 -0.3225
vn 0.7730 -0.3525 0.5275
vn 0.7730 -0.3524 0.5275
vn 0.9796 0.1117 -0.1671
vn 0.8819 0.1804 -0.4355
vn 0.7730 -0.2428 0.5861
vn 0.9796 0.0769 -0.1857
vn 0.9217 0.1484 -0.3584
vn 0.9217 0.0757 -0.3804
vn 0.9796 0.0392 -0.1971
vn 0.7730 -0.2427 0.5861
vn 0.7730 -0.1238 0.6222
vn 0.7730 -0.0000 0.6344
vn 0.9217 -0.0000 -0.3879
vn 0.9796 -0.0000 -0.2010
vn 0.8819 0.0920 -0.4623
vn 0.9796 -0.0392 -0.1971
vn 0.9217 -0.0757 -0.3804
vn 0.8819 -0.0920 -0.4623
vn 0.8819 -0.0000 -0.4714
vn 0.7730 0.1238 0.6222
vn 0.7730 0.2428 0.5861
vn -0.0490 -0.7578 0.6506
vn -0.0375 -0.7651 0.6428
vn -0.0347 -0.7666 0.6412
vn -0.0508 -0.7565 0.6520
vn -0.0217 -0.7732 0.6338
vn -0.0179 -0.7750 0.6317
vn -0.0560 -0.7526 0.6560
vn -0.0561 -0.7526 0.6560
vn -0.5818 0.5160 0.6287
vn -0.5882 0.4467 0.6742
vn -0.5878 0.4524 0.6707
vn -0.5953 0.3055 0.7432
vn -0.5953 -0.3055 0.7432
vn -0.5878 -0.4524 0.6707
vn -0.5882 -0.4467 0.6742
vn -0.5951 -0.3098 0.7415
vn -0.5818 -0.5160 0.6287
vn -0.0179 0.7750 0.6317
vn -0.0000 0.7784 0.6278
vn -0.0217 0.7732 0.6338
vn -0.0347 0.7666 0.6412
vn 0.0179 0.7750 0.6317
vn 0.9796 -0.0769 -0.1857
vn 0.9217 -0.1484 -0.3584
vn 0.8819 -0.1804 -0.4355
vn -0.5951 0.3098 0.7416
vn -0.5996 0.1551 0.7852
vn -0.5995 0.1573 0.7847
vn -0.6010 -0.0000 0.7992
vn 0.9217 -0.2155 -0.3225
vn 0.9796 -0.1117 -0.1671
vn -0.5995 -0.1573 0.7847
vn -0.5996 -0.1550 0.7852
vn -0.0375 0.7651 0.6428
vn -0.0490 0.7578 0.6506
vn -0.0508 0.7565 0.6520
vn -0.0560 0.7526 0.6560
vn -0.5951 0.3098 0.7415
vn 0.9217 -0.2743 -0.2743
vn 0.9796 -0.1421 -0.1421
vn 0.8819 -0.2619 -0.3920
vn 0.8819 -0.3333 -0.3333
vn 0.7730 0.3524 0.5275
vn 0.7730 0.4486 0.4486
vn 0.9796 -0.1671 -0.1117
vn 0.9217 -0.3225 -0.2155
vn 0.8819 -0.3920 -0.2619
vn 0.7730 0.5275 0.3525
vn 0.7730 0.3525 0.5275
vn -0.0000 -0.7784 0.6278
vn 0.0179 -0.7751 0.6316
vn -0.5996 -0.1551 0.7852
vn -0.5951 -0.3098 0.7416
vn 0.3769 0.7522 0.5405
vn 0.1969 0.7882 0.5831
vn 0.1627 0.8343 0.5267
vn 0.3802 0.7335 0.5634
vn -0.0000 0.8222 0.5692
vn -0.0000 0.8654 0.5011
vn 0.5636 0.7078 0.4258
vn 0.5407 0.6803 0.4948
vn 0.5796 0.5763 0.5761
vn 0.5647 0.6393 0.5219
vn 0.5367 0.6110 0.5819
vn 0.6858 0.5912 0.4246
vn 0.3805 0.7466 0.5457
vn 0.3797 0.6894 0.6169
vn 0.1770 0.7698 0.6133
vn -0.0000 0.7003 0.7138
vn 0.1998 0.7159 0.6690
vn -0.0000 0.7684 0.6400
vn -0.1770 0.7698 0.6133
vn 0.5787 0.6659 0.4708
vn 0.9796 -0.1857 -0.0769
vn 0.8819 -0.4355 -0.1804
vn 0.9217 -0.3584 -0.1484
vn 0.7730 0.5275 0.3524
vn 0.7061 0.5397 0.4583
vn 0.7730 0.5861 0.2428
vn 0.9217 -0.3804 -0.0757
vn 0.9796 -0.1971 -0.0392
vn 0.8819 -0.4623 -0.0920
vn 0.7715 0.6088 0.1847
vn 0.6858 0.5912 0.4245
vn 0.7024 0.6812 0.2066
vn 0.7041 0.6561 0.2718
vn 0.5528 0.7699 0.3189
vn 0.5647 0.6394 0.5219
vn 0.7040 0.6561 0.2718
vn 0.3790 0.8856 0.2686
vn 0.3805 0.8544 0.3539
vn 0.5509 0.7986 0.2423
vn 0.2890 0.9161 0.2779
vn 0.2260 0.8867 0.4033
vn -0.0000 0.8819 0.4714
vn -0.0000 0.7685 0.6399
vn 0.7023 0.6812 0.2066
vn 0.9237 0.2961 -0.2430
vn 0.9402 0.2907 -0.1775
vn 0.9353 0.2926 -0.1988
vn 0.9503 0.2871 -0.1205
vn 0.9490 0.2875 -0.1297
vn 0.9306 0.2942 -0.2177
vn 0.9796 -0.2010 -0.0000
vn 0.9217 -0.3879 -0.0000
vn 0.8819 -0.4714 -0.0000
vn 0.9217 -0.3804 0.0757
vn 0.8819 -0.4623 0.0920
vn 0.2517 0.3928 0.8845
vn 0.1904 0.4447 0.8752
vn 0.1797 0.4516 0.8739
vn 0.2631 0.3802 0.8867
vn 0.1438 0.4741 0.8686
vn 0.3054 0.3196 0.8970
vn 0.3144 0.3024 0.8998
vn 0.2701 0.4396 -0.8566
vn 0.2628 0.5568 -0.7879
vn 0.2666 0.5395 -0.7986
vn 0.2077 0.6564 -0.7252
vn 0.2151 0.6483 -0.7304
vn 0.2665 0.4171 -0.8689
vn 0.2378 0.3539 -0.9045
vn 0.2264 0.3454 -0.9107
vn -0.3303 0.2711 0.9041
vn -0.3054 0.3196 0.8970
vn -0.3144 0.3024 0.8998
vn -0.2517 0.3928 0.8845
vn -0.2631 0.3802 0.8867
vn 0.3303 0.2711 0.9041
vn 0.9537 0.2949 0.0597
vn 0.9499 0.2990 0.0907
vn 0.9575 0.2885 0.0016
vn 0.9575 0.2884 0.0002
vn 0.9544 0.2938 0.0524
vn 0.9530 0.2957 0.0662
vn 0.9796 -0.1971 0.0392
vn 0.3790 0.9210 -0.0907
vn 0.5528 0.8173 -0.1626
vn 0.3805 0.9070 -0.1804
vn 0.2890 0.9527 -0.0938
vn 0.3805 0.8544 -0.3539
vn 0.2903 0.9386 -0.1867
vn 0.5528 0.7699 -0.3189
vn 0.2903 0.8841 -0.3662
vn 0.9402 0.2907 -0.1774
vn 0.9517 0.2866 -0.1100
vn 0.9567 0.2860 -0.0536
vn 0.9565 0.2859 -0.0574
vn 0.9796 -0.1857 0.0769
vn 0.8819 -0.4355 0.1804
vn 0.9217 -0.3584 0.1484
vn 0.7730 0.6222 -0.1238
vn 0.7715 0.6332 -0.0624
vn 0.7730 0.5861 -0.2428
vn 0.7041 0.6561 -0.2717
vn 0.7041 0.6965 -0.1385
vn 0.7024 0.7084 -0.0698
vn 0.7023 0.7084 -0.0698
vn 0.7040 0.6965 -0.1385
vn 0.5509 0.8305 -0.0818
vn 0.7040 0.6561 -0.2718
vn 0.9217 -0.3225 0.2155
vn 0.7730 0.5275 -0.3524
vn 0.7730 0.5275 -0.3525
vn 0.5528 0.6929 -0.4630
vn 0.7040 0.5905 -0.3945
vn 0.3805 0.7689 -0.5138
vn 0.2903 0.7957 -0.5317
vn 0.9575 0.2883 -0.0013
vn 0.9575 0.2884 0.0003
vn 0.9544 0.2938 0.0523
vn 0.9796 -0.1671 0.1117
vn 0.5528 0.5893 -0.5893
vn 0.3805 0.6539 -0.6539
vn 0.2008 0.5829 -0.7874
vn -0.0000 0.2164 -0.9763
vn -0.0918 0.2160 -0.9721
vn -0.0000 0.2169 -0.9762
vn 0.0918 0.2160 -0.9721
vn 0.0877 0.2155 -0.9725
vn -0.0000 0.4328 -0.9015
vn 0.9217 -0.2743 0.2743
vn 0.9796 -0.1421 0.1421
vn 0.8819 -0.3920 0.2619
vn 0.7730 0.4486 -0.4486
vn 0.7730 0.3525 -0.5275
vn 0.5528 0.5892 -0.5892
vn 0.7041 0.5021 -0.5021
vn 0.7041 0.3945 -0.5905
vn 0.7041 0.5904 -0.3945
vn 0.0656 0.2493 0.9662
vn -0.0000 0.2498 0.9683
vn -0.0000 0.2495 0.9684
vn -0.0656 0.2493 0.9662
vn -0.0626 0.2489 0.9665
vn 0.0626 0.2489 0.9665
vn -0.0000 0.2491 0.9685
vn 0.9796 -0.1116 0.1671
vn 0.9217 -0.2155 0.3225
vn 0.8819 -0.3333 0.3333
vn 0.8819 -0.2619 0.3920
vn -0.0000 0.5556 -0.8315
vn 0.2007 0.5829 -0.7874
vn 0.1939 0.5450 -0.8157
vn -0.2007 0.5829 -0.7874
vn 0.3805 0.5138 -0.7689
vn -0.0000 0.3827 -0.9239
vn 0.9796 -0.0769 0.1857
vn 0.9217 -0.1484 0.3584
vn 0.5528 0.4630 -0.6929
vn 0.5528 0.3189 -0.7699
vn 0.5527 0.4630 -0.6929
vn 0.1939 0.3754 -0.9063
vn 0.3805 0.3539 -0.8544
vn 0.7730 0.2428 -0.5861
vn 0.7041 0.2718 -0.6561
vn 0.5527 0.3189 -0.7699
vn -0.1939 0.5450 -0.8157
vn 0.8819 -0.1804 0.4355
vn -0.1939 0.3754 -0.9063
vn 0.7040 0.2717 -0.6561
vn 0.6326 -0.4913 0.5987
vn 0.5528 -0.4630 0.6929
vn 0.5509 -0.5294 0.6451
vn 0.6344 -0.4295 0.6427
vn 0.3805 -0.5138 0.7689
vn 0.3790 -0.5871 0.7154
vn 0.1985 -0.3751 0.9055
vn 0.1985 -0.5445 0.8149
vn 0.1976 -0.6219 0.7578
vn -0.0000 -0.3827 0.9239
vn -0.0000 -0.5556 0.8315
vn -0.0000 -0.6344 0.7730
vn -0.1976 -0.6219 0.7578
vn 0.3805 -0.3539 0.8544
vn -0.1985 -0.5445 0.8149
vn 0.5528 -0.3189 0.7699
vn 0.3805 -0.1804 0.9070
vn 0.3806 -0.3539 0.8544
vn 0.6344 -0.2958 0.7142
vn 0.5528 -0.4629 0.6929
vn 0.5528 -0.1626 0.8173
vn 0.3806 -0.5137 0.7689
vn 0.1985 -0.1912 0.9613
vn 0.6344 -0.1508 0.7582
vn 0.3805 -0.0000 0.9248
vn 0.5528 -0.0000 0.8333
vn 0.1985 -0.0000 0.9801
vn -0.0000 -0.0000 1.0000
vn -0.0000 -0.1951 0.9808
vn -0.1985 -0.3751 0.9055
vn -0.1985 0.1912 0.9613
vn -0.1985 -0.0000 0.9801
vn -0.1985 -0.1912 0.9613
vn 0.6344 -0.0000 0.7730
vn 0.6344 0.1508 0.7582
vn 0.5528 0.1626 0.8173
vn 0.3805 0.1804 0.9070
vn 0.1985 0.1912 0.9613
vn -0.0000 0.1951 0.9808
vn -0.1985 0.3751 0.9055
vn 0.1985 0.3751 0.9055
vn -0.0000 0.3827 0.9239
vn -0.1985 0.5445 0.8149
vn 0.6344 0.2958 0.7142
vn 0.5528 0.3189 0.7699
vn 0.3805 0.3539 0.8544
vn 0.6344 0.4295 0.6427
vn 0.5528 0.4630 0.6929
vn 0.5509 0.5294 0.6451
vn 0.3805 0.5138 0.7689
vn 0.1985 0.5445 0.8149
vn -0.0000 0.5556 0.8315
vn -0.1976 0.6219 0.7578
vn 0.3790 0.5871 0.7154
vn 0.6326 0.4913 0.5987
vn 0.1976 0.6219 0.7578
vn -0.0000 0.6344 0.7730
vn 0.5788 0.6659 0.4708
vn -0.1969 0.7882 0.5831
vn 0.1997 0.7159 0.6690
vn -0.1627 0.8343 0.5267
vn 0.5787 0.6659 0.4709
vn 0.7061 0.5398 0.4583
vn 0.1139 0.9507 0.2884
vn -0.0000 0.9808 0.1951
vn -0.0000 0.9569 0.2903
vn -0.1139 0.9507 0.2884
vn 0.1145 0.9743 0.1938
vn -0.0000 1.0000 -0.0000
vn -0.1145 0.9743 0.1938
vn -0.0000 0.9808 -0.1951
vn -0.1145 0.9743 -0.1938
vn 0.1145 0.9743 -0.1938
vn 0.1145 0.9934 -0.0000
vn 0.1145 0.9178 -0.3802
vn -0.0000 0.9239 -0.3827
vn -0.1145 0.9178 -0.3802
vn 0.1145 0.8260 -0.5519
vn -0.0000 0.8315 -0.5556
vn -0.1145 0.8260 -0.5519
vn 0.1139 0.7680 -0.6303
vn -0.0000 0.7730 -0.6344
vn -0.1139 0.7680 -0.6303
vn -0.7040 -0.1385 -0.6965
vn -0.5528 -0.0000 -0.8333
vn -0.5528 -0.1626 -0.8173
vn -0.7041 -0.0000 -0.7101
vn -0.7040 0.1385 -0.6965
vn -0.5528 0.1626 -0.8173
vn -0.3805 -0.0000 -0.9248
vn -0.3805 -0.1804 -0.9070
vn -0.7040 -0.2717 -0.6561
vn -0.3805 0.1804 -0.9070
vn -0.5528 -0.3189 -0.7699
vn -0.3805 -0.3539 -0.8544
vn -0.9796 -0.0000 0.2010
vn -0.9217 -0.0000 0.3879
vn -0.9796 0.0392 0.1971
vn -1.0000 -0.0000 -0.0000
vn -0.9217 -0.0757 0.3804
vn -0.9796 0.0769 0.1857
vn -0.9217 0.0757 0.3804
vn -0.8819 -0.0000 0.4714
vn -0.8819 -0.0920 0.4623
vn -0.8819 0.0920 0.4623
vn -0.9217 0.1484 0.3584
vn -0.8819 0.1804 0.4355
vn -0.7730 -0.0000 -0.6344
vn -0.7730 0.1238 -0.6222
vn -0.7730 -0.1238 -0.6222
vn -0.7041 -0.2717 -0.6561
vn -0.7730 -0.2427 -0.5861
vn -0.7041 -0.1385 -0.6965
vn -0.7041 0.1385 -0.6965
vn -0.9796 0.1116 0.1671
vn -0.3805 -0.5138 -0.7689
vn -0.5528 -0.5893 -0.5893
vn -0.5528 -0.4630 -0.6929
vn -0.3805 -0.6539 -0.6539
vn -0.9796 0.1421 0.1421
vn -0.9217 0.2155 0.3225
vn -0.9217 0.1485 0.3583
vn -0.8819 0.2619 0.3920
vn -0.9217 0.2743 0.2743
vn -0.9796 0.1117 0.1671
vn -0.7730 -0.2428 -0.5861
vn -0.7730 -0.3525 -0.5275
vn -0.7730 -0.4486 -0.4486
vn -0.7041 -0.5021 -0.5022
vn -0.7041 -0.3945 -0.5904
vn -0.7040 -0.3945 -0.5905
vn -0.7040 -0.2718 -0.6561
vn -0.7040 -0.5021 -0.5022
vn -0.7730 -0.5275 -0.3525
vn -0.7730 -0.5275 -0.3524
vn -0.3805 -0.7689 -0.5138
vn -0.5527 -0.6929 -0.4630
vn -0.9796 0.1671 0.1116
vn -0.8819 0.3333 0.3333
vn -0.9217 0.3225 0.2155
vn -0.9796 0.1856 0.0769
vn -0.8819 0.4355 0.1804
vn -0.9217 0.3584 0.1484
vn -0.9796 0.1857 0.0769
vn -0.8819 0.3920 0.2619
vn -0.7730 -0.5861 -0.2428
vn -0.7041 -0.6561 -0.2718
vn -0.5528 -0.6929 -0.4630
vn -0.7041 -0.5905 -0.3945
vn -0.5528 -0.5893 -0.5892
vn -0.5528 -0.7699 -0.3189
vn -0.3805 -0.8544 -0.3539
vn -0.5528 -0.8173 -0.1626
vn -0.7041 -0.6965 -0.1386
vn -0.7730 -0.6222 -0.1238
vn -0.9796 0.1971 0.0392
vn -0.9217 0.3804 0.0757
vn -0.9796 0.2009 -0.0000
vn -0.9217 0.3879 -0.0000
vn -0.9796 0.2010 -0.0000
vn -0.8819 0.4714 -0.0000
vn -0.8819 0.4623 0.0920
vn -0.7730 -0.6344 -0.0000
vn -0.7041 -0.7101 -0.0000
vn -0.3805 -0.9070 -0.1804
vn -0.3805 -0.9248 -0.0000
vn -0.5527 -0.8173 -0.1626
vn -0.5528 -0.8333 -0.0000
vn -0.7040 -0.6965 -0.1385
vn -0.7040 -0.6965 0.1385
vn -0.5528 -0.8173 0.1626
vn -0.3805 -0.9070 0.1804
vn -0.9796 0.1971 -0.0392
vn -0.9217 0.3804 -0.0757
vn -0.7730 -0.6222 0.1238
vn -0.9217 0.3584 -0.1484
vn -0.9796 0.1857 -0.0769
vn -0.8819 0.4355 -0.1804
vn -0.8819 0.4623 -0.0920
vn -0.7730 -0.5861 0.2428
vn -0.7041 -0.6965 0.1385
vn -0.7041 -0.6561 0.2718
vn -0.7040 -0.6561 0.2718
vn -0.5528 -0.7699 0.3189
vn -0.3805 -0.8544 0.3539
vn -0.9796 0.1856 -0.0769
vn -0.7040 -0.5905 0.3945
vn -0.5528 -0.6929 0.4630
vn -0.3805 -0.7689 0.5138
vn -0.9796 0.1671 -0.1116
vn -0.9217 0.3225 -0.2155
vn -0.9796 0.1671 -0.1117
vn -0.9217 0.2743 -0.2743
vn -0.9796 0.1421 -0.1421
vn -0.8819 0.3333 -0.3333
vn -0.8819 0.3920 -0.2619
vn -0.7730 -0.5275 0.3525
vn -0.7730 -0.4486 0.4486
vn -0.7270 -0.5042 0.4661
vn -0.7041 -0.5904 0.3945
vn -0.5509 -0.6451 0.5294
vn -0.3790 -0.7154 0.5871
vn -0.9796 0.1116 -0.1671
vn -0.8819 0.2619 -0.3920
vn -0.9217 0.2155 -0.3225
vn -0.9796 0.1117 -0.1671
vn -0.7730 -0.3524 0.5275
vn -0.7730 -0.3525 0.5275
vn -0.8819 0.1804 -0.4355
vn -0.9217 0.1484 -0.3584
vn -0.7730 -0.2428 0.5861
vn -0.9796 0.0769 -0.1857
vn -0.9796 0.0392 -0.1971
vn -0.9217 0.0757 -0.3804
vn -0.7730 -0.2427 0.5861
vn -0.7730 -0.1238 0.6222
vn -0.7730 -0.0000 0.6344
vn -0.9796 -0.0000 -0.2010
vn -0.9217 -0.0000 -0.3879
vn -0.8819 0.0920 -0.4623
vn -0.9217 -0.0757 -0.3804
vn -0.9796 -0.0392 -0.1971
vn -0.8819 -0.0920 -0.4623
vn -0.8819 -0.0000 -0.4714
vn -0.7730 0.1238 0.6222
vn -0.7730 0.2428 0.5861
vn 0.0490 -0.7578 0.6506
vn 0.0375 -0.7651 0.6428
vn 0.0508 -0.7565 0.6520
vn 0.0347 -0.7666 0.6412
vn 0.0560 -0.7526 0.6560
vn 0.0217 -0.7732 0.6338
vn 0.5818 0.5160 0.6287
vn 0.5882 0.4467 0.6742
vn 0.5953 0.3055 0.7432
vn 0.5878 0.4524 0.6707
vn 0.5951 0.3098 0.7415
vn 0.5953 -0.3055 0.7432
vn 0.5878 -0.4524 0.6707
vn 0.5951 -0.3098 0.7415
vn 0.5882 -0.4467 0.6742
vn 0.0347 0.7666 0.6412
vn 0.0217 0.7732 0.6338
vn -0.9796 -0.0769 -0.1857
vn -0.9217 -0.1484 -0.3584
vn -0.8819 -0.1804 -0.4355
vn 0.5996 0.1551 0.7852
vn 0.5951 0.3098 0.7416
vn 0.6010 -0.0000 0.7992
vn 0.5995 0.1573 0.7847
vn -0.9217 -0.2155 -0.3225
vn -0.9796 -0.1117 -0.1671
vn -0.7730 0.3524 0.5275
vn 0.0561 -0.7526 0.6560
vn 0.5995 -0.1573 0.7847
vn 0.5996 -0.1550 0.7852
vn 0.0375 0.7651 0.6428
vn 0.0490 0.7578 0.6506
vn 0.0508 0.7565 0.6520
vn 0.0560 0.7526 0.6560
vn 0.0490 0.7579 0.6506
vn 0.5818 -0.5160 0.6287
vn -0.9217 -0.2743 -0.2743
vn -0.9796 -0.1421 -0.1421
vn -0.8819 -0.3333 -0.3333
vn -0.8819 -0.2619 -0.3920
vn -0.7730 0.3525 0.5275
vn -0.7730 0.4486 0.4486
vn -0.9796 -0.1671 -0.1117
vn -0.8819 -0.3920 -0.2619
vn -0.9217 -0.3225 -0.2155
vn -0.7730 0.5275 0.3525
vn -0.7730 0.5275 0.3524
vn -0.7061 0.5397 0.4583
vn 0.5996 -0.1551 0.7852
vn 0.5951 -0.3098 0.7416
vn -0.1969 0.7882 0.5830
vn -0.3768 0.7521 0.5407
vn -0.3802 0.7335 0.5634
vn -0.5636 0.7078 0.4258
vn -0.5647 0.6393 0.5219
vn -0.5796 0.5762 0.5762
vn -0.5367 0.6110 0.5819
vn -0.6857 0.5912 0.4246
vn -0.1998 0.7159 0.6690
vn -0.3805 0.7466 0.5457
vn -0.3797 0.6894 0.6169
vn -0.5407 0.6803 0.4948
vn -0.9796 -0.1857 -0.0769
vn -0.8819 -0.4355 -0.1804
vn -0.9217 -0.3584 -0.1484
vn -0.6858 0.5911 0.4245
vn -0.7730 0.5861 0.2428
vn -0.9217 -0.3804 -0.0757
vn -0.9796 -0.1971 -0.0392
vn -0.8819 -0.4623 -0.0920
vn -0.7041 0.6561 0.2717
vn -0.7024 0.6812 0.2066
vn -0.7715 0.6088 0.1847
vn -0.6858 0.5912 0.4245
vn -0.5528 0.7699 0.3189
vn -0.7040 0.6561 0.2718
vn -0.7061 0.5398 0.4584
vn -0.5796 0.5763 0.5761
vn -0.5647 0.6394 0.5219
vn -0.3790 0.8856 0.2686
vn -0.5509 0.7986 0.2423
vn -0.7023 0.6812 0.2066
vn -0.3805 0.8544 0.3539
vn -0.3806 0.7466 0.5457
vn -0.2890 0.9161 0.2779
vn -0.2260 0.8867 0.4033
vn -0.9402 0.2907 -0.1775
vn -0.9237 0.2961 -0.2430
vn -0.9353 0.2926 -0.1988
vn -0.9306 0.2942 -0.2177
vn -0.9796 -0.2010 -0.0000
vn -0.8819 -0.4714 -0.0000
vn -0.9217 -0.3879 -0.0000
vn -0.9217 -0.3804 0.0757
vn 0.2054 0.3297 -0.9215
vn 0.1725 0.9786 0.1119
vn -0.9499 0.2990 0.0907
vn -0.9537 0.2949 0.0597
vn -0.9544 0.2938 0.0524
vn -0.9575 0.2885 0.0016
vn -0.9530 0.2957 0.0662
vn -0.9796 -0.1971 0.0392
vn -0.3790 0.9210 -0.0907
vn -0.2890 0.9527 -0.0938
vn -0.3805 0.9070 -0.1804
vn -0.5528 0.8173 -0.1626
vn -0.2903 0.9386 -0.1867
vn -0.3805 0.8544 -0.3539
vn -0.5528 0.7699 -0.3189
vn -0.2903 0.8841 -0.3662
vn -0.9517 0.2866 -0.1100
vn -0.9402 0.2907 -0.1774
vn -0.9503 0.2871 -0.1205
vn -0.9796 -0.1857 0.0769
vn -0.8819 -0.4355 0.1804
vn -0.9217 -0.3584 0.1484
vn -0.8819 -0.4623 0.0920
vn -0.7715 0.6332 -0.0624
vn -0.7730 0.6222 -0.1238
vn -0.7024 0.7084 -0.0698
vn -0.7730 0.5861 -0.2428
vn -0.7041 0.6561 -0.2718
vn -0.7023 0.7084 -0.0698
vn -0.5509 0.8305 -0.0818
vn -0.7040 0.6965 -0.1385
vn -0.7040 0.6561 -0.2718
vn -0.9217 -0.3225 0.2155
vn -0.7730 0.5275 -0.3524
vn -0.7040 0.5905 -0.3945
vn -0.5527 0.6929 -0.4630
vn -0.3805 0.7689 -0.5138
vn -0.2903 0.7957 -0.5317
vn -0.9567 0.2860 -0.0536
vn -0.9565 0.2859 -0.0574
vn -0.9575 0.2884 0.0002
vn -0.9575 0.2883 -0.0013
vn -0.9544 0.2938 0.0523
vn -0.9796 -0.1671 0.1116
vn -0.3805 0.6539 -0.6539
vn -0.0877 0.2155 -0.9725
vn -0.2008 0.5828 -0.7874
vn -0.9217 -0.2743 0.2743
vn -0.9796 -0.1421 0.1421
vn -0.8819 -0.3920 0.2619
vn -0.7730 0.5275 -0.3525
vn -0.7730 0.4486 -0.4486
vn -0.5528 0.5893 -0.5893
vn -0.7730 0.3525 -0.5275
vn -0.7041 0.5904 -0.3945
vn -0.7041 0.5021 -0.5021
vn -0.5528 0.6929 -0.4630
vn -0.5528 0.5892 -0.5892
vn -0.7041 0.3945 -0.5905
vn -0.2008 0.5829 -0.7873
vn -0.9796 -0.1116 0.1671
vn -0.9217 -0.2155 0.3225
vn -0.8819 -0.2619 0.3920
vn -0.8819 -0.3333 0.3333
vn -0.9217 -0.1484 0.3584
vn -0.9796 -0.0769 0.1857
vn -0.7730 0.2428 -0.5861
vn -0.5528 0.3189 -0.7699
vn -0.7041 0.2718 -0.6561
vn -0.5528 0.4630 -0.6929
vn -0.3805 0.5138 -0.7689
vn -0.3805 0.3539 -0.8544
vn -0.5527 0.4630 -0.6929
vn -0.9796 -0.0392 0.1971
vn -0.8819 -0.1804 0.4355
vn -0.7040 0.2717 -0.6561
vn -0.6326 -0.4913 0.5987
vn -0.5527 -0.4630 0.6929
vn -0.6344 -0.4295 0.6427
vn -0.5509 -0.5294 0.6451
vn -0.3805 -0.3539 0.8544
vn -0.5528 -0.3189 0.7699
vn -0.3805 -0.5138 0.7689
vn -0.3790 -0.5871 0.7154
vn -0.5528 -0.4629 0.6929
vn -0.6344 -0.2958 0.7142
vn -0.5528 -0.1626 0.8173
vn -0.6344 -0.1508 0.7582
vn -0.3805 -0.1804 0.9070
vn -0.3805 -0.0000 0.9248
vn -0.5528 -0.0000 0.8333
vn -0.3805 0.1804 0.9070
vn -0.6344 0.1508 0.7582
vn -0.6344 -0.0000 0.7730
vn -0.5528 0.1626 0.8173
vn -0.6344 0.2958 0.7142
vn -0.5528 0.3189 0.7699
vn -0.3805 0.3539 0.8544
vn -0.3805 0.5138 0.7689
vn -0.6344 0.4295 0.6427
vn -0.5527 0.4630 0.6929
vn -0.5509 0.5295 0.6452
vn -0.3790 0.5871 0.7154
vn -0.5509 0.5294 0.6451
vn -0.6326 0.4913 0.5987
vn -0.5528 0.4630 0.6929
vn -0.5408 0.6802 0.4948
vn -0.5788 0.6659 0.4708
vn -0.5787 0.6659 0.4708
vn -0.1145 0.9934 -0.0000
vn -0.2795 0.9497 0.1411
vn -0.0004 1.0000 -0.0001
vn -0.1705 0.9854 0.0019
vn -0.6518 0.7566 0.0526
vn -0.0094 0.9899 -0.1411
vn -0.0072 0.9901 -0.1400
vn 0.0005 0.9922 0.1243
vn -0.3730 0.9168 -0.1425
vn -0.6988 0.7145 -0.0333
vn -0.3350 0.9422 0.0074
vn -0.8811 0.4465 0.1559
vn -0.0000 0.4126 0.9109
vn -0.0000 0.4146 0.9100
vn -0.0000 0.4103 0.9119
vn -0.0000 0.4105 0.9119
vn 0.0004 0.9756 0.2195
vn 0.0005 0.9756 0.2197
vn 0.0007 0.9920 0.1266
vn -0.5703 0.8058 0.1594
vn -1.0000 0.0054 0.0068
vn -0.9864 0.0681 0.1495
vn -0.9465 0.1354 0.2930
vn -1.0000 0.0044 0.0058
vn -0.9930 0.0497 0.1073
vn -0.9612 0.1158 0.2504
vn -0.9814 0.0821 0.1735
vn -0.0469 -0.0584 -0.9972
vn -0.0550 -0.0544 -0.9970
vn -0.0567 -0.0544 -0.9969
vn -0.0440 -0.0619 -0.9971
vn -0.0565 -0.0582 -0.9967
vn -0.0581 -0.0616 -0.9964
vn -0.0660 -0.0581 -0.9961
vn -0.9338 0.3367 -0.1208
vn -0.9876 -0.0043 -0.1571
vn -0.9963 -0.0027 -0.0860
vn -0.9828 -0.0067 -0.1844
vn -0.9954 0.0008 -0.0960
vn -0.9987 0.0004 -0.0518
vn -0.7310 0.6651 -0.1523
vn -0.9338 0.3367 -0.1207
vn -0.3731 0.9168 -0.1425
vn -0.0136 0.9676 -0.2520
vn -0.0096 0.9676 -0.2525
vn -0.0094 0.9899 -0.1412
vn -0.0174 0.9677 -0.2516
vn 0.9981 0.0197 0.0581
vn 0.9994 0.0102 0.0327
vn 0.9946 0.0335 0.0986
vn 0.9969 0.0232 0.0752
vn 0.9993 -0.0099 -0.0351
vn 0.9990 -0.0114 -0.0425
vn 0.9935 0.0373 0.1074
vn 0.9999 0.0031 0.0157
vn 0.9986 -0.0140 -0.0507
vn -0.0000 0.4101 0.9121
vn -0.0000 0.4104 0.9119
vn -1.0000 0.0041 0.0066
vn -0.9944 0.0457 0.0952
vn -0.9873 0.0691 0.1431
vn 0.9905 0.0950 -0.0998
vn 0.9913 -0.0200 -0.1298
vn 0.9923 0.0143 -0.1226
vn 0.9952 -0.0165 -0.0962
vn 0.9669 0.2328 -0.1046
vn 0.9949 -0.0158 -0.0997
vn 0.9895 -0.0199 -0.1432
vn -0.0716 -0.0613 -0.9955
vn 0.9968 0.0549 0.0578
vn 0.9841 0.1776 0.0097
vn 0.9222 0.3858 0.0265
vn 0.9974 0.0471 -0.0551
vn 0.9167 0.3985 -0.0298
vn 0.0005 0.9756 0.2194
vn -0.0000 1.0000 0.0002
vn 0.9951 -0.0153 -0.0977
vn -0.9981 0.0035 -0.0621
vn -0.9995 0.0018 -0.0327
vn -0.0542 -0.0545 -0.9970
vn -0.0478 -0.0541 -0.9974
vn -0.0558 -0.0539 -0.9970
vn -0.0635 -0.0538 -0.9965
vn 0.9360 0.3452 -0.0694
vn 0.9930 0.1032 -0.0580
vn 0.9669 0.2329 -0.1046
vn -0.9763 0.2162 0.0085
vn -0.9963 -0.0028 -0.0860
vn -0.6518 0.7565 0.0526
vn -0.6988 0.7145 -0.0334
vn -0.9133 0.4073 0.0024
vn -0.9995 0.0019 -0.0327
vn 0.9885 -0.0203 -0.1499
vn 0.7928 0.6079 -0.0448
vn 0.7865 0.6164 -0.0383
vn -0.7041 -0.2718 -0.6561
vn -0.7730 -0.1237 0.6222
vn -0.7730 0.2427 0.5861
vn -0.7041 0.6965 -0.1385
vn 0.7730 -0.1237 0.6222
vn 0.7730 0.2427 0.5861
vn -0.2076 0.6565 -0.7252
vn -0.1711 0.6946 -0.6987
vn -0.1710 0.6946 -0.6988
vn -0.2150 0.6483 -0.7304
vn -0.9563 0.2859 -0.0608
vn -0.9490 0.2875 -0.1297
vn 0.0607 0.2487 0.9667
vn -0.0607 0.2487 0.9667
vn 0.2008 0.5828 -0.7874
vn 0.9563 0.2859 -0.0608
vn 0.7701 0.6320 0.0874
vn 0.7037 0.7038 0.0973
vn 0.5480 0.8286 0.1145
vn 0.5519 0.8261 0.1142
vn 0.6994 0.7080 0.0979
vn 0.3766 0.9176 0.1268
vn 0.3796 0.9164 0.1267
vn 0.2878 0.9487 0.1311
vn -0.7701 0.6320 0.0874
vn -0.7037 0.7038 0.0973
vn -0.5480 0.8286 0.1145
vn -0.6994 0.7080 0.0979
vn -0.5519 0.8261 0.1142
vn -0.3766 0.9176 0.1268
vn -0.3796 0.9164 0.1267
vn -0.2878 0.9487 0.1311
vn -0.6995 0.7079 0.0978
vn 0.6995 0.7079 0.0979
vn -0.2665 0.4171 -0.8689
vn -0.2378 0.3539 -0.9045
vn -0.2264 0.3454 -0.9107
vn -0.2701 0.4396 -0.8566
vn -0.2054 0.3297 -0.9215
vn -0.2666 0.5395 -0.7986
vn -0.2628 0.5568 -0.7879
vn -0.1904 0.4447 0.8752
vn 0.9492 -0.3127 -0.0358
vn -0.2151 0.6483 -0.7304
vn -0.2077 0.6564 -0.7252
vn -0.1797 0.4516 0.8739
vn -0.1438 0.4741 0.8686
vn 0.2076 0.6565 -0.7252
vn 0.1710 0.6946 -0.6988
vn 0.1711 0.6946 -0.6987
vn 0.2150 0.6483 -0.7304
vn -0.9492 -0.3127 -0.0358
vn -0.1725 0.9786 0.1119
vn -0.1725 0.9786 0.1120
vn -0.1956 -0.6645 0.7212
vn -0.0911 -0.4465 0.8901
vn -0.2312 -0.4695 0.8521
vn 0.0025 -0.6320 0.7750
vn -0.3938 -0.6320 0.6675
vn 0.0352 -0.3798 0.9244
vn -0.1447 -0.8333 0.5335
vn 0.1038 -0.7925 0.6009
vn 0.0306 -0.9932 -0.1127
vn 0.3490 -0.9272 -0.1357
vn 0.3268 -0.9445 -0.0324
vn 0.0582 -0.9750 -0.2146
vn -0.2325 -0.9272 -0.2935
vn 0.6113 -0.7888 -0.0646
vn 0.5939 -0.8035 0.0401
vn -0.2312 -0.4695 0.8522
vn -0.1778 -0.2406 0.9542
vn -0.2533 -0.2530 0.9337
vn -0.0912 -0.4465 0.8901
vn -0.3712 -0.4465 0.8142
vn -0.1098 -0.2047 0.9727
vn -0.2656 -0.9445 -0.1931
vn 0.2982 -0.9511 0.0809
vn 0.5940 -0.8035 0.0401
vn 0.5672 -0.8090 0.1539
vn -0.2618 -0.0000 0.9651
vn -0.0091 -0.0000 1.0000
vn -0.0210 0.0782 0.9967
vn -0.1098 0.2047 0.9727
vn -0.1778 0.2406 0.9542
vn -0.2533 0.2530 0.9337
vn -0.3288 0.2406 0.9132
vn -0.0557 -0.1487 0.9873
vn -0.0210 -0.0782 0.9967
vn -0.4975 -0.0000 0.8675
vn -0.4855 -0.0782 0.8707
vn -0.0557 0.1487 0.9873
vn -0.3288 -0.2406 0.9132
vn -0.3968 0.2047 0.8948
vn -0.4509 0.1487 0.8801
vn -0.4855 0.0782 0.8707
vn -0.3968 -0.2047 0.8948
vn -0.4509 -0.1487 0.8801
vn 0.2656 -0.9445 0.1931
vn -0.0306 -0.9932 0.1127
vn 0.4948 -0.7888 0.3647
vn 0.2325 -0.9272 0.2935
vn -0.0582 -0.9750 0.2146
vn 0.5328 -0.8035 0.2656
vn 0.4370 -0.7561 0.4872
vn 0.1856 -0.8888 0.4190
vn -0.0932 -0.9346 0.3434
vn 0.3938 -0.6320 -0.6675
vn 0.2172 -0.5584 -0.8006
vn 0.3837 -0.5311 -0.7554
vn 0.1957 -0.6645 -0.7212
vn 0.5726 -0.5376 -0.6190
vn 0.0506 -0.5311 -0.8458
vn 0.3280 -0.6742 0.6618
vn 0.3933 -0.7925 -0.4662
vn 0.1447 -0.8333 -0.5335
vn -0.0025 -0.6320 -0.7750
vn 0.1813 -0.5376 0.8235
vn 0.3719 -0.8888 -0.2678
vn 0.0932 -0.9346 -0.3434
vn 0.3933 -0.7925 -0.4661
vn 0.6175 -0.6742 -0.4053
vn 0.1448 -0.8333 -0.5335
vn 0.0582 -0.9750 -0.2147
vn -0.1856 -0.8888 -0.4190
vn 0.3490 -0.9272 -0.1358
vn 0.6233 -0.7561 -0.1996
vn 0.3232 -0.3906 0.8620
vn 0.5673 -0.8090 0.1539
vn 0.7030 -0.5731 0.4211
vn 0.7448 -0.5838 0.3231
vn 0.6365 -0.5493 0.5414
vn 0.5340 -0.4518 -0.7147
vn 0.7145 -0.3906 -0.5805
vn 0.5059 -0.4898 0.7100
vn 0.6174 -0.6742 -0.4053
vn 0.7808 -0.5878 0.2118
vn 0.6532 -0.3282 -0.6823
vn 0.8056 -0.2054 -0.5558
vn 0.5726 -0.5376 -0.6189
vn 0.7954 -0.4898 -0.3570
vn 0.6175 -0.6741 -0.4053
vn 0.9510 -0.2888 -0.1107
vn 0.8229 -0.5493 -0.1455
vn 0.7145 -0.3906 -0.5804
vn 0.9096 -0.2575 -0.3260
vn 0.6113 -0.7887 -0.0646
vn 0.8195 -0.5731 -0.0082
vn 0.1354 -0.2760 0.9516
vn 0.1998 -0.1451 0.9690
vn 0.8060 -0.5838 0.0976
vn 0.8195 -0.5731 -0.0081
vn 0.9531 -0.3013 0.0281
vn 0.5940 -0.8034 0.0401
vn 0.9422 -0.3069 0.1346
vn 0.9992 -0.0000 0.0406
vn 0.4143 -0.2053 0.8867
vn 0.5059 -0.4898 0.7101
vn 0.6201 -0.2575 0.7411
vn 0.2219 -0.0000 0.9751
vn 0.9422 -0.3069 0.1345
vn 0.9179 -0.3090 0.2490
vn 0.9891 -0.0000 0.1473
vn 0.8810 -0.3069 0.3600
vn 0.7449 -0.5837 0.3231
vn 0.9651 -0.0000 0.2618
vn 0.7808 -0.5877 0.2118
vn 0.8367 -0.3013 0.4574
vn 0.9279 -0.0000 0.3728
vn 0.7298 -0.1726 -0.6616
vn 0.7647 -0.2888 0.5761
vn 0.6366 -0.5493 0.5414
vn 0.8827 -0.0000 0.4699
vn 0.8056 -0.2053 -0.5557
vn 0.9951 -0.0000 -0.0987
vn 0.9490 -0.0000 -0.3154
vn 0.6201 -0.2575 0.7410
vn 0.8088 -0.0000 0.5881
vn 0.4457 -0.0000 0.8952
vn 0.7647 0.2888 0.5761
vn 0.8367 0.3013 0.4574
vn 0.8370 -0.0000 -0.5472
vn 0.7298 -0.1726 -0.6615
vn 0.7561 -0.0000 -0.6544
vn 0.7298 0.1726 -0.6616
vn 0.8056 0.2053 -0.5558
vn 0.6595 -0.0000 0.7517
vn 0.9096 0.2575 -0.3260
vn 0.6201 0.2575 0.7410
vn 0.9510 0.2888 -0.1107
vn 0.9422 0.3069 0.1345
vn 0.9179 0.3090 0.2490
vn 0.8810 0.3069 0.3600
vn 0.4143 0.2053 0.8867
vn 0.1998 0.1451 0.9690
vn 0.5059 0.4898 0.7100
vn 0.3232 0.3906 0.8620
vn 0.9531 0.3013 0.0281
vn 0.8060 0.5838 0.0976
vn 0.1354 0.2760 0.9516
vn 0.9422 0.3069 0.1346
vn 0.7808 0.5877 0.2118
vn 0.7030 0.5731 0.4211
vn 0.7449 0.5837 0.3231
vn 0.6366 0.5493 0.5414
vn 0.6532 0.3282 -0.6823
vn 0.7145 0.3906 -0.5805
vn 0.7646 0.2888 0.5761
vn 0.7954 0.4898 -0.3570
vn 0.8195 0.5731 -0.0082
vn 0.5340 0.4518 -0.7147
vn 0.8229 0.5493 -0.1455
vn 0.5726 0.5376 -0.6189
vn 0.6365 0.5493 0.5414
vn 0.4370 0.7561 0.4872
vn 0.6175 0.6741 -0.4053
vn 0.6113 0.7887 -0.0646
vn 0.3280 0.6741 0.6618
vn 0.1813 0.5376 0.8235
vn 0.0352 0.3798 0.9244
vn 0.8195 0.5731 -0.0081
vn 0.5940 0.8034 0.0401
vn 0.8060 0.5837 0.0976
vn 0.0025 0.6320 0.7750
vn -0.0911 0.4465 0.8901
vn 0.5673 0.8090 0.1539
vn 0.5940 0.8035 0.0401
vn 0.7808 0.5878 0.2118
vn 0.2982 0.9511 0.0809
vn 0.5328 0.8035 0.2656
vn 0.7449 0.5838 0.3231
vn 0.4949 0.7888 0.3647
vn 0.6365 0.5493 0.5413
vn 0.2656 0.9445 0.1931
vn 0.2325 0.9272 0.2935
vn 0.6233 0.7561 -0.1996
vn 0.1038 0.7925 0.6010
vn 0.1856 0.8888 0.4190
vn -0.0306 0.9932 0.1127
vn 0.1038 0.7925 0.6009
vn 0.3280 0.6742 0.6618
vn -0.0582 0.9750 0.2146
vn 0.3933 0.7925 -0.4661
vn 0.3938 0.6320 -0.6674
vn 0.0932 0.9346 -0.3434
vn 0.3719 0.8888 -0.2678
vn 0.6174 0.6742 -0.4053
vn 0.1447 0.8333 -0.5335
vn -0.0932 0.9346 0.3434
vn 0.0582 0.9750 -0.2147
vn 0.3490 0.9272 -0.1358
vn 0.6113 0.7888 -0.0646
vn -0.1447 0.8333 0.5336
vn -0.1956 0.6645 0.7212
vn -0.2312 0.4695 0.8521
vn 0.3268 0.9445 -0.0324
vn 0.3490 0.9272 -0.1357
vn 0.5939 0.8035 0.0401
vn 0.0306 0.9932 -0.1127
vn 0.3837 0.5311 -0.7554
vn 0.3938 0.6319 -0.6675
vn 0.5726 0.5376 -0.6190
vn 0.2172 0.5584 -0.8006
vn 0.1957 0.6645 -0.7212
vn -0.3938 0.6319 0.6675
vn -0.3712 0.4465 0.8142
vn -0.2656 0.9445 -0.1931
vn -0.3268 0.9445 0.0324
vn -0.3490 0.9272 0.1358
vn -0.3719 0.8888 0.2678
vn 0.0506 0.5311 -0.8458
vn -0.0025 0.6320 -0.7750
vn -0.1447 0.8333 0.5335
vn -0.3933 0.7925 0.4661
vn -0.3938 0.6320 0.6674
vn -0.1957 0.6645 0.7212
vn -0.1038 0.7925 -0.6009
vn -0.1856 0.8888 -0.4190
vn 0.0582 0.9750 -0.2146
vn -0.2325 0.9272 -0.2935
vn -0.5726 0.5376 0.6189
vn -0.6174 0.6742 0.4053
vn -0.1813 0.5376 -0.8235
vn -0.3280 0.6742 -0.6617
vn -0.4370 0.7561 -0.4872
vn -0.4949 0.7888 -0.3647
vn -0.2982 0.9511 -0.0809
vn -0.5328 0.8035 -0.2656
vn -0.6113 0.7888 0.0646
vn -0.5940 0.8035 -0.0401
vn -0.6233 0.7561 0.1996
vn -0.0996 0.4518 -0.8865
vn -0.4975 0.3798 0.7799
vn -0.5977 0.2760 0.7527
vn -0.5672 0.8090 -0.1539
vn -0.2188 0.3282 -0.9189
vn -0.5059 0.4898 -0.7100
vn -0.4948 0.7888 -0.3647
vn -0.6365 0.5493 -0.5414
vn -0.5726 0.5376 0.6190
vn -0.7145 0.3906 0.5805
vn -0.7030 0.5731 -0.4211
vn -0.5673 0.8090 -0.1539
vn -0.7448 0.5838 -0.3231
vn -0.7954 0.4898 0.3570
vn -0.8229 0.5493 0.1455
vn -0.9510 0.2888 0.1107
vn -0.9096 0.2575 0.3260
vn -0.6175 0.6741 0.4053
vn -0.7449 0.5838 -0.3231
vn -0.6621 0.1451 0.7353
vn -0.7808 0.5878 -0.2118
vn -0.8060 0.5838 -0.0976
vn -0.9531 0.3013 -0.0281
vn -0.8195 0.5731 0.0081
vn -0.9422 0.3069 -0.1346
vn -0.6113 0.7887 0.0646
vn -0.3232 0.3906 -0.8620
vn -0.2954 0.1726 -0.9397
vn -0.5059 0.4898 -0.7101
vn -0.4143 0.2053 -0.8867
vn -0.3280 0.6741 -0.6618
vn -0.9992 -0.0000 -0.0406
vn -0.9179 0.3090 -0.2490
vn -0.9891 -0.0000 -0.1473
vn -0.6201 0.2575 -0.7411
vn -0.9951 -0.0000 0.0987
vn -0.8056 0.2053 0.5558
vn -0.7647 0.2888 -0.5761
vn -0.8827 -0.0000 -0.4699
vn -0.8367 0.3013 -0.4574
vn -0.6201 0.2575 -0.7410
vn -0.7030 0.5730 -0.4211
vn -0.8088 -0.0000 -0.5881
vn -0.6621 0.1451 0.7352
vn -0.5978 0.2760 0.7527
vn -0.9490 -0.0000 0.3154
vn -0.8370 -0.0000 0.5472
vn -0.8810 0.3069 -0.3601
vn -0.7031 0.5730 -0.4211
vn -0.7449 0.5837 -0.3231
vn -0.9279 -0.0000 -0.3728
vn -0.6842 -0.0000 0.7292
vn -0.8810 0.3069 -0.3600
vn -0.7808 0.5877 -0.2118
vn -0.9651 -0.0000 -0.2618
vn -0.6621 -0.1451 0.7352
vn -0.6843 -0.0000 0.7292
vn -0.8056 -0.2053 0.5558
vn -0.7647 -0.2888 -0.5761
vn -0.6595 -0.0000 -0.7517
vn -0.6202 -0.2575 -0.7410
vn -0.8367 -0.3013 -0.4574
vn -0.9279 -0.0000 -0.3727
vn -0.8810 -0.3069 -0.3600
vn -0.9179 -0.3090 -0.2490
vn -0.9510 -0.2888 0.1107
vn -0.9422 -0.3069 -0.1346
vn -0.3218 -0.0000 -0.9468
vn -0.4143 -0.2053 -0.8867
vn -0.4457 -0.0000 -0.8952
vn -0.6201 -0.2575 -0.7410
vn -0.9096 -0.2575 0.3260
vn -0.9531 -0.3013 -0.0281
vn -0.8060 -0.5838 -0.0976
vn -0.7808 -0.5878 -0.2118
vn -0.5059 -0.4898 -0.7100
vn -0.2954 -0.1726 -0.9397
vn -0.3232 -0.3906 -0.8620
vn -0.7954 -0.4898 0.3570
vn -0.8195 -0.5731 0.0081
vn -0.8229 -0.5493 0.1455
vn -0.7145 -0.3906 0.5805
vn -0.5978 -0.2760 0.7527
vn -0.6366 -0.5493 -0.5413
vn -0.8810 -0.3069 -0.3601
vn -0.7030 -0.5731 -0.4211
vn -0.6621 -0.1451 0.7353
vn -0.7449 -0.5838 -0.3231
vn -0.7030 -0.5730 -0.4211
vn -0.5328 -0.8034 -0.2656
vn -0.5977 -0.2759 0.7527
vn -0.5673 -0.8090 -0.1539
vn -0.5940 -0.8035 -0.0401
vn -0.6113 -0.7887 0.0646
vn -0.2188 -0.3282 -0.9189
vn -0.3280 -0.6742 -0.6618
vn -0.1813 -0.5376 -0.8235
vn -0.6175 -0.6742 0.4053
vn -0.6233 -0.7561 0.1996
vn -0.4370 -0.7561 -0.4872
vn -0.6365 -0.5493 -0.5414
vn -0.4949 -0.7887 -0.3647
vn -0.7646 -0.2888 -0.5761
vn -0.1038 -0.7925 -0.6009
vn -0.0996 -0.4518 -0.8865
vn -0.5726 -0.5376 0.6190
vn -0.4975 -0.3798 0.7799
vn -0.6174 -0.6742 0.4053
vn -0.3933 -0.7925 0.4661
vn -0.3719 -0.8888 0.2678
vn -0.5328 -0.8035 -0.2656
vn -0.4948 -0.7888 -0.3646
vn -0.2982 -0.9511 -0.0809
vn -0.5672 -0.8090 -0.1539
vn -0.5672 -0.8091 -0.1539
vn -0.3268 -0.9445 0.0324
vn -0.6113 -0.7888 0.0646
vn -0.3490 -0.9272 0.1358
vn 0.0931 -0.9345 -0.3434
vn -0.4948 -0.7888 -0.3647
vn -0.1200 0.6653 0.7369
vn -0.2190 0.8299 0.5131
vn -0.2587 0.6762 0.6898
vn -0.0226 0.8145 0.5797
vn -0.1620 0.9435 0.2891
vn -0.4153 0.7826 0.4637
vn -0.3974 0.6428 0.6549
vn 0.0342 0.9282 -0.3706
vn 0.3277 0.9051 -0.2710
vn 0.3532 0.8613 -0.3653
vn 0.0652 0.8839 -0.4631
vn -0.2229 0.8145 -0.5356
vn -0.2592 0.8575 -0.4445
vn 0.5923 0.7906 -0.1555
vn 0.6130 0.7488 -0.2519
vn -0.2087 0.4830 0.8504
vn -0.2835 0.4888 0.8250
vn -0.1413 0.4538 0.8798
vn 0.0051 0.6111 0.7915
vn -0.3974 0.6427 0.6549
vn -0.3582 0.4708 0.8062
vn -0.0000 0.9643 -0.2647
vn -0.2592 0.8575 -0.4444
vn -0.2955 0.8932 -0.3390
vn 0.2955 0.9411 -0.1644
vn 0.5620 0.8258 -0.0480
vn 0.5924 0.7905 -0.1554
vn -0.2930 0.2531 0.9220
vn -0.5136 0.3016 0.8033
vn -0.5254 0.2252 0.8205
vn -0.3582 0.0067 0.9336
vn -0.2835 0.0008 0.9590
vn -0.0878 0.4041 0.9105
vn -0.0534 0.3389 0.9393
vn -0.0416 0.2645 0.9635
vn -0.0534 0.1881 0.9807
vn -0.0878 0.1173 0.9892
vn -0.1413 0.0590 0.9882
vn -0.2087 0.0188 0.9778
vn -0.4257 0.0359 0.9042
vn -0.4792 0.0855 0.8735
vn -0.5136 0.1508 0.8447
vn -0.4792 0.3724 0.7948
vn -0.4257 0.4307 0.7958
vn -0.0342 0.9873 -0.1552
vn -0.3277 0.9166 -0.2290
vn 0.2592 0.9642 -0.0556
vn -0.0000 0.9643 -0.2646
vn 0.5239 0.8497 0.0600
vn 0.2229 0.9738 0.0448
vn -0.0652 0.9965 -0.0530
vn -0.3532 0.9271 -0.1255
vn 0.1719 0.9696 0.1744
vn 0.4827 0.8614 0.1582
vn 0.2431 0.3286 -0.9127
vn 0.4153 0.4363 -0.7982
vn 0.4081 0.3156 -0.8567
vn 0.6303 0.5482 -0.5498
vn 0.5924 0.3596 -0.7209
vn 0.2190 0.4517 -0.8649
vn 0.5569 0.2512 -0.7917
vn 0.4082 0.6443 -0.6467
vn 0.0781 0.2889 -0.9542
vn 0.0226 0.4044 -0.9143
vn 0.4209 0.8618 0.2832
vn 0.3063 0.8280 0.4696
vn -0.1043 0.9913 0.0807
vn -0.3804 0.9248 0.0112
vn 0.0842 0.9241 0.3727
vn 0.1620 0.6637 -0.7303
vn -0.0842 0.6044 -0.7923
vn 0.1545 0.7379 0.6570
vn -0.4082 0.8842 0.2272
vn 0.1043 0.8112 -0.5754
vn -0.0842 0.6044 -0.7922
vn -0.1719 0.7447 -0.6449
vn 0.3804 0.7895 -0.4817
vn 0.1620 0.6637 -0.7302
vn 0.3532 0.8612 -0.3654
vn 0.6295 0.6817 -0.3730
vn 0.6303 0.5482 -0.5497
vn 0.6131 0.7488 -0.2519
vn -0.0226 0.8145 0.5798
vn 0.1545 0.7378 0.6571
vn 0.1044 0.5190 0.8484
vn 0.2950 0.6075 0.7375
vn 0.8024 0.5957 -0.0352
vn 0.9093 -0.2242 0.3505
vn 0.7735 -0.5040 0.3842
vn 0.7735 -0.5041 0.3842
vn 0.9561 0.0776 0.2826
vn 0.7735 0.6296 0.0730
vn 0.7340 0.6548 0.1802
vn 0.6890 0.6701 0.2762
vn 0.7330 0.2292 -0.6405
vn 0.6750 0.1417 -0.7241
vn 0.4826 0.6645 0.5705
vn 0.6186 0.6784 0.3963
vn 0.8066 0.3847 -0.4488
vn 0.9541 0.2574 -0.1534
vn 0.9197 0.1699 -0.3539
vn 0.8232 0.0579 -0.5648
vn 0.8271 0.4983 -0.2598
vn 0.8193 0.5575 -0.1339
vn 0.6295 0.6817 -0.3729
vn 0.3063 0.8280 0.4697
vn 0.4826 0.6645 0.5706
vn 0.1682 0.3980 0.9018
vn 0.3853 0.4361 0.8132
vn 0.5957 0.4497 0.6655
vn 0.8193 0.5575 -0.1338
vn 0.9373 0.3396 0.0779
vn 0.9517 0.3062 -0.0228
vn 0.9978 -0.0176 -0.0640
vn 0.1902 0.2599 0.9467
vn 0.4164 0.2406 0.8768
vn 0.9973 0.0193 0.0704
vn 0.8025 0.5957 -0.0352
vn 0.7735 0.6295 0.0730
vn 0.9373 0.3397 0.0780
vn 0.9093 0.3718 0.1869
vn 0.9561 0.0775 0.2825
vn 0.9838 0.0475 0.1729
vn 0.7735 0.6295 0.0731
vn 0.7340 0.6548 0.1803
vn 0.6890 0.6701 0.2763
vn 0.8689 0.3988 0.2934
vn 0.9153 0.1066 0.3883
vn -0.5620 0.7346 -0.3802
vn -0.7735 0.5041 -0.3842
vn -0.9093 0.2242 -0.3505
vn 0.8214 0.4187 0.3873
vn 0.8670 0.1319 0.4805
vn 0.6187 0.6784 0.3963
vn 0.6750 0.1416 -0.7241
vn 0.7509 -0.0023 -0.6604
vn 0.9587 -0.0753 -0.2742
vn 0.8543 -0.1376 -0.5012
vn 0.7770 -0.1666 -0.6070
vn 0.7456 0.4375 0.5028
vn 0.7455 0.4375 0.5028
vn 0.6347 0.2045 0.7452
vn 0.7893 0.1625 0.5922
vn 0.7456 -0.1195 0.6556
vn 0.8214 -0.1623 0.5468
vn 0.8689 -0.1931 0.4558
vn 0.7509 -0.3351 -0.5691
vn 0.7893 0.1625 0.5921
vn 0.8232 -0.3381 -0.4561
vn 0.3853 0.0401 0.9219
vn 0.5957 -0.0470 0.8018
vn 0.7455 -0.1195 0.6557
vn 0.9517 -0.2749 0.1367
vn 0.9541 -0.2996 -0.0005
vn 0.9197 -0.3268 -0.2176
vn 0.1682 0.1182 0.9786
vn 0.9973 0.0193 0.0705
vn 0.9373 -0.2523 0.2404
vn 0.1044 -0.0132 0.9944
vn 0.2950 -0.1459 0.9443
vn 0.8024 -0.5302 0.2738
vn 0.8193 -0.5477 0.1695
vn 0.8024 -0.5302 0.2739
vn 0.6890 -0.4352 0.5796
vn 0.7340 -0.4710 0.4892
vn 0.6187 -0.3810 0.6871
vn 0.6750 -0.4914 -0.5503
vn 0.7330 -0.5241 -0.4337
vn 0.4826 -0.2801 0.8299
vn 0.6186 -0.3810 0.6871
vn 0.8271 -0.5611 0.0310
vn 0.8066 -0.5599 -0.1896
vn 0.5924 -0.6772 -0.4363
vn 0.6131 -0.7724 0.1657
vn 0.6295 -0.7765 0.0273
vn 0.6303 -0.7520 -0.1929
vn 0.0051 -0.1214 0.9926
vn 0.5924 -0.7591 0.2699
vn 0.5620 -0.7346 0.3802
vn 0.2955 -0.8932 0.3390
vn -0.1200 -0.1959 0.9733
vn -0.0227 -0.4044 0.9143
vn 0.1545 -0.2990 0.9417
vn 0.3277 -0.9166 0.2290
vn 0.5239 -0.7000 0.4853
vn 0.7340 -0.4711 0.4893
vn 0.5620 -0.7346 0.3803
vn 0.4827 -0.6599 0.5757
vn 0.6186 -0.3811 0.6871
vn 0.4209 -0.5965 0.6834
vn 0.2592 -0.8575 0.4444
vn 0.5924 -0.6772 -0.4364
vn 0.5569 -0.6201 -0.5525
vn 0.4153 -0.7826 -0.4637
vn 0.4081 -0.7087 -0.5755
vn 0.4826 -0.2802 0.8298
vn 0.3063 -0.4723 0.8265
vn 0.2229 -0.8145 0.5356
vn 0.1719 -0.7447 0.6449
vn 0.3063 -0.4722 0.8266
vn -0.0342 -0.9282 0.3706
vn 0.0842 -0.6044 0.7922
vn -0.0652 -0.8839 0.4631
vn 0.4082 -0.8842 -0.2272
vn 0.5924 -0.6773 -0.4363
vn 0.1043 -0.9913 -0.0807
vn 0.1620 -0.9435 -0.2891
vn 0.3804 -0.9248 -0.0112
vn 0.2190 -0.8299 -0.5131
vn -0.1043 -0.8112 0.5754
vn 0.1545 -0.2991 0.9417
vn -0.0226 -0.4044 0.9143
vn 0.6294 -0.7766 0.0273
vn 0.6131 -0.7725 0.1656
vn 0.3532 -0.9271 0.1255
vn 0.0652 -0.9965 0.0530
vn -0.1620 -0.6637 0.7303
vn -0.2190 -0.4517 0.8649
vn 0.5923 -0.7591 0.2699
vn 0.6130 -0.7725 0.1657
vn -0.2587 -0.2293 0.9383
vn 0.0342 -0.9873 0.1552
vn -0.0000 -0.9643 0.2647
vn 0.2431 -0.7485 -0.6170
vn -0.4153 -0.4362 0.7983
vn -0.3974 -0.2184 0.8913
vn -0.2955 -0.9411 0.1644
vn -0.2592 -0.9642 0.0556
vn -0.0000 -0.9643 0.2646
vn -0.3277 -0.9051 0.2710
vn -0.3532 -0.8613 0.3653
vn -0.3804 -0.7895 0.4817
vn 0.0781 -0.7355 -0.6730
vn -0.4082 -0.6443 0.6467
vn -0.0842 -0.9241 -0.3726
vn -0.1719 -0.9696 -0.1744
vn 0.0342 -0.9873 0.1551
vn -0.2592 -0.9642 0.0555
vn -0.2229 -0.9738 -0.0447
vn -0.4153 -0.4363 0.7982
vn -0.6303 -0.5482 0.5497
vn -0.6295 -0.6817 0.3730
vn -0.3063 -0.8280 -0.4696
vn -0.4827 -0.8614 -0.1582
vn -0.4209 -0.8618 -0.2831
vn -0.5924 -0.3596 0.7209
vn -0.5226 -0.1642 0.8366
vn -0.5239 -0.8497 -0.0600
vn -0.4828 -0.8614 -0.1582
vn -0.5619 -0.8258 0.0480
vn -0.6130 -0.7488 0.2519
vn -0.5923 -0.7905 0.1554
vn -0.5619 -0.8258 0.0481
vn 0.0226 -0.8145 -0.5797
vn -0.0708 -0.6711 -0.7380
vn 0.1620 -0.9435 -0.2892
vn -0.0842 -0.9241 -0.3727
vn -0.1545 -0.7378 -0.6571
vn -0.6218 -0.0721 0.7798
vn -0.1889 -0.5615 -0.8056
vn -0.3063 -0.8280 -0.4697
vn -0.2950 -0.6075 -0.7375
vn -0.6890 -0.6701 -0.2762
vn -0.6186 -0.6784 -0.3963
vn -0.7339 -0.6549 -0.1802
vn -0.4826 -0.6645 -0.5706
vn -0.7455 -0.4375 -0.5028
vn -0.5957 -0.4497 -0.6655
vn -0.3853 -0.4361 -0.8132
vn -0.4209 -0.8617 -0.2832
vn -0.6186 -0.6784 -0.3964
vn -0.8066 -0.3847 0.4488
vn -0.9541 -0.2574 0.1534
vn -0.8271 -0.4983 0.2598
vn -0.7330 -0.2292 0.6405
vn -0.9197 -0.1699 0.3539
vn -0.6295 -0.6816 0.3730
vn -0.6219 -0.0721 0.7798
vn -0.8232 -0.0579 0.5648
vn -0.6856 0.0489 0.7263
vn -0.7735 -0.6296 -0.0730
vn -0.5239 -0.8496 -0.0600
vn -0.5620 -0.8257 0.0480
vn -0.7340 -0.6548 -0.1802
vn -0.9093 -0.3718 -0.1869
vn -0.8689 -0.3988 -0.2934
vn -0.8024 -0.5957 0.0352
vn -0.9517 -0.3062 0.0228
vn -0.9373 -0.3397 -0.0780
vn -0.5924 -0.7905 0.1554
vn -0.8193 -0.5575 0.1338
vn -0.6131 -0.7488 0.2519
vn -0.2647 -0.4175 -0.8692
vn -0.9973 -0.0193 -0.0705
vn -0.9838 -0.0475 -0.1729
vn -0.9561 -0.0776 -0.2825
vn -0.9978 0.0176 0.0640
vn -0.2909 -0.2532 -0.9226
vn -0.4164 -0.2406 -0.8768
vn -0.6347 -0.2045 -0.7452
vn -0.9587 0.0753 0.2742
vn -0.8214 -0.4187 -0.3873
vn -0.6187 -0.6784 -0.3963
vn -0.6890 -0.6701 -0.2763
vn -0.8670 -0.1319 -0.4806
vn -0.7893 -0.1625 -0.5921
vn -0.8543 0.1376 0.5012
vn -0.8688 -0.3988 -0.2934
vn -0.6890 -0.6700 -0.2763
vn -0.7340 -0.6548 -0.1803
vn -0.9153 -0.1066 -0.3883
vn -0.8670 -0.1319 -0.4805
vn -0.9561 -0.0776 -0.2826
vn -0.8232 0.3381 0.4561
vn -0.9197 0.3268 0.2176
vn -0.7076 0.1870 0.6814
vn -0.6856 0.3287 0.6495
vn -0.7455 0.1195 -0.6557
vn -0.5958 0.0469 -0.8018
vn -0.6348 -0.2045 -0.7451
vn -0.5958 -0.4497 -0.6655
vn -0.8214 0.1623 -0.5468
vn -0.8689 0.1931 -0.4558
vn -0.9373 0.2523 -0.2404
vn -0.2647 -0.0847 -0.9606
vn -0.3853 -0.0401 -0.9219
vn -0.9541 0.2996 0.0005
vn -0.9517 0.2749 -0.1367
vn -0.5957 0.0470 -0.8018
vn -0.8024 0.5302 -0.2738
vn -0.1889 0.0716 -0.9794
vn -0.8193 0.5477 -0.1695
vn -0.8066 0.5599 0.1896
vn -0.8271 0.5611 -0.0310
vn -0.2950 0.1459 -0.9443
vn -0.7330 0.5241 0.4337
vn -0.6219 0.4601 0.6337
vn -0.6186 0.3811 -0.6871
vn -0.8688 0.1931 -0.4559
vn -0.6890 0.4352 -0.5796
vn -0.7340 0.4711 -0.4892
vn -0.4828 0.6599 -0.5757
vn -0.4210 0.5964 -0.6834
vn -0.5226 0.5683 0.6355
vn -0.5924 0.6772 0.4363
vn -0.7340 0.4711 -0.4893
vn -0.5225 0.5683 0.6356
vn -0.5239 0.7000 -0.4853
vn -0.5620 0.7345 -0.3802
vn -0.5924 0.7591 -0.2699
vn -0.3063 0.4722 -0.8265
vn -0.1545 0.2990 -0.9417
vn -0.0708 0.2003 -0.9772
vn -0.6131 0.7724 -0.1657
vn -0.6303 0.7520 0.1928
vn -0.6295 0.7765 -0.0273
vn -0.4826 0.2802 -0.8298
vn -0.6186 0.3810 -0.6871
vn -0.5226 0.5683 0.6356
vn -0.5924 0.6773 0.4363
vn -0.6303 0.7520 0.1929
vn -0.4827 0.6599 -0.5757
vn -0.5619 0.7346 -0.3802
vn -0.6131 0.7725 -0.1656
vn -0.6294 0.7766 -0.0273
vn -0.3063 0.4723 -0.8265
vn -0.4209 0.5965 -0.6834
vn -0.5620 -0.8258 0.0481
vn 0.2533 -0.2530 -0.9337
vn 0.2618 -0.0000 -0.9651
vn 0.3288 -0.2406 -0.9132
vn 0.3510 -0.3394 -0.8727
vn 0.2446 -0.3569 -0.9016
vn 0.3968 -0.2047 -0.8948
vn 0.4470 -0.2887 -0.8466
vn 0.1778 -0.2406 -0.9542
vn 0.5232 -0.2098 -0.8260
vn 0.4509 -0.1487 -0.8801
vn 0.4855 -0.0782 -0.8707
vn 0.5722 -0.1103 -0.8127
vn 0.4975 -0.0000 -0.8675
vn 0.5890 -0.0000 -0.8081
vn 0.4855 0.0782 -0.8707
vn 0.5722 0.1103 -0.8127
vn 0.4509 0.1487 -0.8801
vn 0.5232 0.2098 -0.8260
vn 0.3968 0.2047 -0.8948
vn 0.4470 0.2887 -0.8466
vn 0.3288 0.2406 -0.9132
vn 0.3510 0.3394 -0.8727
vn 0.2533 0.2530 -0.9337
vn 0.2446 0.3569 -0.9016
vn 0.1778 0.2406 -0.9542
vn 0.1381 0.3394 -0.9304
vn 0.1098 0.2047 -0.9727
vn 0.0421 0.2887 -0.9565
vn 0.0557 0.1487 -0.9873
vn 0.0210 0.0782 -0.9967
vn -0.0341 0.2098 -0.9772
vn -0.0830 0.1103 -0.9904
vn 0.0091 -0.0000 -1.0000
vn -0.0999 -0.0000 -0.9950
vn 0.0210 -0.0782 -0.9967
vn -0.0830 -0.1103 -0.9904
vn 0.0557 -0.1487 -0.9873
vn -0.0341 -0.2098 -0.9772
vn 0.1098 -0.2047 -0.9727
vn 0.0421 -0.2887 -0.9565
vn 0.1381 -0.3394 -0.9304
vn 0.2835 -0.0008 -0.9590
vn 0.3582 -0.0067 -0.9336
vn 0.2930 -0.2531 -0.9220
vn 0.3792 0.0995 -0.9200
vn 0.4257 -0.0359 -0.9042
vn 0.4743 0.0583 -0.8784
vn 0.2737 0.1078 -0.9558
vn 0.2087 -0.0188 -0.9778
vn 0.1683 0.0824 -0.9823
vn 0.4792 -0.0855 -0.8735
vn 0.5498 -0.0117 -0.8352
vn 0.5136 -0.1508 -0.8447
vn 0.5982 -0.1037 -0.7946
vn 0.5254 -0.2252 -0.8205
vn 0.6149 -0.2087 -0.7604
vn 0.5136 -0.3016 -0.8033
vn 0.5983 -0.3164 -0.7362
vn 0.4792 -0.3724 -0.7948
vn 0.5498 -0.4163 -0.7242
vn 0.4257 -0.4307 -0.7958
vn 0.4743 -0.4986 -0.7256
vn 0.3582 -0.4708 -0.8062
vn 0.2835 -0.4888 -0.8250
vn 0.3792 -0.5552 -0.7403
vn 0.2087 -0.4830 -0.8504
vn 0.2737 -0.5806 -0.7668
vn 0.1413 -0.4538 -0.8798
vn 0.1683 -0.5723 -0.8026
vn 0.0878 -0.4041 -0.9105
vn 0.0732 -0.5311 -0.8441
vn -0.0023 -0.4611 -0.8874
vn 0.0534 -0.3389 -0.9393
vn -0.0508 -0.3691 -0.9280
vn 0.0416 -0.2645 -0.9635
vn -0.0675 -0.2641 -0.9621
vn 0.0534 -0.1881 -0.9807
vn -0.0508 -0.1564 -0.9864
vn 0.0878 -0.1173 -0.9892
vn -0.0023 -0.0565 -0.9984
vn 0.1413 -0.0590 -0.9882
vn 0.0732 0.0258 -0.9970
vn 0.0911 -0.4465 0.8901
vn 0.1956 -0.6645 0.7212
vn 0.2312 -0.4695 0.8521
vn -0.0025 -0.6320 0.7750
vn 0.3938 -0.6320 0.6675
vn 0.3712 -0.4465 0.8142
vn -0.0352 -0.3798 0.9244
vn -0.1813 -0.5376 0.8235
vn 0.1447 -0.8333 0.5335
vn -0.3268 -0.9445 -0.0324
vn -0.3490 -0.9272 -0.1357
vn -0.0306 -0.9932 -0.1127
vn -0.6113 -0.7888 -0.0646
vn -0.0582 -0.9750 -0.2146
vn 0.2325 -0.9272 -0.2935
vn 0.2656 -0.9445 -0.1931
vn 0.1778 -0.2406 0.9542
vn 0.2312 -0.4695 0.8522
vn 0.2533 -0.2530 0.9337
vn 0.0912 -0.4465 0.8901
vn 0.3288 -0.2406 0.9132
vn 0.1098 -0.2047 0.9727
vn -0.2982 -0.9511 0.0809
vn -0.5940 -0.8035 0.0401
vn 0.2982 -0.9511 -0.0809
vn 0.2618 -0.0000 0.9651
vn 0.1778 0.2406 0.9542
vn 0.1098 0.2047 0.9727
vn 0.4509 -0.1487 0.8801
vn 0.4855 -0.0782 0.8707
vn 0.0557 -0.1487 0.9873
vn 0.0210 -0.0782 0.9967
vn 0.0091 -0.0000 1.0000
vn 0.0210 0.0782 0.9967
vn 0.0557 0.1487 0.9873
vn 0.4975 -0.0000 0.8675
vn 0.3968 -0.2047 0.8948
vn 0.2533 0.2530 0.9337
vn 0.3288 0.2406 0.9132
vn 0.3968 0.2047 0.8948
vn 0.4509 0.1487 0.8801
vn 0.4855 0.0782 0.8707
vn -0.2656 -0.9445 0.1931
vn -0.4948 -0.7888 0.3647
vn -0.5328 -0.8035 0.2656
vn 0.0306 -0.9932 0.1127
vn -0.2325 -0.9272 0.2935
vn 0.3268 -0.9445 0.0324
vn -0.5673 -0.8090 0.1539
vn -0.4370 -0.7561 0.4872
vn 0.0582 -0.9750 0.2146
vn -0.1856 -0.8888 0.4190
vn 0.3490 -0.9272 0.1358
vn -0.3938 -0.6320 -0.6675
vn -0.2172 -0.5584 -0.8006
vn -0.1957 -0.6645 -0.7212
vn -0.3837 -0.5311 -0.7554
vn -0.0506 -0.5311 -0.8458
vn 0.0025 -0.6320 -0.7750
vn -0.5726 -0.5376 -0.6190
vn -0.5340 -0.4518 -0.7147
vn -0.3280 -0.6742 0.6618
vn 0.0932 -0.9346 0.3434
vn -0.1038 -0.7925 0.6009
vn 0.3719 -0.8888 0.2678
vn -0.3933 -0.7925 -0.4662
vn -0.1447 -0.8333 -0.5335
vn 0.1038 -0.7925 -0.6009
vn 0.3933 -0.7925 0.4661
vn -0.3719 -0.8888 -0.2678
vn -0.6174 -0.6742 -0.4053
vn -0.3933 -0.7925 -0.4661
vn -0.0932 -0.9346 -0.3434
vn -0.3490 -0.9272 -0.1358
vn -0.0582 -0.9750 -0.2147
vn -0.6233 -0.7561 -0.1996
vn 0.1856 -0.8888 -0.4190
vn -0.3232 -0.3906 0.8620
vn -0.5059 -0.4898 0.7100
vn -0.5939 -0.8035 0.0401
vn -0.1354 -0.2760 0.9516
vn -0.5672 -0.8090 0.1539
vn -0.7030 -0.5731 0.4211
vn -0.7449 -0.5838 0.3231
vn -0.7808 -0.5878 0.2118
vn -0.6365 -0.5493 0.5414
vn -0.7145 -0.3906 -0.5805
vn -0.6532 -0.3282 -0.6823
vn -0.8056 -0.2053 -0.5558
vn -0.7298 -0.1726 -0.6616
vn -0.7954 -0.4898 -0.3570
vn -0.5726 -0.5376 -0.6189
vn -0.6175 -0.6741 -0.4053
vn -0.9510 -0.2888 -0.1107
vn -0.9096 -0.2575 -0.3260
vn -0.7145 -0.3906 -0.5804
vn -0.8229 -0.5493 -0.1455
vn -0.8056 -0.2053 -0.5557
vn -0.4143 -0.2054 0.8867
vn -0.6201 -0.2575 0.7410
vn -0.8195 -0.5731 -0.0082
vn -0.6113 -0.7887 -0.0646
vn -0.1998 -0.1451 0.9690
vn -0.4143 -0.2053 0.8867
vn -0.8060 -0.5838 0.0976
vn -0.9531 -0.3013 0.0281
vn -0.8195 -0.5731 -0.0081
vn -0.5940 -0.8034 0.0401
vn -0.9422 -0.3069 0.1346
vn -0.9992 -0.0000 0.0406
vn -0.9951 -0.0000 -0.0987
vn -0.2219 -0.0000 0.9751
vn -0.4457 -0.0000 0.8952
vn -0.9422 -0.3069 0.1345
vn -0.9179 -0.3090 0.2490
vn -0.9891 -0.0000 0.1473
vn -0.8810 -0.3069 0.3600
vn -0.9651 -0.0000 0.2618
vn -0.7449 -0.5837 0.3231
vn -0.7808 -0.5877 0.2118
vn -0.8367 -0.3013 0.4574
vn -0.9279 -0.0000 0.3728
vn -0.7647 -0.2888 0.5761
vn -0.8827 -0.0000 0.4699
vn -0.9490 -0.0000 -0.3154
vn -0.8370 -0.0000 -0.5472
vn -0.8088 -0.0000 0.5881
vn -0.7647 0.2888 0.5761
vn -0.8367 0.3013 0.4574
vn -0.8810 0.3069 0.3600
vn -0.7298 0.1726 -0.6616
vn -0.7561 -0.0000 -0.6544
vn -0.6201 0.2575 0.7410
vn -0.8056 0.2053 -0.5558
vn -0.6595 -0.0000 0.7517
vn -0.9096 0.2575 -0.3260
vn -0.6201 0.2575 0.7411
vn -0.9510 0.2888 -0.1107
vn -0.4143 0.2053 0.8867
vn -0.9422 0.3069 0.1345
vn -0.9531 0.3013 0.0281
vn -0.1998 0.1451 0.9690
vn -0.9179 0.3090 0.2490
vn -0.9422 0.3069 0.1346
vn -0.5059 0.4898 0.7101
vn -0.3232 0.3906 0.8620
vn -0.8060 0.5838 0.0976
vn -0.8195 0.5731 -0.0081
vn -0.1354 0.2760 0.9516
vn -0.7808 0.5877 0.2118
vn -0.8060 0.5837 0.0976
vn -0.7030 0.5731 0.4211
vn -0.7449 0.5837 0.3231
vn -0.6365 0.5493 0.5414
vn -0.6532 0.3282 -0.6823
vn -0.5059 0.4898 0.7100
vn -0.7145 0.3906 -0.5805
vn -0.8195 0.5731 -0.0082
vn -0.8229 0.5493 -0.1455
vn -0.7954 0.4898 -0.3570
vn -0.5340 0.4518 -0.7147
vn -0.5726 0.5376 -0.6190
vn -0.6113 0.7887 -0.0646
vn -0.6233 0.7561 -0.1996
vn -0.6175 0.6741 -0.4053
vn -0.3280 0.6741 0.6618
vn -0.1813 0.5376 0.8235
vn -0.5940 0.8034 0.0401
vn -0.0352 0.3798 0.9244
vn 0.0911 0.4465 0.8901
vn -0.0025 0.6320 0.7750
vn -0.5673 0.8090 0.1539
vn -0.7808 0.5878 0.2118
vn -0.5940 0.8035 0.0401
vn -0.2982 0.9511 0.0809
vn -0.3268 0.9445 -0.0324
vn -0.7448 0.5838 0.3231
vn -0.5328 0.8035 0.2656
vn -0.4949 0.7888 0.3647
vn -0.2656 0.9445 0.1931
vn -0.4370 0.7561 0.4872
vn -0.2325 0.9272 0.2935
vn -0.3280 0.6742 0.6618
vn -0.1856 0.8888 0.4190
vn -0.1038 0.7925 0.6010
vn 0.0306 0.9932 0.1127
vn -0.1038 0.7925 0.6009
vn 0.0582 0.9750 0.2146
vn -0.3933 0.7925 -0.4661
vn -0.5726 0.5376 -0.6189
vn -0.6174 0.6742 -0.4053
vn -0.0932 0.9346 -0.3434
vn -0.1447 0.8333 -0.5335
vn -0.3938 0.6320 -0.6674
vn -0.3719 0.8888 -0.2678
vn -0.1956 0.6645 -0.7212
vn 0.0932 0.9346 0.3434
vn -0.0582 0.9750 -0.2147
vn -0.3490 0.9272 -0.1358
vn 0.1447 0.8333 0.5336
vn 0.1957 0.6645 0.7212
vn -0.6113 0.7888 -0.0646
vn 0.2312 0.4695 0.8521
vn -0.5939 0.8035 0.0401
vn -0.3490 0.9272 -0.1357
vn -0.0306 0.9932 -0.1127
vn -0.0582 0.9750 -0.2146
vn -0.3837 0.5311 -0.7554
vn -0.3938 0.6320 -0.6675
vn -0.1957 0.6645 -0.7213
vn -0.2172 0.5584 -0.8006
vn 0.3712 0.4465 0.8142
vn 0.2656 0.9445 -0.1931
vn 0.3268 0.9445 0.0324
vn 0.2982 0.9511 -0.0809
vn 0.3490 0.9272 0.1358
vn 0.3719 0.8888 0.2678
vn -0.0506 0.5311 -0.8458
vn 0.0025 0.6319 -0.7750
vn 0.3933 0.7925 0.4661
vn 0.1447 0.8333 0.5335
vn 0.0025 0.6320 -0.7750
vn 0.1038 0.7925 -0.6009
vn 0.3938 0.6320 0.6675
vn 0.3933 0.7925 0.4662
vn 0.1856 0.8888 -0.4190
vn 0.2325 0.9272 -0.2935
vn 0.6175 0.6742 0.4053
vn 0.6233 0.7561 0.1996
vn 0.3280 0.6742 -0.6617
vn 0.1813 0.5376 -0.8235
vn 0.5726 0.5376 0.6190
vn 0.6174 0.6742 0.4053
vn 0.4370 0.7561 -0.4872
vn 0.4949 0.7888 -0.3647
vn 0.4975 0.3798 0.7799
vn 0.5328 0.8035 -0.2656
vn 0.6113 0.7888 0.0646
vn 0.5940 0.8035 -0.0401
vn 0.5672 0.8090 -0.1539
vn 0.0996 0.4518 -0.8865
vn 0.5977 0.2760 0.7527
vn 0.2188 0.3282 -0.9189
vn 0.4948 0.7888 -0.3647
vn 0.5059 0.4898 -0.7100
vn 0.6365 0.5493 -0.5414
vn 0.7145 0.3906 0.5805
vn 0.7030 0.5731 -0.4211
vn 0.5673 0.8090 -0.1539
vn 0.7449 0.5838 -0.3231
vn 0.7954 0.4898 0.3570
vn 0.5726 0.5376 0.6189
vn 0.7145 0.3906 0.5804
vn 0.9510 0.2888 0.1107
vn 0.8229 0.5493 0.1455
vn 0.6175 0.6741 0.4053
vn 0.9096 0.2575 0.3260
vn 0.8056 0.2054 0.5558
vn 0.6621 0.1451 0.7352
vn 0.7808 0.5878 -0.2118
vn 0.8060 0.5838 -0.0976
vn 0.9531 0.3013 -0.0281
vn 0.9422 0.3069 -0.1346
vn 0.8195 0.5731 0.0081
vn 0.9179 0.3090 -0.2490
vn 0.6113 0.7887 0.0646
vn 0.3232 0.3906 -0.8620
vn 0.2954 0.1726 -0.9397
vn 0.5059 0.4898 -0.7101
vn 0.4143 0.2053 -0.8867
vn 0.3280 0.6741 -0.6618
vn 0.9992 -0.0000 -0.0406
vn 0.9891 -0.0000 -0.1473
vn 0.9651 -0.0000 -0.2618
vn 0.6201 0.2575 -0.7411
vn 0.3218 -0.0000 -0.9468
vn 0.4457 -0.0000 -0.8952
vn 0.8056 0.2053 0.5557
vn 0.9951 -0.0000 0.0987
vn 0.7647 0.2888 -0.5761
vn 0.8827 -0.0000 -0.4699
vn 0.8088 -0.0000 -0.5881
vn 0.6201 0.2575 -0.7410
vn 0.8367 0.3013 -0.4574
vn 0.6595 -0.0000 -0.7517
vn 0.9490 -0.0000 0.3154
vn 0.6842 -0.0000 0.7292
vn 0.8810 0.3069 -0.3601
vn 0.7030 0.5730 -0.4211
vn 0.7449 0.5837 -0.3231
vn 0.9279 -0.0000 -0.3728
vn 0.7808 0.5877 -0.2118
vn 0.8810 0.3069 -0.3600
vn 0.9279 -0.0000 -0.3727
vn 0.8370 -0.0000 0.5472
vn 0.6621 -0.1451 0.7352
vn 0.8056 -0.2053 0.5558
vn 0.9096 -0.2575 0.3260
vn 0.7647 -0.2888 -0.5761
vn 0.6202 -0.2575 -0.7410
vn 0.6843 -0.0000 0.7292
vn 0.8367 -0.3013 -0.4574
vn 0.6621 -0.1451 0.7353
vn 0.8810 -0.3069 -0.3600
vn 0.9179 -0.3090 -0.2490
vn 0.9510 -0.2888 0.1107
vn 0.9531 -0.3013 -0.0281
vn 0.9422 -0.3069 -0.1346
vn 0.4143 -0.2053 -0.8867
vn 0.2954 -0.1726 -0.9397
vn 0.6201 -0.2575 -0.7410
vn 0.8060 -0.5838 -0.0976
vn 0.7808 -0.5878 -0.2118
vn 0.5059 -0.4898 -0.7100
vn 0.3232 -0.3906 -0.8620
vn 0.2188 -0.3282 -0.9189
vn 0.7954 -0.4898 0.3570
vn 0.8229 -0.5493 0.1455
vn 0.8195 -0.5731 0.0081
vn 0.7145 -0.3906 0.5805
vn 0.5978 -0.2760 0.7527
vn 0.6366 -0.5493 -0.5413
vn 0.8810 -0.3069 -0.3601
vn 0.7030 -0.5731 -0.4211
vn 0.5977 -0.2760 0.7527
vn 0.7449 -0.5838 -0.3231
vn 0.4949 -0.7887 -0.3647
vn 0.4370 -0.7561 -0.4872
vn 0.5329 -0.8034 -0.2656
vn 0.4975 -0.3798 0.7799
vn 0.5673 -0.8090 -0.1539
vn 0.5328 -0.8035 -0.2656
vn 0.5940 -0.8035 -0.0401
vn 0.3280 -0.6742 -0.6618
vn 0.1813 -0.5376 -0.8235
vn 0.0996 -0.4518 -0.8865
vn 0.6175 -0.6742 0.4053
vn 0.6233 -0.7561 0.1996
vn 0.6113 -0.7887 0.0646
vn 0.6365 -0.5493 -0.5414
vn 0.7646 -0.2888 -0.5761
vn 0.1855 -0.8888 -0.4190
vn 0.5726 -0.5376 0.6190
vn 0.7954 -0.4898 0.3571
vn 0.6174 -0.6742 0.4053
vn 0.4948 -0.7888 -0.3647
vn 0.5672 -0.8090 -0.1539
vn 0.6113 -0.7888 0.0646
vn -0.0932 -0.9345 -0.3434
vn 0.2189 0.8299 0.5131
vn 0.1200 0.6653 0.7369
vn 0.2587 0.6762 0.6898
vn 0.1413 0.4538 0.8798
vn 0.2087 0.4830 0.8504
vn 0.0226 0.8145 0.5798
vn 0.2835 0.4888 0.8250
vn -0.0051 0.6111 0.7915
vn -0.0652 0.8839 -0.4631
vn -0.3532 0.8613 -0.3653
vn -0.0342 0.9282 -0.3706
vn -0.6130 0.7488 -0.2519
vn -0.3277 0.9051 -0.2710
vn 0.2229 0.8145 -0.5356
vn -0.5923 0.7906 -0.1555
vn 0.3974 0.6428 0.6549
vn -0.5924 0.7905 -0.1554
vn -0.2955 0.9411 -0.1644
vn 0.2592 0.8575 -0.4444
vn -0.5620 0.8258 -0.0480
vn 0.2930 0.2531 0.9220
vn 0.2087 0.0188 0.9778
vn 0.2835 0.0008 0.9590
vn 0.0878 0.4041 0.9105
vn 0.0534 0.3389 0.9393
vn 0.0416 0.2645 0.9635
vn 0.0534 0.1881 0.9807
vn 0.0878 0.1173 0.9892
vn 0.1413 0.0590 0.9882
vn 0.4257 0.0359 0.9042
vn 0.4792 0.0855 0.8735
vn 0.3582 0.0067 0.9336
vn 0.3582 0.4708 0.8062
vn 0.4257 0.4307 0.7958
vn 0.4792 0.3724 0.7948
vn 0.5136 0.3016 0.8033
vn 0.5254 0.2252 0.8205
vn 0.5136 0.1508 0.8447
vn 0.0342 0.9873 -0.1552
vn -0.2592 0.9642 -0.0556
vn 0.2955 0.8932 -0.3390
vn 0.0652 0.9965 -0.0530
vn -0.5239 0.8497 0.0600
vn -0.2229 0.9738 0.0448
vn -0.1719 0.9696 0.1744
vn 0.1043 0.9913 0.0807
vn 0.3277 0.9166 -0.2290
vn -0.4827 0.8614 0.1582
vn -0.4153 0.4363 -0.7982
vn -0.2431 0.3286 -0.9127
vn -0.4081 0.3156 -0.8567
vn -0.6303 0.5482 -0.5498
vn -0.4082 0.6443 -0.6467
vn -0.2190 0.4517 -0.8649
vn -0.5924 0.3596 -0.7209
vn -0.0781 0.2889 -0.9542
vn -0.1620 0.6636 -0.7303
vn -0.3063 0.8280 0.4697
vn -0.0842 0.9241 0.3727
vn -0.4209 0.8618 0.2832
vn 0.1620 0.9435 0.2891
vn -0.0226 0.4044 -0.9143
vn -0.1545 0.7378 0.6571
vn 0.0226 0.8145 0.5797
vn 0.2190 0.8299 0.5131
vn -0.1620 0.6637 -0.7302
vn -0.1043 0.8112 -0.5754
vn -0.3804 0.7895 -0.4817
vn 0.0842 0.6044 -0.7922
vn -0.6303 0.5482 -0.5497
vn 0.1719 0.7447 -0.6449
vn -0.3532 0.8612 -0.3654
vn -0.6295 0.6817 -0.3730
vn -0.6131 0.7488 -0.2519
vn -0.2950 0.6075 0.7375
vn -0.1044 0.5190 0.8484
vn -0.8024 0.5957 -0.0352
vn -0.7735 0.6296 0.0730
vn -0.7735 -0.5040 0.3842
vn -0.9093 -0.2242 0.3505
vn -0.7735 -0.5041 0.3842
vn -0.9561 0.0776 0.2826
vn -0.7340 0.6548 0.1802
vn -0.6890 0.6701 0.2762
vn -0.5569 0.2512 -0.7917
vn -0.7330 0.2292 -0.6405
vn -0.6186 0.6784 0.3963
vn -0.4826 0.6645 0.5705
vn -0.6750 0.1417 -0.7241
vn -0.8066 0.3847 -0.4488
vn -0.9541 0.2574 -0.1534
vn -0.8271 0.4983 -0.2598
vn -0.6295 0.6816 -0.3730
vn -0.9197 0.1699 -0.3539
vn -0.8193 0.5575 -0.1339
vn -0.9517 0.3062 -0.0228
vn -0.2950 0.6074 0.7376
vn -0.1682 0.3980 0.9018
vn -0.6131 0.7488 -0.2518
vn -0.8193 0.5575 -0.1338
vn -0.9373 0.3396 0.0779
vn -0.9978 -0.0176 -0.0640
vn -0.9973 0.0193 0.0705
vn -0.3853 0.4361 0.8132
vn -0.4826 0.6645 0.5706
vn -0.5957 0.4497 0.6655
vn -0.1902 0.2599 0.9467
vn -0.9973 0.0193 0.0704
vn -0.9838 0.0475 0.1729
vn -0.9373 0.3397 0.0780
vn -0.7735 0.6295 0.0730
vn -0.9093 0.3718 0.1869
vn -0.9561 0.0776 0.2825
vn -0.7735 0.6295 0.0731
vn -0.8689 0.3988 0.2934
vn -0.9153 0.1066 0.3883
vn -0.8214 0.4187 0.3873
vn 0.5620 0.7346 -0.3802
vn 0.7735 0.5041 -0.3842
vn 0.9093 0.2242 -0.3505
vn -0.6890 0.6701 0.2763
vn -0.8670 0.1319 0.4805
vn -0.6750 0.1416 -0.7241
vn -0.8232 0.0579 -0.5648
vn -0.7509 -0.0023 -0.6604
vn -0.9587 -0.0753 -0.2742
vn -0.8543 -0.1376 -0.5012
vn -0.7455 0.4375 0.5028
vn -0.7893 0.1625 0.5921
vn -0.5958 0.4497 0.6654
vn -0.6348 0.2045 0.7451
vn -0.4164 0.2406 0.8768
vn -0.8214 -0.1623 0.5468
vn -0.7455 -0.1195 0.6557
vn -0.7770 -0.1666 -0.6070
vn -0.7509 -0.3351 -0.5691
vn -0.5958 -0.0470 0.8018
vn -0.8232 -0.3381 -0.4561
vn -0.9197 -0.3268 -0.2176
vn -0.9517 -0.2749 0.1367
vn -0.6347 0.2045 0.7452
vn -0.1682 0.1182 0.9786
vn -0.3853 0.0401 0.9219
vn -0.9373 -0.2523 0.2404
vn -0.8689 -0.1931 0.4558
vn -0.1044 -0.0132 0.9944
vn -0.5957 -0.0470 0.8018
vn -0.8024 -0.5302 0.2738
vn -0.6890 -0.4352 0.5796
vn -0.7340 -0.4710 0.4893
vn -0.6186 -0.3810 0.6871
vn -0.6750 -0.4914 -0.5503
vn -0.4826 -0.2801 0.8298
vn -0.7330 -0.5241 -0.4337
vn -0.9541 -0.2996 -0.0005
vn -0.8193 -0.5477 0.1695
vn -0.8066 -0.5599 -0.1896
vn -0.2950 -0.1459 0.9443
vn -0.5924 -0.6772 -0.4363
vn -0.8271 -0.5611 0.0310
vn -0.6131 -0.7725 0.1657
vn -0.6303 -0.7520 -0.1928
vn -0.3063 -0.4722 0.8266
vn -0.1545 -0.2990 0.9417
vn -0.4826 -0.2801 0.8299
vn -0.0051 -0.1214 0.9926
vn -0.5924 -0.7591 0.2699
vn -0.8025 -0.5302 0.2738
vn -0.5620 -0.7346 0.3802
vn -0.2955 -0.8932 0.3390
vn -0.6131 -0.7724 0.1657
vn -0.8024 -0.5302 0.2739
vn -0.3277 -0.9166 0.2290
vn -0.5239 -0.7000 0.4853
vn -0.7340 -0.4711 0.4893
vn -0.5620 -0.7346 0.3803
vn -0.4827 -0.6599 0.5757
vn -0.6186 -0.3811 0.6871
vn -0.2592 -0.8575 0.4444
vn -0.5569 -0.6201 -0.5525
vn -0.5924 -0.6772 -0.4364
vn -0.4153 -0.7826 -0.4637
vn -0.4209 -0.5965 0.6834
vn -0.4826 -0.2802 0.8298
vn -0.2229 -0.8145 0.5356
vn -0.3063 -0.4723 0.8265
vn -0.6295 -0.7765 0.0273
vn -0.1719 -0.7447 0.6449
vn 0.0342 -0.9282 0.3706
vn -0.0842 -0.6044 0.7922
vn 0.0652 -0.8839 0.4631
vn -0.4082 -0.8842 -0.2272
vn -0.5924 -0.6773 -0.4363
vn -0.1043 -0.9913 -0.0807
vn -0.3804 -0.9248 -0.0112
vn -0.6303 -0.7520 -0.1929
vn -0.1620 -0.9435 -0.2891
vn -0.6294 -0.7766 0.0273
vn 0.0226 -0.4044 0.9143
vn -0.1545 -0.2991 0.9416
vn 0.1043 -0.8112 0.5754
vn -0.0652 -0.9965 0.0530
vn -0.3532 -0.9271 0.1255
vn 0.1620 -0.6637 0.7303
vn 0.0227 -0.4044 0.9143
vn 0.1200 -0.1959 0.9733
vn 0.2190 -0.4517 0.8649
vn -0.5923 -0.7592 0.2699
vn -0.6130 -0.7725 0.1657
vn 0.2587 -0.2293 0.9383
vn -0.0342 -0.9873 0.1552
vn -0.4081 -0.7087 -0.5755
vn -0.2190 -0.8299 -0.5131
vn 0.4153 -0.4362 0.7983
vn 0.3974 -0.2184 0.8913
vn 0.2955 -0.9411 0.1644
vn 0.3277 -0.9051 0.2710
vn 0.3532 -0.8613 0.3653
vn 0.3804 -0.7895 0.4817
vn -0.2431 -0.7485 -0.6170
vn -0.0781 -0.7355 -0.6730
vn 0.4082 -0.6443 0.6467
vn 0.0842 -0.9241 -0.3726
vn 0.1719 -0.9696 -0.1744
vn 0.2592 -0.9642 0.0555
vn -0.0342 -0.9873 0.1551
vn 0.6303 -0.5482 0.5497
vn 0.4153 -0.4363 0.7982
vn 0.4827 -0.8614 -0.1582
vn 0.2229 -0.9738 -0.0447
vn 0.5924 -0.3596 0.7209
vn 0.5226 -0.1642 0.8366
vn 0.5239 -0.8497 -0.0600
vn 0.2592 -0.9642 0.0556
vn 0.5619 -0.8258 0.0480
vn 0.6131 -0.7488 0.2519
vn 0.5924 -0.7905 0.1554
vn 0.6295 -0.6817 0.3730
vn -0.0226 -0.8145 -0.5797
vn 0.0842 -0.9241 -0.3727
vn -0.1620 -0.9435 -0.2892
vn 0.6219 -0.0721 0.7798
vn 0.5619 -0.8258 0.0481
vn 0.0708 -0.6711 -0.7380
vn 0.1545 -0.7378 -0.6571
vn 0.3063 -0.8280 -0.4697
vn 0.1889 -0.5615 -0.8056
vn 0.2950 -0.6075 -0.7375
vn 0.3063 -0.8280 -0.4696
vn 0.4209 -0.8618 -0.2831
vn 0.6890 -0.6701 -0.2762
vn 0.7329 -0.2292 0.6405
vn 0.4828 -0.8614 -0.1582
vn 0.7339 -0.6549 -0.1802
vn 0.4826 -0.6645 -0.5706
vn 0.3853 -0.4361 -0.8132
vn 0.5957 -0.4497 -0.6655
vn 0.7455 -0.4375 -0.5028
vn 0.6186 -0.6784 -0.3963
vn 0.4210 -0.8617 -0.2832
vn 0.8066 -0.3847 0.4488
vn 0.7330 -0.2293 0.6405
vn 0.6889 -0.6701 -0.2762
vn 0.6856 0.0489 0.7263
vn 0.7735 -0.6296 -0.0730
vn 0.7340 -0.6548 -0.1802
vn 0.5620 -0.8257 0.0480
vn 0.9093 -0.3718 -0.1869
vn 0.8024 -0.5957 0.0352
vn 0.9517 -0.3062 0.0228
vn 0.8193 -0.5575 0.1338
vn 0.9373 -0.3396 -0.0780
vn 0.9541 -0.2574 0.1534
vn 0.8271 -0.4983 0.2598
vn 0.6295 -0.6817 0.3729
vn 0.2647 -0.4175 -0.8692
vn 0.9973 -0.0193 -0.0705
vn 0.9838 -0.0475 -0.1729
vn 0.9978 0.0176 0.0640
vn 0.2909 -0.2532 -0.9226
vn 0.4164 -0.2406 -0.8768
vn 0.9197 -0.1699 0.3539
vn 0.6347 -0.2045 -0.7452
vn 0.8232 -0.0579 0.5648
vn 0.9587 0.0753 0.2742
vn 0.8214 -0.4187 -0.3873
vn 0.6187 -0.6784 -0.3963
vn 0.6890 -0.6701 -0.2763
vn 0.8670 -0.1319 -0.4806
vn 0.8688 -0.3988 -0.2934
vn 0.6890 -0.6700 -0.2762
vn 0.7340 -0.6548 -0.1803
vn 0.9153 -0.1066 -0.3883
vn 0.8689 -0.3988 -0.2934
vn 0.9561 -0.0776 -0.2826
vn 0.8232 0.3381 0.4561
vn 0.8543 0.1376 0.5012
vn 0.6856 0.3287 0.6495
vn 0.7076 0.1870 0.6814
vn 0.7893 -0.1625 -0.5921
vn 0.7455 0.1195 -0.6557
vn 0.6348 -0.2045 -0.7451
vn 0.5958 0.0470 -0.8018
vn 0.5958 -0.4497 -0.6655
vn 0.8670 -0.1319 -0.4805
vn 0.8214 0.1623 -0.5468
vn 0.8689 0.1931 -0.4558
vn 0.9561 -0.0775 -0.2825
vn 0.9373 0.2523 -0.2404
vn 0.2647 -0.0847 -0.9606
vn 0.3853 -0.0401 -0.9219
vn 0.9517 0.2749 -0.1367
vn 0.9197 0.3268 0.2176
vn 0.5957 0.0470 -0.8018
vn 0.8024 0.5302 -0.2738
vn 0.9541 0.2996 0.0005
vn 0.1889 0.0716 -0.9794
vn 0.8193 0.5477 -0.1695
vn 0.8066 0.5599 0.1896
vn 0.2950 0.1459 -0.9443
vn 0.7330 0.5241 0.4337
vn 0.6219 0.4601 0.6337
vn 0.6186 0.3811 -0.6871
vn 0.8688 0.1931 -0.4559
vn 0.6890 0.4352 -0.5796
vn 0.6218 0.4601 0.6337
vn 0.7340 0.4711 -0.4892
vn 0.4828 0.6599 -0.5757
vn 0.7340 0.4711 -0.4893
vn 0.5239 0.7000 -0.4853
vn 0.5620 0.7345 -0.3802
vn 0.5924 0.7591 -0.2699
vn 0.8271 0.5611 -0.0310
vn 0.3063 0.4722 -0.8266
vn 0.4826 0.2802 -0.8298
vn 0.1545 0.2990 -0.9417
vn 0.6131 0.7724 -0.1657
vn 0.6303 0.7520 0.1929
vn 0.4209 0.5964 -0.6834
vn 0.6186 0.3810 -0.6871
vn 0.5924 0.6772 0.4363
vn 0.6295 0.7765 -0.0273
vn 0.0842 0.6043 -0.7923
vn 0.0708 0.2003 -0.9772
vn 0.4210 0.5965 -0.6834
vn 0.5226 0.5683 0.6356
vn 0.5924 0.6772 0.4364
vn 0.4153 0.7826 0.4637
vn 0.4827 0.6599 -0.5757
vn 0.2592 0.8575 -0.4445
vn 0.5619 0.7346 -0.3802
vn 0.3532 0.9271 -0.1255
vn 0.6131 0.7725 -0.1656
vn 0.3804 0.9248 0.0112
vn 0.6294 0.7766 -0.0273
vn 0.4082 0.8842 0.2272
vn 0.3063 0.4723 -0.8265
vn 0.4209 0.5965 -0.6834
vn 0.5924 0.6773 0.4363
vn 0.5620 -0.8258 0.0481
vn -0.2533 -0.2530 -0.9337
vn -0.3510 -0.3394 -0.8727
vn -0.3288 -0.2406 -0.9132
vn -0.2618 -0.0000 -0.9651
vn -0.3968 -0.2047 -0.8948
vn -0.4470 -0.2887 -0.8466
vn -0.2446 -0.3569 -0.9016
vn -0.1778 -0.2406 -0.9542
vn -0.1381 -0.3394 -0.9304
vn -0.4509 -0.1487 -0.8801
vn -0.5232 -0.2098 -0.8260
vn -0.5722 -0.1103 -0.8127
vn -0.4855 -0.0782 -0.8707
vn -0.4975 -0.0000 -0.8675
vn -0.5890 -0.0000 -0.8081
vn -0.4855 0.0782 -0.8707
vn -0.4509 0.1487 -0.8801
vn -0.5722 0.1103 -0.8127
vn -0.3968 0.2047 -0.8948
vn -0.5232 0.2098 -0.8260
vn -0.4470 0.2887 -0.8466
vn -0.3288 0.2406 -0.9132
vn -0.3510 0.3394 -0.8727
vn -0.2533 0.2530 -0.9337
vn -0.2446 0.3569 -0.9016
vn -0.1778 0.2406 -0.9542
vn -0.1381 0.3394 -0.9304
vn -0.1098 0.2047 -0.9727
vn -0.0557 0.1487 -0.9873
vn -0.0421 0.2887 -0.9565
vn -0.0210 0.0782 -0.9967
vn 0.0341 0.2098 -0.9772
vn 0.0830 0.1103 -0.9904
vn -0.0091 -0.0000 -1.0000
vn -0.0210 -0.0782 -0.9967
vn 0.0830 -0.1103 -0.9904
vn 0.0999 -0.0000 -0.9950
vn -0.0557 -0.1487 -0.9873
vn 0.0341 -0.2098 -0.9772
vn -0.1098 -0.2047 -0.9727
vn -0.0421 -0.2887 -0.9565
vn -0.2835 -0.0008 -0.9590
vn -0.2930 -0.2531 -0.9220
vn -0.3582 -0.0067 -0.9336
vn -0.3792 0.0995 -0.9200
vn -0.2737 0.1078 -0.9558
vn -0.4257 -0.0359 -0.9042
vn -0.4743 0.0583 -0.8784
vn -0.2087 -0.0188 -0.9778
vn -0.5498 -0.0117 -0.8352
vn -0.4792 -0.0855 -0.8735
vn -0.5136 -0.1508 -0.8447
vn -0.5982 -0.1037 -0.7946
vn -0.5254 -0.2252 -0.8205
vn -0.6149 -0.2087 -0.7604
vn -0.5983 -0.3164 -0.7362
vn -0.5136 -0.3016 -0.8033
vn -0.4792 -0.3724 -0.7948
vn -0.5498 -0.4163 -0.7242
vn -0.4257 -0.4307 -0.7958
vn -0.4743 -0.4986 -0.7256
vn -0.3582 -0.4708 -0.8062
vn -0.3792 -0.5552 -0.7403
vn -0.2835 -0.4888 -0.8250
vn -0.2087 -0.4830 -0.8504
vn -0.2737 -0.5806 -0.7668
vn -0.1683 -0.5723 -0.8026
vn -0.1413 -0.4538 -0.8798
vn -0.0732 -0.5311 -0.8441
vn -0.0878 -0.4041 -0.9105
vn 0.0023 -0.4611 -0.8874
vn -0.0534 -0.3389 -0.9393
vn 0.0508 -0.3691 -0.9280
vn -0.0416 -0.2645 -0.9635
vn 0.0675 -0.2641 -0.9621
vn -0.0534 -0.1881 -0.9807
vn 0.0508 -0.1564 -0.9864
vn -0.0878 -0.1173 -0.9892
vn 0.0023 -0.0565 -0.9984
vn -0.1413 -0.0590 -0.9882
vn -0.0732 0.0258 -0.9970
vn -0.1683 0.0824 -0.9823
vn 0.9606 -0.0000 -0.2780
vn 0.8337 0.1077 -0.5415
vn 0.9606 0.0542 -0.2727
vn 0.9606 -0.0542 -0.2727
vn 0.8337 -0.0000 -0.5521
vn 0.9606 -0.1064 -0.2569
vn 0.8337 -0.1077 -0.5415
vn 0.7355 0.1322 -0.6646
vn 0.7355 -0.2593 -0.6260
vn 0.7355 -0.1322 -0.6646
vn 0.8337 -0.2113 -0.5101
vn 0.7355 -0.0000 -0.6776
vn 0.7355 -0.3764 -0.5634
vn 0.9606 -0.1545 -0.2312
vn 0.8337 -0.3068 -0.4591
vn 0.9606 -0.1966 -0.1966
vn 0.8337 -0.3904 -0.3904
vn 0.7355 -0.4791 -0.4791
vn 0.9606 -0.2312 -0.1545
vn 0.7355 -0.5634 -0.3764
vn 0.9606 -0.2569 -0.1064
vn 0.8337 -0.5101 -0.2113
vn 0.8337 -0.4591 -0.3068
vn 0.9606 -0.2727 -0.0542
vn 0.7355 -0.6260 -0.2593
vn 0.8337 -0.5415 -0.1077
vn 0.8337 -0.5522 -0.0000
vn 0.9606 -0.2780 -0.0000
vn 0.7355 -0.6646 -0.1322
vn 0.9606 -0.2727 0.0542
vn 0.7355 -0.6776 -0.0000
vn 0.9606 -0.2569 0.1064
vn 0.8337 -0.5101 0.2113
vn 0.8337 -0.5415 0.1077
vn 0.7355 -0.6646 0.1322
vn 0.7355 -0.6260 0.2593
vn 0.9606 -0.2312 0.1545
vn 0.8337 -0.4591 0.3068
vn 0.7355 -0.5634 0.3764
vn 0.9606 -0.1966 0.1966
vn 0.8337 -0.3904 0.3904
vn 0.7355 -0.4791 0.4791
vn 0.9606 -0.1545 0.2312
vn 0.8337 -0.3068 0.4591
vn 0.7355 -0.3764 0.5634
vn 0.8337 -0.2113 0.5101
vn 0.7355 -0.2593 0.6260
vn 0.9606 -0.1064 0.2569
vn 0.8338 -0.1077 0.5415
vn 0.9606 -0.0542 0.2727
vn 0.7355 -0.1322 0.6646
vn 0.9606 -0.0000 0.2780
vn 0.8338 -0.0000 0.5521
vn 0.9606 0.0542 0.2727
vn 0.8338 0.1077 0.5415
vn 0.7355 -0.0000 0.6776
vn 0.8337 -0.0000 0.5522
vn 0.8337 -0.1077 0.5416
vn 0.7355 0.1322 0.6646
vn 0.9606 0.1064 0.2569
vn 0.8338 0.2113 0.5101
vn 0.8337 0.1077 0.5416
vn 0.8337 0.2113 0.5102
vn 0.9606 0.1545 0.2312
vn 0.8337 0.3068 0.4591
vn 0.7355 0.2593 0.6260
vn 0.7355 0.3764 0.5634
vn 0.9606 0.1966 0.1966
vn 0.8337 0.3904 0.3904
vn 0.7355 0.4791 0.4791
vn 0.9606 0.2312 0.1545
vn 0.8337 0.4591 0.3068
vn 0.7355 0.5634 0.3764
vn 0.8337 0.5101 0.2113
vn 0.9606 0.2569 0.1064
vn 0.7355 0.6260 0.2593
vn 0.7355 0.6646 0.1322
vn 0.9606 0.2727 0.0542
vn 0.8337 0.5415 0.1077
vn 0.9606 0.2780 -0.0000
vn 0.7355 0.6776 -0.0000
vn 0.8337 0.5521 -0.0000
vn 0.8337 0.5415 -0.1077
vn 0.7355 0.6646 -0.1322
vn 0.9606 0.2727 -0.0542
vn 0.9606 0.2569 -0.1064
vn 0.7355 0.6260 -0.2593
vn 0.8337 0.5101 -0.2113
vn 0.8337 0.4591 -0.3068
vn 0.9606 0.2312 -0.1545
vn 0.9606 0.1966 -0.1966
vn 0.7355 0.5634 -0.3764
vn 0.8337 0.3904 -0.3904
vn 0.9606 0.1545 -0.2312
vn 0.7355 0.4791 -0.4791
vn 0.7355 0.3764 -0.5634
vn 0.8337 0.3068 -0.4591
vn 0.8337 0.2113 -0.5101
vn 0.9606 0.1064 -0.2569
vn 0.7355 0.2593 -0.6260
vn 0.9982 0.0329 0.0493
vn 0.9942 0.0413 0.0997
vn 0.9982 0.0227 0.0548
vn 0.9942 0.0763 0.0763
vn 0.9942 0.0599 0.0897
vn 0.9942 0.0210 0.1058
vn 0.9982 0.0116 0.0581
vn 0.5548 0.6917 0.4622
vn 0.5548 0.5883 0.5883
vn 0.5548 0.4622 0.6917
vn 0.5548 0.4622 0.6918
vn 0.9982 -0.0493 0.0329
vn 0.9942 -0.0997 0.0413
vn 0.9982 -0.0548 0.0227
vn 0.9942 -0.0763 0.0763
vn 0.9942 -0.0897 0.0599
vn 0.9982 -0.0419 0.0419
vn 0.9982 -0.0581 0.0116
vn 0.9942 0.0413 -0.0997
vn 0.9982 0.0329 -0.0493
vn 0.9982 0.0227 -0.0548
vn 0.9942 0.0599 -0.0897
vn 0.9942 0.0210 -0.1058
vn 0.9982 0.0419 -0.0419
vn 0.9942 -0.0413 -0.0997
vn 0.9982 -0.0329 -0.0493
vn 0.9942 -0.0599 -0.0897
vn 0.9982 -0.0419 -0.0419
vn 0.9942 -0.0763 -0.0763
vn 0.9982 -0.0227 -0.0548
vn 0.9942 0.0997 -0.0413
vn 0.9942 0.1058 -0.0210
vn 0.9982 0.0581 -0.0116
vn 0.9982 0.0548 -0.0227
vn 0.9982 0.0493 -0.0329
vn 0.9942 0.0897 -0.0599
vn 0.9982 -0.0000 -0.0593
vn 0.9982 0.0116 -0.0581
vn 0.9942 -0.0210 -0.1058
vn 0.9942 -0.0000 -0.1079
vn 0.9942 -0.0000 0.1079
vn 0.9982 -0.0000 0.0593
vn 0.9942 -0.0210 0.1058
vn 0.9982 -0.0116 0.0581
vn 0.9942 -0.0599 0.0897
vn 0.9982 -0.0227 0.0548
vn 0.9942 -0.0413 0.0997
vn 0.9982 -0.0329 0.0493
vn 0.9942 -0.0897 -0.0599
vn 0.9982 -0.0493 -0.0329
vn 0.9982 -0.0548 -0.0227
vn 0.9942 -0.0997 -0.0413
vn 0.9982 0.0548 0.0227
vn 0.9942 0.1058 0.0210
vn 0.9942 0.0997 0.0413
vn 0.9982 0.0582 0.0116
vn 0.9982 0.0493 0.0329
vn 0.9942 0.0897 0.0599
vn 0.9982 0.0419 0.0419
vn 0.9942 -0.1079 -0.0000
vn 0.9982 -0.0593 -0.0000
vn 0.9942 -0.1058 0.0210
vn 0.9982 -0.0582 -0.0116
vn 0.9942 0.0763 -0.0763
vn 0.9982 -0.0116 -0.0582
vn 0.9942 0.1079 -0.0000
vn 0.9982 0.0593 -0.0000
vn 0.9942 -0.1058 -0.0210
vn 0.5548 -0.8160 -0.1623
vn 0.5548 -0.7686 -0.3184
vn 0.5548 -0.8320 -0.0000
vn 0.5548 0.3184 0.7686
vn 0.5548 -0.6918 -0.4622
vn 0.5548 0.1623 0.8160
vn 0.5548 -0.6917 -0.4622
vn 0.5548 -0.5883 -0.5883
vn 0.5548 -0.4622 -0.6917
vn 0.5548 -0.4622 -0.6918
vn 0.5548 -0.0000 0.8320
vn 0.5548 -0.0000 -0.8320
vn 0.5548 0.1623 -0.8160
vn 0.5548 -0.1623 -0.8160
vn 0.5548 0.3184 -0.7686
vn 0.5548 -0.3184 -0.7686
vn 0.5548 -0.1623 0.8160
vn 0.5548 0.4622 -0.6918
vn 0.5548 -0.3184 0.7686
vn 0.5548 0.4622 -0.6917
vn 0.5548 0.5883 -0.5883
vn 0.5548 -0.4622 0.6918
vn 0.5548 0.6917 -0.4622
vn 0.5548 0.6918 -0.4622
vn 0.5548 0.7686 -0.3184
vn 0.5548 0.8160 -0.1623
vn 0.5548 -0.4622 0.6917
vn 0.5548 -0.5883 0.5883
vn 0.5548 -0.6917 0.4622
vn 0.5548 -0.6918 0.4622
vn 0.5548 0.8320 -0.0000
vn 0.5548 -0.7686 0.3184
vn 0.5548 -0.8160 0.1623
vn 0.5548 0.8160 0.1623
vn 0.5548 0.7686 0.3184
vn 0.5548 0.6918 0.4622
vn 0.9982 -0.0592 -0.0000
vn 1.0000 -0.0040 0.0008
vn 1.0000 -0.0040 -0.0008
vn 1.0000 -0.0040 -0.0000
vn 0.9982 -0.0581 -0.0116
vn 1.0000 -0.0037 -0.0015
vn 0.9982 -0.0547 -0.0227
vn 1.0000 -0.0015 0.0038
vn 1.0000 -0.0000 0.0040
vn 0.9982 -0.0000 0.0592
vn 1.0000 -0.0008 0.0040
vn 1.0000 0.0034 0.0022
vn 1.0000 0.0037 0.0015
vn 0.9982 0.0547 0.0227
vn 1.0000 0.0029 0.0029
vn 1.0000 0.0022 0.0034
vn 1.0000 0.0022 -0.0034
vn 1.0000 0.0029 -0.0029
vn 1.0000 0.0015 -0.0037
vn 0.9982 0.0227 -0.0547
vn 1.0000 0.0034 -0.0022
vn 0.9982 0.0581 0.0116
vn 1.0000 0.0040 0.0008
vn 0.9982 0.0592 -0.0000
vn 1.0000 0.0040 -0.0000
vn 1.0000 0.0040 -0.0008
vn 1.0000 -0.0029 -0.0029
vn 1.0000 -0.0034 -0.0022
vn 1.0000 -0.0022 -0.0034
vn 0.9982 -0.0547 0.0227
vn 1.0000 -0.0037 0.0015
vn 1.0000 0.0015 0.0037
vn 0.9982 0.0227 0.0547
vn 1.0000 0.0012 0.0039
vn 1.0000 -0.0022 0.0034
vn 1.0000 -0.0029 0.0029
vn 0.9982 -0.0227 0.0547
vn 1.0000 0.0008 -0.0039
vn 0.9982 0.0547 -0.0227
vn 1.0000 0.0037 -0.0015
vn 1.0000 -0.0008 -0.0040
vn 1.0000 -0.0015 -0.0038
vn 0.9982 -0.0116 -0.0581
vn 1.0000 -0.0034 0.0022
vn 1.0000 -0.0000 -0.0040
vn 0.9982 -0.0000 -0.0592
vn 1.0000 0.0007 -0.0040
vn 1.0000 0.0007 0.0040
vn 1.0000 -0.0019 -0.0036
vn 0.5422 -0.8402 -0.0000
vn 0.5422 -0.8241 -0.1639
vn 0.5422 -0.8241 0.1639
vn 0.5422 -0.7763 -0.3215
vn 0.5422 0.6986 0.4668
vn 0.5423 0.6986 0.4668
vn 0.5422 0.5941 0.5941
vn 0.5422 0.4668 0.6986
vn 0.5422 0.3215 0.7763
vn 0.5423 -0.7763 -0.3216
vn 0.5422 -0.6986 -0.4668
vn 0.5422 -0.7763 -0.3216
vn 0.5422 -0.5941 -0.5941
vn 0.5422 0.1639 0.8241
vn 0.5422 -0.4668 -0.6986
vn 0.5422 -0.0000 0.8402
vn 0.5422 -0.0000 -0.8402
vn 0.5422 -0.1639 -0.8241
vn 0.5422 0.1639 -0.8241
vn 0.5422 0.3215 -0.7763
vn 0.5422 -0.3215 -0.7763
vn 0.5422 -0.1639 0.8241
vn 0.5422 0.4668 -0.6986
vn 0.5423 0.4668 -0.6986
vn 0.5422 -0.3215 0.7763
vn 0.5422 0.5941 -0.5941
vn 0.5422 -0.4668 0.6986
vn 0.5422 0.6986 -0.4668
vn 0.5423 0.5941 -0.5941
vn 0.5422 0.7763 -0.3215
vn 0.5422 0.8241 -0.1639
vn 0.5423 -0.4668 0.6986
vn 0.5422 -0.5941 0.5941
vn 0.5422 -0.6986 0.4668
vn 0.5422 0.8402 -0.0000
vn 0.5422 -0.7763 0.3215
vn 0.5422 0.8241 0.1639
vn 0.5422 0.7763 0.3215
vn -0.9606 -0.0000 -0.2780
vn -0.8337 0.1077 -0.5415
vn -0.8337 -0.0000 -0.5521
vn -0.9606 -0.0542 -0.2727
vn -0.9606 -0.1064 -0.2569
vn -0.8337 -0.1077 -0.5415
vn -0.7355 -0.0000 -0.6776
vn -0.7355 0.1322 -0.6646
vn -0.7355 -0.2593 -0.6260
vn -0.8337 -0.2113 -0.5101
vn -0.7355 -0.1322 -0.6646
vn -0.7355 -0.3764 -0.5634
vn -0.8337 -0.3068 -0.4591
vn -0.9606 -0.1545 -0.2312
vn -0.9606 -0.1966 -0.1966
vn -0.8337 -0.3904 -0.3904
vn -0.9606 -0.2312 -0.1545
vn -0.7355 -0.5634 -0.3764
vn -0.8337 -0.4591 -0.3068
vn -0.7355 -0.4791 -0.4791
vn -0.9606 -0.2569 -0.1064
vn -0.8337 -0.5101 -0.2113
vn -0.9606 -0.2727 -0.0542
vn -0.7355 -0.6260 -0.2593
vn -0.8337 -0.5415 -0.1077
vn -0.9606 -0.2780 -0.0000
vn -0.8337 -0.5522 -0.0000
vn -0.7355 -0.6646 -0.1322
vn -0.9606 -0.2727 0.0542
vn -0.7355 -0.6776 -0.0000
vn -0.8337 -0.5415 0.1077
vn -0.9606 -0.2569 0.1064
vn -0.8337 -0.5101 0.2113
vn -0.7355 -0.6260 0.2593
vn -0.7355 -0.6646 0.1322
vn -0.9606 -0.2312 0.1545
vn -0.8337 -0.4591 0.3068
vn -0.8337 -0.3904 0.3904
vn -0.9606 -0.1966 0.1966
vn -0.7355 -0.4791 0.4791
vn -0.7355 -0.5634 0.3764
vn -0.9606 -0.1545 0.2312
vn -0.8337 -0.3068 0.4591
vn -0.7355 -0.3764 0.5634
vn -0.8337 -0.2113 0.5101
vn -0.9606 -0.1064 0.2569
vn -0.9606 -0.0542 0.2727
vn -0.8337 -0.1077 0.5415
vn -0.7355 -0.1322 0.6646
vn -0.7355 -0.2593 0.6260
vn -0.9606 -0.0000 0.2780
vn -0.8337 -0.0000 0.5521
vn -0.9606 0.0542 0.2727
vn -0.8337 0.1077 0.5415
vn -0.7355 0.1322 0.6646
vn -0.7355 -0.0000 0.6776
vn -0.9606 0.1064 0.2569
vn -0.8337 0.2113 0.5101
vn -0.9606 0.1545 0.2312
vn -0.8337 0.3068 0.4591
vn -0.7355 0.2593 0.6260
vn -0.7355 0.3764 0.5634
vn -0.8337 0.3904 0.3904
vn -0.9606 0.1966 0.1966
vn -0.7355 0.4791 0.4791
vn -0.9606 0.2312 0.1545
vn -0.7355 0.5634 0.3764
vn -0.8337 0.4591 0.3068
vn -0.8337 0.5101 0.2113
vn -0.9606 0.2569 0.1064
vn -0.7355 0.6260 0.2593
vn -0.7355 0.6646 0.1322
vn -0.8337 0.5415 0.1077
vn -0.9606 0.2727 0.0542
vn -0.9606 0.2780 -0.0000
vn -0.7355 0.6776 -0.0000
vn -0.8337 0.5521 -0.0000
vn -0.8337 0.5415 -0.1077
vn -0.9606 0.2727 -0.0542
vn -0.9606 0.2569 -0.1064
vn -0.7355 0.6260 -0.2593
vn -0.8337 0.5101 -0.2113
vn -0.7355 0.6646 -0.1322
vn -0.8337 0.4591 -0.3068
vn -0.9606 0.2312 -0.1545
vn -0.9606 0.1966 -0.1966
vn -0.7355 0.5634 -0.3764
vn -0.8337 0.3904 -0.3904
vn -0.9606 0.1545 -0.2312
vn -0.7355 0.3764 -0.5634
vn -0.8337 0.3068 -0.4591
vn -0.7355 0.4791 -0.4791
vn -0.9606 0.1064 -0.2569
vn -0.8337 0.2113 -0.5101
vn -0.7355 0.2593 -0.6260
vn -0.9606 0.0543 -0.2727
vn -0.9982 0.0329 0.0493
vn -0.9942 0.0413 0.0997
vn -0.9942 0.0599 0.0897
vn -0.9942 0.0763 0.0763
vn -0.9982 0.0227 0.0548
vn -0.9942 0.0210 0.1058
vn -0.5548 0.5883 0.5883
vn -0.5548 0.6917 0.4622
vn -0.5548 0.6918 0.4622
vn -0.5548 0.7686 0.3184
vn -0.9982 -0.0493 0.0329
vn -0.9942 -0.0997 0.0413
vn -0.9942 -0.0897 0.0599
vn -0.9942 -0.0763 0.0763
vn -0.9982 -0.0419 0.0419
vn -0.9982 -0.0547 0.0227
vn -0.9982 -0.0581 0.0116
vn -0.9942 0.0413 -0.0997
vn -0.9982 0.0329 -0.0493
vn -0.9942 0.0599 -0.0897
vn -0.9982 0.0227 -0.0548
vn -0.9942 0.0210 -0.1058
vn -0.9982 0.0419 -0.0419
vn -0.9942 0.0763 -0.0763
vn -0.9942 -0.0413 -0.0997
vn -0.9982 -0.0329 -0.0493
vn -0.9982 -0.0227 -0.0548
vn -0.9942 -0.0763 -0.0763
vn -0.9982 -0.0419 -0.0419
vn -0.9942 -0.0599 -0.0897
vn -0.9942 0.0997 -0.0413
vn -0.9982 0.0581 -0.0116
vn -0.9942 0.1058 -0.0210
vn -0.9982 0.0493 -0.0329
vn -0.9982 0.0547 -0.0227
vn -0.9942 0.0897 -0.0599
vn -0.9982 -0.0000 -0.0593
vn -0.9942 -0.0000 -0.1079
vn -0.9942 -0.0210 -0.1058
vn -0.9982 -0.0116 -0.0582
vn -0.9982 0.0116 -0.0581
vn -0.9982 -0.0000 0.0593
vn -0.9942 -0.0000 0.1079
vn -0.9982 0.0116 0.0581
vn -0.9942 -0.0210 0.1058
vn -0.9942 -0.0599 0.0897
vn -0.9982 -0.0227 0.0548
vn -0.9982 -0.0329 0.0493
vn -0.9982 -0.0116 0.0581
vn -0.9942 -0.0413 0.0997
vn -0.9942 -0.0897 -0.0599
vn -0.9982 -0.0548 -0.0227
vn -0.9982 -0.0493 -0.0329
vn -0.9942 -0.0997 -0.0413
vn -0.9942 -0.1058 -0.0210
vn -0.9982 -0.0582 -0.0116
vn -0.9982 0.0548 0.0227
vn -0.9982 0.0493 0.0329
vn -0.9942 0.0997 0.0413
vn -0.9942 0.1058 0.0210
vn -0.9982 0.0582 0.0116
vn -0.9942 0.0897 0.0599
vn -0.9982 0.0419 0.0419
vn -0.9942 -0.1079 -0.0000
vn -0.9942 -0.1058 0.0210
vn -0.9982 -0.0593 -0.0000
vn -0.9942 0.1079 -0.0000
vn -0.9982 0.0593 -0.0000
vn -0.5548 -0.8160 -0.1623
vn -0.5548 -0.7686 -0.3184
vn -0.5548 0.4622 0.6917
vn -0.5548 0.4622 0.6918
vn -0.5548 0.3184 0.7686
vn -0.5548 -0.6918 -0.4622
vn -0.5548 -0.6917 -0.4622
vn -0.5548 -0.5883 -0.5883
vn -0.5548 0.1623 0.8160
vn -0.5548 -0.4622 -0.6917
vn -0.5548 -0.0000 0.8320
vn -0.5548 -0.0000 -0.8320
vn -0.5548 -0.1623 -0.8160
vn -0.5548 0.1623 -0.8160
vn -0.5548 0.3184 -0.7686
vn -0.5548 -0.4622 -0.6918
vn -0.5548 -0.3184 -0.7686
vn -0.5548 -0.1623 0.8160
vn -0.5548 0.4622 -0.6918
vn -0.5548 -0.3184 0.7686
vn -0.5548 0.4622 -0.6917
vn -0.5548 0.5883 -0.5883
vn -0.5548 0.6917 -0.4622
vn -0.5548 0.6918 -0.4622
vn -0.5548 0.7686 -0.3184
vn -0.5548 -0.4622 0.6918
vn -0.5548 -0.4622 0.6917
vn -0.5548 -0.5883 0.5883
vn -0.5548 0.8160 -0.1623
vn -0.5548 -0.6917 0.4622
vn -0.5548 0.8320 -0.0000
vn -0.5548 -0.6918 0.4622
vn -0.5548 -0.7686 0.3184
vn -0.5548 -0.8160 0.1623
vn -0.5548 0.8160 0.1623
vn -0.5548 -0.8320 -0.0000
vn -0.9982 -0.0592 -0.0000
vn -1.0000 -0.0040 -0.0000
vn -1.0000 -0.0040 -0.0008
vn -0.9982 -0.0581 -0.0116
vn -1.0000 -0.0040 0.0008
vn -1.0000 -0.0037 -0.0015
vn -0.9982 -0.0547 -0.0227
vn -1.0000 -0.0000 0.0040
vn -1.0000 -0.0008 0.0040
vn -1.0000 -0.0015 0.0038
vn -0.9982 -0.0000 0.0592
vn -1.0000 0.0007 0.0040
vn -1.0000 0.0034 0.0022
vn -1.0000 0.0029 0.0029
vn -0.9982 0.0547 0.0227
vn -1.0000 0.0022 0.0034
vn -1.0000 0.0022 -0.0034
vn -1.0000 0.0029 -0.0029
vn -1.0000 0.0015 -0.0037
vn -0.9982 0.0581 0.0116
vn -0.9982 0.0592 -0.0000
vn -1.0000 0.0040 0.0008
vn -1.0000 0.0040 -0.0008
vn -1.0000 0.0040 -0.0000
vn -1.0000 -0.0034 -0.0022
vn -1.0000 -0.0029 -0.0029
vn -1.0000 -0.0037 0.0015
vn -1.0000 0.0015 0.0037
vn -0.9982 0.0227 0.0547
vn -1.0000 0.0012 0.0039
vn -1.0000 -0.0022 0.0034
vn -1.0000 -0.0029 0.0029
vn -1.0000 0.0037 0.0015
vn -1.0000 0.0012 -0.0039
vn -0.9982 0.0227 -0.0547
vn -1.0000 0.0034 -0.0022
vn -1.0000 0.0037 -0.0015
vn -0.9982 -0.0116 -0.0581
vn -1.0000 -0.0008 -0.0040
vn -1.0000 -0.0015 -0.0038
vn -0.9982 0.0329 0.0492
vn -1.0000 -0.0034 0.0022
vn -0.9982 -0.0000 -0.0592
vn -1.0000 -0.0000 -0.0040
vn -1.0000 -0.0022 -0.0034
vn -1.0000 0.0007 -0.0040
vn -1.0000 -0.0019 -0.0036
vn -0.5422 -0.8402 -0.0000
vn -0.5422 -0.8241 -0.1639
vn -0.5422 -0.8241 0.1639
vn -0.5422 -0.7763 -0.3215
vn -0.5423 -0.7763 -0.3215
vn -0.5422 0.5941 0.5941
vn -0.5423 0.5941 0.5941
vn -0.5422 0.6986 0.4668
vn -0.5422 0.7763 0.3215
vn -0.5422 0.4668 0.6986
vn -0.5422 0.3215 0.7763
vn -0.5422 -0.7763 -0.3216
vn -0.5422 -0.6986 -0.4668
vn -0.5422 -0.5941 -0.5941
vn -0.5422 0.1639 0.8241
vn -0.5422 -0.4668 -0.6986
vn -0.5422 -0.0000 0.8402
vn -0.5422 -0.0000 -0.8402
vn -0.5422 -0.1639 -0.8241
vn -0.5422 0.1639 -0.8241
vn -0.5422 0.3215 -0.7763
vn -0.5422 -0.3215 -0.7763
vn -0.5422 -0.1639 0.8241
vn -0.5422 0.4668 -0.6986
vn -0.5423 0.4668 -0.6986
vn -0.5422 -0.3215 0.7763
vn -0.5423 -0.3215 0.7763
vn -0.5422 0.5941 -0.5941
vn -0.5423 0.5941 -0.5941
vn -0.5422 0.6986 -0.4668
vn -0.5422 0.7763 -0.3215
vn -0.5422 -0.3216 0.7763
vn -0.5422 -0.4668 0.6986
vn -0.5422 -0.5941 0.5941
vn -0.5422 0.8241 -0.1639
vn -0.5422 -0.6986 0.4668
vn -0.5422 0.8402 -0.0000
vn -0.5422 -0.7763 0.3215
vn -0.5422 0.8241 0.1639
vn 0.7957 0.5139 -0.3206
vn 0.7090 0.5310 -0.4641
vn 0.6477 0.6468 -0.4026
vn 0.8214 0.5703 -0.0015
vn 0.5345 0.6508 -0.5392
vn 0.7286 0.5286 -0.4355
vn 0.8214 0.5703 -0.0014
vn 0.6807 0.5870 0.4382
vn 0.7941 0.4363 0.4232
vn 0.6013 0.5328 -0.5955
vn 0.4390 0.7748 -0.4549
vn 0.5735 0.7536 -0.3211
vn 0.7266 0.6867 0.0224
vn 0.8214 0.5704 -0.0014
vn 0.8865 0.2932 0.3580
vn 0.7143 0.3952 0.5776
vn 0.8357 0.2105 0.5073
vn 0.8848 0.2899 0.3647
vn 0.9095 0.3694 0.1907
vn 0.9094 0.3692 0.1918
vn 0.6682 0.4581 0.5862
vn 0.8382 0.2140 0.5016
vn 0.7266 0.6866 0.0225
vn 0.5629 0.5501 0.6169
vn 0.7142 0.3953 0.5776
vn 0.7940 0.4364 0.4232
vn 0.4570 0.6419 0.6157
vn 0.6807 0.5870 0.4383
vn -0.6408 0.0394 -0.7667
vn -0.6339 0.0303 -0.7728
vn -0.6359 0.0282 -0.7712
vn -0.6385 0.0407 -0.7685
vn -0.6453 0.0500 -0.7623
vn -0.6319 0.0335 -0.7744
vn -0.7488 0.5616 -0.3521
vn -0.7153 0.6646 -0.2161
vn -0.7482 0.5643 -0.3489
vn -0.7558 0.5213 -0.3963
vn -0.7557 0.5213 -0.3964
vn -0.2833 0.7532 -0.5936
vn -0.2834 0.7532 -0.5936
vn -0.1892 0.3129 -0.9307
vn -0.1888 0.3034 -0.9340
vn -0.1892 0.3150 -0.9300
vn 0.4615 -0.8328 -0.3057
vn 0.4543 -0.8336 -0.3142
vn 0.6158 -0.7669 -0.1809
vn 0.5792 -0.7873 -0.2115
vn 0.6461 -0.7481 -0.1514
vn 0.6511 -0.7450 -0.1451
vn 0.7545 -0.5884 -0.2907
vn 0.7062 -0.6770 -0.2070
vn 0.8356 0.2104 0.5074
vn 0.8387 0.2146 0.5006
vn 0.0679 -0.6980 -0.7129
vn 0.1891 -0.5194 -0.8334
vn 0.2718 -0.5536 -0.7872
vn 0.0588 -0.7686 -0.6370
vn 0.0039 -0.6472 -0.7623
vn 0.1659 -0.8381 -0.5196
vn -0.0247 -0.7078 -0.7060
vn 0.1276 -0.7963 -0.5913
vn 0.0480 -0.7479 -0.6620
vn -0.6429 0.0507 -0.7642
vn -0.6357 0.0420 -0.7708
vn -0.1895 0.3244 -0.9267
vn 0.5552 -0.3036 -0.7743
vn 0.6235 -0.2853 -0.7279
vn 0.7750 -0.4215 -0.4708
vn 0.6236 -0.2853 -0.7278
vn 0.5553 -0.3036 -0.7743
vn 0.7533 -0.3533 -0.5547
vn 0.4542 -0.8336 -0.3143
vn 0.2956 -0.8531 -0.4299
vn 0.2281 -0.8481 -0.4783
vn 0.4614 -0.8328 -0.3058
vn 0.1970 -0.8571 -0.4760
vn 0.2058 -0.8216 -0.5316
vn 0.1941 -0.8322 -0.5195
vn 0.1810 -0.7954 -0.5784
vn -0.6198 0.7843 0.0290
vn -0.6315 0.7753 -0.0096
vn -0.5486 0.8231 0.1470
vn -0.3720 0.8586 0.3527
vn -0.5014 0.8319 0.2378
vn -0.5285 0.8320 0.1684
vn -0.3811 0.8561 0.3491
vn -0.6198 0.7842 0.0290
vn -0.6326 0.0365 -0.7736
vn -0.6392 0.0500 -0.7674
vn -0.6346 0.0411 -0.7717
vn -0.6351 0.0419 -0.7713
vn 0.2731 -0.7647 -0.5836
vn 0.2024 -0.7551 -0.6236
vn -0.3780 0.9181 0.1194
vn -0.1972 0.9502 0.2413
vn -0.0883 0.9118 0.4011
vn 0.1906 0.9541 0.2311
vn -0.1990 0.9799 -0.0154
vn -0.2424 0.8599 0.4493
vn -0.0329 0.9951 0.0927
vn -0.3923 0.8530 0.3443
vn -0.2928 0.8603 0.4172
vn -0.0507 0.8562 0.5142
vn 0.1336 -0.7889 -0.5998
vn 0.2621 -0.8349 -0.4839
vn 0.1967 -0.8131 -0.5478
vn -0.6365 0.0454 -0.7699
vn -0.6344 0.0403 -0.7720
vn 0.6015 0.5338 -0.5943
vn 0.7955 0.5137 -0.3213
vn 0.2082 -0.7493 -0.6287
vn 0.3297 -0.7764 -0.5372
vn 0.0880 -0.6952 -0.7134
vn 0.3841 -0.7852 -0.4857
vn 0.2735 -0.7605 -0.5890
vn -0.0061 -0.6418 -0.7668
vn 0.3931 -0.7885 -0.4729
vn 0.2908 -0.7823 -0.5508
vn 0.4119 -0.7952 -0.4449
vn 0.3635 -0.7829 -0.5049
vn 0.4276 -0.7889 -0.4413
vn -0.4879 0.8456 0.2165
vn -0.4777 0.8464 0.2356
vn -0.4540 0.8498 0.2677
vn -0.5291 0.8343 0.1548
vn -0.5497 0.8265 0.1212
vn -0.5031 0.8413 0.1979
vn -0.6429 0.0371 -0.7650
vn -0.6382 0.0269 -0.7694
vn -0.6475 0.0473 -0.7606
vn -0.4167 0.8321 0.3661
vn -0.4540 0.8498 0.2678
vn -0.4083 0.8312 0.3775
vn -0.4390 0.8506 0.2894
vn -0.4003 0.8068 0.4346
vn -0.4246 0.8066 0.4112
vn -0.4274 0.8162 0.3887
vn -0.4231 0.8305 0.3623
vn -0.4142 0.8378 0.3556
vn -0.3791 0.8034 0.4592
vn 0.0611 -0.6945 -0.7169
vn 0.1842 -0.7583 -0.6253
vn 0.2081 -0.7493 -0.6287
vn 0.0879 -0.6951 -0.7135
vn -0.1041 -0.5895 -0.8011
vn -0.0062 -0.6418 -0.7668
vn -0.1828 -0.5276 -0.8296
vn 0.3549 -0.8614 0.3633
vn 0.3777 -0.8369 0.3962
vn 0.2679 -0.9300 0.2517
vn 0.3126 -0.9003 0.3029
vn 0.2029 -0.9586 0.2000
vn 0.1895 -0.9684 0.1620
vn 0.2294 -0.9710 0.0679
vn -0.2179 -0.4477 0.8672
vn -0.0166 -0.3727 0.9278
vn -0.2179 -0.4477 0.8673
vn 0.0793 -0.3306 0.9404
vn -0.3768 0.2703 0.8860
vn -0.2087 0.2423 0.9475
vn -0.2846 0.2598 0.9228
vn -0.1512 0.2281 0.9618
vn -0.4678 0.2642 0.8434
vn -0.5089 0.2867 0.8117
vn -0.1513 0.2281 0.9618
vn 0.8271 0.1990 0.5257
vn 0.8175 0.1868 0.5449
vn 0.8270 0.1990 0.5258
vn 0.8271 0.1991 0.5256
vn 0.8374 0.2129 0.5034
vn -0.3514 0.7926 0.4984
vn -0.4338 0.6222 0.6517
vn -0.2791 0.8024 0.5275
vn -0.4098 0.8440 0.3460
vn -0.4794 0.6571 0.5817
vn -0.1657 0.8672 0.4696
vn -0.2702 0.8674 0.4178
vn -0.4050 0.8493 0.3386
vn -0.0375 0.8570 0.5140
vn -0.1896 0.8703 0.4546
vn -0.4207 0.8348 0.3552
vn -0.2234 -0.4494 0.8649
vn -0.0989 -0.4056 0.9087
vn 0.5395 -0.8080 -0.2367
vn 0.4370 -0.8695 -0.2301
vn 0.4646 -0.8337 -0.2984
vn 0.3660 -0.9269 -0.0833
vn 0.3449 -0.9230 -0.1705
vn 0.4855 -0.8530 -0.1916
vn 0.3863 -0.8398 -0.3814
vn 0.3639 -0.8515 -0.3776
vn 0.4638 -0.8331 -0.3013
vn 0.5534 -0.8003 -0.2309
vn 0.4070 -0.8163 -0.4098
vn -0.6324 0.0342 -0.7739
vn -0.6398 0.0397 -0.7675
vn -0.6356 0.0415 -0.7709
vn -0.6440 0.0490 -0.7635
vn -0.6352 0.0297 -0.7717
vn -0.6385 0.0479 -0.7682
vn -0.6339 0.0391 -0.7725
vn 0.2255 -0.8218 -0.5233
vn 0.3090 -0.8303 -0.4638
vn 0.2406 -0.8146 -0.5277
vn 0.2880 -0.8391 -0.4615
vn 0.3183 -0.8082 -0.4955
vn 0.2374 -0.7934 -0.5605
vn -0.4346 0.8479 0.3036
vn -0.4010 0.8506 0.3402
vn -0.4463 0.8470 0.2887
vn -0.4815 0.8422 0.2427
vn -0.4337 0.8491 0.3015
vn -0.4697 0.8458 0.2531
vn -0.4518 0.8476 0.2783
vn -0.4516 0.8486 0.2754
vn 0.3091 -0.8303 -0.4637
vn 0.2622 -0.8349 -0.4839
vn 0.3426 -0.8529 -0.3938
vn 0.3863 -0.8398 -0.3815
vn 0.4319 -0.8030 -0.4107
vn -0.3321 -0.4816 0.8111
vn -0.2234 -0.4495 0.8649
vn -0.2180 -0.4477 0.8672
vn -0.4795 0.6570 0.5818
vn -0.5230 0.3863 0.7598
vn -0.4339 0.6221 0.6517
vn -0.4618 0.8495 0.2551
vn 0.3450 -0.9230 -0.1705
vn 0.1991 0.7883 0.5822
vn -0.0506 0.8562 0.5142
vn -0.5485 0.8231 0.1470
vn 0.2622 -0.8350 -0.4839
vn 0.6996 -0.5139 -0.4964
vn 0.5367 -0.6468 -0.5419
vn 0.5820 -0.5311 -0.6158
vn 0.7987 -0.5703 -0.1919
vn 0.7120 -0.6866 -0.1467
vn 0.4834 -0.7536 -0.4453
vn 0.8706 -0.4363 0.2275
vn 0.3949 -0.6508 -0.6485
vn 0.3215 -0.7748 -0.5443
vn 0.4468 -0.5327 -0.7188
vn 0.4833 -0.7536 -0.4454
vn 0.4473 -0.5338 -0.7177
vn 0.6077 -0.5288 -0.5926
vn 0.9454 -0.2932 0.1426
vn 0.9289 -0.3694 -0.0255
vn 0.9453 -0.2899 0.1495
vn 0.8287 -0.3952 0.3962
vn 0.9305 -0.2105 0.2997
vn 0.6906 -0.5501 0.4696
vn 0.7638 -0.5870 0.2684
vn 0.9305 -0.2104 0.2997
vn 0.7860 -0.4581 0.4152
vn 0.9317 -0.2140 0.2935
vn 0.9290 -0.3692 -0.0243
vn -0.8012 -0.0397 -0.5971
vn -0.7994 -0.0407 -0.5995
vn -0.8045 -0.0499 -0.5918
vn -0.7959 -0.0303 -0.6047
vn -0.7975 -0.0282 -0.6027
vn -0.7943 -0.0336 -0.6066
vn -0.7971 -0.0420 -0.6023
vn -0.3999 -0.3129 -0.8615
vn -0.3998 -0.3150 -0.8608
vn -0.4004 -0.3033 -0.8647
vn -0.3993 -0.3244 -0.8575
vn -0.4004 -0.3034 -0.8647
vn -0.4133 -0.7532 -0.5117
vn -0.8271 -0.5213 -0.2102
vn -0.8100 -0.5616 -0.1688
vn -0.8087 -0.5643 -0.1658
vn -0.7459 -0.6646 -0.0443
vn 0.5144 0.7873 -0.3401
vn 0.5570 0.7669 -0.3188
vn 0.3779 0.8328 -0.4045
vn 0.3690 0.8336 -0.4111
vn 0.5933 0.7481 -0.2971
vn 0.5996 0.7450 -0.2922
vn 0.0812 0.8571 -0.5087
vn 0.1109 0.8481 -0.5181
vn 0.1878 0.8531 -0.4868
vn 0.9319 -0.2146 0.2924
vn -0.1730 0.6472 -0.7424
vn -0.1878 0.7078 -0.6810
vn -0.0906 0.7687 -0.6332
vn -0.0993 0.6980 -0.7092
vn -0.0130 0.7963 -0.6048
vn 0.0418 0.7954 -0.6046
vn 0.0818 0.5536 -0.8288
vn 0.0409 0.8381 -0.5440
vn -0.0094 0.5193 -0.8545
vn -0.1730 0.6472 -0.7425
vn 0.0818 0.5535 -0.8288
vn -0.8027 -0.0506 -0.5943
vn -0.7998 -0.0500 -0.5982
vn 0.6665 0.5884 -0.4578
vn 0.6389 0.6771 -0.3652
vn 0.6665 0.5883 -0.4578
vn 0.6447 0.4215 -0.6377
vn 0.6041 0.3533 -0.7143
vn 0.6390 0.6770 -0.3652
vn 0.0768 0.8216 -0.5648
vn 0.0683 0.8322 -0.5503
vn -0.1068 0.7479 -0.6551
vn -0.5962 -0.7842 0.1719
vn -0.6165 -0.7753 0.1371
vn -0.4995 -0.8231 0.2702
vn -0.7963 -0.0411 -0.6035
vn -0.7948 -0.0365 -0.6058
vn -0.7966 -0.0415 -0.6031
vn -0.7962 -0.0406 -0.6036
vn 0.1303 0.7647 -0.6310
vn 0.0522 0.7551 -0.6536
vn -0.4326 -0.8319 0.3476
vn -0.3400 -0.9181 0.2038
vn -0.1359 -0.9502 0.2805
vn -0.1972 -0.9799 0.0312
vn -0.0105 -0.9951 0.0978
vn -0.2801 -0.8586 0.4294
vn 0.0071 -0.9118 0.4106
vn -0.1316 -0.8599 0.4933
vn -0.5961 -0.7843 0.1720
vn 0.2390 -0.9541 0.1806
vn -0.3018 -0.8530 0.4259
vn -0.1881 -0.8603 0.4738
vn 0.0700 -0.8562 0.5120
vn -0.2897 -0.8561 0.4280
vn -0.4995 -0.8231 0.2703
vn -0.4751 -0.8320 0.2864
vn -0.0091 0.7889 -0.6144
vn 0.1427 0.8349 -0.5315
vn -0.7978 -0.0455 -0.6012
vn -0.7957 -0.0391 -0.6044
vn 0.3605 0.3036 -0.8820
vn 0.6041 0.3532 -0.7143
vn 0.4377 0.2852 -0.8527
vn 0.6077 -0.5288 -0.5925
vn 0.6993 -0.5136 -0.4971
vn 0.0566 0.7493 -0.6598
vn -0.0799 0.6952 -0.7144
vn 0.1961 0.7764 -0.5990
vn 0.2609 0.7852 -0.5616
vn 0.1294 0.7605 -0.6363
vn 0.2364 0.7829 -0.5754
vn 0.1551 0.7823 -0.6032
vn 0.2727 0.7885 -0.5512
vn 0.3135 0.7889 -0.5285
vn -0.1839 0.6418 -0.7445
vn -0.4244 -0.8456 0.3237
vn -0.4100 -0.8464 0.3399
vn -0.4787 -0.8343 0.2733
vn -0.3900 -0.8495 0.3552
vn -0.3796 -0.8498 0.3658
vn -0.4435 -0.8412 0.3092
vn -0.5066 -0.8265 0.2455
vn -0.8028 -0.0371 -0.5950
vn -0.8063 -0.0473 -0.5896
vn -0.7993 -0.0269 -0.6004
vn -0.8028 -0.0371 -0.5951
vn -0.8063 -0.0472 -0.5897
vn -0.2885 -0.8068 0.5157
vn -0.2623 -0.8034 0.5346
vn -0.3096 -0.8312 0.4619
vn -0.3204 -0.8321 0.4527
vn -0.3178 -0.8066 0.4985
vn -0.3599 -0.8506 0.3834
vn -0.3276 -0.8305 0.4505
vn -0.3204 -0.8378 0.4420
vn -0.4100 -0.8464 0.3400
vn -0.4435 -0.8413 0.3092
vn -0.3795 -0.8498 0.3658
vn -0.2870 0.5895 -0.7551
vn -0.3702 0.5276 -0.7646
vn -0.0800 0.6951 -0.7144
vn -0.1069 0.6945 -0.7115
vn -0.2871 0.5895 -0.7551
vn 0.0566 0.7493 -0.6599
vn 0.3743 0.9003 0.2221
vn 0.3189 0.9300 0.1827
vn 0.4295 0.8614 0.2711
vn 0.2437 0.9586 0.1475
vn 0.2219 0.9684 0.1136
vn 0.4593 0.8369 0.2978
vn 0.2953 0.3307 0.8964
vn 0.1991 0.3727 0.9063
vn -0.0108 0.4477 0.8941
vn 0.2953 0.3306 0.8964
vn -0.1349 0.4816 0.8660
vn 0.0168 -0.2423 0.9701
vn 0.0760 -0.2281 0.9707
vn -0.0628 -0.2598 0.9636
vn -0.1610 -0.2703 0.9492
vn -0.2594 -0.2642 0.9289
vn -0.3067 -0.2867 0.9076
vn -0.3325 -0.3863 0.8604
vn 0.9264 -0.1990 0.3195
vn 0.9216 -0.1868 0.3404
vn 0.9264 -0.1990 0.3196
vn 0.9314 -0.2129 0.2954
vn 0.9265 -0.1991 0.3194
vn 0.9313 -0.2129 0.2954
vn -0.0167 0.4494 0.8932
vn 0.1146 0.4056 0.9068
vn 0.1145 0.4056 0.9068
vn -0.2261 -0.7925 0.5663
vn -0.2708 -0.6222 0.7346
vn -0.3314 -0.6570 0.6771
vn -0.0523 -0.8672 0.4952
vn -0.1492 -0.8024 0.5779
vn -0.3325 -0.3863 0.8603
vn -0.3268 -0.8348 0.4431
vn -0.3183 -0.8440 0.4316
vn -0.1659 -0.8674 0.4691
vn -0.0790 -0.8703 0.4862
vn 0.0828 -0.8570 0.5087
vn 0.3717 0.8695 -0.3252
vn 0.4699 0.8080 -0.3554
vn 0.3827 0.8337 -0.3980
vn 0.3367 0.9269 -0.1659
vn 0.4278 0.8530 -0.2990
vn 0.2874 0.8398 -0.4605
vn 0.2960 0.9230 -0.2459
vn 0.4848 0.8002 -0.3530
vn 0.3813 0.8331 -0.4008
vn 0.2664 0.8515 -0.4518
vn 0.3009 0.8163 -0.4930
vn 0.3248 0.8030 -0.4996
vn -0.7947 -0.0343 -0.6060
vn -0.7971 -0.0415 -0.6024
vn -0.8003 -0.0394 -0.5983
vn -0.7970 -0.0299 -0.6033
vn -0.8035 -0.0490 -0.5933
vn 0.1009 0.7934 -0.6003
vn 0.1946 0.8082 -0.5559
vn 0.1117 0.8146 -0.5692
vn 0.1930 0.8303 -0.5228
vn 0.0980 0.8218 -0.5613
vn 0.1731 0.8391 -0.5158
vn -0.3154 -0.8493 0.4232
vn -0.3523 -0.8479 0.3961
vn -0.3672 -0.8470 0.3844
vn -0.3256 -0.8162 0.4772
vn -0.3519 -0.8491 0.3939
vn -0.3111 -0.8506 0.4240
vn -0.4120 -0.8422 0.3478
vn -0.3750 -0.8476 0.3755
vn -0.3982 -0.8458 0.3551
vn -0.3753 -0.8487 0.3727
vn -0.7993 -0.0479 -0.5991
vn 0.1931 0.8303 -0.5228
vn 0.1731 0.8391 -0.5157
vn 0.2420 0.8529 -0.4626
vn 0.1428 0.8350 -0.5315
vn 0.1947 0.8082 -0.5558
vn 0.2975 0.7952 -0.5283
vn 0.2389 0.9710 0.0128
vn 0.0341 0.7583 -0.6510
vn 0.0642 0.8131 -0.5785
vn 0.3287 -0.7883 0.5201
vn 0.0700 -0.8562 0.5119
vn 0.9313 -0.2128 0.2955
vn 0.5874 -0.6419 0.4929
vn 0.8287 -0.3953 0.3962
vn 0.7859 -0.4581 0.4152
vn 0.0769 0.8216 -0.5648
vn -0.7957 0.5140 -0.3206
vn -0.6477 0.6468 -0.4026
vn -0.7090 0.5311 -0.4640
vn -0.7285 0.5288 -0.4354
vn -0.7956 0.5136 -0.3214
vn -0.8214 0.5703 -0.0015
vn -0.5345 0.6508 -0.5392
vn -0.6013 0.5328 -0.5954
vn -0.8214 0.5704 -0.0013
vn -0.6807 0.5870 0.4382
vn -0.7266 0.6866 0.0225
vn -0.4390 0.7748 -0.4549
vn -0.8214 0.5704 -0.0014
vn -0.7266 0.6866 0.0224
vn -0.5735 0.7536 -0.3211
vn -0.8864 0.2938 0.3578
vn -0.7143 0.3952 0.5776
vn -0.7941 0.4363 0.4232
vn -0.9095 0.3695 0.1907
vn -0.8848 0.2900 0.3647
vn -0.8357 0.2105 0.5073
vn -0.9093 0.3692 0.1918
vn -0.8382 0.2140 0.5016
vn -0.6682 0.4581 0.5862
vn -0.5629 0.5501 0.6169
vn -0.7940 0.4364 0.4232
vn -0.7142 0.3953 0.5776
vn -0.6807 0.5870 0.4383
vn -0.4570 0.6419 0.6157
vn 0.6339 0.0303 -0.7728
vn 0.6407 0.0391 -0.7668
vn 0.6359 0.0282 -0.7712
vn 0.6320 0.0337 -0.7743
vn 0.6385 0.0407 -0.7685
vn 0.6453 0.0499 -0.7623
vn 0.7558 0.5213 -0.3963
vn 0.7488 0.5616 -0.3521
vn 0.7557 0.5213 -0.3964
vn 0.7482 0.5643 -0.3489
vn 0.7153 0.6646 -0.2161
vn 0.2833 0.7532 -0.5936
vn 0.2834 0.7532 -0.5936
vn 0.1888 0.3034 -0.9340
vn 0.1892 0.3129 -0.9308
vn 0.1892 0.3150 -0.9301
vn 0.1889 0.3034 -0.9340
vn 0.1895 0.3244 -0.9268
vn 0.1895 0.3244 -0.9267
vn -0.4543 -0.8336 -0.3142
vn -0.4615 -0.8328 -0.3057
vn -0.6158 -0.7669 -0.1809
vn -0.5792 -0.7873 -0.2115
vn -0.6461 -0.7481 -0.1514
vn -0.6511 -0.7450 -0.1451
vn -0.8387 0.2146 0.5006
vn -0.8356 0.2104 0.5074
vn -0.0039 -0.6472 -0.7623
vn -0.0588 -0.7687 -0.6369
vn -0.0679 -0.6980 -0.7129
vn 0.0247 -0.7078 -0.7060
vn -0.1276 -0.7963 -0.5913
vn -0.1891 -0.5194 -0.8334
vn -0.1659 -0.8381 -0.5196
vn -0.1810 -0.7954 -0.5784
vn 0.6429 0.0507 -0.7642
vn 0.6356 0.0417 -0.7709
vn 0.6392 0.0500 -0.7674
vn -0.2718 -0.5536 -0.7872
vn -0.6235 -0.2853 -0.7279
vn -0.5552 -0.3036 -0.7743
vn -0.2024 -0.7551 -0.6236
vn -0.7545 -0.5884 -0.2907
vn -0.7062 -0.6770 -0.2070
vn -0.7750 -0.4215 -0.4708
vn -0.7533 -0.3533 -0.5547
vn -0.6236 -0.2853 -0.7278
vn -0.2956 -0.8531 -0.4299
vn -0.4543 -0.8336 -0.3143
vn -0.2281 -0.8481 -0.4783
vn -0.4614 -0.8328 -0.3058
vn -0.1970 -0.8571 -0.4760
vn -0.2058 -0.8216 -0.5316
vn -0.0480 -0.7479 -0.6620
vn -0.1941 -0.8322 -0.5195
vn 0.6198 0.7843 0.0290
vn 0.6315 0.7753 -0.0096
vn 0.3720 0.8586 0.3527
vn 0.3811 0.8561 0.3491
vn 0.5486 0.8231 0.1470
vn 0.5285 0.8320 0.1684
vn 0.6198 0.7842 0.0290
vn 0.6326 0.0365 -0.7736
vn 0.6346 0.0411 -0.7717
vn 0.6349 0.0415 -0.7714
vn -0.2731 -0.7647 -0.5836
vn 0.3780 0.9181 0.1194
vn 0.1972 0.9502 0.2413
vn 0.5014 0.8319 0.2378
vn 0.1990 0.9799 -0.0154
vn 0.0329 0.9951 0.0927
vn -0.1906 0.9541 0.2311
vn 0.0883 0.9118 0.4011
vn 0.2424 0.8599 0.4493
vn 0.2928 0.8603 0.4172
vn 0.3923 0.8530 0.3443
vn 0.0507 0.8562 0.5142
vn -0.1336 -0.7889 -0.5998
vn -0.2621 -0.8349 -0.4839
vn 0.6365 0.0453 -0.7699
vn 0.6345 0.0406 -0.7718
vn 0.6339 0.0392 -0.7724
vn -0.5553 -0.3036 -0.7743
vn -0.6015 0.5338 -0.5943
vn -0.3840 -0.7852 -0.4857
vn -0.3932 -0.7885 -0.4729
vn -0.4277 -0.7889 -0.4413
vn -0.2082 -0.7493 -0.6287
vn -0.3297 -0.7764 -0.5372
vn -0.2908 -0.7823 -0.5508
vn -0.0880 -0.6952 -0.7134
vn -0.2735 -0.7605 -0.5890
vn -0.3635 -0.7829 -0.5049
vn 0.0061 -0.6418 -0.7668
vn 0.4879 0.8456 0.2165
vn 0.4777 0.8464 0.2356
vn 0.5291 0.8343 0.1548
vn 0.4540 0.8498 0.2677
vn 0.5031 0.8412 0.1979
vn 0.5497 0.8265 0.1212
vn 0.6429 0.0371 -0.7650
vn 0.6475 0.0473 -0.7606
vn 0.6382 0.0269 -0.7694
vn 0.4003 0.8067 0.4347
vn 0.4166 0.8321 0.3661
vn 0.4246 0.8066 0.4112
vn 0.3791 0.8034 0.4592
vn 0.4082 0.8312 0.3775
vn 0.4390 0.8506 0.2894
vn 0.4231 0.8305 0.3623
vn 0.4142 0.8378 0.3556
vn 0.4540 0.8498 0.2678
vn 0.5031 0.8413 0.1979
vn -0.0611 -0.6945 -0.7169
vn -0.0879 -0.6951 -0.7135
vn -0.2081 -0.7493 -0.6287
vn 0.1041 -0.5895 -0.8011
vn 0.1828 -0.5276 -0.8296
vn 0.0062 -0.6418 -0.7668
vn -0.2679 -0.9300 0.2517
vn -0.3549 -0.8614 0.3633
vn -0.3126 -0.9003 0.3029
vn -0.3777 -0.8369 0.3962
vn -0.2029 -0.9586 0.2000
vn -0.1895 -0.9684 0.1620
vn 0.2179 -0.4477 0.8673
vn 0.0166 -0.3727 0.9278
vn 0.2179 -0.4477 0.8672
vn -0.0793 -0.3307 0.9404
vn -0.0793 -0.3306 0.9404
vn 0.2087 0.2423 0.9475
vn 0.1512 0.2281 0.9618
vn 0.3768 0.2703 0.8860
vn 0.2846 0.2598 0.9228
vn 0.4678 0.2642 0.8434
vn 0.5089 0.2867 0.8117
vn 0.5230 0.3863 0.7598
vn -0.8271 0.1990 0.5257
vn -0.8175 0.1868 0.5449
vn -0.8270 0.1990 0.5258
vn -0.8271 0.1991 0.5256
vn -0.8374 0.2129 0.5034
vn 0.1657 0.8672 0.4696
vn 0.3513 0.7926 0.4984
vn 0.2702 0.8674 0.4178
vn 0.2791 0.8024 0.5275
vn 0.1896 0.8703 0.4546
vn 0.0375 0.8570 0.5140
vn 0.4098 0.8440 0.3460
vn 0.4050 0.8493 0.3386
vn 0.4338 0.6222 0.6517
vn 0.3514 0.7925 0.4985
vn 0.2792 0.8023 0.5275
vn 0.4795 0.6570 0.5818
vn 0.2234 -0.4494 0.8649
vn 0.0989 -0.4056 0.9087
vn -0.4370 -0.8695 -0.2301
vn -0.3660 -0.9269 -0.0833
vn -0.4855 -0.8530 -0.1916
vn -0.5395 -0.8080 -0.2367
vn -0.4646 -0.8337 -0.2984
vn -0.3863 -0.8398 -0.3814
vn -0.3449 -0.9230 -0.1705
vn -0.3639 -0.8514 -0.3776
vn -0.2294 -0.9710 0.0679
vn 0.6396 0.0393 -0.7677
vn 0.6352 0.0297 -0.7717
vn 0.6325 0.0344 -0.7738
vn 0.6355 0.0412 -0.7710
vn 0.6439 0.0490 -0.7635
vn -0.2255 -0.8218 -0.5233
vn -0.3090 -0.8303 -0.4638
vn -0.2880 -0.8391 -0.4615
vn -0.2406 -0.8146 -0.5277
vn -0.3183 -0.8082 -0.4955
vn -0.1966 -0.8131 -0.5479
vn -0.2374 -0.7934 -0.5605
vn 0.4795 0.6571 0.5817
vn 0.4346 0.8479 0.3036
vn 0.4463 0.8470 0.2887
vn 0.4207 0.8348 0.3552
vn 0.4337 0.8491 0.3015
vn 0.4815 0.8422 0.2427
vn 0.4010 0.8506 0.3402
vn 0.4274 0.8162 0.3887
vn 0.4518 0.8476 0.2783
vn 0.4697 0.8458 0.2530
vn 0.4516 0.8486 0.2754
vn 0.6385 0.0479 -0.7681
vn 0.4618 0.8495 0.2551
vn -0.3091 -0.8303 -0.4637
vn -0.4639 -0.8331 -0.3014
vn -0.3427 -0.8529 -0.3938
vn -0.4070 -0.8163 -0.4098
vn -0.3863 -0.8398 -0.3815
vn -0.4119 -0.7952 -0.4449
vn 0.3321 -0.4816 0.8111
vn 0.2180 -0.4477 0.8672
vn 0.2234 -0.4495 0.8649
vn -0.1842 -0.7583 -0.6253
vn -0.4319 -0.8030 -0.4107
vn -0.3450 -0.9230 -0.1705
vn -0.1991 0.7883 0.5822
vn 0.0506 0.8562 0.5142
vn 0.5485 0.8231 0.1470
vn -0.3426 -0.8529 -0.3938
vn -0.2622 -0.8350 -0.4839
vn -0.3639 -0.8514 -0.3777
vn -0.5536 -0.8002 -0.2309
vn -0.6994 -0.5144 -0.4962
vn -0.5821 -0.5311 -0.6158
vn -0.5367 -0.6468 -0.5419
vn -0.7987 -0.5703 -0.1919
vn -0.6077 -0.5288 -0.5925
vn -0.7120 -0.6866 -0.1467
vn -0.4834 -0.7536 -0.4454
vn -0.3215 -0.7748 -0.5443
vn -0.3949 -0.6508 -0.6485
vn -0.5820 -0.5311 -0.6158
vn -0.4467 -0.5328 -0.7187
vn -0.4833 -0.7536 -0.4454
vn -0.4473 -0.5338 -0.7177
vn -0.9453 -0.2934 0.1425
vn -0.8287 -0.3952 0.3962
vn -0.9305 -0.2105 0.2997
vn -0.9453 -0.2900 0.1495
vn -0.9290 -0.3693 -0.0255
vn -0.9290 -0.3692 -0.0243
vn -0.8706 -0.4364 0.2274
vn -0.6906 -0.5501 0.4696
vn -0.7860 -0.4581 0.4152
vn -0.9317 -0.2140 0.2935
vn -0.7638 -0.5870 0.2684
vn 0.8012 -0.0397 -0.5971
vn 0.7959 -0.0303 -0.6047
vn 0.7975 -0.0282 -0.6027
vn 0.7994 -0.0407 -0.5995
vn 0.7943 -0.0336 -0.6066
vn 0.7971 -0.0420 -0.6023
vn 0.4005 -0.3032 -0.8647
vn 0.4004 -0.3034 -0.8647
vn 0.3998 -0.3150 -0.8608
vn 0.3999 -0.3129 -0.8615
vn 0.3993 -0.3244 -0.8575
vn 0.4133 -0.7532 -0.5117
vn 0.8100 -0.5616 -0.1687
vn 0.7459 -0.6646 -0.0443
vn 0.8087 -0.5643 -0.1658
vn 0.8271 -0.5213 -0.2102
vn -0.3779 0.8328 -0.4045
vn -0.3691 0.8336 -0.4110
vn -0.5570 0.7669 -0.3188
vn -0.5934 0.7481 -0.2971
vn -0.1878 0.8531 -0.4868
vn -0.1109 0.8481 -0.5181
vn -0.5144 0.7873 -0.3401
vn -0.9319 -0.2146 0.2924
vn -0.9305 -0.2104 0.2997
vn -0.5996 0.7450 -0.2922
vn -0.6665 0.5884 -0.4578
vn -0.6389 0.6771 -0.3652
vn 0.0993 0.6980 -0.7092
vn -0.0409 0.8381 -0.5440
vn 0.0906 0.7687 -0.6332
vn 0.1730 0.6472 -0.7424
vn 0.1878 0.7078 -0.6810
vn 0.0130 0.7963 -0.6048
vn 0.1068 0.7479 -0.6551
vn 0.0094 0.5193 -0.8545
vn 0.1730 0.6472 -0.7425
vn -0.3605 0.3036 -0.8820
vn -0.0818 0.5535 -0.8288
vn 0.8046 -0.0500 -0.5918
vn 0.8027 -0.0507 -0.5943
vn -0.6447 0.4215 -0.6377
vn -0.6665 0.5883 -0.4578
vn -0.6041 0.3533 -0.7143
vn -0.6390 0.6770 -0.3652
vn -0.0812 0.8571 -0.5087
vn -0.0683 0.8322 -0.5503
vn -0.0419 0.7954 -0.6046
vn -0.0768 0.8216 -0.5648
vn 0.6165 -0.7753 0.1371
vn 0.5961 -0.7842 0.1719
vn 0.4995 -0.8231 0.2702
vn 0.7948 -0.0365 -0.6058
vn 0.7998 -0.0500 -0.5982
vn 0.7963 -0.0411 -0.6035
vn 0.7966 -0.0415 -0.6031
vn 0.7962 -0.0403 -0.6038
vn -0.1303 0.7647 -0.6310
vn -0.0818 0.5536 -0.8288
vn -0.0522 0.7551 -0.6536
vn 0.4326 -0.8319 0.3476
vn 0.1359 -0.9502 0.2805
vn 0.3400 -0.9181 0.2038
vn -0.0071 -0.9118 0.4106
vn -0.2390 -0.9541 0.1806
vn 0.2801 -0.8586 0.4294
vn 0.1972 -0.9799 0.0312
vn 0.2897 -0.8561 0.4280
vn 0.1316 -0.8599 0.4933
vn 0.5961 -0.7842 0.1720
vn 0.0105 -0.9951 0.0978
vn 0.3018 -0.8530 0.4259
vn 0.1881 -0.8603 0.4738
vn -0.0700 -0.8562 0.5119
vn 0.0091 0.7889 -0.6144
vn -0.1427 0.8349 -0.5315
vn -0.0642 0.8131 -0.5785
vn 0.7978 -0.0454 -0.6013
vn -0.6041 0.3532 -0.7143
vn -0.4377 0.2852 -0.8527
vn -0.6993 -0.5136 -0.4971
vn -0.6077 -0.5288 -0.5926
vn -0.0566 0.7493 -0.6598
vn -0.1961 0.7764 -0.5990
vn 0.0799 0.6952 -0.7144
vn -0.2609 0.7852 -0.5616
vn -0.1294 0.7605 -0.6363
vn 0.1838 0.6418 -0.7445
vn -0.2727 0.7885 -0.5513
vn -0.2975 0.7952 -0.5283
vn -0.3134 0.7889 -0.5286
vn -0.1551 0.7823 -0.6032
vn -0.2364 0.7829 -0.5754
vn 0.4244 -0.8456 0.3237
vn 0.4100 -0.8464 0.3399
vn 0.3796 -0.8498 0.3658
vn 0.4787 -0.8343 0.2733
vn 0.5066 -0.8265 0.2455
vn 0.4435 -0.8412 0.3092
vn 0.8028 -0.0371 -0.5950
vn 0.8063 -0.0472 -0.5896
vn 0.8063 -0.0473 -0.5896
vn 0.7993 -0.0269 -0.6004
vn 0.8028 -0.0371 -0.5951
vn 0.3204 -0.8321 0.4527
vn 0.3599 -0.8506 0.3834
vn 0.3795 -0.8498 0.3658
vn 0.2885 -0.8068 0.5157
vn 0.3177 -0.8066 0.4985
vn 0.3095 -0.8312 0.4619
vn 0.2623 -0.8034 0.5346
vn 0.3204 -0.8378 0.4420
vn 0.4100 -0.8464 0.3400
vn 0.4435 -0.8413 0.3092
vn 0.1839 0.6418 -0.7445
vn 0.2870 0.5895 -0.7551
vn 0.0800 0.6951 -0.7144
vn 0.3702 0.5276 -0.7646
vn 0.1069 0.6945 -0.7115
vn 0.2873 0.5893 -0.7551
vn -0.0341 0.7583 -0.6510
vn -0.4295 0.8614 0.2711
vn -0.3189 0.9300 0.1827
vn -0.3743 0.9003 0.2221
vn -0.4593 0.8369 0.2978
vn -0.2437 0.9586 0.1475
vn -0.2219 0.9684 0.1136
vn -0.2389 0.9710 0.0128
vn -0.1991 0.3727 0.9063
vn 0.0108 0.4477 0.8941
vn -0.2953 0.3307 0.8964
vn -0.2953 0.3306 0.8964
vn 0.1349 0.4816 0.8660
vn -0.0168 -0.2423 0.9701
vn -0.0760 -0.2281 0.9707
vn 0.0628 -0.2598 0.9636
vn 0.2594 -0.2642 0.9289
vn 0.1610 -0.2703 0.9492
vn 0.3067 -0.2867 0.9076
vn -0.9264 -0.1990 0.3195
vn -0.9216 -0.1868 0.3404
vn -0.9264 -0.1990 0.3196
vn -0.9265 -0.1991 0.3194
vn -0.9313 -0.2129 0.2954
vn -0.9313 -0.2128 0.2955
vn 0.0167 0.4494 0.8932
vn -0.1145 0.4056 0.9068
vn -0.1146 0.4056 0.9068
vn 0.2708 -0.6222 0.7345
vn 0.2261 -0.7925 0.5664
vn 0.3314 -0.6571 0.6771
vn 0.1492 -0.8024 0.5779
vn 0.3183 -0.8440 0.4316
vn 0.0523 -0.8672 0.4952
vn 0.1659 -0.8674 0.4691
vn 0.3268 -0.8348 0.4431
vn 0.3256 -0.8162 0.4772
vn -0.0828 -0.8570 0.5087
vn 0.3154 -0.8493 0.4232
vn 0.0790 -0.8703 0.4862
vn -0.4699 0.8080 -0.3554
vn -0.3717 0.8695 -0.3252
vn -0.3827 0.8338 -0.3980
vn -0.3367 0.9269 -0.1659
vn -0.2960 0.9230 -0.2459
vn -0.4278 0.8530 -0.2990
vn -0.3813 0.8331 -0.4008
vn -0.4847 0.8003 -0.3530
vn -0.3009 0.8163 -0.4930
vn -0.2872 0.8398 -0.4607
vn -0.9314 -0.2129 0.2954
vn 0.8004 -0.0397 -0.5982
vn 0.8035 -0.0490 -0.5933
vn 0.7947 -0.0343 -0.6060
vn 0.7968 -0.0294 -0.6035
vn 0.7970 -0.0412 -0.6025
vn 0.7958 -0.0393 -0.6043
vn 0.7993 -0.0479 -0.5991
vn -0.1947 0.8082 -0.5559
vn -0.1009 0.7934 -0.6003
vn -0.1117 0.8146 -0.5692
vn -0.1930 0.8303 -0.5228
vn -0.0980 0.8218 -0.5613
vn -0.1731 0.8391 -0.5158
vn 0.3111 -0.8506 0.4240
vn 0.3523 -0.8479 0.3961
vn 0.3519 -0.8491 0.3939
vn 0.3276 -0.8305 0.4505
vn 0.3672 -0.8470 0.3844
vn 0.4120 -0.8422 0.3478
vn 0.3982 -0.8458 0.3551
vn 0.4121 -0.8422 0.3478
vn 0.4751 -0.8320 0.2864
vn 0.3750 -0.8476 0.3755
vn 0.3753 -0.8487 0.3727
vn -0.1931 0.8303 -0.5228
vn -0.1947 0.8082 -0.5558
vn -0.2664 0.8515 -0.4518
vn -0.1731 0.8391 -0.5157
vn -0.2420 0.8529 -0.4626
vn -0.1428 0.8350 -0.5315
vn -0.3248 0.8030 -0.4996
vn 0.3325 -0.3863 0.8604
vn 0.2708 -0.6221 0.7346
vn 0.3315 -0.6570 0.6771
vn 0.3900 -0.8495 0.3552
vn -0.3287 -0.7883 0.5201
vn -0.3287 -0.7883 0.5202
vn -0.5874 -0.6419 0.4929
vn -0.8287 -0.3953 0.3962
vn -0.7859 -0.4581 0.4152
vn 0.4995 -0.8231 0.2703
vn -0.0769 0.8216 -0.5648
vt 0.013700 0.578712
vt 0.013702 0.578715
vt 0.013700 0.578714
vt 0.013702 0.578712
vt 0.013705 0.578712
vt 0.013705 0.578715
vt 0.013700 0.578716
vt 0.013708 0.578712
vt 0.013708 0.578715
vt 0.013702 0.578717
vt 0.013710 0.578712
vt 0.013710 0.578715
vt 0.013705 0.578717
vt 0.013713 0.578710
vt 0.013713 0.578712
vt 0.013708 0.578718
vt 0.013713 0.578715
vt 0.013713 0.578718
vt 0.013710 0.578718
vt 0.013734 0.578712
vt 0.013736 0.578713
vt 0.013734 0.578712
vt 0.013731 0.578711
vt 0.013734 0.578711
vt 0.013734 0.578711
vt 0.013737 0.578712
vt 0.013739 0.578714
vt 0.013737 0.578711
vt 0.013737 0.578710
vt 0.013739 0.578713
vt 0.013739 0.578711
vt 0.013739 0.578710
vt 0.013740 0.578711
vt 0.013740 0.578713
vt 0.013740 0.578715
vt 0.013741 0.578709
vt 0.013742 0.578711
vt 0.013741 0.578715
vt 0.013741 0.578713
vt 0.013740 0.578710
vt 0.013700 0.578710
vt 0.013702 0.578710
vt 0.013705 0.578710
vt 0.013708 0.578710
vt 0.013710 0.578709
vt 0.013734 0.578710
vt 0.076830 0.576832
vt 0.076833 0.576835
vt 0.076830 0.576835
vt 0.076833 0.576832
vt 0.076835 0.576832
vt 0.076835 0.576834
vt 0.076838 0.576829
vt 0.076838 0.576832
vt 0.076838 0.576835
vt 0.013734 0.578710
vt 0.076859 0.576836
vt 0.076861 0.576834
vt 0.076862 0.576835
vt 0.076859 0.576835
vt 0.076864 0.576833
vt 0.076864 0.576835
vt 0.076861 0.576833
vt 0.076863 0.576832
vt 0.076865 0.576833
vt 0.076865 0.576835
vt 0.076865 0.576831
vt 0.076866 0.576832
vt 0.076864 0.576831
vt 0.076866 0.576834
vt 0.076825 0.576833
vt 0.076825 0.576831
vt 0.076827 0.576833
vt 0.076827 0.576835
vt 0.076825 0.576835
vt 0.076827 0.576830
vt 0.076863 0.576830
vt 0.076830 0.576830
vt 0.076830 0.576828
vt 0.076833 0.576827
vt 0.076833 0.576829
vt 0.076835 0.576827
vt 0.076835 0.576829
vt 0.013733 0.578709
vt 0.076859 0.576835
vt 0.076858 0.576834
vt 0.076860 0.576832
vt 0.076835 0.576825
vt 0.013733 0.578709
vt 0.076859 0.576832
vt 0.076861 0.576829
vt 0.076862 0.576831
vt 0.076862 0.576828
vt 0.076864 0.576829
vt 0.076865 0.576828
vt 0.076867 0.576830
vt 0.076863 0.576826
vt 0.076827 0.576829
vt 0.076833 0.576825
vt 0.076830 0.576826
vt 0.076861 0.576825
vt 0.076862 0.576829
vt 0.076860 0.576828
vt 0.076827 0.576827
vt 0.076838 0.576827
vt 0.013732 0.578708
vt 0.076858 0.576834
vt 0.076857 0.576833
vt 0.076859 0.576831
vt 0.076860 0.576829
vt 0.013732 0.578708
vt 0.076857 0.576831
vt 0.076858 0.576828
vt 0.076859 0.576826
vt 0.076860 0.576827
vt 0.076858 0.576827
vt 0.076879 0.576864
vt 0.076878 0.576861
vt 0.076880 0.576861
vt 0.076880 0.576866
vt 0.076879 0.576866
vt 0.076881 0.576864
vt 0.076877 0.576864
vt 0.076882 0.576861
vt 0.076878 0.576858
vt 0.076880 0.576858
vt 0.076882 0.576858
vt 0.076882 0.576855
vt 0.076877 0.576866
vt 0.076878 0.576868
vt 0.076876 0.576868
vt 0.076880 0.576855
vt 0.076875 0.576855
vt 0.076878 0.576855
vt 0.013731 0.578708
vt 0.076857 0.576833
vt 0.076856 0.576833
vt 0.076855 0.576831
vt 0.076856 0.576830
vt 0.076856 0.576828
vt 0.076855 0.576828
vt 0.076857 0.576827
vt 0.076855 0.576827
vt 0.076855 0.576826
vt 0.076857 0.576826
vt 0.076874 0.576868
vt 0.076874 0.576866
vt 0.076875 0.576864
vt 0.076875 0.576861
vt 0.076875 0.576858
vt 0.076872 0.576855
vt 0.013731 0.578708
vt 0.076872 0.576866
vt 0.076872 0.576864
vt 0.076872 0.576861
vt 0.076872 0.576858
vt 0.076869 0.576855
vt 0.013730 0.578708
vt 0.076855 0.576833
vt 0.076854 0.576831
vt 0.076856 0.576833
vt 0.076853 0.576828
vt 0.076853 0.576827
vt 0.076872 0.576868
vt 0.076853 0.576831
vt 0.076852 0.576829
vt 0.076851 0.576828
vt 0.076851 0.576827
vt 0.076853 0.576826
vt 0.076870 0.576868
vt 0.076870 0.576866
vt 0.076868 0.576868
vt 0.076867 0.576866
vt 0.076869 0.576864
vt 0.076869 0.576861
vt 0.076869 0.576858
vt 0.076867 0.576855
vt 0.013730 0.578709
vt 0.076867 0.576864
vt 0.076867 0.576861
vt 0.076867 0.576858
vt 0.013729 0.578709
vt 0.076855 0.576834
vt 0.076851 0.576830
vt 0.076852 0.576832
vt 0.076850 0.576829
vt 0.076854 0.576834
vt 0.076850 0.576831
vt 0.076849 0.576831
vt 0.076848 0.576830
vt 0.076849 0.576828
vt 0.013729 0.578709
vt 0.076852 0.576833
vt 0.013726 0.578709
vt 0.013727 0.578708
vt 0.013729 0.578710
vt 0.076854 0.576834
vt 0.013725 0.578706
vt 0.013724 0.578708
vt 0.013724 0.578706
vt 0.013723 0.578709
vt 0.013723 0.578707
vt 0.013722 0.578707
vt 0.013723 0.578705
vt 0.013726 0.578710
vt 0.013728 0.578710
vt 0.013728 0.578711
vt 0.013726 0.578711
vt 0.013723 0.578711
vt 0.013722 0.578711
vt 0.013722 0.578709
vt 0.013723 0.578712
vt 0.013769 0.578791
vt 0.013767 0.578789
vt 0.013768 0.578788
vt 0.013768 0.578791
vt 0.013766 0.578786
vt 0.013767 0.578786
vt 0.013770 0.578793
vt 0.013770 0.578793
vt 0.013715 0.578727
vt 0.013714 0.578727
vt 0.013715 0.578727
vt 0.013713 0.578727
vt 0.013712 0.578727
vt 0.076904 0.576866
vt 0.076906 0.576866
vt 0.076905 0.576866
vt 0.076904 0.576866
vt 0.076907 0.576866
vt 0.076907 0.576866
vt 0.076842 0.576859
vt 0.076842 0.576862
vt 0.076842 0.576859
vt 0.076842 0.576862
vt 0.076843 0.576857
vt 0.076843 0.576864
vt 0.013728 0.578712
vt 0.013726 0.578712
vt 0.076836 0.576852
vt 0.076834 0.576852
vt 0.076837 0.576852
vt 0.076834 0.576852
vt 0.076833 0.576852
vt 0.013726 0.578713
vt 0.013729 0.578712
vt 0.013722 0.578713
vt 0.076831 0.576852
vt 0.076831 0.576852
vt 0.076833 0.576852
vt 0.076842 0.576856
vt 0.076844 0.576854
vt 0.076843 0.576854
vt 0.076845 0.576852
vt 0.076844 0.576851
vt 0.013711 0.578727
vt 0.013726 0.578714
vt 0.013729 0.578713
vt 0.013724 0.578714
vt 0.013724 0.578715
vt 0.013723 0.578714
vt 0.013721 0.578713
vt 0.013723 0.578716
vt 0.013729 0.578713
vt 0.013727 0.578715
vt 0.013725 0.578717
vt 0.013724 0.578717
vt 0.013722 0.578715
vt 0.013766 0.578783
vt 0.013767 0.578781
vt 0.013767 0.578783
vt 0.013706 0.578727
vt 0.013704 0.578727
vt 0.013704 0.578726
vt 0.013706 0.578727
vt 0.013767 0.578739
vt 0.013766 0.578736
vt 0.013767 0.578736
vt 0.013766 0.578739
vt 0.013767 0.578733
vt 0.013767 0.578733
vt 0.013766 0.578741
vt 0.013765 0.578741
vt 0.013718 0.578761
vt 0.013717 0.578759
vt 0.013718 0.578758
vt 0.013718 0.578761
vt 0.013717 0.578756
vt 0.013718 0.578756
vt 0.013717 0.578753
vt 0.013718 0.578750
vt 0.013718 0.578753
vt 0.013717 0.578750
vt 0.013718 0.578747
vt 0.013764 0.578743
vt 0.013730 0.578713
vt 0.013726 0.578718
vt 0.013728 0.578716
vt 0.013722 0.578717
vt 0.013726 0.578719
vt 0.013729 0.578716
vt 0.013730 0.578714
vt 0.013728 0.578718
vt 0.013727 0.578719
vt 0.013724 0.578718
vt 0.013727 0.578721
vt 0.013725 0.578719
vt 0.013763 0.578743
vt 0.013762 0.578741
vt 0.013764 0.578741
vt 0.013761 0.578743
vt 0.013760 0.578739
vt 0.013762 0.578739
vt 0.013765 0.578739
vt 0.013759 0.578741
vt 0.013760 0.578736
vt 0.013762 0.578736
vt 0.013765 0.578736
vt 0.013763 0.578733
vt 0.013765 0.578733
vt 0.013765 0.578730
vt 0.013759 0.578743
vt 0.076920 0.576898
vt 0.076919 0.576895
vt 0.076920 0.576896
vt 0.076919 0.576893
vt 0.076920 0.576893
vt 0.076921 0.576898
vt 0.076921 0.576896
vt 0.013731 0.578714
vt 0.013730 0.578717
vt 0.013729 0.578719
vt 0.013731 0.578717
vt 0.013731 0.578719
vt 0.013716 0.578753
vt 0.013715 0.578750
vt 0.013716 0.578750
vt 0.013715 0.578753
vt 0.013716 0.578747
vt 0.013717 0.578748
vt 0.013716 0.578755
vt 0.013715 0.578756
vt 0.013799 0.578752
vt 0.013799 0.578755
vt 0.013799 0.578754
vt 0.013800 0.578757
vt 0.013799 0.578757
vt 0.013799 0.578752
vt 0.013800 0.578751
vt 0.013799 0.578750
vt 0.013709 0.578781
vt 0.013709 0.578782
vt 0.013708 0.578782
vt 0.013709 0.578785
vt 0.013708 0.578785
vt 0.013709 0.578781
vt 0.013709 0.578779
vt 0.013710 0.578780
vt 0.013716 0.578757
vt 0.013716 0.578757
vt 0.076920 0.576885
vt 0.076920 0.576883
vt 0.076921 0.576883
vt 0.076920 0.576888
vt 0.076919 0.576888
vt 0.076919 0.576885
vt 0.076921 0.576885
vt 0.013731 0.578714
vt 0.013762 0.578797
vt 0.013760 0.578795
vt 0.013762 0.578795
vt 0.013765 0.578797
vt 0.013762 0.578792
vt 0.013765 0.578795
vt 0.013760 0.578793
vt 0.013765 0.578792
vt 0.013794 0.578770
vt 0.013793 0.578768
vt 0.013794 0.578768
vt 0.013793 0.578765
vt 0.013794 0.578765
vt 0.013795 0.578771
vt 0.013732 0.578714
vt 0.013732 0.578719
vt 0.013732 0.578717
vt 0.013729 0.578720
vt 0.013733 0.578720
vt 0.013731 0.578720
vt 0.013733 0.578721
vt 0.013731 0.578721
vt 0.013729 0.578721
vt 0.013757 0.578798
vt 0.013757 0.578796
vt 0.013760 0.578798
vt 0.013757 0.578794
vt 0.013733 0.578716
vt 0.013734 0.578719
vt 0.013734 0.578720
vt 0.013760 0.578791
vt 0.013757 0.578792
vt 0.013762 0.578790
vt 0.013765 0.578790
vt 0.013793 0.578763
vt 0.013794 0.578763
vt 0.013794 0.578760
vt 0.013795 0.578760
vt 0.013732 0.578714
vt 0.013760 0.578789
vt 0.013762 0.578788
vt 0.013765 0.578788
vt 0.076835 0.576850
vt 0.076838 0.576851
vt 0.076835 0.576851
vt 0.076833 0.576851
vt 0.076833 0.576850
vt 0.076835 0.576849
vt 0.013734 0.578716
vt 0.013733 0.578713
vt 0.013735 0.578718
vt 0.013736 0.578719
vt 0.013737 0.578718
vt 0.013738 0.578721
vt 0.013737 0.578720
vt 0.013738 0.578719
vt 0.013735 0.578723
vt 0.013735 0.578721
vt 0.076910 0.576865
vt 0.076910 0.576863
vt 0.076911 0.576863
vt 0.076910 0.576861
vt 0.076912 0.576860
vt 0.076912 0.576866
vt 0.076912 0.576863
vt 0.013733 0.578713
vt 0.013735 0.578715
vt 0.013737 0.578717
vt 0.013710 0.578723
vt 0.013708 0.578724
vt 0.013708 0.578722
vt 0.013713 0.578724
vt 0.013710 0.578724
vt 0.013705 0.578723
vt 0.013705 0.578722
vt 0.013710 0.578720
vt 0.013734 0.578713
vt 0.013736 0.578714
vt 0.013739 0.578720
vt 0.013741 0.578718
vt 0.013702 0.578722
vt 0.013702 0.578721
vt 0.013708 0.578720
vt 0.013705 0.578720
vt 0.013738 0.578716
vt 0.013739 0.578717
vt 0.013740 0.578717
vt 0.013702 0.578719
vt 0.013713 0.578722
vt 0.013713 0.578720
vt 0.013700 0.578718
vt 0.046907 0.577491
vt 0.046905 0.577489
vt 0.046907 0.577489
vt 0.046906 0.577491
vt 0.046904 0.577486
vt 0.046906 0.577486
vt 0.046901 0.577484
vt 0.046904 0.577484
vt 0.046906 0.577484
vt 0.046901 0.577481
vt 0.046903 0.577481
vt 0.046906 0.577481
vt 0.046906 0.577478
vt 0.046902 0.577486
vt 0.046904 0.577478
vt 0.046828 0.577479
vt 0.046829 0.577482
vt 0.046827 0.577482
vt 0.046828 0.577477
vt 0.046829 0.577477
vt 0.046826 0.577479
vt 0.046830 0.577479
vt 0.046825 0.577481
vt 0.046829 0.577485
vt 0.046827 0.577484
vt 0.046831 0.577477
vt 0.046832 0.577482
vt 0.046832 0.577480
vt 0.046831 0.577485
vt 0.046831 0.577487
vt 0.046829 0.577487
vt 0.046826 0.577487
vt 0.046826 0.577489
vt 0.046834 0.577490
vt 0.046831 0.577490
vt 0.046829 0.577490
vt 0.046833 0.577477
vt 0.046835 0.577477
vt 0.046834 0.577480
vt 0.046834 0.577482
vt 0.046834 0.577485
vt 0.046834 0.577488
vt 0.046837 0.577490
vt 0.046837 0.577485
vt 0.046837 0.577488
vt 0.046839 0.577490
vt 0.046836 0.577477
vt 0.046837 0.577480
vt 0.046837 0.577482
vt 0.046838 0.577477
vt 0.046839 0.577480
vt 0.046841 0.577480
vt 0.046839 0.577482
vt 0.046839 0.577485
vt 0.046839 0.577488
vt 0.046842 0.577490
vt 0.046842 0.577482
vt 0.046840 0.577477
vt 0.046842 0.577485
vt 0.046842 0.577488
vt 0.076844 0.576883
vt 0.076843 0.576886
vt 0.076843 0.576883
vt 0.076843 0.576881
vt 0.076843 0.576881
vt 0.076844 0.576886
vt 0.076843 0.576878
vt 0.076843 0.576878
vt 0.076891 0.576861
vt 0.076891 0.576858
vt 0.076892 0.576858
vt 0.076891 0.576855
vt 0.076890 0.576861
vt 0.013767 0.578730
vt 0.013719 0.578761
vt 0.013720 0.578761
vt 0.013765 0.578743
vt 0.076861 0.576885
vt 0.076863 0.576882
vt 0.076863 0.576885
vt 0.076865 0.576885
vt 0.076861 0.576882
vt 0.013736 0.578757
vt 0.013738 0.578755
vt 0.013738 0.578757
vt 0.013740 0.578757
vt 0.013738 0.578752
vt 0.013740 0.578752
vt 0.013736 0.578752
vt 0.013736 0.578755
vt 0.013736 0.578749
vt 0.013738 0.578749
vt 0.013740 0.578749
vt 0.013736 0.578747
vt 0.013738 0.578747
vt 0.013740 0.578747
vt 0.076861 0.576872
vt 0.076861 0.576870
vt 0.076863 0.576872
vt 0.076863 0.576870
vt 0.076865 0.576870
vt 0.013721 0.578712
vt 0.013719 0.578715
vt 0.013719 0.578712
vt 0.013721 0.578714
vt 0.013721 0.578716
vt 0.013719 0.578717
vt 0.013716 0.578715
vt 0.013716 0.578712
vt 0.013721 0.578710
vt 0.013716 0.578717
vt 0.013719 0.578710
vt 0.013716 0.578710
vt 0.013734 0.578733
vt 0.013737 0.578733
vt 0.013734 0.578734
vt 0.013731 0.578734
vt 0.013736 0.578732
vt 0.013734 0.578734
vt 0.013737 0.578734
vt 0.013739 0.578732
vt 0.013739 0.578731
vt 0.013739 0.578734
vt 0.013737 0.578735
vt 0.013739 0.578735
vt 0.013740 0.578730
vt 0.013740 0.578732
vt 0.013740 0.578734
vt 0.013741 0.578736
vt 0.013740 0.578735
vt 0.013742 0.578734
vt 0.013741 0.578730
vt 0.013741 0.578732
vt 0.013734 0.578735
vt 0.076841 0.576832
vt 0.076844 0.576830
vt 0.076844 0.576833
vt 0.076841 0.576835
vt 0.076841 0.576830
vt 0.076844 0.576835
vt 0.013734 0.578735
vt 0.076861 0.576861
vt 0.076859 0.576859
vt 0.076862 0.576860
vt 0.076864 0.576862
vt 0.076861 0.576862
vt 0.076859 0.576860
vt 0.076859 0.576860
vt 0.076864 0.576860
vt 0.076865 0.576862
vt 0.076864 0.576864
vt 0.076863 0.576863
vt 0.076865 0.576864
vt 0.076865 0.576860
vt 0.076866 0.576863
vt 0.076846 0.576833
vt 0.076846 0.576835
vt 0.076846 0.576831
vt 0.076863 0.576865
vt 0.076862 0.576865
vt 0.076841 0.576828
vt 0.076844 0.576829
vt 0.013733 0.578736
vt 0.076858 0.576861
vt 0.076860 0.576863
vt 0.076838 0.576825
vt 0.013733 0.578736
vt 0.076861 0.576866
vt 0.076859 0.576864
vt 0.076858 0.576861
vt 0.076862 0.576867
vt 0.076862 0.576867
vt 0.076865 0.576867
vt 0.076864 0.576866
vt 0.076867 0.576865
vt 0.076863 0.576869
vt 0.076841 0.576826
vt 0.076844 0.576827
vt 0.076861 0.576870
vt 0.076860 0.576868
vt 0.076860 0.576867
vt 0.013732 0.578737
vt 0.076857 0.576862
vt 0.076859 0.576864
vt 0.076860 0.576866
vt 0.013732 0.578737
vt 0.076857 0.576864
vt 0.076857 0.576862
vt 0.076858 0.576867
vt 0.076858 0.576868
vt 0.076859 0.576869
vt 0.076879 0.576852
vt 0.076880 0.576850
vt 0.076881 0.576852
vt 0.076877 0.576852
vt 0.076879 0.576850
vt 0.076877 0.576850
vt 0.076878 0.576848
vt 0.076874 0.576847
vt 0.076876 0.576847
vt 0.076874 0.576850
vt 0.076875 0.576852
vt 0.013731 0.578737
vt 0.076856 0.576862
vt 0.076856 0.576865
vt 0.076856 0.576867
vt 0.076855 0.576865
vt 0.076856 0.576862
vt 0.076855 0.576867
vt 0.076855 0.576868
vt 0.076857 0.576868
vt 0.076857 0.576869
vt 0.076855 0.576869
vt 0.076872 0.576847
vt 0.076872 0.576850
vt 0.076872 0.576852
vt 0.013731 0.578737
vt 0.076870 0.576848
vt 0.076870 0.576850
vt 0.076869 0.576852
vt 0.013730 0.578737
vt 0.076854 0.576864
vt 0.076855 0.576862
vt 0.076853 0.576864
vt 0.076855 0.576861
vt 0.076852 0.576866
vt 0.076853 0.576867
vt 0.076853 0.576868
vt 0.076851 0.576867
vt 0.076851 0.576868
vt 0.076853 0.576869
vt 0.076867 0.576850
vt 0.076868 0.576847
vt 0.076867 0.576852
vt 0.013730 0.578736
vt 0.013729 0.578736
vt 0.076851 0.576865
vt 0.076852 0.576863
vt 0.076854 0.576861
vt 0.076850 0.576866
vt 0.076850 0.576864
vt 0.076852 0.576862
vt 0.076848 0.576865
vt 0.076849 0.576864
vt 0.013729 0.578736
vt 0.076854 0.576861
vt 0.013729 0.578735
vt 0.013726 0.578736
vt 0.013724 0.578739
vt 0.013724 0.578737
vt 0.013725 0.578739
vt 0.013723 0.578738
vt 0.013722 0.578738
vt 0.013723 0.578736
vt 0.013722 0.578736
vt 0.013728 0.578735
vt 0.013726 0.578735
vt 0.013727 0.578737
vt 0.013726 0.578734
vt 0.013728 0.578734
vt 0.013723 0.578734
vt 0.013722 0.578734
vt 0.013723 0.578733
vt 0.013769 0.578775
vt 0.013767 0.578777
vt 0.013768 0.578775
vt 0.013768 0.578778
vt 0.013770 0.578773
vt 0.013766 0.578780
vt 0.013714 0.578747
vt 0.013713 0.578747
vt 0.013714 0.578747
vt 0.013711 0.578747
vt 0.013713 0.578747
vt 0.013711 0.578747
vt 0.076828 0.576872
vt 0.076827 0.576871
vt 0.076828 0.576871
vt 0.076826 0.576872
vt 0.076844 0.576867
vt 0.076842 0.576865
vt 0.013728 0.578734
vt 0.013726 0.578733
vt 0.076836 0.576872
vt 0.076834 0.576872
vt 0.076836 0.576872
vt 0.076832 0.576872
vt 0.076834 0.576872
vt 0.076832 0.576872
vt 0.013726 0.578732
vt 0.013729 0.578733
vt 0.013722 0.578732
vt 0.013724 0.578731
vt 0.013770 0.578773
vt 0.076830 0.576871
vt 0.076830 0.576872
vt 0.076843 0.576867
vt 0.076845 0.576869
vt 0.076844 0.576870
vt 0.076897 0.576879
vt 0.076897 0.576881
vt 0.076897 0.576882
vt 0.076897 0.576879
vt 0.076905 0.576846
vt 0.076907 0.576846
vt 0.076906 0.576846
vt 0.076907 0.576846
vt 0.013726 0.578731
vt 0.013729 0.578732
vt 0.013724 0.578730
vt 0.013723 0.578731
vt 0.013721 0.578732
vt 0.013721 0.578730
vt 0.013729 0.578732
vt 0.013725 0.578728
vt 0.013727 0.578730
vt 0.013723 0.578729
vt 0.013724 0.578728
vt 0.013722 0.578728
vt 0.013705 0.578747
vt 0.013703 0.578746
vt 0.013705 0.578746
vt 0.013703 0.578747
vt 0.013766 0.578730
vt 0.013767 0.578727
vt 0.013766 0.578727
vt 0.013766 0.578725
vt 0.013741 0.578754
vt 0.013741 0.578756
vt 0.013741 0.578754
vt 0.013741 0.578756
vt 0.013719 0.578747
vt 0.013719 0.578745
vt 0.013720 0.578745
vt 0.013765 0.578725
vt 0.013730 0.578732
vt 0.013726 0.578727
vt 0.013728 0.578729
vt 0.013724 0.578727
vt 0.013726 0.578726
vt 0.013729 0.578729
vt 0.013730 0.578731
vt 0.013728 0.578727
vt 0.013725 0.578726
vt 0.013727 0.578725
vt 0.013727 0.578726
vt 0.013763 0.578722
vt 0.013762 0.578725
vt 0.013761 0.578723
vt 0.013765 0.578723
vt 0.013764 0.578723
vt 0.013764 0.578725
vt 0.013760 0.578727
vt 0.013759 0.578725
vt 0.013759 0.578722
vt 0.013762 0.578727
vt 0.013765 0.578727
vt 0.013760 0.578730
vt 0.013765 0.578725
vt 0.013765 0.578727
vt 0.013762 0.578730
vt 0.076921 0.576907
vt 0.076922 0.576905
vt 0.076922 0.576907
vt 0.076923 0.576904
vt 0.076923 0.576907
vt 0.013731 0.578731
vt 0.013729 0.578726
vt 0.013730 0.578728
vt 0.013731 0.578728
vt 0.013799 0.578749
vt 0.013800 0.578750
vt 0.013717 0.578758
vt 0.013716 0.578759
vt 0.013767 0.578722
vt 0.013766 0.578721
vt 0.013767 0.578720
vt 0.013766 0.578722
vt 0.076922 0.576920
vt 0.076922 0.576918
vt 0.076923 0.576920
vt 0.076921 0.576918
vt 0.076922 0.576915
vt 0.076923 0.576918
vt 0.076924 0.576920
vt 0.013731 0.578731
vt 0.013782 0.578797
vt 0.013780 0.578797
vt 0.013782 0.578795
vt 0.013785 0.578795
vt 0.013780 0.578794
vt 0.013782 0.578792
vt 0.013785 0.578793
vt 0.013780 0.578792
vt 0.013795 0.578785
vt 0.013796 0.578782
vt 0.013796 0.578784
vt 0.013797 0.578782
vt 0.013732 0.578731
vt 0.013732 0.578726
vt 0.013732 0.578728
vt 0.013731 0.578726
vt 0.013729 0.578725
vt 0.013729 0.578724
vt 0.013731 0.578725
vt 0.013733 0.578725
vt 0.013733 0.578724
vt 0.013787 0.578797
vt 0.013785 0.578797
vt 0.013787 0.578795
vt 0.013787 0.578793
vt 0.013733 0.578729
vt 0.013734 0.578726
vt 0.013787 0.578792
vt 0.013785 0.578791
vt 0.013782 0.578790
vt 0.013780 0.578789
vt 0.013795 0.578787
vt 0.013796 0.578787
vt 0.013796 0.578790
vt 0.013795 0.578790
vt 0.013796 0.578793
vt 0.013732 0.578731
vt 0.013782 0.578788
vt 0.076838 0.576850
vt 0.076838 0.576849
vt 0.013734 0.578729
vt 0.013733 0.578732
vt 0.013734 0.578725
vt 0.013735 0.578727
vt 0.013785 0.578789
vt 0.013736 0.578726
vt 0.013737 0.578727
vt 0.013737 0.578728
vt 0.013735 0.578724
vt 0.013737 0.578725
vt 0.013735 0.578722
vt 0.013738 0.578724
vt 0.013738 0.578726
vt 0.013780 0.578787
vt 0.013733 0.578732
vt 0.013735 0.578730
vt 0.013716 0.578723
vt 0.013736 0.578731
vt 0.013734 0.578732
vt 0.013738 0.578729
vt 0.013739 0.578728
vt 0.013741 0.578727
vt 0.013740 0.578728
vt 0.013739 0.578725
vt 0.013716 0.578722
vt 0.013719 0.578722
vt 0.013716 0.578720
vt 0.013719 0.578721
vt 0.013719 0.578719
vt 0.013734 0.578733
vt 0.013721 0.578718
vt 0.046907 0.577471
vt 0.046905 0.577473
vt 0.046906 0.577471
vt 0.046907 0.577473
vt 0.046902 0.577476
vt 0.046903 0.577473
vt 0.046904 0.577476
vt 0.046906 0.577476
vt 0.046901 0.577478
vt 0.046860 0.577546
vt 0.046862 0.577548
vt 0.046860 0.577548
vt 0.046862 0.577546
vt 0.046860 0.577543
vt 0.046862 0.577544
vt 0.046829 0.577492
vt 0.046831 0.577492
vt 0.046827 0.577494
vt 0.046827 0.577492
vt 0.046829 0.577495
vt 0.046831 0.577495
vt 0.046834 0.577493
vt 0.046834 0.577497
vt 0.046832 0.577497
vt 0.046830 0.577496
vt 0.046834 0.577495
vt 0.046836 0.577497
vt 0.046836 0.577495
vt 0.046836 0.577493
vt 0.046839 0.577493
vt 0.046838 0.577497
vt 0.046838 0.577495
vt 0.046840 0.577495
vt 0.046841 0.577493
vt 0.046880 0.577472
vt 0.046878 0.577470
vt 0.046880 0.577470
vt 0.046878 0.577472
vt 0.076881 0.576845
vt 0.076882 0.576847
vt 0.076881 0.576847
vt 0.076882 0.576845
vt 0.076890 0.576850
vt 0.076890 0.576852
vt 0.076889 0.576850
vt 0.076891 0.576852
vt 0.076890 0.576855
vt 0.013764 0.578723
vt 0.076865 0.576882
vt 0.013740 0.578755
vt 0.076865 0.576872
vt 0.013797 0.578793
vt 0.013779 0.578781
vt 0.013779 0.578784
vt 0.013779 0.578784
vt 0.013779 0.578782
vt 0.013779 0.578787
vt 0.013779 0.578787
vt 0.013779 0.578781
vt 0.013779 0.578787
vt 0.013779 0.578786
vt 0.013779 0.578784
vt 0.013779 0.578781
vt 0.013720 0.578759
vt 0.013720 0.578761
vt 0.013720 0.578761
vt 0.013720 0.578753
vt 0.013720 0.578759
vt 0.013720 0.578761
vt 0.013720 0.578759
vt 0.013720 0.578753
vt 0.013779 0.578780
vt 0.013779 0.578780
vt 0.013779 0.578781
vt 0.013748 0.578760
vt 0.013751 0.578762
vt 0.013747 0.578762
vt 0.013747 0.578760
vt 0.013750 0.578767
vt 0.013746 0.578767
vt 0.013746 0.578762
vt 0.013744 0.578767
vt 0.076845 0.576873
vt 0.076846 0.576878
vt 0.076845 0.576878
vt 0.076845 0.576871
vt 0.076846 0.576873
vt 0.076846 0.576871
vt 0.076846 0.576873
vt 0.076879 0.576885
vt 0.076880 0.576886
vt 0.076879 0.576886
vt 0.076880 0.576884
vt 0.076880 0.576892
vt 0.076879 0.576892
vt 0.076879 0.576884
vt 0.076904 0.576912
vt 0.076904 0.576913
vt 0.076904 0.576913
vt 0.076904 0.576912
vt 0.076904 0.576912
vt 0.076904 0.576913
vt 0.013759 0.578758
vt 0.013762 0.578765
vt 0.013760 0.578765
vt 0.013762 0.578770
vt 0.013764 0.578758
vt 0.013766 0.578765
vt 0.013757 0.578758
vt 0.013763 0.578770
vt 0.013767 0.578770
vt 0.013720 0.578746
vt 0.013720 0.578753
vt 0.013720 0.578746
vt 0.013720 0.578746
vt 0.013748 0.578774
vt 0.013743 0.578774
vt 0.013742 0.578774
vt 0.076895 0.576898
vt 0.076896 0.576896
vt 0.076896 0.576898
vt 0.076895 0.576896
vt 0.076895 0.576898
vt 0.076895 0.576890
vt 0.076896 0.576890
vt 0.076846 0.576871
vt 0.013763 0.578772
vt 0.013764 0.578772
vt 0.013764 0.578772
vt 0.013767 0.578772
vt 0.013765 0.578772
vt 0.013779 0.578780
vt 0.013779 0.578784
vt 0.013769 0.578758
vt 0.013770 0.578765
vt 0.013770 0.578771
vt 0.076880 0.576899
vt 0.076878 0.576899
vt 0.076846 0.576878
vt 0.076846 0.576885
vt 0.076846 0.576885
vt 0.076845 0.576885
vt 0.013770 0.578772
vt 0.013769 0.578773
vt 0.013767 0.578773
vt 0.013770 0.578773
vt 0.013751 0.578760
vt 0.013754 0.578761
vt 0.013754 0.578767
vt 0.013754 0.578759
vt 0.013749 0.578760
vt 0.013753 0.578759
vt 0.013751 0.578759
vt 0.013753 0.578774
vt 0.076896 0.576883
vt 0.076894 0.576883
vt 0.013767 0.578773
vt 0.076866 0.576861
vt 0.076849 0.576867
vt 0.013723 0.578740
vt 0.076847 0.576863
vt 0.076846 0.576861
vt 0.076847 0.576861
vt 0.076848 0.576863
vt 0.076847 0.576859
vt 0.076846 0.576859
vt 0.076847 0.576858
vt 0.076846 0.576857
vt 0.013731 0.578724
vt 0.076848 0.576832
vt 0.076847 0.576834
vt 0.076847 0.576832
vt 0.076846 0.576834
vt 0.076847 0.576836
vt 0.076846 0.576836
vt 0.076847 0.576838
vt 0.076846 0.576838
vt 0.013759 0.578728
vt 0.013759 0.578730
vt 0.013754 0.578759
vt 0.076921 0.576912
vt 0.076921 0.576909
vt 0.076921 0.576912
vt 0.076921 0.576915
vt 0.076922 0.576909
vt 0.076912 0.576866
vt 0.076912 0.576860
vt 0.076833 0.576849
vt 0.076924 0.576904
vt 0.076919 0.576890
vt 0.076920 0.576891
vt 0.076922 0.576883
vt 0.076922 0.576899
vt 0.076841 0.576884
vt 0.076840 0.576885
vt 0.076840 0.576884
vt 0.076841 0.576885
vt 0.076840 0.576886
vt 0.076884 0.576868
vt 0.076882 0.576866
vt 0.076884 0.576866
vt 0.076882 0.576868
vt 0.076882 0.576863
vt 0.076884 0.576863
vt 0.076882 0.576861
vt 0.076884 0.576861
vt 0.076880 0.576847
vt 0.076880 0.576846
vt 0.076881 0.576847
vt 0.076880 0.576845
vt 0.076881 0.576846
vt 0.076884 0.576848
vt 0.076882 0.576850
vt 0.076883 0.576848
vt 0.076884 0.576850
vt 0.076882 0.576853
vt 0.076884 0.576853
vt 0.076882 0.576855
vt 0.076884 0.576855
vt 0.076841 0.576886
vt 0.013729 0.578797
vt 0.013729 0.578798
vt 0.013729 0.578799
vt 0.013729 0.578797
vt 0.013730 0.578799
vt 0.013729 0.578800
vt 0.013729 0.578794
vt 0.013729 0.578794
vt 0.013708 0.578787
vt 0.076921 0.576886
vt 0.076921 0.576888
vt 0.013729 0.578792
vt 0.013730 0.578792
vt 0.013709 0.578787
vt 0.013709 0.578790
vt 0.013759 0.578738
vt 0.013759 0.578736
vt 0.076923 0.576917
vt 0.076922 0.576915
vt 0.013710 0.578790
vt 0.013740 0.578758
vt 0.013741 0.578758
vt 0.013740 0.578759
vt 0.013741 0.578759
vt 0.013794 0.578722
vt 0.013793 0.578721
vt 0.013794 0.578721
vt 0.013793 0.578722
vt 0.013795 0.578722
vt 0.013793 0.578721
vt 0.013794 0.578723
vt 0.013793 0.578723
vt 0.013794 0.578730
vt 0.013792 0.578731
vt 0.013792 0.578730
vt 0.013794 0.578731
vt 0.013795 0.578731
vt 0.013791 0.578731
vt 0.013791 0.578730
vt 0.013748 0.578721
vt 0.013749 0.578721
vt 0.013749 0.578721
vt 0.013748 0.578720
vt 0.013748 0.578721
vt 0.013749 0.578720
vt 0.076919 0.576854
vt 0.076920 0.576855
vt 0.076919 0.576855
vt 0.076917 0.576855
vt 0.076917 0.576854
vt 0.076916 0.576855
vt 0.076916 0.576853
vt 0.013750 0.578721
vt 0.013750 0.578720
vt 0.013750 0.578720
vt 0.013750 0.578720
vt 0.013750 0.578721
vt 0.013751 0.578721
vt 0.013751 0.578721
vt 0.013749 0.578720
vt 0.013749 0.578720
vt 0.013750 0.578722
vt 0.013749 0.578722
vt 0.013750 0.578720
vt 0.013749 0.578721
vt 0.013750 0.578721
vt 0.013750 0.578722
vt 0.013750 0.578722
vt 0.013749 0.578721
vt 0.013749 0.578722
vt 0.013794 0.578729
vt 0.013793 0.578727
vt 0.013794 0.578727
vt 0.013791 0.578726
vt 0.013793 0.578726
vt 0.013793 0.578729
vt 0.013794 0.578726
vt 0.013791 0.578727
vt 0.013792 0.578724
vt 0.013793 0.578724
vt 0.013794 0.578724
vt 0.076868 0.576916
vt 0.076868 0.576916
vt 0.076868 0.576917
vt 0.076868 0.576916
vt 0.076867 0.576916
vt 0.076869 0.576916
vt 0.013792 0.578723
vt 0.076867 0.576915
vt 0.076868 0.576915
vt 0.076869 0.576915
vt 0.013792 0.578722
vt 0.076917 0.576858
vt 0.076919 0.576858
vt 0.076917 0.576859
vt 0.076916 0.576858
vt 0.076919 0.576859
vt 0.076919 0.576856
vt 0.076920 0.576858
vt 0.076917 0.576856
vt 0.076916 0.576857
vt 0.013792 0.578721
vt 0.076916 0.576856
vt 0.013748 0.578720
vt 0.013791 0.578728
vt 0.013790 0.578725
vt 0.013790 0.578727
vt 0.013791 0.578724
vt 0.076868 0.576917
vt 0.076867 0.576917
vt 0.013791 0.578722
vt 0.076867 0.576916
vt 0.013790 0.578728
vt 0.076867 0.576918
vt 0.076867 0.576918
vt 0.076852 0.576918
vt 0.076852 0.576917
vt 0.076853 0.576917
vt 0.076851 0.576915
vt 0.076852 0.576916
vt 0.076852 0.576918
vt 0.076853 0.576916
vt 0.076851 0.576917
vt 0.076853 0.576914
vt 0.076852 0.576914
vt 0.013747 0.578719
vt 0.013748 0.578719
vt 0.013748 0.578719
vt 0.013749 0.578719
vt 0.013727 0.578787
vt 0.013727 0.578789
vt 0.013726 0.578789
vt 0.013729 0.578788
vt 0.013728 0.578789
vt 0.076854 0.576911
vt 0.076854 0.576913
vt 0.076852 0.576912
vt 0.076852 0.576911
vt 0.076851 0.576912
vt 0.076851 0.576914
vt 0.076850 0.576914
vt 0.013749 0.578718
vt 0.013748 0.578718
vt 0.013748 0.578717
vt 0.013749 0.578719
vt 0.013726 0.578787
vt 0.013725 0.578789
vt 0.076851 0.576911
vt 0.076850 0.576912
vt 0.013726 0.578784
vt 0.013727 0.578784
vt 0.013726 0.578786
vt 0.013725 0.578786
vt 0.013727 0.578786
vt 0.013726 0.578783
vt 0.013725 0.578784
vt 0.013727 0.578783
vt 0.076867 0.576918
vt 0.013726 0.578781
vt 0.013727 0.578781
vt 0.013724 0.578783
vt 0.076851 0.576918
vt 0.076850 0.576915
vt 0.076850 0.576917
vt 0.013725 0.578780
vt 0.013726 0.578780
vt 0.013724 0.578781
vt 0.013749 0.578718
vt 0.013723 0.578781
vt 0.013723 0.578783
vt 0.076850 0.576918
vt 0.076851 0.576918
vt 0.076850 0.576919
vt 0.076849 0.576919
vt 0.076849 0.576918
vt 0.013724 0.578780
vt 0.076849 0.576917
vt 0.013750 0.578717
vt 0.013751 0.578717
vt 0.076849 0.576916
vt 0.013725 0.578787
vt 0.013723 0.578787
vt 0.076850 0.576911
vt 0.076848 0.576911
vt 0.013723 0.578784
vt 0.013750 0.578718
vt 0.013750 0.578719
vt 0.013752 0.578718
vt 0.013751 0.578718
vt 0.013723 0.578789
vt 0.013722 0.578788
vt 0.013751 0.578719
vt 0.076848 0.576912
vt 0.076847 0.576911
vt 0.013722 0.578783
vt 0.013723 0.578786
vt 0.013722 0.578785
vt 0.013722 0.578782
vt 0.076849 0.576919
vt 0.076848 0.576918
vt 0.013750 0.578716
vt 0.013751 0.578716
vt 0.076848 0.576917
vt 0.076847 0.576914
vt 0.076848 0.576914
vt 0.076848 0.576919
vt 0.076847 0.576916
vt 0.076848 0.576918
vt 0.013752 0.578717
vt 0.013753 0.578717
vt 0.076847 0.576917
vt 0.076846 0.576914
vt 0.013752 0.578718
vt 0.013752 0.578719
vt 0.013751 0.578720
vt 0.013722 0.578789
vt 0.013721 0.578788
vt 0.076847 0.576913
vt 0.013722 0.578786
vt 0.013721 0.578789
vt 0.013752 0.578720
vt 0.013751 0.578720
vt 0.076837 0.576912
vt 0.076835 0.576911
vt 0.076836 0.576910
vt 0.076836 0.576912
vt 0.076838 0.576911
vt 0.013712 0.578787
vt 0.013712 0.578788
vt 0.013711 0.578789
vt 0.013713 0.578790
vt 0.013712 0.578790
vt 0.013713 0.578786
vt 0.013711 0.578787
vt 0.013714 0.578791
vt 0.013713 0.578791
vt 0.013713 0.578788
vt 0.013714 0.578789
vt 0.076847 0.576916
vt 0.013753 0.578719
vt 0.013715 0.578791
vt 0.013715 0.578787
vt 0.013715 0.578792
vt 0.013714 0.578792
vt 0.013715 0.578789
vt 0.076836 0.576906
vt 0.076836 0.576905
vt 0.076836 0.576905
vt 0.076838 0.576907
vt 0.076837 0.576907
vt 0.076836 0.576906
vt 0.076838 0.576905
vt 0.076836 0.576907
vt 0.013716 0.578790
vt 0.076838 0.576908
vt 0.076837 0.576908
vt 0.076836 0.576909
vt 0.013753 0.578720
vt 0.013752 0.578720
vt 0.013752 0.578721
vt 0.013712 0.578785
vt 0.013711 0.578784
vt 0.013712 0.578783
vt 0.013711 0.578785
vt 0.013714 0.578784
vt 0.076837 0.576910
vt 0.076839 0.576911
vt 0.013714 0.578786
vt 0.076869 0.576920
vt 0.076869 0.576921
vt 0.076868 0.576920
vt 0.076869 0.576920
vt 0.076870 0.576920
vt 0.076870 0.576921
vt 0.013752 0.578721
vt 0.013751 0.578721
vt 0.076839 0.576909
vt 0.076840 0.576909
vt 0.013716 0.578787
vt 0.013717 0.578788
vt 0.013717 0.578790
vt 0.076870 0.576920
vt 0.076871 0.576920
vt 0.013716 0.578792
vt 0.013717 0.578791
vt 0.076837 0.576905
vt 0.076838 0.576904
vt 0.013717 0.578792
vt 0.013716 0.578792
vt 0.076839 0.576905
vt 0.076839 0.576906
vt 0.013713 0.578783
vt 0.013715 0.578783
vt 0.013718 0.578792
vt 0.013718 0.578791
vt 0.076839 0.576904
vt 0.076839 0.576905
vt 0.076840 0.576908
vt 0.076840 0.576906
vt 0.013715 0.578784
vt 0.013716 0.578782
vt 0.076841 0.576910
vt 0.076842 0.576909
vt 0.013718 0.578788
vt 0.013716 0.578785
vt 0.013717 0.578787
vt 0.013718 0.578790
vt 0.076871 0.576919
vt 0.076871 0.576920
vt 0.013751 0.578722
vt 0.013751 0.578722
vt 0.013717 0.578785
vt 0.076871 0.576919
vt 0.076840 0.576905
vt 0.076841 0.576907
vt 0.076841 0.576906
vt 0.013752 0.578722
vt 0.013752 0.578722
vt 0.013717 0.578784
vt 0.013717 0.578782
vt 0.076842 0.576910
vt 0.076843 0.576908
vt 0.076842 0.576907
vt 0.013702 0.578791
vt 0.013702 0.578792
vt 0.013702 0.578792
vt 0.013702 0.578789
vt 0.013703 0.578789
vt 0.013703 0.578791
vt 0.013701 0.578791
vt 0.013701 0.578790
vt 0.013718 0.578783
vt 0.013750 0.578722
vt 0.076843 0.576910
vt 0.013701 0.578786
vt 0.013703 0.578788
vt 0.013701 0.578788
vt 0.013700 0.578785
vt 0.013701 0.578785
vt 0.013700 0.578787
vt 0.013703 0.578786
vt 0.013700 0.578788
vt 0.076872 0.576919
vt 0.076871 0.576918
vt 0.076873 0.576919
vt 0.076872 0.576918
vt 0.076872 0.576920
vt 0.013704 0.578788
vt 0.013703 0.578785
vt 0.013704 0.578786
vt 0.076873 0.576918
vt 0.013704 0.578789
vt 0.013703 0.578792
vt 0.076827 0.576904
vt 0.076828 0.576905
vt 0.076827 0.576905
vt 0.076829 0.576907
vt 0.076828 0.576907
vt 0.076828 0.576904
vt 0.076826 0.576907
vt 0.076829 0.576905
vt 0.013703 0.578792
vt 0.013703 0.578793
vt 0.013704 0.578791
vt 0.013704 0.578792
vt 0.013703 0.578783
vt 0.013701 0.578782
vt 0.013703 0.578782
vt 0.013701 0.578783
vt 0.013704 0.578783
vt 0.013750 0.578722
vt 0.076828 0.576910
vt 0.076826 0.576908
vt 0.076828 0.576908
vt 0.076826 0.576910
vt 0.076829 0.576910
vt 0.013705 0.578792
vt 0.013704 0.578792
vt 0.013705 0.578792
vt 0.076830 0.576905
vt 0.076829 0.576904
vt 0.076830 0.576904
vt 0.013704 0.578782
vt 0.013705 0.578782
vt 0.076829 0.576908
vt 0.076830 0.576908
vt 0.013704 0.578785
vt 0.013706 0.578785
vt 0.013705 0.578789
vt 0.013706 0.578786
vt 0.076871 0.576918
vt 0.076871 0.576917
vt 0.076872 0.576917
vt 0.076873 0.576917
vt 0.076872 0.576916
vt 0.013705 0.578791
vt 0.013705 0.578788
vt 0.013707 0.578786
vt 0.013707 0.578785
vt 0.076871 0.576915
vt 0.076871 0.576917
vt 0.076871 0.576916
vt 0.013706 0.578791
vt 0.013707 0.578788
vt 0.013706 0.578789
vt 0.013706 0.578792
vt 0.013705 0.578793
vt 0.076830 0.576907
vt 0.076831 0.576905
vt 0.013705 0.578783
vt 0.013707 0.578782
vt 0.013749 0.578722
vt 0.076831 0.576910
vt 0.076832 0.576908
vt 0.076832 0.576907
vt 0.013707 0.578783
vt 0.013708 0.578784
vt 0.013749 0.578722
vt 0.076832 0.576910
vt 0.076833 0.576910
vt 0.013708 0.578785
vt 0.013708 0.578787
vt 0.013708 0.578788
vt 0.076870 0.576917
vt 0.076870 0.576915
vt 0.076870 0.576916
vt 0.013707 0.578791
vt 0.013707 0.578790
vt 0.076871 0.576914
vt 0.076872 0.576914
vt 0.076871 0.576913
vt 0.076872 0.576914
vt 0.076873 0.576915
vt 0.076869 0.576914
vt 0.076870 0.576917
vt 0.076869 0.576914
vt 0.013797 0.578722
vt 0.013796 0.578722
vt 0.013796 0.578721
vt 0.013795 0.578721
vt 0.013795 0.578721
vt 0.013796 0.578723
vt 0.013795 0.578723
vt 0.013795 0.578721
vt 0.013796 0.578724
vt 0.013795 0.578724
vt 0.013708 0.578782
vt 0.013748 0.578722
vt 0.076833 0.576909
vt 0.013796 0.578731
vt 0.013795 0.578730
vt 0.013797 0.578730
vt 0.076922 0.576855
vt 0.076920 0.576854
vt 0.076922 0.576853
vt 0.013797 0.578727
vt 0.013797 0.578728
vt 0.013795 0.578729
vt 0.013795 0.578727
vt 0.013797 0.578725
vt 0.013795 0.578726
vt 0.076868 0.576914
vt 0.076921 0.576857
vt 0.076920 0.576856
vt 0.076921 0.576856
vt 0.013784 0.578714
vt 0.013785 0.578714
vt 0.013785 0.578714
vt 0.013784 0.578714
vt 0.013785 0.578712
vt 0.013786 0.578714
vt 0.013786 0.578714
vt 0.013785 0.578704
vt 0.013783 0.578704
vt 0.013783 0.578703
vt 0.013785 0.578703
vt 0.013786 0.578703
vt 0.013787 0.578704
vt 0.013782 0.578704
vt 0.013782 0.578703
vt 0.013798 0.578754
vt 0.013797 0.578754
vt 0.013798 0.578753
vt 0.013797 0.578754
vt 0.013797 0.578754
vt 0.013798 0.578753
vt 0.013798 0.578754
vt 0.013797 0.578754
vt 0.076910 0.576831
vt 0.076908 0.576829
vt 0.076910 0.576829
vt 0.076912 0.576829
vt 0.076912 0.576831
vt 0.076908 0.576831
vt 0.076907 0.576831
vt 0.076907 0.576829
vt 0.076860 0.576922
vt 0.076860 0.576919
vt 0.076860 0.576922
vt 0.076859 0.576918
vt 0.076860 0.576919
vt 0.013796 0.578754
vt 0.013797 0.578755
vt 0.013796 0.578755
vt 0.013795 0.578755
vt 0.013795 0.578754
vt 0.013797 0.578753
vt 0.013797 0.578753
vt 0.013796 0.578753
vt 0.013796 0.578753
vt 0.013796 0.578754
vt 0.013795 0.578754
vt 0.013795 0.578754
vt 0.013796 0.578755
vt 0.013796 0.578755
vt 0.013796 0.578755
vt 0.013797 0.578755
vt 0.013797 0.578755
vt 0.013785 0.578707
vt 0.013787 0.578706
vt 0.013787 0.578707
vt 0.013783 0.578707
vt 0.013783 0.578706
vt 0.013785 0.578706
vt 0.013782 0.578708
vt 0.013782 0.578706
vt 0.013784 0.578709
vt 0.013785 0.578709
vt 0.013787 0.578709
vt 0.013784 0.578711
vt 0.013782 0.578709
vt 0.076885 0.576845
vt 0.076884 0.576846
vt 0.076884 0.576845
vt 0.076883 0.576846
vt 0.076883 0.576846
vt 0.076885 0.576846
vt 0.076883 0.576845
vt 0.076884 0.576847
vt 0.076885 0.576845
vt 0.076886 0.576846
vt 0.013783 0.578711
vt 0.013783 0.578713
vt 0.013785 0.578711
vt 0.013787 0.578711
vt 0.013784 0.578712
vt 0.076885 0.576847
vt 0.076886 0.576847
vt 0.013783 0.578714
vt 0.013786 0.578712
vt 0.076910 0.576826
vt 0.076911 0.576825
vt 0.076911 0.576826
vt 0.076908 0.576826
vt 0.076908 0.576825
vt 0.076910 0.576825
vt 0.076908 0.576828
vt 0.076907 0.576826
vt 0.076907 0.576825
vt 0.076910 0.576828
vt 0.076911 0.576828
vt 0.076907 0.576828
vt 0.013799 0.578753
vt 0.013798 0.578752
vt 0.013797 0.578753
vt 0.013798 0.578752
vt 0.076906 0.576830
vt 0.076826 0.576918
vt 0.076825 0.576922
vt 0.076825 0.576918
vt 0.076826 0.576922
vt 0.076826 0.576918
vt 0.076826 0.576922
vt 0.013781 0.578706
vt 0.013781 0.578708
vt 0.013781 0.578710
vt 0.076882 0.576845
vt 0.076883 0.576844
vt 0.013782 0.578713
vt 0.013781 0.578712
vt 0.076832 0.576918
vt 0.076832 0.576922
vt 0.076832 0.576918
vt 0.076832 0.576922
vt 0.076831 0.576922
vt 0.076831 0.576918
vt 0.076833 0.576922
vt 0.076868 0.576912
vt 0.076869 0.576911
vt 0.076869 0.576912
vt 0.076869 0.576909
vt 0.076870 0.576911
vt 0.076868 0.576911
vt 0.076870 0.576912
vt 0.076868 0.576910
vt 0.076868 0.576908
vt 0.076867 0.576910
vt 0.076867 0.576908
vt 0.013799 0.578751
vt 0.013798 0.578750
vt 0.013797 0.578752
vt 0.013797 0.578751
vt 0.013797 0.578750
vt 0.013743 0.578781
vt 0.013743 0.578783
vt 0.013742 0.578781
vt 0.013744 0.578781
vt 0.013744 0.578783
vt 0.013742 0.578783
vt 0.076906 0.576831
vt 0.076869 0.576908
vt 0.076871 0.576909
vt 0.013796 0.578752
vt 0.013796 0.578751
vt 0.013746 0.578782
vt 0.076868 0.576906
vt 0.076868 0.576904
vt 0.076869 0.576906
vt 0.076869 0.576904
vt 0.076871 0.576904
vt 0.076871 0.576906
vt 0.076831 0.576918
vt 0.076831 0.576922
vt 0.076830 0.576918
vt 0.076830 0.576922
vt 0.013743 0.578779
vt 0.013743 0.578778
vt 0.013744 0.578779
vt 0.013743 0.578776
vt 0.013744 0.578778
vt 0.013746 0.578777
vt 0.013746 0.578779
vt 0.076906 0.576841
vt 0.076906 0.576845
vt 0.076905 0.576841
vt 0.076905 0.576845
vt 0.076905 0.576841
vt 0.013744 0.578776
vt 0.013746 0.578776
vt 0.013743 0.578775
vt 0.076870 0.576913
vt 0.076870 0.576913
vt 0.076871 0.576911
vt 0.076871 0.576912
vt 0.076871 0.576913
vt 0.013744 0.578774
vt 0.013797 0.578749
vt 0.013796 0.578750
vt 0.013795 0.578749
vt 0.013798 0.578749
vt 0.013747 0.578774
vt 0.013747 0.578776
vt 0.013747 0.578778
vt 0.076871 0.576913
vt 0.013746 0.578774
vt 0.076872 0.576912
vt 0.013795 0.578752
vt 0.013795 0.578750
vt 0.013794 0.578749
vt 0.076872 0.576908
vt 0.076872 0.576909
vt 0.076872 0.576911
vt 0.013795 0.578753
vt 0.076871 0.576908
vt 0.013746 0.578781
vt 0.013747 0.578781
vt 0.013747 0.578783
vt 0.076872 0.576904
vt 0.076872 0.576906
vt 0.013747 0.578779
vt 0.013795 0.578753
vt 0.013794 0.578752
vt 0.013749 0.578781
vt 0.013749 0.578783
vt 0.076874 0.576904
vt 0.076874 0.576906
vt 0.013749 0.578776
vt 0.013749 0.578778
vt 0.013749 0.578779
vt 0.013748 0.578775
vt 0.076872 0.576913
vt 0.076873 0.576912
vt 0.013794 0.578751
vt 0.013793 0.578750
vt 0.076874 0.576908
vt 0.076873 0.576910
vt 0.076873 0.576911
vt 0.076873 0.576912
vt 0.076875 0.576908
vt 0.076874 0.576910
vt 0.076874 0.576911
vt 0.013795 0.578753
vt 0.013750 0.578781
vt 0.013750 0.578783
vt 0.076909 0.576841
vt 0.076908 0.576845
vt 0.076908 0.576841
vt 0.076909 0.576845
vt 0.076908 0.576841
vt 0.076919 0.576899
vt 0.076919 0.576903
vt 0.076919 0.576903
vt 0.076918 0.576899
vt 0.076918 0.576903
vt 0.076918 0.576899
vt 0.076918 0.576903
vt 0.013794 0.578754
vt 0.013793 0.578753
vt 0.013794 0.578753
vt 0.076906 0.576890
vt 0.076905 0.576891
vt 0.076905 0.576889
vt 0.076907 0.576892
vt 0.076906 0.576891
vt 0.013782 0.578763
vt 0.013780 0.578764
vt 0.013780 0.578763
vt 0.013783 0.578765
vt 0.013781 0.578765
vt 0.013782 0.578762
vt 0.013782 0.578759
vt 0.013783 0.578760
vt 0.013781 0.578761
vt 0.013783 0.578764
vt 0.076883 0.576841
vt 0.076883 0.576841
vt 0.076882 0.576841
vt 0.076884 0.576840
vt 0.076884 0.576841
vt 0.076883 0.576842
vt 0.013783 0.578758
vt 0.013783 0.578759
vt 0.013783 0.578762
vt 0.013784 0.578760
vt 0.013793 0.578752
vt 0.013785 0.578764
vt 0.013785 0.578759
vt 0.013785 0.578762
vt 0.076906 0.576896
vt 0.076906 0.576897
vt 0.076905 0.576896
vt 0.076908 0.576896
vt 0.076908 0.576897
vt 0.076907 0.576897
vt 0.076907 0.576895
vt 0.076907 0.576897
vt 0.013785 0.578761
vt 0.013784 0.578758
vt 0.013785 0.578758
vt 0.076905 0.576895
vt 0.076906 0.576893
vt 0.076907 0.576894
vt 0.076908 0.576894
vt 0.013786 0.578759
vt 0.013793 0.578754
vt 0.013782 0.578769
vt 0.013781 0.578766
vt 0.013782 0.578767
vt 0.013781 0.578768
vt 0.013783 0.578769
vt 0.013794 0.578754
vt 0.076908 0.576890
vt 0.076909 0.576892
vt 0.076827 0.576918
vt 0.076827 0.576922
vt 0.076828 0.576922
vt 0.013784 0.578766
vt 0.076885 0.576840
vt 0.076885 0.576841
vt 0.013794 0.578755
vt 0.013794 0.578755
vt 0.076911 0.576891
vt 0.076910 0.576893
vt 0.076909 0.576891
vt 0.076858 0.576922
vt 0.076859 0.576922
vt 0.076858 0.576918
vt 0.076858 0.576919
vt 0.013786 0.578764
vt 0.013786 0.578766
vt 0.013786 0.578763
vt 0.076895 0.576923
vt 0.076895 0.576919
vt 0.076895 0.576923
vt 0.076895 0.576919
vt 0.076894 0.576923
vt 0.076894 0.576918
vt 0.013787 0.578761
vt 0.076885 0.576841
vt 0.013787 0.578759
vt 0.013786 0.578758
vt 0.076909 0.576897
vt 0.076909 0.576896
vt 0.013784 0.578767
vt 0.013785 0.578768
vt 0.013785 0.578769
vt 0.013787 0.578758
vt 0.013788 0.578759
vt 0.013788 0.578761
vt 0.076910 0.576894
vt 0.076910 0.576897
vt 0.076911 0.576894
vt 0.076911 0.576896
vt 0.013788 0.578758
vt 0.013795 0.578755
vt 0.013794 0.578756
vt 0.013787 0.578768
vt 0.013786 0.578769
vt 0.076912 0.576891
vt 0.076912 0.576893
vt 0.013788 0.578763
vt 0.013788 0.578765
vt 0.013787 0.578766
vt 0.076919 0.576899
vt 0.076920 0.576903
vt 0.076886 0.576840
vt 0.076886 0.576841
vt 0.076885 0.576839
vt 0.076886 0.576840
vt 0.076886 0.576841
vt 0.013795 0.578756
vt 0.076920 0.576899
vt 0.076920 0.576899
vt 0.076920 0.576903
vt 0.076886 0.576842
vt 0.076887 0.576840
vt 0.076887 0.576841
vt 0.076912 0.576894
vt 0.076911 0.576896
vt 0.013788 0.578768
vt 0.013787 0.578769
vt 0.076888 0.576841
vt 0.076890 0.576842
vt 0.076889 0.576842
vt 0.076888 0.576842
vt 0.076888 0.576840
vt 0.076889 0.576841
vt 0.013778 0.578713
vt 0.013778 0.578711
vt 0.013779 0.578711
vt 0.013779 0.578714
vt 0.013778 0.578714
vt 0.013779 0.578713
vt 0.013778 0.578715
vt 0.013777 0.578713
vt 0.013780 0.578712
vt 0.013777 0.578715
vt 0.013777 0.578714
vt 0.013796 0.578756
vt 0.076904 0.576831
vt 0.076905 0.576830
vt 0.076904 0.576829
vt 0.076903 0.576831
vt 0.076903 0.576829
vt 0.013779 0.578708
vt 0.013778 0.578709
vt 0.013778 0.578707
vt 0.013780 0.578708
vt 0.013779 0.578706
vt 0.013779 0.578709
vt 0.013778 0.578706
vt 0.076921 0.576899
vt 0.076921 0.576903
vt 0.013780 0.578710
vt 0.076887 0.576842
vt 0.013776 0.578709
vt 0.013776 0.578707
vt 0.013776 0.578706
vt 0.013776 0.578711
vt 0.076887 0.576843
vt 0.076888 0.576843
vt 0.076889 0.576843
vt 0.013777 0.578714
vt 0.013776 0.578712
vt 0.076903 0.576828
vt 0.076904 0.576826
vt 0.076904 0.576828
vt 0.076903 0.576826
vt 0.076901 0.576828
vt 0.076901 0.576826
vt 0.013776 0.578714
vt 0.013778 0.578704
vt 0.013779 0.578703
vt 0.013779 0.578704
vt 0.013778 0.578703
vt 0.013776 0.578704
vt 0.013776 0.578703
vt 0.076901 0.576831
vt 0.076901 0.576829
vt 0.076905 0.576845
vt 0.076904 0.576841
vt 0.076903 0.576845
vt 0.076903 0.576841
vt 0.076904 0.576845
vt 0.013775 0.578714
vt 0.013775 0.578713
vt 0.013776 0.578714
vt 0.013776 0.578714
vt 0.076900 0.576826
vt 0.076900 0.576825
vt 0.076901 0.576825
vt 0.076902 0.576825
vt 0.013775 0.578703
vt 0.013797 0.578756
vt 0.013797 0.578756
vt 0.076900 0.576829
vt 0.013775 0.578706
vt 0.013775 0.578707
vt 0.076887 0.576844
vt 0.076888 0.576844
vt 0.013775 0.578711
vt 0.013775 0.578709
vt 0.076889 0.576844
vt 0.013773 0.578706
vt 0.013773 0.578708
vt 0.076886 0.576844
vt 0.013773 0.578709
vt 0.013774 0.578713
vt 0.013774 0.578711
vt 0.076887 0.576845
vt 0.013774 0.578714
vt 0.076900 0.576828
vt 0.013775 0.578715
vt 0.076899 0.576826
vt 0.013775 0.578704
vt 0.013773 0.578703
vt 0.013798 0.578755
vt 0.076899 0.576831
vt 0.076898 0.576829
vt 0.076857 0.576922
vt 0.076857 0.576919
vt 0.076858 0.576922
vt 0.076898 0.576828
vt 0.076897 0.576828
vt 0.076898 0.576827
vt 0.013775 0.578715
vt 0.013774 0.578714
vt 0.013773 0.578704
vt 0.013772 0.578703
vt 0.013798 0.578755
vt 0.076898 0.576831
vt 0.076897 0.576830
vt 0.076893 0.576923
vt 0.076893 0.576919
vt 0.076894 0.576923
vt 0.076894 0.576919
vt 0.013772 0.578706
vt 0.076909 0.576841
vt 0.076910 0.576845
vt 0.076909 0.576845
vt 0.076909 0.576845
vt 0.013772 0.578708
vt 0.076887 0.576846
vt 0.076886 0.576846
vt 0.076886 0.576845
vt 0.013772 0.578710
vt 0.013773 0.578713
vt 0.013773 0.578712
vt 0.076888 0.576845
vt 0.076888 0.576847
vt 0.076889 0.576846
vt 0.076890 0.576845
vt 0.013772 0.578705
vt 0.076897 0.576831
vt 0.013786 0.578715
vt 0.013787 0.578714
vt 0.013787 0.578713
vt 0.013788 0.578703
vt 0.013788 0.578704
vt 0.076913 0.576829
vt 0.076913 0.576831
vt 0.013788 0.578706
vt 0.013788 0.578708
vt 0.013788 0.578709
vt 0.013788 0.578711
vt 0.076912 0.576825
vt 0.076912 0.576826
vt 0.076913 0.576828
vt 0.076903 0.576845
vt 0.076903 0.576841
vt 0.076902 0.576845
vt 0.076902 0.576841
vt 0.076910 0.576841
vt 0.076910 0.576845
vt 0.076910 0.576841
vt 0.076911 0.576841
vt 0.076911 0.576845
vt 0.076828 0.576918
vt 0.076906 0.576845
vt 0.076907 0.576841
vt 0.076907 0.576845
vt 0.076906 0.576841
vt 0.076908 0.576845
vt 0.076906 0.576845
vt 0.076906 0.576841
vt 0.076912 0.576841
vt 0.076912 0.576845
vt 0.076833 0.576918
vt 0.076840 0.576920
vt 0.076841 0.576919
vt 0.076840 0.576920
vt 0.076840 0.576921
vt 0.076839 0.576921
vt 0.076840 0.576920
vt 0.076840 0.576921
vt 0.076840 0.576920
vt 0.076841 0.576921
vt 0.076841 0.576920
vt 0.076841 0.576920
vt 0.076841 0.576921
vt 0.076841 0.576920
vt 0.076842 0.576921
vt 0.076841 0.576920
vt 0.076842 0.576920
vt 0.076841 0.576919
vt 0.076842 0.576920
vt 0.076841 0.576919
vt 0.076842 0.576919
vt 0.076841 0.576919
vt 0.076842 0.576918
vt 0.076841 0.576919
vt 0.076842 0.576918
vt 0.076841 0.576918
vt 0.076841 0.576918
vt 0.076841 0.576918
vt 0.076841 0.576917
vt 0.076840 0.576918
vt 0.076840 0.576918
vt 0.076840 0.576917
vt 0.076840 0.576918
vt 0.076840 0.576919
vt 0.076839 0.576918
vt 0.076840 0.576919
vt 0.076839 0.576918
vt 0.076840 0.576919
vt 0.076839 0.576919
vt 0.076840 0.576919
vt 0.076839 0.576920
vt 0.076839 0.576920
vt 0.076897 0.576844
vt 0.076897 0.576844
vt 0.076897 0.576843
vt 0.076897 0.576845
vt 0.076897 0.576844
vt 0.076896 0.576845
vt 0.076897 0.576845
vt 0.076897 0.576844
vt 0.076898 0.576845
vt 0.076896 0.576844
vt 0.076896 0.576845
vt 0.076896 0.576844
vt 0.076895 0.576844
vt 0.076896 0.576844
vt 0.076895 0.576844
vt 0.076896 0.576843
vt 0.076895 0.576843
vt 0.076896 0.576843
vt 0.076895 0.576842
vt 0.076896 0.576843
vt 0.076896 0.576842
vt 0.076897 0.576842
vt 0.076897 0.576842
vt 0.076896 0.576842
vt 0.076897 0.576842
vt 0.076897 0.576841
vt 0.076897 0.576842
vt 0.076897 0.576841
vt 0.076898 0.576843
vt 0.076898 0.576842
vt 0.076898 0.576842
vt 0.076898 0.576843
vt 0.076899 0.576842
vt 0.076898 0.576843
vt 0.076899 0.576843
vt 0.076898 0.576844
vt 0.076899 0.576844
vt 0.076898 0.576844
vt 0.076899 0.576844
vt 0.076898 0.576844
vt 0.076898 0.576845
vt 0.013796 0.578749
vt 0.013797 0.578748
vt 0.013797 0.578749
vt 0.013796 0.578748
vt 0.013798 0.578748
vt 0.013797 0.578749
vt 0.013796 0.578749
vt 0.013795 0.578748
vt 0.013797 0.578747
vt 0.013795 0.578740
vt 0.013795 0.578738
vt 0.013797 0.578740
vt 0.013794 0.578739
vt 0.013797 0.578738
vt 0.013798 0.578738
vt 0.013798 0.578740
vt 0.013769 0.578718
vt 0.013770 0.578718
vt 0.013769 0.578718
vt 0.013770 0.578717
vt 0.013770 0.578718
vt 0.013769 0.578718
vt 0.013769 0.578717
vt 0.013770 0.578717
vt 0.076920 0.576866
vt 0.076920 0.576865
vt 0.076922 0.576866
vt 0.076919 0.576865
vt 0.076923 0.576865
vt 0.076923 0.576866
vt 0.076922 0.576865
vt 0.013768 0.578718
vt 0.013767 0.578718
vt 0.013767 0.578717
vt 0.013769 0.578719
vt 0.013769 0.578719
vt 0.013769 0.578717
vt 0.013769 0.578717
vt 0.013768 0.578717
vt 0.013768 0.578717
vt 0.013768 0.578717
vt 0.013768 0.578719
vt 0.013769 0.578718
vt 0.013767 0.578718
vt 0.013767 0.578718
vt 0.013767 0.578718
vt 0.013768 0.578719
vt 0.013768 0.578719
vt 0.013795 0.578742
vt 0.013794 0.578744
vt 0.013794 0.578743
vt 0.013797 0.578741
vt 0.013797 0.578742
vt 0.013795 0.578741
vt 0.013796 0.578744
vt 0.013798 0.578742
vt 0.013794 0.578741
vt 0.013795 0.578746
vt 0.013797 0.578744
vt 0.013796 0.578746
vt 0.013798 0.578744
vt 0.076876 0.576919
vt 0.076877 0.576918
vt 0.076877 0.576919
vt 0.076876 0.576918
vt 0.076878 0.576919
vt 0.076878 0.576919
vt 0.076876 0.576918
vt 0.076876 0.576918
vt 0.013795 0.578747
vt 0.013797 0.578745
vt 0.013796 0.578747
vt 0.013798 0.578746
vt 0.076876 0.576920
vt 0.076877 0.576920
vt 0.076878 0.576920
vt 0.013798 0.578747
vt 0.076920 0.576862
vt 0.076919 0.576861
vt 0.076920 0.576861
vt 0.076922 0.576862
vt 0.076922 0.576861
vt 0.076920 0.576863
vt 0.076922 0.576863
vt 0.076919 0.576862
vt 0.076923 0.576862
vt 0.076923 0.576863
vt 0.013795 0.578748
vt 0.013794 0.578747
vt 0.076919 0.576864
vt 0.013794 0.578740
vt 0.013769 0.578716
vt 0.076919 0.576866
vt 0.013793 0.578745
vt 0.013793 0.578743
vt 0.013793 0.578742
vt 0.013794 0.578746
vt 0.076875 0.576918
vt 0.076876 0.576917
vt 0.076875 0.576919
vt 0.076875 0.576917
vt 0.076876 0.576917
vt 0.076902 0.576907
vt 0.076902 0.576906
vt 0.076903 0.576907
vt 0.076901 0.576909
vt 0.076901 0.576907
vt 0.076902 0.576906
vt 0.076902 0.576909
vt 0.076901 0.576906
vt 0.013794 0.578749
vt 0.013794 0.578748
vt 0.076903 0.576908
vt 0.076902 0.576910
vt 0.076903 0.576910
vt 0.013770 0.578716
vt 0.013770 0.578716
vt 0.013769 0.578716
vt 0.013769 0.578715
vt 0.013777 0.578787
vt 0.013776 0.578785
vt 0.013777 0.578785
vt 0.013779 0.578787
vt 0.013778 0.578785
vt 0.076902 0.576913
vt 0.076902 0.576912
vt 0.076904 0.576913
vt 0.076901 0.576912
vt 0.076904 0.576912
vt 0.076901 0.576910
vt 0.076900 0.576910
vt 0.076900 0.576909
vt 0.013768 0.578716
vt 0.013768 0.578715
vt 0.013776 0.578787
vt 0.013775 0.578785
vt 0.076901 0.576913
vt 0.076900 0.576912
vt 0.013776 0.578790
vt 0.013775 0.578788
vt 0.013776 0.578788
vt 0.013777 0.578790
vt 0.013777 0.578788
vt 0.013776 0.578791
vt 0.013775 0.578790
vt 0.013777 0.578791
vt 0.013776 0.578793
vt 0.013775 0.578791
vt 0.013777 0.578793
vt 0.076900 0.576907
vt 0.076900 0.576906
vt 0.013775 0.578794
vt 0.013774 0.578793
vt 0.013776 0.578794
vt 0.013773 0.578793
vt 0.013773 0.578791
vt 0.013773 0.578790
vt 0.076899 0.576906
vt 0.076900 0.576906
vt 0.076901 0.576906
vt 0.013773 0.578794
vt 0.076899 0.576906
vt 0.013774 0.578794
vt 0.076899 0.576907
vt 0.013769 0.578714
vt 0.013767 0.578715
vt 0.013768 0.578714
vt 0.076899 0.576909
vt 0.013767 0.578715
vt 0.013775 0.578787
vt 0.013773 0.578787
vt 0.013773 0.578785
vt 0.013768 0.578716
vt 0.076900 0.576913
vt 0.076898 0.576913
vt 0.076898 0.576912
vt 0.013773 0.578788
vt 0.013766 0.578715
vt 0.013767 0.578716
vt 0.013772 0.578786
vt 0.013772 0.578785
vt 0.013767 0.578716
vt 0.076897 0.576913
vt 0.076897 0.576912
vt 0.013772 0.578791
vt 0.013772 0.578789
vt 0.013772 0.578788
vt 0.013772 0.578792
vt 0.076899 0.576905
vt 0.013772 0.578793
vt 0.076898 0.576906
vt 0.076897 0.576910
vt 0.076897 0.576908
vt 0.076898 0.576907
vt 0.076898 0.576910
vt 0.076898 0.576905
vt 0.076898 0.576906
vt 0.076896 0.576910
vt 0.076897 0.576908
vt 0.076897 0.576907
vt 0.013765 0.578716
vt 0.013766 0.578716
vt 0.013771 0.578786
vt 0.013771 0.578785
vt 0.013767 0.578717
vt 0.013766 0.578717
vt 0.013766 0.578717
vt 0.076920 0.576832
vt 0.076921 0.576830
vt 0.076921 0.576832
vt 0.076920 0.576830
vt 0.076918 0.576832
vt 0.076918 0.576830
vt 0.013795 0.578707
vt 0.013796 0.578708
vt 0.013795 0.578708
vt 0.013796 0.578707
vt 0.013793 0.578707
vt 0.013796 0.578710
vt 0.013795 0.578710
vt 0.013793 0.578708
vt 0.013795 0.578711
vt 0.013794 0.578711
vt 0.013793 0.578710
vt 0.013795 0.578713
vt 0.013794 0.578713
vt 0.013793 0.578711
vt 0.013765 0.578717
vt 0.013792 0.578708
vt 0.013793 0.578713
vt 0.013792 0.578710
vt 0.076918 0.576826
vt 0.076919 0.576825
vt 0.076919 0.576826
vt 0.076917 0.576827
vt 0.076917 0.576826
vt 0.076918 0.576825
vt 0.076918 0.576827
vt 0.076917 0.576825
vt 0.013792 0.578711
vt 0.076919 0.576827
vt 0.076917 0.576828
vt 0.076918 0.576828
vt 0.013765 0.578718
vt 0.013765 0.578718
vt 0.076920 0.576829
vt 0.013766 0.578718
vt 0.013793 0.578705
vt 0.013795 0.578704
vt 0.013795 0.578705
vt 0.013793 0.578703
vt 0.013792 0.578705
vt 0.013792 0.578703
vt 0.076917 0.576832
vt 0.076917 0.576830
vt 0.013792 0.578707
vt 0.076878 0.576915
vt 0.076877 0.576914
vt 0.076878 0.576914
vt 0.076877 0.576915
vt 0.076879 0.576914
vt 0.076878 0.576915
vt 0.013766 0.578718
vt 0.076915 0.576830
vt 0.013791 0.578708
vt 0.013790 0.578707
vt 0.013791 0.578710
vt 0.013791 0.578711
vt 0.076879 0.576915
vt 0.076879 0.576915
vt 0.013791 0.578713
vt 0.013792 0.578713
vt 0.076916 0.576825
vt 0.076916 0.576826
vt 0.013766 0.578719
vt 0.013765 0.578719
vt 0.076916 0.576827
vt 0.013791 0.578704
vt 0.013790 0.578713
vt 0.013790 0.578711
vt 0.076915 0.576826
vt 0.076915 0.576825
vt 0.076916 0.576829
vt 0.013766 0.578719
vt 0.013765 0.578720
vt 0.076915 0.576827
vt 0.013790 0.578705
vt 0.013789 0.578704
vt 0.013767 0.578719
vt 0.076915 0.576832
vt 0.076914 0.576830
vt 0.013789 0.578710
vt 0.013789 0.578708
vt 0.013789 0.578707
vt 0.076879 0.576916
vt 0.076880 0.576915
vt 0.013767 0.578719
vt 0.076879 0.576916
vt 0.076914 0.576829
vt 0.076914 0.576826
vt 0.076914 0.576827
vt 0.013767 0.578720
vt 0.013789 0.578705
vt 0.013788 0.578704
vt 0.076914 0.576832
vt 0.076913 0.576830
vt 0.076913 0.576829
vt 0.013732 0.578782
vt 0.013732 0.578781
vt 0.013732 0.578781
vt 0.013733 0.578783
vt 0.013732 0.578783
vt 0.013731 0.578782
vt 0.013733 0.578782
vt 0.013731 0.578783
vt 0.013767 0.578720
vt 0.013788 0.578705
vt 0.013768 0.578720
vt 0.076913 0.576832
vt 0.013731 0.578786
vt 0.013732 0.578785
vt 0.013732 0.578786
vt 0.013730 0.578787
vt 0.013730 0.578786
vt 0.013731 0.578788
vt 0.013731 0.578785
vt 0.013732 0.578788
vt 0.013730 0.578784
vt 0.076880 0.576916
vt 0.076879 0.576917
vt 0.076881 0.576916
vt 0.076880 0.576917
vt 0.076881 0.576915
vt 0.013734 0.578785
vt 0.013734 0.578787
vt 0.013734 0.578788
vt 0.076881 0.576917
vt 0.076879 0.576917
vt 0.076880 0.576918
vt 0.013733 0.578781
vt 0.013734 0.578783
vt 0.076857 0.576917
vt 0.076859 0.576916
vt 0.076859 0.576917
vt 0.076856 0.576918
vt 0.076856 0.576917
vt 0.076857 0.576918
vt 0.076857 0.576916
vt 0.013734 0.578782
vt 0.076856 0.576916
vt 0.013768 0.578720
vt 0.013732 0.578789
vt 0.013731 0.578791
vt 0.013731 0.578789
vt 0.013732 0.578791
vt 0.013734 0.578790
vt 0.013734 0.578791
vt 0.076857 0.576913
vt 0.076856 0.576914
vt 0.076856 0.576913
vt 0.076857 0.576914
vt 0.076859 0.576913
vt 0.076859 0.576915
vt 0.013734 0.578781
vt 0.013735 0.578780
vt 0.013735 0.578781
vt 0.013735 0.578782
vt 0.076860 0.576917
vt 0.076860 0.576918
vt 0.013734 0.578780
vt 0.013734 0.578780
vt 0.013735 0.578791
vt 0.013769 0.578720
vt 0.076860 0.576915
vt 0.013735 0.578788
vt 0.013735 0.578783
vt 0.013735 0.578785
vt 0.013735 0.578787
vt 0.076880 0.576918
vt 0.076879 0.576918
vt 0.076881 0.576918
vt 0.076881 0.576919
vt 0.013737 0.578786
vt 0.013737 0.578788
vt 0.076880 0.576920
vt 0.076879 0.576919
vt 0.076879 0.576918
vt 0.013736 0.578782
vt 0.013736 0.578783
vt 0.013737 0.578785
vt 0.013736 0.578781
vt 0.013735 0.578780
vt 0.076860 0.576916
vt 0.076861 0.576917
vt 0.013735 0.578790
vt 0.013736 0.578791
vt 0.013769 0.578719
vt 0.076860 0.576913
vt 0.076861 0.576914
vt 0.076861 0.576916
vt 0.076862 0.576916
vt 0.076862 0.576917
vt 0.013736 0.578789
vt 0.013738 0.578789
vt 0.013737 0.578791
vt 0.013770 0.578719
vt 0.076862 0.576913
vt 0.076863 0.576913
vt 0.076863 0.576914
vt 0.013738 0.578788
vt 0.013738 0.578786
vt 0.076879 0.576920
vt 0.076878 0.576919
vt 0.076878 0.576918
vt 0.013737 0.578782
vt 0.013737 0.578783
vt 0.013738 0.578785
vt 0.076879 0.576921
vt 0.076880 0.576921
vt 0.076881 0.576920
vt 0.076878 0.576921
vt 0.013799 0.578748
vt 0.013800 0.578748
vt 0.013799 0.578748
vt 0.013799 0.578747
vt 0.013799 0.578746
vt 0.013770 0.578720
vt 0.013770 0.578719
vt 0.013798 0.578749
vt 0.013799 0.578739
vt 0.013800 0.578740
vt 0.076925 0.576865
vt 0.076925 0.576866
vt 0.013798 0.578741
vt 0.013800 0.578743
vt 0.013800 0.578741
vt 0.013800 0.578744
vt 0.076877 0.576921
vt 0.076924 0.576862
vt 0.076924 0.576864
vt 0.013742 0.578720
vt 0.013742 0.578720
vt 0.013742 0.578720
vt 0.013744 0.578719
vt 0.013743 0.578720
vt 0.013742 0.578719
vt 0.013743 0.578720
vt 0.013743 0.578719
vt 0.013787 0.578732
vt 0.013785 0.578732
vt 0.013787 0.578731
vt 0.013784 0.578732
vt 0.013785 0.578731
vt 0.013788 0.578732
vt 0.013784 0.578731
vt 0.013743 0.578721
vt 0.076912 0.576856
vt 0.076910 0.576856
vt 0.076912 0.576854
vt 0.076909 0.576856
vt 0.076910 0.576854
vt 0.076913 0.576856
vt 0.076909 0.576854
vt 0.076857 0.576922
vt 0.076857 0.576918
vt 0.076857 0.576922
vt 0.076857 0.576919
vt 0.076856 0.576922
vt 0.076856 0.576919
vt 0.013744 0.578720
vt 0.013745 0.578719
vt 0.013745 0.578720
vt 0.013744 0.578719
vt 0.013744 0.578719
vt 0.013744 0.578719
vt 0.013745 0.578719
vt 0.013745 0.578719
vt 0.013745 0.578719
vt 0.013745 0.578720
vt 0.013745 0.578721
vt 0.013745 0.578720
vt 0.013744 0.578720
vt 0.013744 0.578721
vt 0.013744 0.578721
vt 0.013744 0.578721
vt 0.013745 0.578721
vt 0.013745 0.578721
vt 0.013787 0.578729
vt 0.013785 0.578729
vt 0.013787 0.578728
vt 0.013784 0.578729
vt 0.013785 0.578728
vt 0.013788 0.578729
vt 0.013787 0.578726
vt 0.013784 0.578727
vt 0.013785 0.578726
vt 0.013786 0.578724
vt 0.013787 0.578724
vt 0.013788 0.578728
vt 0.013784 0.578726
vt 0.076915 0.576839
vt 0.076915 0.576839
vt 0.076915 0.576840
vt 0.076914 0.576838
vt 0.076915 0.576838
vt 0.076915 0.576838
vt 0.076914 0.576839
vt 0.076916 0.576840
vt 0.076916 0.576838
vt 0.013785 0.578722
vt 0.013786 0.578723
vt 0.013784 0.578724
vt 0.013787 0.578723
vt 0.076916 0.576839
vt 0.013785 0.578721
vt 0.013786 0.578721
vt 0.013787 0.578722
vt 0.076911 0.576860
vt 0.076910 0.576860
vt 0.076912 0.576859
vt 0.076910 0.576859
vt 0.076912 0.576858
vt 0.076913 0.576860
vt 0.076909 0.576860
vt 0.076913 0.576859
vt 0.076910 0.576857
vt 0.076909 0.576859
vt 0.076909 0.576857
vt 0.013784 0.578721
vt 0.013742 0.578718
vt 0.013743 0.578718
vt 0.076907 0.576855
vt 0.076907 0.576854
vt 0.076864 0.576917
vt 0.076864 0.576921
vt 0.076864 0.576921
vt 0.076864 0.576917
vt 0.076865 0.576921
vt 0.013782 0.578729
vt 0.013782 0.578727
vt 0.013783 0.578725
vt 0.076914 0.576840
vt 0.076913 0.576840
vt 0.013783 0.578723
vt 0.013784 0.578722
vt 0.076830 0.576922
vt 0.076829 0.576918
vt 0.076830 0.576918
vt 0.076830 0.576918
vt 0.076830 0.576922
vt 0.076829 0.576922
vt 0.076829 0.576918
vt 0.076914 0.576840
vt 0.076885 0.576898
vt 0.076885 0.576899
vt 0.076884 0.576899
vt 0.076886 0.576901
vt 0.076885 0.576901
vt 0.076886 0.576898
vt 0.076884 0.576900
vt 0.076886 0.576900
vt 0.076883 0.576902
vt 0.076884 0.576903
vt 0.076885 0.576903
vt 0.013742 0.578718
vt 0.013744 0.578718
vt 0.013757 0.578779
vt 0.013758 0.578777
vt 0.013759 0.578778
vt 0.013759 0.578779
vt 0.013760 0.578778
vt 0.013760 0.578780
vt 0.076887 0.576901
vt 0.076887 0.576903
vt 0.013743 0.578717
vt 0.013742 0.578717
vt 0.013743 0.578716
vt 0.013744 0.578718
vt 0.013762 0.578778
vt 0.013762 0.578780
vt 0.076884 0.576904
vt 0.076885 0.576905
vt 0.076883 0.576906
vt 0.076887 0.576905
vt 0.076885 0.576906
vt 0.076886 0.576907
vt 0.076828 0.576922
vt 0.076828 0.576918
vt 0.076828 0.576922
vt 0.076828 0.576918
vt 0.076829 0.576922
vt 0.013758 0.578781
vt 0.013760 0.578781
vt 0.013758 0.578782
vt 0.013761 0.578782
vt 0.013760 0.578783
vt 0.013761 0.578783
vt 0.013759 0.578784
vt 0.076902 0.576841
vt 0.076902 0.576845
vt 0.076902 0.576841
vt 0.076902 0.576845
vt 0.076901 0.576845
vt 0.076901 0.576841
vt 0.013758 0.578784
vt 0.013761 0.578785
vt 0.076886 0.576898
vt 0.076887 0.576899
vt 0.076887 0.576898
vt 0.076887 0.576900
vt 0.076888 0.576899
vt 0.013758 0.578786
vt 0.013759 0.578786
vt 0.013761 0.578786
vt 0.013759 0.578787
vt 0.013758 0.578787
vt 0.013761 0.578787
vt 0.013744 0.578717
vt 0.013762 0.578785
vt 0.013762 0.578786
vt 0.076888 0.576898
vt 0.076888 0.576898
vt 0.013762 0.578788
vt 0.076888 0.576899
vt 0.076889 0.576900
vt 0.076888 0.576903
vt 0.013744 0.578716
vt 0.013745 0.578718
vt 0.013745 0.578717
vt 0.013763 0.578780
vt 0.076888 0.576907
vt 0.013763 0.578783
vt 0.013745 0.578718
vt 0.013745 0.578716
vt 0.013763 0.578778
vt 0.013765 0.578780
vt 0.076888 0.576905
vt 0.076890 0.576907
vt 0.013764 0.578785
vt 0.013763 0.578782
vt 0.013764 0.578783
vt 0.013763 0.578786
vt 0.076889 0.576898
vt 0.013763 0.578788
vt 0.076889 0.576899
vt 0.076889 0.576902
vt 0.076890 0.576903
vt 0.076890 0.576900
vt 0.013746 0.578717
vt 0.076890 0.576899
vt 0.076890 0.576902
vt 0.076891 0.576903
vt 0.076890 0.576900
vt 0.013747 0.578717
vt 0.013747 0.578718
vt 0.013746 0.578716
vt 0.013746 0.578718
vt 0.013765 0.578778
vt 0.013766 0.578780
vt 0.076890 0.576905
vt 0.076908 0.576865
vt 0.076907 0.576860
vt 0.076908 0.576860
vt 0.076908 0.576860
vt 0.076908 0.576865
vt 0.076907 0.576865
vt 0.013765 0.578782
vt 0.076844 0.576922
vt 0.076845 0.576917
vt 0.076845 0.576922
vt 0.076845 0.576922
vt 0.076844 0.576917
vt 0.076844 0.576922
vt 0.076844 0.576917
vt 0.013766 0.578778
vt 0.076905 0.576904
vt 0.076906 0.576905
vt 0.076905 0.576905
vt 0.076906 0.576903
vt 0.076907 0.576903
vt 0.013780 0.578780
vt 0.013782 0.578782
vt 0.013780 0.578782
vt 0.013781 0.578780
vt 0.013783 0.578780
vt 0.013782 0.578783
vt 0.013781 0.578784
vt 0.013782 0.578785
vt 0.013783 0.578781
vt 0.076914 0.576843
vt 0.076914 0.576844
vt 0.076913 0.576843
vt 0.076915 0.576844
vt 0.076914 0.576843
vt 0.013783 0.578785
vt 0.013783 0.578787
vt 0.013783 0.578783
vt 0.013783 0.578786
vt 0.076891 0.576901
vt 0.013784 0.578785
vt 0.013785 0.578781
vt 0.013785 0.578786
vt 0.013785 0.578782
vt 0.076906 0.576898
vt 0.076906 0.576898
vt 0.076907 0.576898
vt 0.076908 0.576899
vt 0.076907 0.576900
vt 0.076905 0.576899
vt 0.076908 0.576898
vt 0.076905 0.576900
vt 0.013785 0.578787
vt 0.013784 0.578787
vt 0.013785 0.578784
vt 0.076908 0.576901
vt 0.076907 0.576901
vt 0.076906 0.576902
vt 0.013786 0.578786
vt 0.013747 0.578718
vt 0.013746 0.578719
vt 0.013747 0.578719
vt 0.013782 0.578776
vt 0.013782 0.578778
vt 0.013781 0.578778
vt 0.013783 0.578776
vt 0.013781 0.578777
vt 0.013747 0.578720
vt 0.076908 0.576905
vt 0.076909 0.576903
vt 0.076866 0.576917
vt 0.076866 0.576921
vt 0.076865 0.576917
vt 0.076866 0.576917
vt 0.076866 0.576921
vt 0.013784 0.578779
vt 0.076915 0.576843
vt 0.076915 0.576844
vt 0.013747 0.578720
vt 0.013747 0.578720
vt 0.076911 0.576904
vt 0.076909 0.576904
vt 0.076856 0.576919
vt 0.076855 0.576922
vt 0.076855 0.576919
vt 0.076856 0.576922
vt 0.013786 0.578780
vt 0.013786 0.578782
vt 0.076891 0.576923
vt 0.076891 0.576919
vt 0.076891 0.576919
vt 0.076891 0.576923
vt 0.076892 0.576923
vt 0.013787 0.578784
vt 0.076915 0.576844
vt 0.076916 0.576844
vt 0.013787 0.578785
vt 0.013786 0.578787
vt 0.076909 0.576898
vt 0.076909 0.576899
vt 0.013785 0.578777
vt 0.013784 0.578777
vt 0.013788 0.578785
vt 0.013787 0.578786
vt 0.076911 0.576900
vt 0.076910 0.576901
vt 0.013788 0.578786
vt 0.013747 0.578721
vt 0.013746 0.578721
vt 0.013785 0.578776
vt 0.013787 0.578777
vt 0.076910 0.576902
vt 0.076912 0.576904
vt 0.013786 0.578779
vt 0.013788 0.578782
vt 0.013788 0.578780
vt 0.076843 0.576922
vt 0.076843 0.576917
vt 0.013788 0.578784
vt 0.076916 0.576844
vt 0.076917 0.576845
vt 0.076916 0.576845
vt 0.013746 0.578721
vt 0.013787 0.578779
vt 0.076843 0.576917
vt 0.076916 0.576843
vt 0.076917 0.576844
vt 0.076918 0.576845
vt 0.076917 0.576843
vt 0.076918 0.576843
vt 0.076910 0.576898
vt 0.076911 0.576899
vt 0.076912 0.576900
vt 0.013747 0.578722
vt 0.013786 0.578775
vt 0.013788 0.578777
vt 0.076912 0.576902
vt 0.076919 0.576844
vt 0.076918 0.576842
vt 0.076919 0.576843
vt 0.076920 0.576843
vt 0.076920 0.576844
vt 0.076919 0.576845
vt 0.013779 0.578754
vt 0.013779 0.578755
vt 0.013778 0.578754
vt 0.013779 0.578755
vt 0.076911 0.576899
vt 0.013787 0.578775
vt 0.013745 0.578722
vt 0.076902 0.576873
vt 0.076901 0.576871
vt 0.076902 0.576871
vt 0.076901 0.576873
vt 0.076904 0.576872
vt 0.013777 0.578749
vt 0.013776 0.578748
vt 0.013777 0.578748
vt 0.013779 0.578751
vt 0.013778 0.578751
vt 0.013776 0.578750
vt 0.013779 0.578749
vt 0.013777 0.578751
vt 0.076842 0.576922
vt 0.076842 0.576918
vt 0.013779 0.578752
vt 0.013778 0.578753
vt 0.013777 0.578753
vt 0.076917 0.576842
vt 0.013779 0.578747
vt 0.013781 0.578750
vt 0.013781 0.578749
vt 0.013781 0.578752
vt 0.076917 0.576841
vt 0.076918 0.576841
vt 0.013780 0.578754
vt 0.076919 0.576841
vt 0.013780 0.578755
vt 0.013781 0.578754
vt 0.076904 0.576869
vt 0.076903 0.576868
vt 0.076904 0.576868
vt 0.076902 0.576869
vt 0.076905 0.576869
vt 0.013746 0.578722
vt 0.013779 0.578746
vt 0.013777 0.578744
vt 0.013779 0.578744
vt 0.013777 0.578746
vt 0.013780 0.578746
vt 0.076904 0.576871
vt 0.076906 0.576872
vt 0.076901 0.576845
vt 0.076901 0.576841
vt 0.076900 0.576841
vt 0.013782 0.578755
vt 0.013781 0.578755
vt 0.013782 0.578756
vt 0.013781 0.578756
vt 0.013780 0.578756
vt 0.076905 0.576867
vt 0.076907 0.576867
vt 0.076906 0.576866
vt 0.076904 0.576867
vt 0.013780 0.578744
vt 0.013782 0.578744
vt 0.013745 0.578722
vt 0.076905 0.576871
vt 0.076907 0.576871
vt 0.013781 0.578747
vt 0.013782 0.578747
vt 0.013782 0.578749
vt 0.076917 0.576841
vt 0.076918 0.576841
vt 0.013782 0.578750
vt 0.013782 0.578754
vt 0.076919 0.576840
vt 0.013784 0.578747
vt 0.013784 0.578749
vt 0.013782 0.578752
vt 0.076917 0.576840
vt 0.013784 0.578751
vt 0.013783 0.578754
vt 0.076918 0.576840
vt 0.013783 0.578755
vt 0.076907 0.576869
vt 0.013782 0.578756
vt 0.076908 0.576868
vt 0.013782 0.578746
vt 0.013783 0.578744
vt 0.013744 0.578722
vt 0.013744 0.578722
vt 0.076907 0.576872
vt 0.076909 0.576871
vt 0.076855 0.576922
vt 0.076855 0.576919
vt 0.076909 0.576869
vt 0.076908 0.576869
vt 0.013784 0.578746
vt 0.013784 0.578744
vt 0.076909 0.576872
vt 0.076910 0.576871
vt 0.076893 0.576923
vt 0.076893 0.576919
vt 0.076892 0.576918
vt 0.013785 0.578748
vt 0.076913 0.576877
vt 0.076912 0.576881
vt 0.076912 0.576877
vt 0.076913 0.576882
vt 0.076912 0.576881
vt 0.076912 0.576877
vt 0.013785 0.578749
vt 0.013783 0.578752
vt 0.076918 0.576838
vt 0.076919 0.576839
vt 0.076917 0.576839
vt 0.013785 0.578751
vt 0.013784 0.578754
vt 0.076919 0.576838
vt 0.076920 0.576839
vt 0.013783 0.578755
vt 0.076920 0.576840
vt 0.013784 0.578753
vt 0.076917 0.576838
vt 0.076916 0.576840
vt 0.076909 0.576868
vt 0.013743 0.578722
vt 0.013743 0.578721
vt 0.013742 0.578722
vt 0.013742 0.578721
vt 0.013785 0.578746
vt 0.076910 0.576873
vt 0.013789 0.578732
vt 0.013788 0.578731
vt 0.013790 0.578731
vt 0.076915 0.576856
vt 0.076913 0.576854
vt 0.076915 0.576854
vt 0.013790 0.578729
vt 0.013790 0.578727
vt 0.013788 0.578726
vt 0.013790 0.578726
vt 0.013788 0.578724
vt 0.013789 0.578724
vt 0.013789 0.578722
vt 0.013788 0.578723
vt 0.076914 0.576860
vt 0.076913 0.576857
vt 0.076914 0.576859
vt 0.076914 0.576857
vt 0.013788 0.578721
vt 0.013789 0.578721
vt 0.013787 0.578721
vt 0.013787 0.578721
vt 0.076899 0.576841
vt 0.076900 0.576845
vt 0.076899 0.576845
vt 0.076899 0.576841
vt 0.076845 0.576918
vt 0.076842 0.576922
vt 0.076911 0.576881
vt 0.076911 0.576877
vt 0.076910 0.576877
vt 0.076909 0.576860
vt 0.076910 0.576865
vt 0.076909 0.576865
vt 0.076910 0.576860
vt 0.076910 0.576865
vt 0.076910 0.576860
vt 0.076910 0.576881
vt 0.076910 0.576877
vt 0.076910 0.576882
vt 0.076899 0.576845
vt 0.076836 0.576919
vt 0.076836 0.576918
vt 0.076837 0.576918
vt 0.076837 0.576919
vt 0.076837 0.576918
vt 0.076837 0.576917
vt 0.076836 0.576918
vt 0.076836 0.576919
vt 0.076835 0.576918
vt 0.076837 0.576918
vt 0.076837 0.576917
vt 0.076838 0.576918
vt 0.076837 0.576918
vt 0.076838 0.576919
vt 0.076838 0.576918
vt 0.076838 0.576919
vt 0.076838 0.576919
vt 0.076838 0.576918
vt 0.076838 0.576919
vt 0.076838 0.576920
vt 0.076838 0.576920
vt 0.076838 0.576920
vt 0.076838 0.576921
vt 0.076837 0.576920
vt 0.076838 0.576921
vt 0.076837 0.576920
vt 0.076837 0.576920
vt 0.076837 0.576921
vt 0.076837 0.576920
vt 0.076837 0.576921
vt 0.076836 0.576921
vt 0.076836 0.576920
vt 0.076836 0.576920
vt 0.076835 0.576920
vt 0.076836 0.576921
vt 0.076836 0.576919
vt 0.076835 0.576920
vt 0.076836 0.576919
vt 0.076835 0.576919
vt 0.076880 0.576844
vt 0.076880 0.576843
vt 0.076880 0.576844
vt 0.076880 0.576845
vt 0.076880 0.576845
vt 0.076881 0.576844
vt 0.076881 0.576845
vt 0.076880 0.576844
vt 0.076882 0.576844
vt 0.076881 0.576844
vt 0.076881 0.576843
vt 0.076882 0.576844
vt 0.076881 0.576843
vt 0.076882 0.576843
vt 0.076882 0.576843
vt 0.076881 0.576843
vt 0.076881 0.576843
vt 0.076882 0.576842
vt 0.076881 0.576842
vt 0.076882 0.576842
vt 0.076881 0.576842
vt 0.076881 0.576841
vt 0.076880 0.576842
vt 0.076880 0.576842
vt 0.076880 0.576841
vt 0.076880 0.576841
vt 0.076880 0.576842
vt 0.076879 0.576841
vt 0.076880 0.576842
vt 0.076879 0.576842
vt 0.076879 0.576843
vt 0.076878 0.576842
vt 0.076879 0.576843
vt 0.076878 0.576843
vt 0.076879 0.576843
vt 0.076878 0.576843
vt 0.076879 0.576844
vt 0.076878 0.576844
vt 0.076880 0.576844
vt 0.076879 0.576844
vt 0.076879 0.576845
vt 0.076892 0.576876
vt 0.076893 0.576877
vt 0.076891 0.576876
vt 0.076890 0.576875
vt 0.076892 0.576876
vt 0.076893 0.576877
vt 0.076892 0.576875
vt 0.076894 0.576876
vt 0.076894 0.576878
vt 0.076895 0.576875
vt 0.076895 0.576876
vt 0.076894 0.576875
vt 0.076895 0.576877
vt 0.076895 0.576874
vt 0.076892 0.576875
vt 0.076893 0.576874
vt 0.076891 0.576874
vt 0.076893 0.576874
vt 0.076894 0.576873
vt 0.076891 0.576874
vt 0.076894 0.576872
vt 0.076891 0.576874
vt 0.076892 0.576872
vt 0.076893 0.576873
vt 0.076891 0.576874
vt 0.076893 0.576871
vt 0.076892 0.576872
vt 0.076891 0.576872
vt 0.076890 0.576874
vt 0.076892 0.576871
vt 0.076890 0.576873
vt 0.076891 0.576870
vt 0.076889 0.576873
vt 0.076889 0.576872
vt 0.076890 0.576872
vt 0.076890 0.576870
vt 0.076889 0.576870
vt 0.076889 0.576874
vt 0.076888 0.576872
vt 0.076888 0.576870
vt 0.076889 0.576874
vt 0.076888 0.576872
vt 0.076887 0.576871
vt 0.076888 0.576874
vt 0.076887 0.576872
vt 0.076886 0.576871
vt 0.076887 0.576873
vt 0.076885 0.576872
vt 0.076888 0.576874
vt 0.076886 0.576874
vt 0.076888 0.576874
vt 0.076885 0.576873
vt 0.076888 0.576875
vt 0.076886 0.576874
vt 0.076888 0.576875
vt 0.076886 0.576875
vt 0.076896 0.576920
vt 0.076896 0.576919
vt 0.076897 0.576920
vt 0.076897 0.576919
vt 0.076896 0.576921
vt 0.076888 0.576876
vt 0.076886 0.576876
vt 0.076897 0.576921
vt 0.076897 0.576922
vt 0.076888 0.576876
vt 0.076886 0.576877
vt 0.076896 0.576922
vt 0.076896 0.576923
vt 0.076888 0.576876
vt 0.076886 0.576877
vt 0.076885 0.576878
vt 0.076884 0.576877
vt 0.076897 0.576922
vt 0.076888 0.576877
vt 0.076887 0.576878
vt 0.076885 0.576879
vt 0.076887 0.576879
vt 0.076888 0.576877
vt 0.076886 0.576880
vt 0.076887 0.576880
vt 0.076889 0.576877
vt 0.076888 0.576879
vt 0.076889 0.576877
vt 0.076888 0.576881
vt 0.076888 0.576879
vt 0.076889 0.576879
vt 0.076889 0.576881
vt 0.076889 0.576877
vt 0.076890 0.576877
vt 0.076890 0.576881
vt 0.076890 0.576879
vt 0.076891 0.576879
vt 0.076890 0.576877
vt 0.076891 0.576877
vt 0.076891 0.576881
vt 0.076892 0.576879
vt 0.076891 0.576877
vt 0.076892 0.576880
vt 0.076893 0.576880
vt 0.076892 0.576879
vt 0.076893 0.576878
vt 0.076891 0.576877
vt 0.076894 0.576879
vt 0.013759 0.578752
vt 0.013757 0.578751
vt 0.013759 0.578751
vt 0.013758 0.578754
vt 0.013758 0.578753
vt 0.013757 0.578750
vt 0.013759 0.578750
vt 0.013798 0.578731
vt 0.013797 0.578732
vt 0.013798 0.578730
vt 0.013797 0.578729
vt 0.013798 0.578729
vt 0.013797 0.578731
vt 0.013763 0.578745
vt 0.013764 0.578743
vt 0.013764 0.578744
vt 0.013761 0.578744
vt 0.013763 0.578744
vt 0.013762 0.578745
vt 0.013765 0.578744
vt 0.013770 0.578755
vt 0.013769 0.578755
vt 0.013769 0.578754
vt 0.013769 0.578756
vt 0.013771 0.578754
vt 0.013768 0.578756
vt 0.013772 0.578750
vt 0.013771 0.578749
vt 0.013772 0.578748
vt 0.013770 0.578748
vt 0.013771 0.578747
vt 0.013771 0.578750
vt 0.013765 0.578758
vt 0.013764 0.578758
vt 0.013764 0.578757
vt 0.013765 0.578757
vt 0.013766 0.578756
vt 0.013767 0.578757
vt 0.013771 0.578752
vt 0.013770 0.578753
vt 0.013772 0.578751
vt 0.013772 0.578753
vt 0.013758 0.578748
vt 0.013759 0.578749
vt 0.013758 0.578747
vt 0.013759 0.578748
vt 0.013760 0.578745
vt 0.013760 0.578747
vt 0.013759 0.578746
vt 0.013761 0.578746
vt 0.013770 0.578746
vt 0.013769 0.578747
vt 0.013769 0.578746
vt 0.013769 0.578745
vt 0.013761 0.578755
vt 0.013761 0.578757
vt 0.013760 0.578756
vt 0.013762 0.578756
vt 0.013760 0.578754
vt 0.013759 0.578755
vt 0.013759 0.578753
vt 0.013767 0.578744
vt 0.013766 0.578745
vt 0.013765 0.578743
vt 0.013768 0.578745
vt 0.013768 0.578757
vt 0.013771 0.578751
vt 0.013763 0.578757
vt 0.013763 0.578756
vt 0.013768 0.578744
vt 0.013747 0.578757
vt 0.013746 0.578758
vt 0.013746 0.578756
vt 0.013744 0.578757
vt 0.013743 0.578756
vt 0.013745 0.578755
vt 0.013756 0.578790
vt 0.013757 0.578790
vt 0.013757 0.578791
vt 0.013756 0.578789
vt 0.013756 0.578792
vt 0.013797 0.578728
vt 0.013798 0.578728
vt 0.013770 0.578744
vt 0.013771 0.578745
vt 0.013797 0.578726
vt 0.013798 0.578726
vt 0.013799 0.578700
vt 0.013799 0.578701
vt 0.013798 0.578702
vt 0.013798 0.578701
vt 0.013799 0.578703
vt 0.013798 0.578703
vt 0.013797 0.578725
vt 0.013798 0.578725
vt 0.013799 0.578707
vt 0.013798 0.578708
vt 0.013798 0.578707
vt 0.013798 0.578706
vt 0.013799 0.578706
vt 0.013799 0.578709
vt 0.013798 0.578710
vt 0.013799 0.578704
vt 0.013798 0.578704
vt 0.013798 0.578723
vt 0.013799 0.578710
vt 0.013798 0.578711
vt 0.013799 0.578711
vt 0.013797 0.578723
vt 0.013798 0.578722
vt 0.013770 0.578757
vt 0.013768 0.578758
vt 0.013797 0.578722
vt 0.013798 0.578721
vt 0.013799 0.578770
vt 0.013798 0.578770
vt 0.013799 0.578769
vt 0.013798 0.578771
vt 0.013799 0.578771
vt 0.013798 0.578772
vt 0.013797 0.578721
vt 0.013799 0.578773
vt 0.013798 0.578773
vt 0.013756 0.578799
vt 0.013757 0.578798
vt 0.013757 0.578799
vt 0.013756 0.578798
vt 0.013756 0.578796
vt 0.013757 0.578796
vt 0.013799 0.578774
vt 0.013798 0.578775
vt 0.013756 0.578795
vt 0.013757 0.578795
vt 0.013756 0.578793
vt 0.013757 0.578793
vt 0.013799 0.578776
vt 0.013798 0.578776
vt 0.013757 0.578792
vt 0.013799 0.578778
vt 0.013798 0.578777
vt 0.013799 0.578779
vt 0.013798 0.578779
vt 0.046891 0.577495
vt 0.046890 0.577495
vt 0.046890 0.577494
vt 0.046892 0.577496
vt 0.046891 0.577495
vt 0.046893 0.577495
vt 0.046893 0.577496
vt 0.046894 0.577496
vt 0.076884 0.576873
vt 0.076885 0.576872
vt 0.076884 0.576874
vt 0.076884 0.576874
vt 0.046885 0.577504
vt 0.046886 0.577505
vt 0.046886 0.577505
vt 0.046885 0.577504
vt 0.046884 0.577503
vt 0.046885 0.577503
vt 0.046884 0.577502
vt 0.046893 0.577506
vt 0.046893 0.577505
vt 0.046894 0.577505
vt 0.046892 0.577505
vt 0.046894 0.577504
vt 0.046894 0.577504
vt 0.046891 0.577506
vt 0.046891 0.577506
vt 0.046887 0.577506
vt 0.046887 0.577505
vt 0.046888 0.577506
vt 0.046888 0.577506
vt 0.046889 0.577506
vt 0.046889 0.577507
vt 0.046894 0.577497
vt 0.046895 0.577498
vt 0.046894 0.577498
vt 0.046894 0.577497
vt 0.046896 0.577499
vt 0.046895 0.577499
vt 0.046889 0.577494
vt 0.046889 0.577495
vt 0.046888 0.577495
vt 0.046884 0.577500
vt 0.046884 0.577501
vt 0.046884 0.577501
vt 0.046884 0.577502
vt 0.046884 0.577500
vt 0.046886 0.577496
vt 0.046887 0.577495
vt 0.046887 0.577496
vt 0.046886 0.577496
vt 0.046885 0.577497
vt 0.046885 0.577497
vt 0.046895 0.577503
vt 0.046894 0.577503
vt 0.046890 0.577507
vt 0.046890 0.577506
vt 0.076896 0.576875
vt 0.076896 0.576876
vt 0.046888 0.577495
vt 0.076896 0.576877
vt 0.076895 0.576878
vt 0.076884 0.576875
vt 0.076884 0.576875
vt 0.046896 0.577500
vt 0.046895 0.577500
vt 0.013718 0.578782
vt 0.013720 0.578781
vt 0.013720 0.578782
vt 0.013720 0.578783
vt 0.013718 0.578783
vt 0.013718 0.578780
vt 0.013720 0.578780
vt 0.013750 0.578743
vt 0.013749 0.578745
vt 0.013749 0.578743
vt 0.013750 0.578745
vt 0.013748 0.578746
vt 0.013747 0.578744
vt 0.013752 0.578744
vt 0.013751 0.578746
vt 0.013753 0.578747
vt 0.013753 0.578744
vt 0.013755 0.578745
vt 0.013756 0.578746
vt 0.013754 0.578747
vt 0.013755 0.578748
vt 0.013748 0.578757
vt 0.013747 0.578759
vt 0.013749 0.578757
vt 0.013749 0.578759
vt 0.013746 0.578744
vt 0.013750 0.578759
vt 0.013746 0.578747
vt 0.013744 0.578745
vt 0.013747 0.578746
vt 0.013750 0.578757
vt 0.013751 0.578757
vt 0.013752 0.578759
vt 0.013745 0.578747
vt 0.013743 0.578746
vt 0.013753 0.578758
vt 0.013744 0.578748
vt 0.013742 0.578747
vt 0.013753 0.578756
vt 0.013755 0.578757
vt 0.013752 0.578757
vt 0.013742 0.578749
vt 0.013754 0.578755
vt 0.013756 0.578756
vt 0.013744 0.578750
vt 0.013744 0.578751
vt 0.013742 0.578750
vt 0.013757 0.578755
vt 0.013744 0.578752
vt 0.013742 0.578752
vt 0.013755 0.578754
vt 0.013757 0.578754
vt 0.013742 0.578754
vt 0.013755 0.578753
vt 0.013755 0.578752
vt 0.013757 0.578752
vt 0.013744 0.578753
vt 0.013744 0.578754
vt 0.013742 0.578755
vt 0.013757 0.578747
vt 0.013757 0.578749
vt 0.013755 0.578750
vt 0.013755 0.578751
vt 0.013757 0.578750
vt 0.013752 0.578746
vt 0.013710 0.578748
vt 0.013702 0.578760
vt 0.013707 0.578747
vt 0.013715 0.578753
vt 0.013715 0.578757
vt 0.013708 0.578747
vt 0.013713 0.578750
vt 0.013714 0.578751
vt 0.013715 0.578756
vt 0.013704 0.578748
vt 0.013700 0.578753
vt 0.013701 0.578751
vt 0.013703 0.578749
vt 0.013704 0.578762
vt 0.013703 0.578761
vt 0.013707 0.578762
vt 0.013700 0.578754
vt 0.013705 0.578748
vt 0.013711 0.578762
vt 0.013713 0.578760
vt 0.013712 0.578761
vt 0.013700 0.578757
vt 0.013701 0.578758
vt 0.013700 0.578756
vt 0.013702 0.578750
vt 0.013708 0.578762
vt 0.013705 0.578762
vt 0.013711 0.578748
vt 0.013712 0.578749
vt 0.013715 0.578754
vt 0.013714 0.578758
vt 0.013710 0.578762
vt 0.013775 0.578753
vt 0.013772 0.578754
vt 0.013775 0.578752
vt 0.013772 0.578751
vt 0.013775 0.578751
vt 0.013772 0.578753
vt 0.013718 0.578779
vt 0.013772 0.578750
vt 0.013774 0.578750
vt 0.013741 0.578760
vt 0.013739 0.578762
vt 0.013739 0.578761
vt 0.013741 0.578761
vt 0.013739 0.578763
vt 0.013772 0.578749
vt 0.013774 0.578749
vt 0.013741 0.578762
vt 0.013741 0.578763
vt 0.013739 0.578764
vt 0.013772 0.578747
vt 0.013774 0.578747
vt 0.013741 0.578768
vt 0.013739 0.578766
vt 0.013741 0.578766
vt 0.013739 0.578769
vt 0.013739 0.578767
vt 0.013741 0.578769
vt 0.013739 0.578770
vt 0.013741 0.578765
vt 0.013739 0.578765
vt 0.013775 0.578746
vt 0.013741 0.578771
vt 0.013739 0.578771
vt 0.013741 0.578772
vt 0.013772 0.578746
vt 0.013775 0.578745
vt 0.013715 0.578761
vt 0.013716 0.578762
vt 0.013715 0.578762
vt 0.013717 0.578761
vt 0.013772 0.578744
vt 0.013775 0.578744
vt 0.013741 0.578783
vt 0.013739 0.578783
vt 0.013741 0.578782
vt 0.013739 0.578784
vt 0.013741 0.578785
vt 0.013739 0.578785
vt 0.013772 0.578743
vt 0.013741 0.578786
vt 0.013739 0.578786
vt 0.013718 0.578789
vt 0.013720 0.578787
vt 0.013720 0.578788
vt 0.013718 0.578787
vt 0.013718 0.578786
vt 0.013720 0.578786
vt 0.013741 0.578787
vt 0.013739 0.578788
vt 0.013718 0.578784
vt 0.013720 0.578784
vt 0.013739 0.578789
vt 0.013741 0.578789
vt 0.013739 0.578790
vt 0.013741 0.578790
vt 0.013739 0.578791
vt 0.013741 0.578792
vt 0.076888 0.576833
vt 0.076886 0.576834
vt 0.076886 0.576833
vt 0.076888 0.576832
vt 0.076890 0.576832
vt 0.076888 0.576832
vt 0.076886 0.576833
vt 0.076884 0.576834
vt 0.076885 0.576835
vt 0.076884 0.576832
vt 0.076886 0.576832
vt 0.076884 0.576833
vt 0.076884 0.576831
vt 0.076886 0.576831
vt 0.076888 0.576832
vt 0.076888 0.576831
vt 0.076886 0.576830
vt 0.076888 0.576831
vt 0.076885 0.576829
vt 0.076887 0.576830
vt 0.076885 0.576830
vt 0.076888 0.576831
vt 0.076887 0.576829
vt 0.076889 0.576830
vt 0.076886 0.576828
vt 0.076888 0.576829
vt 0.076889 0.576830
vt 0.076888 0.576828
vt 0.076887 0.576827
vt 0.076889 0.576830
vt 0.076888 0.576827
vt 0.076889 0.576828
vt 0.076890 0.576830
vt 0.076890 0.576828
vt 0.076890 0.576827
vt 0.076889 0.576827
vt 0.076890 0.576830
vt 0.076891 0.576828
vt 0.076892 0.576829
vt 0.076891 0.576830
vt 0.076892 0.576827
vt 0.076891 0.576827
vt 0.076891 0.576831
vt 0.076892 0.576829
vt 0.076893 0.576828
vt 0.076893 0.576830
vt 0.076891 0.576831
vt 0.076891 0.576831
vt 0.076893 0.576830
vt 0.076894 0.576830
vt 0.076894 0.576829
vt 0.076892 0.576832
vt 0.076893 0.576831
vt 0.076892 0.576832
vt 0.076894 0.576832
vt 0.076895 0.576832
vt 0.076895 0.576831
vt 0.076892 0.576832
vt 0.076894 0.576833
vt 0.076892 0.576833
vt 0.076893 0.576833
vt 0.076895 0.576833
vt 0.076895 0.576834
vt 0.076893 0.576834
vt 0.076891 0.576833
vt 0.076894 0.576835
vt 0.076891 0.576833
vt 0.076894 0.576836
vt 0.076893 0.576835
vt 0.076892 0.576835
vt 0.076891 0.576834
vt 0.076893 0.576836
vt 0.076892 0.576837
vt 0.076892 0.576836
vt 0.076891 0.576834
vt 0.076890 0.576834
vt 0.076891 0.576837
vt 0.076891 0.576836
vt 0.076890 0.576836
vt 0.076890 0.576834
vt 0.076889 0.576834
vt 0.076889 0.576838
vt 0.076889 0.576836
vt 0.076890 0.576838
vt 0.076888 0.576836
vt 0.076889 0.576834
vt 0.076889 0.576834
vt 0.076888 0.576837
vt 0.076888 0.576836
vt 0.076888 0.576834
vt 0.076886 0.576836
vt 0.076887 0.576835
vt 0.076887 0.576837
vt 0.076888 0.576833
vt 0.076887 0.576835
vt 0.076885 0.576836
vt 0.076888 0.576833
vt 0.013771 0.578709
vt 0.013772 0.578708
vt 0.013772 0.578709
vt 0.013771 0.578711
vt 0.013771 0.578708
vt 0.013730 0.578791
vt 0.013729 0.578792
vt 0.013729 0.578790
vt 0.013730 0.578790
vt 0.013729 0.578789
vt 0.013730 0.578789
vt 0.013766 0.578701
vt 0.013765 0.578700
vt 0.013767 0.578700
vt 0.013768 0.578701
vt 0.013768 0.578702
vt 0.013765 0.578701
vt 0.013764 0.578701
vt 0.013759 0.578712
vt 0.013761 0.578712
vt 0.013760 0.578713
vt 0.013760 0.578711
vt 0.013758 0.578711
vt 0.013762 0.578713
vt 0.013761 0.578714
vt 0.013757 0.578706
vt 0.013759 0.578705
vt 0.013759 0.578707
vt 0.013758 0.578704
vt 0.013759 0.578704
vt 0.013758 0.578705
vt 0.013764 0.578714
vt 0.013765 0.578713
vt 0.013765 0.578714
vt 0.013763 0.578713
vt 0.013764 0.578713
vt 0.013763 0.578714
vt 0.013759 0.578709
vt 0.013758 0.578709
vt 0.013757 0.578708
vt 0.013759 0.578708
vt 0.013759 0.578710
vt 0.013771 0.578705
vt 0.013772 0.578705
vt 0.013771 0.578707
vt 0.013771 0.578704
vt 0.013769 0.578702
vt 0.013769 0.578703
vt 0.013769 0.578702
vt 0.013770 0.578704
vt 0.013770 0.578703
vt 0.013759 0.578703
vt 0.013761 0.578702
vt 0.013760 0.578703
vt 0.013760 0.578702
vt 0.013761 0.578701
vt 0.013762 0.578702
vt 0.013769 0.578712
vt 0.013769 0.578711
vt 0.013769 0.578713
vt 0.013768 0.578714
vt 0.013768 0.578713
vt 0.013770 0.578712
vt 0.013770 0.578710
vt 0.013763 0.578700
vt 0.013764 0.578700
vt 0.013763 0.578701
vt 0.013767 0.578714
vt 0.013766 0.578713
vt 0.013752 0.578713
vt 0.013752 0.578716
vt 0.013751 0.578714
vt 0.013755 0.578714
vt 0.013753 0.578715
vt 0.013750 0.578716
vt 0.013750 0.578714
vt 0.013799 0.578759
vt 0.013798 0.578759
vt 0.013798 0.578758
vt 0.013799 0.578758
vt 0.013708 0.578799
vt 0.013709 0.578798
vt 0.013709 0.578799
vt 0.013708 0.578797
vt 0.013709 0.578796
vt 0.013775 0.578743
vt 0.013776 0.578745
vt 0.013775 0.578744
vt 0.013776 0.578744
vt 0.013776 0.578746
vt 0.013775 0.578746
vt 0.013708 0.578796
vt 0.013709 0.578795
vt 0.013775 0.578747
vt 0.013708 0.578795
vt 0.013709 0.578793
vt 0.013775 0.578752
vt 0.013776 0.578750
vt 0.013776 0.578751
vt 0.013776 0.578753
vt 0.013775 0.578753
vt 0.013776 0.578754
vt 0.013775 0.578754
vt 0.013776 0.578747
vt 0.013775 0.578748
vt 0.013708 0.578792
vt 0.013709 0.578792
vt 0.013708 0.578793
vt 0.013776 0.578755
vt 0.013775 0.578756
vt 0.013776 0.578749
vt 0.013775 0.578750
vt 0.013708 0.578791
vt 0.013709 0.578790
vt 0.013760 0.578713
vt 0.013761 0.578714
vt 0.013729 0.578781
vt 0.013730 0.578781
vt 0.013730 0.578782
vt 0.013729 0.578780
vt 0.013729 0.578783
vt 0.013798 0.578767
vt 0.013799 0.578768
vt 0.013798 0.578768
vt 0.013798 0.578766
vt 0.013799 0.578766
vt 0.013730 0.578783
vt 0.013729 0.578784
vt 0.013799 0.578765
vt 0.013730 0.578784
vt 0.013729 0.578786
vt 0.013798 0.578765
vt 0.013799 0.578763
vt 0.013730 0.578786
vt 0.013798 0.578763
vt 0.013799 0.578762
vt 0.013729 0.578787
vt 0.013730 0.578787
vt 0.013798 0.578762
vt 0.013799 0.578760
vt 0.013798 0.578760
vt 0.046888 0.577451
vt 0.046888 0.577452
vt 0.046887 0.577452
vt 0.046887 0.577452
vt 0.046889 0.577452
vt 0.046886 0.577453
vt 0.046886 0.577452
vt 0.076895 0.576829
vt 0.076894 0.576828
vt 0.076896 0.576830
vt 0.076896 0.576832
vt 0.046894 0.577461
vt 0.046895 0.577460
vt 0.046894 0.577461
vt 0.046894 0.577460
vt 0.046894 0.577462
vt 0.046895 0.577459
vt 0.046886 0.577461
vt 0.046887 0.577463
vt 0.046886 0.577462
vt 0.046887 0.577462
vt 0.046885 0.577461
vt 0.046888 0.577463
vt 0.046893 0.577463
vt 0.046891 0.577463
vt 0.046892 0.577462
vt 0.046890 0.577463
vt 0.046891 0.577462
vt 0.046885 0.577453
vt 0.046885 0.577454
vt 0.046885 0.577455
vt 0.046884 0.577454
vt 0.046884 0.577455
vt 0.046890 0.577452
vt 0.046890 0.577451
vt 0.046891 0.577451
vt 0.046889 0.577451
vt 0.046895 0.577458
vt 0.046896 0.577457
vt 0.046896 0.577458
vt 0.046895 0.577457
vt 0.046893 0.577452
vt 0.046893 0.577453
vt 0.046892 0.577452
vt 0.046894 0.577452
vt 0.046894 0.577454
vt 0.046893 0.577461
vt 0.046885 0.577460
vt 0.046884 0.577460
vt 0.046885 0.577461
vt 0.046889 0.577463
vt 0.046888 0.577462
vt 0.046889 0.577463
vt 0.046890 0.577463
vt 0.076884 0.576833
vt 0.076884 0.576832
vt 0.046896 0.577459
vt 0.046891 0.577452
vt 0.076884 0.576834
vt 0.076884 0.576835
vt 0.046884 0.577456
vt 0.046894 0.577453
vt 0.046884 0.577457
vt 0.046884 0.577457
vt 0.013787 0.578744
vt 0.013785 0.578744
vt 0.013785 0.578743
vt 0.013787 0.578742
vt 0.013785 0.578745
vt 0.013785 0.578743
vt 0.013787 0.578741
vt 0.013750 0.578700
vt 0.013751 0.578702
vt 0.013750 0.578702
vt 0.013752 0.578700
vt 0.013749 0.578700
vt 0.013752 0.578703
vt 0.013744 0.578702
vt 0.013747 0.578703
vt 0.013746 0.578703
vt 0.013745 0.578704
vt 0.013743 0.578703
vt 0.013746 0.578701
vt 0.013747 0.578700
vt 0.013748 0.578702
vt 0.013749 0.578714
vt 0.013753 0.578701
vt 0.013755 0.578702
vt 0.013753 0.578703
vt 0.013749 0.578716
vt 0.013747 0.578716
vt 0.013748 0.578714
vt 0.013754 0.578704
vt 0.013747 0.578713
vt 0.013756 0.578703
vt 0.013755 0.578705
vt 0.013746 0.578715
vt 0.013744 0.578714
vt 0.013746 0.578713
vt 0.013757 0.578704
vt 0.013755 0.578706
vt 0.013745 0.578712
vt 0.013757 0.578707
vt 0.013755 0.578707
vt 0.013757 0.578706
vt 0.013743 0.578713
vt 0.013744 0.578711
vt 0.013755 0.578709
vt 0.013742 0.578712
vt 0.013742 0.578710
vt 0.013757 0.578709
vt 0.013755 0.578710
vt 0.013742 0.578709
vt 0.013744 0.578710
vt 0.013757 0.578710
vt 0.013757 0.578712
vt 0.013744 0.578709
vt 0.013744 0.578707
vt 0.013754 0.578712
vt 0.013755 0.578711
vt 0.013742 0.578704
vt 0.013742 0.578707
vt 0.013744 0.578706
vt 0.013756 0.578713
vt 0.013749 0.578702
vt 0.013742 0.578706
vt 0.013744 0.578705
vt 0.013753 0.578713
vt 0.013736 0.578752
vt 0.013729 0.578760
vt 0.013724 0.578747
vt 0.013735 0.578749
vt 0.013736 0.578750
vt 0.013733 0.578747
vt 0.013722 0.578749
vt 0.013722 0.578748
vt 0.013726 0.578745
vt 0.013729 0.578745
vt 0.013721 0.578752
vt 0.013721 0.578750
vt 0.013730 0.578745
vt 0.013732 0.578746
vt 0.013726 0.578760
vt 0.013735 0.578756
vt 0.013721 0.578753
vt 0.013736 0.578753
vt 0.013736 0.578755
vt 0.013733 0.578758
vt 0.013724 0.578758
vt 0.013725 0.578759
vt 0.013721 0.578755
vt 0.013725 0.578746
vt 0.013728 0.578745
vt 0.013734 0.578748
vt 0.013730 0.578760
vt 0.013734 0.578757
vt 0.013732 0.578759
vt 0.013728 0.578760
vt 0.013723 0.578757
vt 0.013722 0.578756
vt 0.013741 0.578781
vt 0.013739 0.578782
vt 0.013739 0.578781
vt 0.013741 0.578780
vt 0.013739 0.578780
vt 0.013741 0.578779
vt 0.013748 0.578795
vt 0.013750 0.578795
vt 0.013750 0.578796
vt 0.013748 0.578794
vt 0.013750 0.578794
vt 0.013755 0.578759
vt 0.013757 0.578761
vt 0.013757 0.578761
vt 0.013755 0.578760
vt 0.013757 0.578762
vt 0.013755 0.578761
vt 0.013748 0.578793
vt 0.013750 0.578792
vt 0.013755 0.578763
vt 0.013748 0.578792
vt 0.013750 0.578791
vt 0.013755 0.578767
vt 0.013757 0.578766
vt 0.013757 0.578767
vt 0.013757 0.578768
vt 0.013755 0.578768
vt 0.013757 0.578769
vt 0.013755 0.578770
vt 0.013757 0.578763
vt 0.013755 0.578764
vt 0.013748 0.578791
vt 0.013748 0.578790
vt 0.013750 0.578789
vt 0.013757 0.578770
vt 0.013755 0.578771
vt 0.013757 0.578764
vt 0.013755 0.578766
vt 0.013748 0.578789
vt 0.013750 0.578788
vt 0.013766 0.578720
vt 0.013766 0.578722
vt 0.013765 0.578722
vt 0.013765 0.578720
vt 0.013739 0.578773
vt 0.013741 0.578773
vt 0.013741 0.578774
vt 0.013739 0.578772
vt 0.013739 0.578774
vt 0.013787 0.578752
vt 0.013785 0.578751
vt 0.013785 0.578750
vt 0.013787 0.578751
vt 0.013785 0.578749
vt 0.013787 0.578749
vt 0.013741 0.578775
vt 0.013739 0.578775
vt 0.013787 0.578748
vt 0.013741 0.578776
vt 0.013739 0.578777
vt 0.013785 0.578748
vt 0.013787 0.578746
vt 0.013741 0.578777
vt 0.013785 0.578747
vt 0.013787 0.578745
vt 0.013741 0.578778
vt 0.013739 0.578778
vt 0.076922 0.576883
vt 0.076922 0.576883
vt 0.076923 0.576883
vt 0.076923 0.576883
vt 0.076923 0.576883
vt 0.076922 0.576883
vt 0.076923 0.576883
vt 0.076923 0.576884
vt 0.076922 0.576883
vt 0.076854 0.576885
vt 0.076854 0.576885
vt 0.076854 0.576885
vt 0.076854 0.576885
vt 0.076854 0.576885
vt 0.076854 0.576885
vt 0.076922 0.576884
vt 0.076923 0.576884
vt 0.076922 0.576884
vt 0.076922 0.576884
vt 0.076922 0.576883
vt 0.076923 0.576885
vt 0.076922 0.576885
vt 0.076923 0.576883
vt 0.076866 0.576879
vt 0.076865 0.576880
vt 0.076865 0.576879
vt 0.076866 0.576880
vt 0.076865 0.576880
vt 0.076866 0.576879
vt 0.076918 0.576882
vt 0.076918 0.576882
vt 0.076918 0.576882
vt 0.076918 0.576882
vt 0.076917 0.576882
vt 0.076918 0.576881
vt 0.076882 0.576843
vt 0.076882 0.576843
vt 0.076882 0.576843
vt 0.076882 0.576842
vt 0.076882 0.576842
vt 0.076855 0.576885
vt 0.076854 0.576885
vt 0.076918 0.576883
vt 0.076917 0.576883
vt 0.076880 0.576913
vt 0.076881 0.576914
vt 0.076881 0.576914
vt 0.076880 0.576913
vt 0.076922 0.576884
vt 0.076922 0.576885
vt 0.076922 0.576884
vt 0.076922 0.576885
vt 0.076922 0.576884
vt 0.076923 0.576888
vt 0.076923 0.576888
vt 0.076922 0.576888
vt 0.076917 0.576882
vt 0.076917 0.576882
vt 0.076917 0.576882
vt 0.076917 0.576882
vt 0.076917 0.576882
vt 0.076917 0.576882
vt 0.076917 0.576881
vt 0.076917 0.576881
vt 0.076918 0.576881
vt 0.076917 0.576883
vt 0.076917 0.576883
vt 0.076922 0.576883
vt 0.076922 0.576883
vt 0.076916 0.576881
vt 0.076916 0.576879
vt 0.076917 0.576881
vt 0.076915 0.576879
vt 0.076916 0.576882
vt 0.076917 0.576878
vt 0.076916 0.576882
vt 0.076917 0.576882
vt 0.076854 0.576887
vt 0.076855 0.576889
vt 0.076854 0.576889
vt 0.076854 0.576886
vt 0.076854 0.576886
vt 0.076855 0.576894
vt 0.076855 0.576887
vt 0.076854 0.576887
vt 0.076882 0.576844
vt 0.076918 0.576878
vt 0.076918 0.576878
vt 0.076918 0.576873
vt 0.076917 0.576883
vt 0.076854 0.576886
vt 0.076854 0.576886
vt 0.076853 0.576886
vt 0.076853 0.576889
vt 0.076853 0.576887
vt 0.076852 0.576889
vt 0.076917 0.576878
vt 0.076917 0.576873
vt 0.076917 0.576873
vt 0.076918 0.576873
vt 0.076922 0.576883
vt 0.013792 0.578738
vt 0.013791 0.578738
vt 0.013792 0.578737
vt 0.013791 0.578739
vt 0.013792 0.578736
vt 0.013792 0.578736
vt 0.013791 0.578738
vt 0.013792 0.578740
vt 0.013790 0.578740
vt 0.013791 0.578737
vt 0.013790 0.578740
vt 0.076855 0.576903
vt 0.076855 0.576904
vt 0.076854 0.576903
vt 0.076855 0.576904
vt 0.076855 0.576905
vt 0.076855 0.576905
vt 0.076918 0.576863
vt 0.076918 0.576864
vt 0.076917 0.576864
vt 0.076918 0.576862
vt 0.076918 0.576863
vt 0.076918 0.576862
vt 0.076918 0.576861
vt 0.076917 0.576863
vt 0.076917 0.576862
vt 0.076918 0.576861
vt 0.013728 0.578778
vt 0.013729 0.578778
vt 0.013729 0.578779
vt 0.013729 0.578777
vt 0.013728 0.578779
vt 0.013726 0.578778
vt 0.013724 0.578777
vt 0.013727 0.578777
vt 0.013729 0.578780
vt 0.013728 0.578780
vt 0.013730 0.578779
vt 0.013730 0.578780
vt 0.076917 0.576861
vt 0.076917 0.576863
vt 0.076917 0.576862
vt 0.076917 0.576861
vt 0.013756 0.578775
vt 0.013757 0.578774
vt 0.013757 0.578774
vt 0.013755 0.578777
vt 0.013756 0.578775
vt 0.013755 0.578777
vt 0.013753 0.578778
vt 0.013753 0.578778
vt 0.013800 0.578716
vt 0.013800 0.578714
vt 0.013800 0.578714
vt 0.013799 0.578716
vt 0.013799 0.578714
vt 0.013800 0.578713
vt 0.013800 0.578716
vt 0.013800 0.578713
vt 0.013799 0.578713
vt 0.013799 0.578715
vt 0.013799 0.578714
vt 0.013799 0.578717
vt 0.013799 0.578713
vt 0.013798 0.578774
vt 0.013798 0.578776
vt 0.013798 0.578776
vt 0.013798 0.578774
vt 0.013798 0.578775
vt 0.013798 0.578769
vt 0.013798 0.578769
vt 0.013722 0.578776
vt 0.013722 0.578776
vt 0.013721 0.578776
vt 0.013725 0.578776
vt 0.013723 0.578776
vt 0.013722 0.578774
vt 0.013723 0.578774
vt 0.013726 0.578774
vt 0.013724 0.578769
vt 0.013725 0.578769
vt 0.013726 0.578777
vt 0.013741 0.578756
vt 0.013741 0.578757
vt 0.013741 0.578756
vt 0.013741 0.578757
vt 0.013741 0.578757
vt 0.013741 0.578757
vt 0.013751 0.578781
vt 0.013751 0.578780
vt 0.013752 0.578781
vt 0.013751 0.578780
vt 0.013752 0.578779
vt 0.013750 0.578780
vt 0.013754 0.578779
vt 0.013754 0.578780
vt 0.013753 0.578784
vt 0.013753 0.578785
vt 0.013797 0.578777
vt 0.013797 0.578769
vt 0.013754 0.578778
vt 0.076917 0.576868
vt 0.076918 0.576866
vt 0.076918 0.576868
vt 0.076918 0.576865
vt 0.076918 0.576866
vt 0.076917 0.576866
vt 0.076918 0.576868
vt 0.076917 0.576865
vt 0.076918 0.576865
vt 0.076917 0.576866
vt 0.076917 0.576868
vt 0.076917 0.576866
vt 0.076917 0.576865
vt 0.076918 0.576864
vt 0.013729 0.578776
vt 0.013727 0.578769
vt 0.013729 0.578774
vt 0.013729 0.578769
vt 0.013729 0.578777
vt 0.076855 0.576899
vt 0.076854 0.576894
vt 0.076855 0.576901
vt 0.076854 0.576899
vt 0.076854 0.576901
vt 0.076854 0.576902
vt 0.076855 0.576902
vt 0.076854 0.576902
vt 0.013757 0.578777
vt 0.013757 0.578779
vt 0.013757 0.578783
vt 0.013755 0.578784
vt 0.013790 0.578742
vt 0.013792 0.578741
vt 0.013790 0.578742
vt 0.013789 0.578741
vt 0.013792 0.578741
vt 0.013752 0.578778
vt 0.013750 0.578779
vt 0.013752 0.578778
vt 0.013751 0.578779
vt 0.013755 0.578776
vt 0.013800 0.578719
vt 0.013800 0.578718
vt 0.013800 0.578719
vt 0.013754 0.578776
vt 0.076855 0.576902
vt 0.013788 0.578743
vt 0.013727 0.578764
vt 0.013726 0.578764
vt 0.013797 0.578763
vt 0.013798 0.578763
vt 0.013798 0.578763
vt 0.076865 0.576883
vt 0.076866 0.576883
vt 0.013728 0.578764
vt 0.013729 0.578764
vt 0.013755 0.578788
vt 0.013791 0.578754
vt 0.013792 0.578748
vt 0.013792 0.578753
vt 0.013790 0.578749
vt 0.013756 0.578787
vt 0.013755 0.578788
vt 0.076921 0.576844
vt 0.076922 0.576845
vt 0.076921 0.576845
vt 0.076922 0.576844
vt 0.076922 0.576844
vt 0.076922 0.576845
vt 0.076922 0.576844
vt 0.076896 0.576840
vt 0.076896 0.576840
vt 0.076896 0.576841
vt 0.076895 0.576840
vt 0.076896 0.576840
vt 0.076896 0.576840
vt 0.076895 0.576840
vt 0.076896 0.576840
vt 0.076921 0.576844
vt 0.076921 0.576844
vt 0.076921 0.576844
vt 0.076922 0.576843
vt 0.076921 0.576843
vt 0.076922 0.576843
vt 0.076922 0.576844
vt 0.076921 0.576843
vt 0.076922 0.576842
vt 0.076921 0.576842
vt 0.076863 0.576925
vt 0.076863 0.576924
vt 0.076863 0.576925
vt 0.076863 0.576924
vt 0.076863 0.576925
vt 0.076863 0.576923
vt 0.076863 0.576923
vt 0.076895 0.576840
vt 0.076895 0.576840
vt 0.076895 0.576840
vt 0.076896 0.576841
vt 0.076863 0.576925
vt 0.076863 0.576924
vt 0.076845 0.576900
vt 0.076845 0.576902
vt 0.076845 0.576900
vt 0.076845 0.576902
vt 0.076845 0.576903
vt 0.076845 0.576903
vt 0.076844 0.576903
vt 0.076844 0.576900
vt 0.076921 0.576839
vt 0.076921 0.576842
vt 0.076921 0.576839
vt 0.076922 0.576839
vt 0.076844 0.576904
vt 0.076844 0.576904
vt 0.076844 0.576904
vt 0.076844 0.576904
vt 0.076844 0.576903
vt 0.076845 0.576904
vt 0.076844 0.576904
vt 0.076844 0.576904
vt 0.076895 0.576840
vt 0.076895 0.576840
vt 0.076863 0.576924
vt 0.076863 0.576923
vt 0.076845 0.576904
vt 0.076845 0.576904
vt 0.076921 0.576844
vt 0.076921 0.576844
vt 0.076843 0.576901
vt 0.076843 0.576903
vt 0.076863 0.576923
vt 0.076863 0.576921
vt 0.076863 0.576921
vt 0.076863 0.576921
vt 0.076863 0.576916
vt 0.076863 0.576916
vt 0.076845 0.576904
vt 0.076845 0.576904
vt 0.076904 0.576905
vt 0.076904 0.576905
vt 0.076904 0.576905
vt 0.076904 0.576905
vt 0.076904 0.576905
vt 0.076904 0.576904
vt 0.076903 0.576905
vt 0.076903 0.576904
vt 0.076904 0.576904
vt 0.076903 0.576905
vt 0.076903 0.576901
vt 0.076903 0.576903
vt 0.076902 0.576901
vt 0.076903 0.576903
vt 0.076904 0.576901
vt 0.076905 0.576895
vt 0.076904 0.576901
vt 0.076842 0.576901
vt 0.076841 0.576897
vt 0.076863 0.576921
vt 0.076863 0.576916
vt 0.076896 0.576839
vt 0.076896 0.576839
vt 0.076896 0.576840
vt 0.076921 0.576845
vt 0.013711 0.578764
vt 0.013711 0.578763
vt 0.013712 0.578763
vt 0.013713 0.578764
vt 0.013711 0.578763
vt 0.013711 0.578763
vt 0.013712 0.578765
vt 0.013713 0.578763
vt 0.013714 0.578763
vt 0.013710 0.578763
vt 0.076905 0.576885
vt 0.076904 0.576884
vt 0.076905 0.576884
vt 0.076905 0.576886
vt 0.076904 0.576885
vt 0.076904 0.576883
vt 0.076905 0.576883
vt 0.076863 0.576906
vt 0.076863 0.576905
vt 0.076863 0.576905
vt 0.076863 0.576906
vt 0.076863 0.576907
vt 0.076863 0.576907
vt 0.076863 0.576906
vt 0.076863 0.576907
vt 0.076863 0.576908
vt 0.076863 0.576908
vt 0.013777 0.578759
vt 0.013778 0.578758
vt 0.013778 0.578759
vt 0.013778 0.578760
vt 0.013776 0.578760
vt 0.013779 0.578761
vt 0.013777 0.578761
vt 0.013779 0.578758
vt 0.013779 0.578759
vt 0.013779 0.578758
vt 0.013779 0.578760
vt 0.076863 0.576908
vt 0.076863 0.576905
vt 0.076846 0.576885
vt 0.076845 0.576886
vt 0.076846 0.576886
vt 0.076836 0.576888
vt 0.076836 0.576889
vt 0.076835 0.576888
vt 0.076836 0.576889
vt 0.013713 0.578763
vt 0.013715 0.578763
vt 0.013716 0.578763
vt 0.013712 0.578762
vt 0.013741 0.578754
vt 0.013741 0.578752
vt 0.013741 0.578752
vt 0.013741 0.578751
vt 0.013741 0.578751
vt 0.013741 0.578754
vt 0.013741 0.578752
vt 0.013741 0.578754
vt 0.013741 0.578748
vt 0.013741 0.578748
vt 0.013741 0.578751
vt 0.013741 0.578748
vt 0.013740 0.578753
vt 0.013741 0.578754
vt 0.013740 0.578751
vt 0.013740 0.578749
vt 0.013797 0.578702
vt 0.013797 0.578700
vt 0.013797 0.578702
vt 0.013797 0.578700
vt 0.013796 0.578708
vt 0.013796 0.578702
vt 0.013796 0.578700
vt 0.013797 0.578708
vt 0.013741 0.578746
vt 0.013741 0.578745
vt 0.013741 0.578745
vt 0.013741 0.578746
vt 0.013741 0.578746
vt 0.013772 0.578762
vt 0.013772 0.578762
vt 0.013773 0.578762
vt 0.013772 0.578764
vt 0.013771 0.578762
vt 0.013774 0.578761
vt 0.013776 0.578762
vt 0.013775 0.578762
vt 0.013773 0.578764
vt 0.013775 0.578770
vt 0.013774 0.578770
vt 0.013719 0.578763
vt 0.013720 0.578764
vt 0.013719 0.578765
vt 0.013719 0.578762
vt 0.013720 0.578763
vt 0.013716 0.578765
vt 0.013718 0.578763
vt 0.013720 0.578770
vt 0.013720 0.578770
vt 0.013717 0.578766
vt 0.013716 0.578764
vt 0.013741 0.578745
vt 0.076863 0.576911
vt 0.076863 0.576911
vt 0.076863 0.576910
vt 0.076863 0.576909
vt 0.076863 0.576909
vt 0.076863 0.576909
vt 0.076863 0.576910
vt 0.076863 0.576909
vt 0.076837 0.576891
vt 0.076838 0.576890
vt 0.076837 0.576891
vt 0.076837 0.576890
vt 0.076838 0.576891
vt 0.076838 0.576893
vt 0.076839 0.576892
vt 0.013776 0.578764
vt 0.013779 0.578762
vt 0.013779 0.578765
vt 0.013774 0.578761
vt 0.013779 0.578762
vt 0.013777 0.578770
vt 0.013779 0.578770
vt 0.076904 0.576890
vt 0.076905 0.576887
vt 0.076905 0.576890
vt 0.076903 0.576887
vt 0.076904 0.576887
vt 0.076905 0.576887
vt 0.076904 0.576895
vt 0.076904 0.576886
vt 0.076863 0.576911
vt 0.013713 0.578766
vt 0.013714 0.578767
vt 0.013718 0.578771
vt 0.013716 0.578772
vt 0.013713 0.578765
vt 0.013714 0.578764
vt 0.013717 0.578763
vt 0.076836 0.576890
vt 0.076840 0.576897
vt 0.013776 0.578776
vt 0.013777 0.578776
vt 0.013796 0.578714
vt 0.013797 0.578708
vt 0.013797 0.578714
vt 0.013796 0.578714
vt 0.076903 0.576904
vt 0.076902 0.576903
vt 0.076901 0.576901
vt 0.013778 0.578776
vt 0.013779 0.578776
vt 0.013719 0.578775
vt 0.013718 0.578776
vt 0.013720 0.578775
vt 0.013720 0.578775
vt 0.076922 0.576843
vt 0.076923 0.576844
vt 0.076922 0.576844
vt 0.076922 0.576844
vt 0.076922 0.576843
vt 0.076923 0.576843
vt 0.076922 0.576844
vt 0.076922 0.576844
vt 0.076923 0.576843
vt 0.076923 0.576843
vt 0.076863 0.576905
vt 0.076863 0.576905
vt 0.076863 0.576905
vt 0.076863 0.576905
vt 0.076863 0.576905
vt 0.076863 0.576905
vt 0.076922 0.576843
vt 0.076923 0.576842
vt 0.076923 0.576843
vt 0.076922 0.576843
vt 0.076922 0.576842
vt 0.076922 0.576841
vt 0.076923 0.576841
vt 0.076841 0.576884
vt 0.076842 0.576884
vt 0.076842 0.576884
vt 0.076842 0.576884
vt 0.076841 0.576885
vt 0.076918 0.576883
vt 0.076918 0.576883
vt 0.076918 0.576883
vt 0.076918 0.576884
vt 0.076918 0.576884
vt 0.076917 0.576883
vt 0.076882 0.576842
vt 0.076882 0.576842
vt 0.076882 0.576841
vt 0.076863 0.576905
vt 0.076864 0.576905
vt 0.076918 0.576883
vt 0.076917 0.576883
vt 0.076917 0.576883
vt 0.076920 0.576904
vt 0.076919 0.576906
vt 0.076919 0.576904
vt 0.076918 0.576905
vt 0.076922 0.576841
vt 0.076922 0.576842
vt 0.076922 0.576842
vt 0.076922 0.576841
vt 0.076923 0.576838
vt 0.076922 0.576838
vt 0.076922 0.576838
vt 0.076917 0.576884
vt 0.076917 0.576883
vt 0.076917 0.576884
vt 0.076917 0.576885
vt 0.076917 0.576883
vt 0.076917 0.576883
vt 0.076918 0.576885
vt 0.076917 0.576885
vt 0.076917 0.576883
vt 0.076917 0.576883
vt 0.076922 0.576843
vt 0.076922 0.576843
vt 0.076922 0.576844
vt 0.076916 0.576887
vt 0.076916 0.576884
vt 0.076917 0.576884
vt 0.076915 0.576886
vt 0.076916 0.576883
vt 0.076917 0.576887
vt 0.076916 0.576883
vt 0.076863 0.576903
vt 0.076864 0.576901
vt 0.076864 0.576904
vt 0.076863 0.576904
vt 0.076863 0.576903
vt 0.076863 0.576901
vt 0.076864 0.576896
vt 0.076882 0.576841
vt 0.076918 0.576887
vt 0.076918 0.576887
vt 0.076918 0.576892
vt 0.076917 0.576883
vt 0.076863 0.576905
vt 0.076863 0.576904
vt 0.076863 0.576905
vt 0.076862 0.576904
vt 0.076862 0.576903
vt 0.076862 0.576901
vt 0.076861 0.576901
vt 0.076917 0.576887
vt 0.076917 0.576892
vt 0.076918 0.576892
vt 0.076917 0.576892
vt 0.076922 0.576844
vt 0.013791 0.578776
vt 0.013791 0.578777
vt 0.013790 0.578776
vt 0.013792 0.578777
vt 0.013791 0.578778
vt 0.013792 0.578776
vt 0.013792 0.578778
vt 0.013792 0.578779
vt 0.013791 0.578778
vt 0.013792 0.578779
vt 0.076864 0.576887
vt 0.076864 0.576886
vt 0.076864 0.576886
vt 0.076863 0.576887
vt 0.076864 0.576885
vt 0.076864 0.576885
vt 0.076918 0.576903
vt 0.076918 0.576902
vt 0.076918 0.576903
vt 0.076918 0.576904
vt 0.076917 0.576903
vt 0.076917 0.576902
vt 0.076918 0.576904
vt 0.076918 0.576902
vt 0.076918 0.576901
vt 0.076918 0.576901
vt 0.013737 0.578761
vt 0.013737 0.578762
vt 0.013735 0.578762
vt 0.013737 0.578760
vt 0.013738 0.578761
vt 0.013738 0.578763
vt 0.013736 0.578763
vt 0.013738 0.578760
vt 0.013738 0.578762
vt 0.013739 0.578761
vt 0.013739 0.578760
vt 0.076917 0.576904
vt 0.076917 0.576903
vt 0.076917 0.576902
vt 0.076917 0.576904
vt 0.013793 0.578792
vt 0.013794 0.578793
vt 0.013793 0.578793
vt 0.013794 0.578794
vt 0.013792 0.578791
vt 0.013791 0.578790
vt 0.013799 0.578785
vt 0.013800 0.578786
vt 0.013800 0.578786
vt 0.013800 0.578784
vt 0.013800 0.578788
vt 0.013800 0.578788
vt 0.013799 0.578785
vt 0.013794 0.578794
vt 0.013799 0.578786
vt 0.013799 0.578787
vt 0.013800 0.578788
vt 0.013799 0.578788
vt 0.013799 0.578785
vt 0.013799 0.578783
vt 0.013799 0.578782
vt 0.013798 0.578702
vt 0.013798 0.578700
vt 0.013798 0.578702
vt 0.013798 0.578700
vt 0.013797 0.578702
vt 0.013797 0.578700
vt 0.013798 0.578708
vt 0.013731 0.578766
vt 0.013731 0.578764
vt 0.013732 0.578766
vt 0.013730 0.578764
vt 0.013734 0.578771
vt 0.013733 0.578771
vt 0.013734 0.578764
vt 0.013735 0.578766
vt 0.013800 0.578780
vt 0.013799 0.578780
vt 0.013800 0.578779
vt 0.013799 0.578781
vt 0.013800 0.578780
vt 0.013800 0.578779
vt 0.013800 0.578780
vt 0.013789 0.578788
vt 0.013788 0.578788
vt 0.013788 0.578788
vt 0.013789 0.578786
vt 0.013790 0.578787
vt 0.013792 0.578789
vt 0.013789 0.578789
vt 0.013792 0.578788
vt 0.013800 0.578779
vt 0.013790 0.578790
vt 0.076918 0.576899
vt 0.076918 0.576900
vt 0.076917 0.576900
vt 0.076917 0.576898
vt 0.076918 0.576898
vt 0.076918 0.576900
vt 0.076918 0.576899
vt 0.076917 0.576900
vt 0.076917 0.576899
vt 0.076917 0.576897
vt 0.076917 0.576900
vt 0.076917 0.576901
vt 0.076917 0.576901
vt 0.013732 0.578764
vt 0.013738 0.578764
vt 0.013738 0.578766
vt 0.013735 0.578764
vt 0.013738 0.578764
vt 0.013738 0.578771
vt 0.013736 0.578771
vt 0.013733 0.578763
vt 0.076863 0.576891
vt 0.076864 0.576889
vt 0.076864 0.576891
vt 0.076863 0.576889
vt 0.076863 0.576889
vt 0.076864 0.576889
vt 0.076863 0.576896
vt 0.076918 0.576897
vt 0.076863 0.576888
vt 0.076864 0.576888
vt 0.013794 0.578791
vt 0.013795 0.578790
vt 0.013792 0.578784
vt 0.013793 0.578785
vt 0.013792 0.578790
vt 0.013792 0.578774
vt 0.013790 0.578774
vt 0.013790 0.578773
vt 0.013792 0.578775
vt 0.013790 0.578775
vt 0.013790 0.578790
vt 0.013792 0.578792
vt 0.013790 0.578790
vt 0.013788 0.578789
vt 0.013788 0.578788
vt 0.013792 0.578792
vt 0.013789 0.578774
vt 0.013788 0.578772
vt 0.013735 0.578776
vt 0.013736 0.578776
vt 0.013737 0.578776
vt 0.013797 0.578713
vt 0.013797 0.578708
vt 0.013798 0.578708
vt 0.013797 0.578713
vt 0.013798 0.578713
vt 0.076842 0.576885
vt 0.076860 0.576901
vt 0.076862 0.576904
vt 0.013738 0.578776
vt 0.013792 0.578772
vt 0.013790 0.578766
vt 0.013792 0.578767
vt 0.013790 0.578771
vt 0.013791 0.578762
vt 0.013792 0.578762
vt 0.013794 0.578781
vt 0.013793 0.578780
vt 0.013791 0.578783
vt 0.013795 0.578781
vt 0.076845 0.576852
vt 0.076845 0.576851
vt 0.076845 0.576851
vt 0.076845 0.576852
vt 0.076845 0.576851
vt 0.076846 0.576852
vt 0.076846 0.576851
vt 0.076845 0.576886
vt 0.076845 0.576887
vt 0.076845 0.576886
vt 0.076845 0.576887
vt 0.076845 0.576887
vt 0.076846 0.576886
vt 0.076845 0.576887
vt 0.076845 0.576852
vt 0.076846 0.576853
vt 0.076845 0.576853
vt 0.076845 0.576852
vt 0.076845 0.576852
vt 0.076845 0.576852
vt 0.076846 0.576853
vt 0.076846 0.576854
vt 0.076845 0.576854
vt 0.076846 0.576852
vt 0.076924 0.576838
vt 0.076924 0.576838
vt 0.076924 0.576838
vt 0.076924 0.576838
vt 0.076924 0.576839
vt 0.076924 0.576839
vt 0.076845 0.576886
vt 0.076845 0.576886
vt 0.076845 0.576887
vt 0.076845 0.576886
vt 0.076923 0.576838
vt 0.076923 0.576838
vt 0.076835 0.576892
vt 0.076835 0.576889
vt 0.076835 0.576889
vt 0.076835 0.576888
vt 0.076834 0.576891
vt 0.076834 0.576889
vt 0.076835 0.576892
vt 0.076845 0.576857
vt 0.076845 0.576854
vt 0.076846 0.576857
vt 0.076845 0.576853
vt 0.076845 0.576857
vt 0.076835 0.576888
vt 0.076835 0.576888
vt 0.076835 0.576888
vt 0.076834 0.576887
vt 0.076834 0.576888
vt 0.076834 0.576888
vt 0.076834 0.576887
vt 0.076834 0.576888
vt 0.076833 0.576889
vt 0.076833 0.576889
vt 0.076845 0.576887
vt 0.076845 0.576887
vt 0.076845 0.576887
vt 0.076924 0.576838
vt 0.076924 0.576838
vt 0.076845 0.576852
vt 0.076845 0.576852
vt 0.076835 0.576888
vt 0.076833 0.576891
vt 0.076924 0.576841
vt 0.076923 0.576839
vt 0.076923 0.576841
vt 0.076924 0.576839
vt 0.076924 0.576841
vt 0.076924 0.576846
vt 0.076924 0.576846
vt 0.076835 0.576888
vt 0.076834 0.576887
vt 0.076835 0.576887
vt 0.076901 0.576846
vt 0.076900 0.576846
vt 0.076901 0.576846
vt 0.076900 0.576846
vt 0.076900 0.576846
vt 0.076900 0.576846
vt 0.076901 0.576846
vt 0.076900 0.576847
vt 0.076900 0.576846
vt 0.076901 0.576847
vt 0.076900 0.576846
vt 0.076899 0.576850
vt 0.076899 0.576847
vt 0.076898 0.576850
vt 0.076901 0.576850
vt 0.076832 0.576891
vt 0.076831 0.576895
vt 0.076830 0.576895
vt 0.076924 0.576841
vt 0.076845 0.576887
vt 0.076846 0.576887
vt 0.076845 0.576887
vt 0.013701 0.578777
vt 0.013702 0.578778
vt 0.013701 0.578778
vt 0.013703 0.578778
vt 0.013701 0.578779
vt 0.013700 0.578779
vt 0.013703 0.578779
vt 0.013704 0.578778
vt 0.013704 0.578778
vt 0.013702 0.578777
vt 0.013701 0.578779
vt 0.076901 0.576866
vt 0.076901 0.576867
vt 0.076901 0.576866
vt 0.076901 0.576867
vt 0.076901 0.576868
vt 0.076901 0.576868
vt 0.076924 0.576856
vt 0.076924 0.576857
vt 0.076924 0.576856
vt 0.076924 0.576855
vt 0.076924 0.576856
vt 0.076924 0.576857
vt 0.076924 0.576855
vt 0.076924 0.576855
vt 0.076924 0.576854
vt 0.013774 0.578741
vt 0.013775 0.578740
vt 0.013776 0.578741
vt 0.013774 0.578742
vt 0.013773 0.578741
vt 0.013775 0.578742
vt 0.013775 0.578743
vt 0.013775 0.578743
vt 0.013776 0.578742
vt 0.013776 0.578743
vt 0.076924 0.576857
vt 0.076842 0.576886
vt 0.076842 0.576886
vt 0.076842 0.576886
vt 0.076842 0.576887
vt 0.076826 0.576903
vt 0.076826 0.576902
vt 0.076826 0.576902
vt 0.076825 0.576903
vt 0.076826 0.576902
vt 0.013703 0.578779
vt 0.013702 0.578779
vt 0.013704 0.578779
vt 0.013706 0.578778
vt 0.013707 0.578779
vt 0.013800 0.578789
vt 0.013799 0.578791
vt 0.013799 0.578789
vt 0.013799 0.578788
vt 0.013800 0.578788
vt 0.013800 0.578789
vt 0.013800 0.578788
vt 0.013799 0.578791
vt 0.013800 0.578791
vt 0.013800 0.578794
vt 0.013799 0.578794
vt 0.013799 0.578789
vt 0.013799 0.578788
vt 0.013799 0.578791
vt 0.013799 0.578793
vt 0.013721 0.578744
vt 0.013721 0.578746
vt 0.013721 0.578746
vt 0.013721 0.578744
vt 0.013720 0.578744
vt 0.013720 0.578738
vt 0.013721 0.578738
vt 0.013800 0.578796
vt 0.013800 0.578797
vt 0.013799 0.578797
vt 0.013800 0.578794
vt 0.013800 0.578796
vt 0.013800 0.578797
vt 0.013799 0.578796
vt 0.013768 0.578739
vt 0.013769 0.578739
vt 0.013769 0.578739
vt 0.013767 0.578739
vt 0.013772 0.578738
vt 0.013768 0.578736
vt 0.013769 0.578736
vt 0.013772 0.578739
vt 0.013771 0.578740
vt 0.013770 0.578731
vt 0.013772 0.578736
vt 0.013771 0.578731
vt 0.013710 0.578777
vt 0.013709 0.578778
vt 0.013709 0.578777
vt 0.013709 0.578779
vt 0.013708 0.578779
vt 0.013710 0.578779
vt 0.013710 0.578772
vt 0.013710 0.578772
vt 0.013705 0.578777
vt 0.013706 0.578777
vt 0.013720 0.578746
vt 0.013720 0.578738
vt 0.076924 0.576853
vt 0.076924 0.576853
vt 0.076924 0.576853
vt 0.076924 0.576851
vt 0.076924 0.576853
vt 0.076924 0.576851
vt 0.076924 0.576853
vt 0.076924 0.576853
vt 0.076924 0.576846
vt 0.076924 0.576851
vt 0.076924 0.576854
vt 0.076828 0.576901
vt 0.076827 0.576901
vt 0.076827 0.576900
vt 0.076827 0.576902
vt 0.076828 0.576901
vt 0.076828 0.576899
vt 0.076829 0.576899
vt 0.013773 0.578731
vt 0.013775 0.578738
vt 0.013775 0.578739
vt 0.013773 0.578740
vt 0.013775 0.578736
vt 0.013775 0.578731
vt 0.076901 0.576861
vt 0.076900 0.576856
vt 0.076901 0.576856
vt 0.076901 0.576863
vt 0.076900 0.576861
vt 0.076900 0.576864
vt 0.076900 0.576863
vt 0.076901 0.576864
vt 0.076900 0.576865
vt 0.013703 0.578776
vt 0.013703 0.578776
vt 0.013706 0.578775
vt 0.013704 0.578774
vt 0.013708 0.578771
vt 0.013706 0.578770
vt 0.013799 0.578795
vt 0.076924 0.576854
vt 0.076901 0.576865
vt 0.013773 0.578725
vt 0.013773 0.578725
vt 0.013720 0.578732
vt 0.013721 0.578732
vt 0.013720 0.578732
vt 0.076898 0.576850
vt 0.076899 0.576846
vt 0.076899 0.576847
vt 0.013775 0.578725
vt 0.013776 0.578725
vt 0.076901 0.576850
vt 0.013709 0.578766
vt 0.013710 0.578767
vt 0.013710 0.578767
vt 0.013708 0.578766
s 1
usemtl Atlas.003
f 1/1/1 2/2/2 3/3/3
f 1/1/1 4/4/4 2/2/2
f 4/4/4 5/5/5 6/6/6
f 4/4/4 6/6/6 2/2/2
f 2/2/2 7/7/7 3/3/3
f 5/5/5 8/8/8 9/9/9
f 5/5/5 9/9/9 6/6/6
f 6/6/6 10/10/10 2/2/2
f 8/8/8 11/11/11 12/12/12
f 8/8/8 12/12/12 9/9/9
f 9/9/9 13/13/13 6/6/6
f 11/11/11 14/14/14 15/15/15
f 12/12/12 16/16/16 9/9/9
f 12/12/12 15/15/15 17/17/17
f 12/12/12 18/18/18 19/19/19
f 20/20/20 21/21/21 22/22/22
f 20/20/20 23/23/23 24/24/24
f 24/24/24 23/23/23 25/25/25
f 24/24/24 26/26/26 20/20/20
f 26/26/26 27/27/27 21/21/21
f 26/26/26 24/24/24 28/28/28
f 28/28/28 25/25/25 29/29/29
f 28/28/28 30/30/30 26/26/26
f 30/30/30 28/28/28 31/31/31
f 31/31/31 29/29/29 32/32/32
f 33/30/33 34/33/34 35/34/33
f 33/30/33 36/35/35 37/27/35
f 34/33/34 33/30/33 38/31/34
f 34/33/34 39/36/36 40/37/37
f 35/34/33 41/38/38 36/35/35
f 35/34/33 40/37/37 42/39/3
f 38/31/34 43/40/39 34/33/34
f 29/29/29 31/31/31 28/28/28
f 43/40/39 38/31/34 44/32/39
f 45/41/40 4/4/4 1/1/1
f 45/41/40 46/42/41 4/4/4
f 46/42/41 5/5/5 4/4/4
f 46/42/41 47/43/42 5/5/5
f 47/43/42 8/8/8 5/5/5
f 47/43/42 48/44/43 8/8/8
f 48/44/43 11/11/11 8/8/8
f 48/44/43 49/45/44 11/11/11
f 25/25/25 23/23/23 50/46/45
f 25/25/25 28/28/28 24/24/24
f 51/47/46 52/48/43 53/49/42
f 51/47/46 54/50/47 52/48/43
f 54/50/47 55/51/48 56/52/44
f 54/50/47 56/52/44 52/48/43
f 55/51/48 57/53/49 58/54/50
f 56/52/44 58/54/50 59/55/14
f 50/46/45 23/23/23 60/56/51
f 61/57/25 62/58/52 63/59/53
f 62/58/52 61/57/25 64/60/54
f 63/59/53 65/61/55 66/62/32
f 64/60/54 67/63/56 62/58/52
f 65/61/55 62/58/52 67/63/56
f 65/61/55 67/63/56 68/64/57
f 65/61/55 63/59/53 62/58/52
f 69/62/58 70/65/59 71/66/58
f 70/65/59 72/67/60 73/68/61
f 70/65/59 74/64/62 75/69/62
f 70/65/59 69/62/58 76/61/59
f 71/66/58 73/68/61 77/70/63
f 76/61/59 74/64/62 70/65/59
f 78/71/64 79/72/65 80/73/66
f 78/71/64 80/73/66 81/74/41
f 78/71/64 81/74/41 82/75/67
f 80/73/66 51/47/46 53/49/42
f 80/73/66 53/49/42 81/74/41
f 80/73/66 79/72/65 83/76/68
f 74/64/62 84/77/69 75/69/62
f 75/69/62 84/77/69 72/67/60
f 83/76/68 85/78/70 51/47/46
f 83/76/68 86/79/71 85/78/70
f 83/76/68 51/47/46 80/73/66
f 85/78/70 87/80/72 88/81/73
f 85/78/70 54/50/47 51/47/46
f 85/78/70 88/81/73 54/50/47
f 88/81/73 55/51/48 54/50/47
f 88/81/73 89/82/74 90/83/75
f 88/81/73 90/83/75 55/51/48
f 60/56/51 23/23/23 91/84/76
f 67/63/56 92/85/51 93/86/77
f 67/63/56 64/60/54 92/85/51
f 68/64/57 67/63/56 94/87/78
f 89/82/74 57/53/49 90/83/75
f 89/82/74 88/81/73 87/80/72
f 87/80/72 95/88/79 89/82/74
f 87/80/72 85/78/70 86/79/71
f 91/84/76 23/23/23 96/89/80
f 93/86/77 94/87/78 67/63/56
f 93/86/77 97/90/81 94/87/78
f 94/87/78 98/91/82 99/92/83
f 99/92/83 68/64/57 94/87/78
f 84/77/69 100/92/84 101/91/85
f 84/77/69 74/64/62 100/92/84
f 84/77/69 102/93/86 103/94/87
f 104/95/88 105/96/89 103/94/87
f 105/96/89 72/67/60 103/94/87
f 103/94/87 106/97/90 104/95/88
f 103/94/87 72/67/60 84/77/69
f 72/67/60 70/65/59 75/69/62
f 86/79/71 83/76/68 107/98/91
f 86/79/71 108/99/92 87/80/72
f 107/98/91 109/100/93 86/79/71
f 106/97/90 103/94/87 102/93/86
f 102/93/86 110/101/94 106/97/90
f 102/93/86 111/102/85 112/103/95
f 102/93/86 84/77/69 111/102/85
f 109/100/93 107/98/91 113/104/90
f 108/99/92 86/79/71 109/100/93
f 95/88/79 114/105/96 89/82/74
f 95/88/79 87/80/72 108/99/92
f 96/89/80 23/23/23 115/106/97
f 97/90/81 93/86/77 116/107/98
f 97/90/81 116/107/98 117/108/97
f 98/91/82 94/87/78 97/90/81
f 98/91/82 97/90/81 118/109/99
f 111/102/85 84/77/69 101/91/85
f 111/102/85 101/91/85 119/110/95
f 115/106/97 23/23/23 120/111/100
f 117/108/97 121/112/101 118/109/99
f 117/108/97 118/109/99 97/90/81
f 118/109/99 122/113/102 123/110/103
f 118/109/99 123/110/103 98/91/82
f 112/103/95 111/102/85 119/110/95
f 112/103/95 124/114/104 125/115/105
f 119/110/95 126/116/106 112/103/95
f 110/101/94 102/93/86 125/115/105
f 125/115/105 102/93/86 112/103/95
f 127/117/107 128/118/108 129/119/109
f 127/117/107 130/120/90 131/121/110
f 130/120/90 127/117/107 132/122/93
f 131/121/110 133/123/111 127/117/107
f 132/122/93 129/119/109 134/124/92
f 129/119/109 132/122/93 127/117/107
f 129/119/109 135/125/112 136/126/113
f 134/124/92 136/126/113 137/127/79
f 136/126/113 138/128/114 137/127/79
f 136/126/113 134/124/92 129/119/109
f 139/129/115 140/130/116 141/131/104
f 140/130/116 139/129/115 131/121/110
f 133/123/111 131/121/110 139/129/115
f 128/118/108 127/117/107 133/123/111
f 135/125/112 142/132/117 136/126/113
f 135/125/112 143/133/118 144/134/119
f 135/125/112 129/119/109 128/118/108
f 120/111/100 23/23/23 145/135/120
f 121/112/101 117/108/97 146/136/121
f 122/113/102 118/109/99 121/112/101
f 126/116/106 119/110/95 147/113/106
f 148/137/120 149/138/122 150/139/123
f 148/137/120 121/112/101 146/136/121
f 148/137/120 150/139/123 121/112/101
f 150/139/123 122/113/102 121/112/101
f 150/139/123 151/140/124 122/113/102
f 150/139/123 152/141/125 151/140/124
f 153/140/126 126/116/106 147/113/106
f 153/140/126 154/142/126 126/116/106
f 153/140/126 155/143/127 154/142/126
f 154/142/126 156/144/128 157/145/129
f 154/142/126 124/114/104 126/116/106
f 154/142/126 157/145/129 124/114/104
f 158/146/130 159/147/131 139/129/115
f 158/146/130 139/129/115 141/131/104
f 159/147/131 133/123/111 139/129/115
f 159/147/131 160/148/132 133/123/111
f 160/148/132 128/118/108 133/123/111
f 160/148/132 161/149/133 128/118/108
f 161/149/133 162/150/134 135/125/112
f 161/149/133 135/125/112 128/118/108
f 162/150/134 163/151/135 143/133/118
f 145/135/120 23/23/23 164/152/136
f 165/153/137 166/154/138 160/148/132
f 165/153/137 160/148/132 159/147/131
f 166/154/138 161/149/133 160/148/132
f 166/154/138 167/155/139 161/149/133
f 167/155/139 162/150/134 161/149/133
f 167/155/139 168/156/140 162/150/134
f 168/156/140 169/157/141 163/151/135
f 164/152/136 23/23/23 170/158/142
f 149/138/122 171/159/142 172/160/143
f 149/138/122 148/137/120 173/161/144
f 152/141/125 172/160/143 174/162/145
f 152/141/125 150/139/123 149/138/122
f 155/143/127 175/162/146 176/163/146
f 155/143/127 153/140/126 177/141/127
f 178/164/147 165/153/137 159/147/131
f 178/164/147 159/147/131 158/146/130
f 171/159/142 179/165/148 172/160/143
f 171/159/142 149/138/122 173/161/144
f 172/160/143 180/166/149 174/162/145
f 172/160/143 152/141/125 149/138/122
f 175/162/146 155/143/127 177/141/127
f 175/162/146 181/167/150 176/163/146
f 176/163/146 182/168/151 183/169/152
f 176/163/146 156/144/128 155/143/127
f 184/170/153 165/153/137 178/164/147
f 184/170/153 185/171/154 165/153/137
f 185/171/154 186/172/151 187/173/155
f 185/171/154 188/174/156 166/154/138
f 185/171/154 166/154/138 165/153/137
f 188/174/156 189/175/157 167/155/139
f 188/174/156 167/155/139 166/154/138
f 189/175/157 190/176/158 168/156/140
f 189/175/157 168/156/140 167/155/139
f 190/176/158 191/177/159 169/157/141
f 170/158/142 23/23/23 192/178/160
f 187/173/155 193/179/161 188/174/156
f 187/173/155 188/174/156 185/171/154
f 193/179/161 189/175/157 188/174/156
f 193/179/161 194/180/162 189/175/157
f 194/180/162 195/181/163 190/176/158
f 194/180/162 190/176/158 189/175/157
f 192/178/160 23/23/23 196/182/164
f 179/165/148 171/159/142 197/183/160
f 179/165/148 198/184/165 180/166/149
f 197/183/160 199/185/166 179/165/148
f 180/166/149 172/160/143 179/165/148
f 181/167/150 175/162/146 200/166/150
f 181/167/150 201/184/167 202/186/168
f 186/172/151 185/171/154 184/170/153
f 198/184/165 179/165/148 199/185/166
f 199/185/166 197/183/160 203/187/169
f 199/185/166 204/188/170 198/184/165
f 201/184/167 181/167/150 200/166/150
f 202/186/168 205/188/171 206/189/171
f 202/186/168 182/168/151 181/167/150
f 202/186/168 207/190/171 208/191/168
f 196/182/164 23/23/23 209/192/172
f 203/187/169 210/193/173 199/185/166
f 209/192/172 211/194/174 212/195/173
f 209/192/172 23/23/23 213/196/175
f 210/193/173 203/187/169 214/197/172
f 204/188/170 199/185/166 210/193/173
f 205/188/171 202/186/168 201/184/167
f 215/198/176 216/199/177 217/200/176
f 216/199/177 218/201/178 219/202/177
f 217/200/176 220/203/177 221/204/176
f 217/200/176 216/199/177 219/202/177
f 213/196/175 222/205/179 211/194/174
f 213/196/175 23/23/23 223/206/180
f 211/194/174 209/192/172 213/196/175
f 212/195/173 224/199/181 225/198/170
f 224/199/181 212/195/173 211/194/174
f 224/199/181 211/194/174 222/205/179
f 223/206/180 23/23/23 226/207/182
f 223/206/180 227/208/183 222/205/179
f 222/205/179 213/196/175 223/206/180
f 222/205/179 228/209/184 229/201/185
f 229/201/185 224/199/181 222/205/179
f 218/201/178 230/210/186 231/211/178
f 231/211/178 219/202/177 218/201/178
f 230/210/186 232/209/186 233/212/187
f 230/210/186 218/201/178 232/209/186
f 234/213/188 235/214/189 236/215/190
f 235/214/189 234/213/188 237/216/191
f 236/215/190 238/217/192 239/218/193
f 237/216/191 240/219/194 241/220/195
f 242/221/196 243/222/197 244/223/196
f 243/222/197 242/221/196 245/224/198
f 245/224/198 246/225/199 243/222/197
f 247/226/200 248/227/201 249/228/202
f 248/227/201 247/226/200 250/229/203
f 249/228/202 251/230/204 252/231/204
f 253/232/205 254/233/206 255/234/207
f 254/233/206 253/232/205 256/235/206
f 255/234/207 257/236/208 253/232/205
f 256/235/206 258/237/209 254/233/206
f 226/207/182 23/23/23 259/238/210
f 226/207/182 260/239/211 227/208/183
f 227/208/183 223/206/180 226/207/182
f 227/208/183 261/212/212 228/209/184
f 228/209/184 222/205/179 227/208/183
f 262/240/213 263/241/214 264/242/199
f 263/241/214 262/240/213 265/243/215
f 265/243/215 266/244/216 263/241/214
f 259/238/210 267/245/217 260/239/211
f 259/238/210 23/23/23 268/246/218
f 260/239/211 226/207/182 259/238/210
f 261/212/212 227/208/183 260/239/211
f 269/247/187 230/210/186 233/212/187
f 240/219/194 237/216/191 234/213/188
f 266/244/216 270/248/219 271/249/220
f 266/244/216 265/243/215 272/250/216
f 270/248/219 266/244/216 272/250/216
f 257/236/208 255/234/207 273/251/221
f 273/251/221 274/252/222 257/236/208
f 274/252/222 273/251/221 275/253/223
f 276/254/224 275/253/223 277/255/224
f 276/254/224 274/252/222 275/253/223
f 246/225/199 245/224/198 278/256/225
f 251/230/204 249/228/202 248/227/201
f 268/246/218 279/257/226 267/245/217
f 268/246/218 23/23/23 280/258/227
f 267/245/217 259/238/210 268/246/218
f 267/245/217 281/259/228 261/212/212
f 267/245/217 261/212/212 260/239/211
f 267/245/217 282/260/229 281/259/228
f 283/259/230 284/261/230 269/247/187
f 283/259/230 269/247/187 233/212/187
f 284/261/230 285/262/187 269/247/187
f 284/261/230 286/260/231 287/263/231
f 280/258/227 23/23/23 288/264/232
f 279/257/226 268/246/218 280/258/227
f 279/257/226 288/264/232 289/265/233
f 279/257/226 290/266/234 282/260/229
f 282/260/229 267/245/217 279/257/226
f 286/260/231 284/261/230 283/259/230
f 286/260/231 291/267/235 287/263/231
f 287/263/231 292/268/236 284/261/230
f 293/269/237 294/270/238 295/271/237
f 293/269/237 239/218/193 238/217/192
f 239/218/193 293/269/237 295/271/237
f 238/217/192 236/215/190 235/214/189
f 296/272/239 297/273/240 298/274/200
f 297/273/240 296/272/239 299/275/219
f 300/276/241 301/277/242 302/278/243
f 301/277/242 300/276/241 303/279/244
f 302/278/243 304/280/245 305/281/246
f 303/279/244 306/282/247 307/283/248
f 308/284/249 309/285/250 310/286/251
f 309/285/250 308/284/249 311/287/252
f 310/286/251 312/288/253 313/289/254
f 314/290/255 315/291/256 316/292/257
f 314/290/255 317/293/258 315/291/256
f 317/293/258 318/294/259 315/291/256
f 316/292/257 313/289/254 312/288/253
f 306/282/247 303/279/244 300/276/241
f 306/282/247 319/295/260 307/283/248
f 288/264/232 23/23/23 320/296/261
f 288/264/232 279/257/226 280/258/227
f 289/265/233 321/297/262 290/266/234
f 289/265/233 320/296/261 322/298/263
f 290/266/234 279/257/226 289/265/233
f 291/267/235 286/260/231 323/266/264
f 291/267/235 324/299/265 287/263/231
f 323/266/264 325/300/266 291/267/235
f 320/296/261 326/301/267 322/298/263
f 320/296/261 23/23/23 327/302/268
f 320/296/261 289/265/233 288/264/232
f 322/298/263 328/303/269 321/297/262
f 321/297/262 289/265/233 322/298/263
f 325/300/266 323/266/264 329/297/266
f 325/300/266 330/303/270 331/304/270
f 325/300/266 332/305/271 291/267/235
f 325/300/266 333/306/272 334/307/273
f 335/308/271 336/309/274 337/310/275
f 336/309/274 335/308/271 338/311/276
f 336/309/274 339/312/277 340/313/278
f 337/310/275 340/313/278 341/314/253
f 338/311/276 342/315/279 336/309/274
f 340/313/278 343/316/280 344/317/281
f 340/313/278 337/310/275 336/309/274
f 341/314/253 344/317/281 345/318/255
f 344/317/281 341/314/253 340/313/278
f 345/318/255 346/319/282 347/320/283
f 346/319/282 348/321/259 347/320/283
f 346/319/282 345/318/255 344/317/281
f 339/312/277 336/309/274 342/315/279
f 342/315/279 338/311/276 349/322/284
f 343/316/280 340/313/278 339/312/277
f 350/323/285 351/324/286 352/325/287
f 352/325/287 353/326/288 354/327/289
f 352/325/287 355/328/285 350/323/285
f 355/328/285 352/325/287 356/329/290
f 327/302/268 23/23/23 357/330/291
f 326/301/267 320/296/261 327/302/268
f 326/301/267 357/330/291 358/331/292
f 326/301/267 359/332/293 328/303/269
f 328/303/269 322/298/263 326/301/267
f 330/303/270 325/300/266 329/297/266
f 359/332/293 326/301/267 358/331/292
f 359/332/293 360/333/294 361/334/295
f 362/335/296 363/336/297 364/337/298
f 363/336/297 362/335/296 365/338/299
f 364/337/298 366/339/300 367/340/300
f 365/338/299 368/341/301 369/342/302
f 370/343/303 371/344/304 372/345/305
f 371/344/304 373/346/306 374/347/307
f 372/345/305 375/348/308 370/343/303
f 375/348/308 376/349/309 370/343/303
f 375/348/308 377/350/310 376/349/309
f 378/351/311 379/352/312 380/353/313
f 379/352/312 381/354/314 382/355/315
f 379/352/312 382/355/315 380/353/313
f 380/353/313 383/356/311 378/351/311
s 0
f 383/356/311 384/357/311 385/358/311
s 1
f 368/341/301 365/338/299 362/335/296
f 369/342/302 386/359/316 387/360/316
f 388/361/317 389/362/318 390/363/318
f 388/361/317 391/364/319 392/365/320
f 389/362/318 388/361/317 393/366/321
f 390/363/318 394/367/322 388/361/317
f 357/330/291 326/301/267 327/302/268
f 357/330/291 360/333/294 358/331/292
f 357/330/291 23/23/23 395/368/323
f 396/369/324 397/370/325 398/371/326
f 396/369/324 398/371/326 399/372/327
f 398/371/326 400/373/328 401/374/329
f 398/371/326 402/375/330 400/373/328
f 399/372/327 398/371/326 401/374/329
f 401/374/329 400/373/328 403/376/331
f 404/377/332 405/378/333 406/379/288
f 405/378/333 407/380/334 408/381/335
f 406/379/288 409/382/287 404/377/332
f 395/368/323 23/23/23 410/383/336
f 360/333/294 395/368/323 410/383/336
f 360/333/294 411/384/337 361/334/295
f 360/333/294 359/332/293 358/331/292
f 360/333/294 357/330/291 395/368/323
f 360/333/294 410/383/336 412/385/338
f 413/334/339 414/386/340 415/332/340
f 413/334/339 416/387/341 417/388/339
f 414/386/340 413/334/339 417/388/339
f 417/388/339 418/389/342 419/390/343
f 417/388/339 420/391/344 414/386/340
f 421/392/345 422/393/346 423/394/347
f 422/393/346 424/395/348 397/370/325
f 423/394/347 422/393/346 397/370/325
f 397/370/325 424/395/348 402/375/330
f 397/370/325 396/369/324 423/394/347
f 397/370/325 402/375/330 398/371/326
f 411/384/337 360/333/294 412/385/338
f 411/384/337 412/385/338 425/396/349
f 416/387/341 413/334/339 426/384/341
f 416/387/341 426/384/341 427/397/350
f 416/387/341 428/398/351 418/389/342
f 402/375/330 429/399/352 400/373/328
f 402/375/330 424/395/348 430/400/353
f 400/373/328 431/401/354 403/376/331
f 400/373/328 429/399/352 431/401/354
f 403/376/331 431/401/354 432/402/355
f 407/380/334 433/403/356 434/404/357
f 434/404/357 408/381/335 407/380/334
f 434/404/357 435/405/358 436/406/317
f 408/381/335 406/379/288 405/378/333
f 410/383/336 23/23/23 437/407/359
f 410/383/336 425/396/349 412/385/338
f 431/401/354 429/399/352 438/408/360
f 431/401/354 438/408/360 439/409/361
f 432/402/355 431/401/354 439/409/361
f 432/402/355 439/409/361 440/410/362
f 441/411/363 442/412/364 443/413/365
f 441/411/363 444/414/366 445/415/367
f 444/414/366 441/411/363 443/413/365
f 445/415/367 446/416/368 441/411/363
f 437/407/359 447/417/369 425/396/349
f 437/407/359 23/23/23 448/418/370
f 425/396/349 410/383/336 437/407/359
f 425/396/349 449/397/371 411/384/337
f 449/397/371 425/396/349 447/417/369
f 428/398/351 427/397/350 450/419/372
f 428/398/351 416/387/341 427/397/350
f 429/399/352 402/375/330 430/400/353
f 451/420/372 428/398/351 450/419/372
f 450/419/372 452/421/373 451/420/372
f 453/422/374 454/423/375 455/424/376
f 453/422/374 456/425/352 454/423/375
f 456/425/352 457/426/377 454/423/375
f 454/423/375 451/420/372 452/421/373
f 454/423/375 457/426/377 451/420/372
f 457/426/377 428/398/351 451/420/372
f 457/426/377 418/389/342 428/398/351
f 458/427/378 459/428/379 460/429/380
f 460/429/380 461/430/381 462/431/382
f 460/429/380 463/432/383 458/427/378
f 463/432/383 460/429/380 464/433/384
f 448/418/370 23/23/23 465/434/385
f 448/418/370 466/435/386 447/417/369
f 447/417/369 437/407/359 448/418/370
f 447/417/369 467/419/387 449/397/371
f 447/417/369 468/436/388 467/419/387
f 469/437/389 470/438/390 471/439/391
f 469/437/389 472/440/392 473/441/368
f 470/438/390 469/437/389 473/441/368
f 471/439/391 474/442/361 475/443/393
f 471/439/391 476/444/394 469/437/389
f 465/434/385 23/23/23 477/445/395
f 465/434/385 478/446/396 466/435/386
f 466/435/386 448/418/370 465/434/385
f 468/436/388 447/417/369 466/435/386
f 452/421/373 450/419/372 479/436/373
f 480/447/397 453/422/374 455/424/376
f 455/424/376 481/448/398 480/447/397
f 455/424/376 454/423/375 452/421/373
f 475/443/393 482/449/360 483/450/399
f 475/443/393 484/451/400 471/439/391
f 482/449/360 475/443/393 474/442/361
f 483/450/399 485/452/401 475/443/393
f 474/442/361 471/439/391 470/438/390
f 486/453/402 452/421/373 479/436/373
f 486/453/402 36/35/35 487/454/402
f 486/453/402 487/454/402 452/421/373
f 487/454/402 488/455/403 455/424/376
f 487/454/402 455/424/376 452/421/373
f 487/454/402 41/38/38 488/455/403
f 481/448/398 455/424/376 488/455/403
f 485/452/401 483/450/399 489/456/404
f 485/452/401 16/16/16 484/451/400
f 489/456/404 13/13/13 485/452/401
f 484/451/400 475/443/393 485/452/401
f 484/451/400 19/19/19 476/444/394
f 476/444/394 471/439/391 484/451/400
f 476/444/394 490/457/405 469/437/389
f 477/445/395 21/21/21 478/446/396
f 477/445/395 23/23/23 22/22/22
f 478/446/396 27/27/27 491/453/406
f 478/446/396 491/453/406 468/436/388
f 478/446/396 468/436/388 466/435/386
f 478/446/396 465/434/385 477/445/395
f 19/19/19 492/458/407 476/444/394
f 19/19/19 484/451/400 16/16/16
f 16/16/16 485/452/401 13/13/13
f 16/16/16 12/12/12 19/19/19
f 22/22/22 23/23/23 20/20/20
f 21/21/21 477/445/395 22/22/22
f 21/21/21 20/20/20 26/26/26
f 27/27/27 478/446/396 21/21/21
f 27/27/27 26/26/26 30/30/30
f 36/35/35 486/453/402 37/27/35
f 36/35/35 33/30/33 35/34/33
f 10/10/10 493/459/408 7/7/7
f 10/10/10 6/6/6 13/13/13
f 493/459/408 10/10/10 489/456/404
f 7/7/7 2/2/2 10/10/10
f 13/13/13 9/9/9 16/16/16
f 13/13/13 489/456/404 10/10/10
f 494/460/409 495/461/410 496/462/411
f 495/461/410 494/460/409 497/463/412
f 496/462/411 498/464/413 499/465/414
f 498/464/413 496/462/411 495/461/410
f 498/464/413 500/466/415 501/467/416
f 499/465/414 501/467/416 502/468/417
f 501/467/416 503/469/418 504/470/419
f 501/467/416 499/465/414 498/464/413
f 502/468/417 504/470/419 505/471/420
f 504/470/419 506/472/421 505/471/420
f 504/470/419 502/468/417 501/467/416
f 500/466/415 498/464/413 507/473/422
f 503/469/418 508/474/423 504/470/419
f 503/469/418 501/467/416 500/466/415
f 509/475/424 510/476/425 511/477/426
f 509/475/424 512/478/412 513/479/427
f 512/478/412 509/475/424 514/480/428
f 513/479/427 515/481/429 509/475/424
f 514/480/428 511/477/426 516/482/430
f 511/477/426 514/480/428 509/475/424
f 511/477/426 517/483/431 518/484/415
f 515/481/429 513/479/427 519/485/432
f 515/481/429 520/486/433 510/476/425
f 519/485/432 521/487/434 515/481/429
f 510/476/425 509/475/424 515/481/429
f 510/476/425 522/488/435 517/483/431
f 517/483/431 511/477/426 510/476/425
f 517/483/431 523/489/436 524/490/437
f 518/484/415 524/490/437 525/491/418
f 524/490/437 518/484/415 517/483/431
f 524/490/437 526/492/438 525/491/418
f 523/489/436 517/483/431 522/488/435
f 523/489/436 527/493/439 528/494/440
f 523/489/436 529/495/441 524/490/437
f 522/488/435 510/476/425 520/486/433
f 521/487/434 519/485/432 530/496/442
f 520/486/433 515/481/429 521/487/434
f 531/497/443 532/498/444 521/487/434
f 531/497/443 521/487/434 530/496/442
f 532/498/444 520/486/433 521/487/434
f 532/498/444 533/499/445 520/486/433
f 533/499/445 522/488/435 520/486/433
f 533/499/445 534/500/446 522/488/435
f 534/500/446 523/489/436 522/488/435
f 534/500/446 535/501/447 523/489/436
f 535/501/447 536/502/448 527/493/439
f 537/503/449 535/501/447 534/500/446
f 537/503/449 538/504/450 535/501/447
f 538/504/450 539/505/451 536/502/448
f 540/506/452 532/498/444 531/497/443
f 540/506/452 541/507/453 532/498/444
f 541/507/453 542/508/454 533/499/445
f 541/507/453 533/499/445 532/498/444
f 542/508/454 537/503/449 534/500/446
f 542/508/454 534/500/446 533/499/445
f 543/509/455 541/507/453 540/506/452
f 543/509/455 544/510/456 541/507/453
f 543/509/455 545/511/457 544/510/456
f 544/510/456 546/512/458 542/508/454
f 544/510/456 542/508/454 541/507/453
f 546/512/458 537/503/449 542/508/454
f 546/512/458 547/513/459 537/503/449
f 547/513/459 538/504/450 537/503/449
f 547/513/459 548/514/460 538/504/450
f 548/514/460 549/515/461 539/505/451
f 545/511/457 550/516/462 546/512/458
f 545/511/457 546/512/458 544/510/456
f 545/511/457 543/509/455 551/517/463
f 550/516/462 552/518/464 547/513/459
f 550/516/462 547/513/459 546/512/458
f 552/518/464 553/519/465 548/514/460
f 552/518/464 548/514/460 547/513/459
f 554/520/248 555/521/249 556/522/251
f 554/520/248 557/523/254 558/524/244
f 555/521/249 554/520/248 559/525/466
f 557/523/254 554/520/248 556/522/251
f 558/524/244 560/526/257 561/527/242
f 560/526/257 558/524/244 557/523/254
f 562/528/242 563/529/256 564/530/245
f 563/529/256 565/531/467 564/530/245
f 563/529/256 562/528/242 566/532/468
f 312/288/253 310/286/251 309/285/250
f 312/288/253 314/290/255 316/292/257
f 304/280/245 302/278/243 301/277/242
f 304/280/245 567/533/469 305/281/246
f 568/534/470 569/535/471 308/284/249
f 569/535/471 311/287/252 308/284/249
f 319/295/260 306/282/247 570/536/265
f 571/537/472 572/538/473 573/539/474
f 572/538/473 574/540/475 573/539/474
f 572/538/473 571/537/472 575/541/476
f 576/542/476 577/543/477 578/544/473
f 577/543/477 579/545/478 578/544/473
f 577/543/477 580/546/479 581/547/480
f 577/543/477 582/548/481 580/546/479
f 577/543/477 576/542/476 583/549/482
f 582/548/481 584/550/483 580/546/479
f 582/548/481 577/543/477 583/549/482
f 580/546/479 585/551/484 586/552/485
f 580/546/479 584/550/483 585/551/484
f 584/550/483 587/553/486 585/551/484
f 585/551/484 587/553/486 588/554/487
f 585/551/484 588/554/487 589/555/488
f 590/556/486 591/557/489 592/558/487
f 592/558/487 591/557/489 593/559/490
f 592/558/487 593/559/490 594/560/491
f 435/405/358 434/404/357 433/403/356
f 595/561/492 596/562/493 597/563/494
f 596/562/493 595/561/492 598/564/495
f 596/562/493 599/565/496 600/566/497
f 597/563/494 601/567/498 602/568/499
f 597/563/494 603/569/500 595/561/492
f 601/567/498 597/563/494 596/562/493
f 601/567/498 600/566/497 604/570/501
f 602/568/499 17/17/17 15/15/15
f 602/568/499 605/571/502 597/563/494
f 17/17/17 604/570/501 18/18/18
f 17/17/17 602/568/499 601/567/498
f 15/15/15 606/572/503 602/568/499
f 15/15/15 12/12/12 11/11/11
f 607/573/504 608/574/505 609/575/506
f 607/573/504 609/575/506 610/576/507
f 607/573/504 611/577/508 608/574/505
f 609/575/506 612/578/509 610/576/507
f 609/575/506 613/579/510 612/578/509
f 608/574/505 614/580/511 613/579/510
f 608/574/505 613/579/510 609/575/506
f 608/574/505 615/581/512 614/580/511
f 613/579/510 616/582/513 617/583/514
f 614/580/511 616/582/513 613/579/510
f 616/582/513 618/584/515 617/583/514
f 619/580/516 620/585/517 621/586/516
f 619/580/516 622/587/518 623/582/518
f 622/587/518 624/588/519 625/589/520
f 622/587/518 619/580/516 621/586/516
f 623/582/518 625/589/520 626/584/520
f 621/586/516 627/590/521 622/587/518
f 621/586/516 628/591/522 629/592/495
f 617/583/514 612/578/509 613/579/510
f 625/589/520 623/582/518 622/587/518
f 603/569/500 597/563/494 605/571/502
f 605/571/502 602/568/499 606/572/503
f 606/572/503 15/15/15 14/14/14
f 14/14/14 11/11/11 49/45/44
f 612/578/509 630/593/523 610/576/507
f 631/594/524 59/55/14 58/54/50
f 631/594/524 632/595/525 633/596/526
f 59/55/14 631/594/524 634/597/503
f 58/54/50 635/598/527 631/594/524
f 58/54/50 56/52/44 55/51/48
f 634/597/503 633/596/526 636/599/502
f 630/593/523 637/600/528 610/576/507
f 638/601/529 639/602/509 640/603/530
f 638/601/529 641/604/531 642/605/532
f 639/602/509 638/601/529 643/606/533
f 640/603/530 641/604/531 638/601/529
f 643/606/533 642/605/532 644/607/528
f 641/604/531 640/603/530 645/608/515
f 646/608/534 647/609/535 648/604/535
f 647/609/535 649/610/536 650/611/536
f 647/609/535 650/611/536 648/604/535
f 647/609/535 651/612/537 649/610/536
f 647/609/535 646/608/534 652/613/534
f 652/613/534 653/614/538 647/609/535
f 654/615/539 636/599/502 633/596/526
f 636/599/502 654/615/539 655/616/540
f 633/596/526 656/617/541 654/615/539
f 633/596/526 632/595/525 656/617/541
f 633/596/526 634/597/503 631/594/524
f 650/611/536 657/618/542 658/619/543
f 632/595/525 631/594/524 635/598/527
f 632/595/525 659/620/544 660/621/545
f 635/598/527 58/54/50 57/53/49
f 635/598/527 114/105/96 659/620/544
f 57/53/49 55/51/48 90/83/75
f 57/53/49 89/82/74 114/105/96
f 637/600/528 661/622/546 610/576/507
f 642/605/532 662/623/546 644/607/528
f 642/605/532 643/606/533 638/601/529
f 663/611/547 664/624/548 642/605/532
f 663/611/547 642/605/532 641/604/531
f 114/105/96 95/88/79 665/625/114
f 114/105/96 635/598/527 57/53/49
f 661/622/546 666/626/549 610/576/507
f 664/624/548 662/623/546 642/605/532
f 664/624/548 667/627/550 668/628/551
f 662/623/546 668/628/551 669/629/552
f 670/619/553 664/624/548 663/611/547
f 657/618/542 650/611/536 649/610/536
f 657/618/542 671/627/554 658/619/543
f 657/618/542 672/630/555 673/631/554
f 674/632/556 675/633/557 676/634/558
f 675/633/557 677/635/559 672/630/555
f 676/634/558 675/633/557 651/612/537
f 651/612/537 657/618/542 649/610/536
f 651/612/537 675/633/557 657/618/542
f 651/612/537 647/609/535 653/614/538
f 659/620/544 665/625/114 678/636/560
f 659/620/544 632/595/525 635/598/527
f 660/621/545 678/636/560 679/637/559
f 677/635/559 675/633/557 674/632/556
f 672/630/555 680/638/561 681/639/562
f 672/630/555 657/618/542 675/633/557
f 672/630/555 682/640/563 673/631/554
f 678/636/560 660/621/545 659/620/544
f 665/625/114 659/620/544 114/105/96
f 666/626/549 683/641/564 610/576/507
f 668/628/551 684/642/564 669/629/552
f 668/628/551 662/623/546 664/624/548
f 667/627/550 685/643/565 668/628/551
f 667/627/550 664/624/548 670/619/553
f 671/627/554 657/618/542 673/631/554
f 673/631/554 686/644/563 671/627/554
f 683/641/564 687/645/566 610/576/507
f 684/642/564 668/628/551 685/643/565
f 684/642/564 688/646/567 689/647/568
f 685/643/565 690/648/569 688/646/567
f 685/643/565 667/627/550 691/644/570
f 686/644/563 673/631/554 682/640/563
f 686/644/563 692/649/571 693/648/571
f 682/640/563 694/650/572 692/649/571
f 682/640/563 672/630/555 681/639/562
f 680/638/561 672/630/555 677/635/559
f 695/651/573 696/652/559 697/653/560
f 695/651/573 144/134/119 698/654/574
f 696/652/559 695/651/573 699/655/575
f 697/653/560 142/132/117 695/651/573
f 699/655/575 698/654/574 700/656/576
f 142/132/117 697/653/560 138/128/114
f 142/132/117 135/125/112 144/134/119
f 138/128/114 136/126/113 142/132/117
f 700/656/576 701/657/577 699/655/575
f 700/656/576 702/658/578 703/659/572
f 701/657/577 700/656/576 703/659/572
f 698/654/574 699/655/575 695/651/573
f 698/654/574 704/660/579 700/656/576
f 144/134/119 705/661/580 698/654/574
f 144/134/119 695/651/573 142/132/117
f 687/645/566 706/662/581 610/576/507
f 688/646/567 707/663/581 689/647/568
f 688/646/567 684/642/564 685/643/565
f 690/648/569 708/664/582 688/646/567
f 690/648/569 685/643/565 691/644/570
f 692/649/571 709/665/583 693/648/571
f 692/649/571 686/644/563 682/640/563
f 707/663/581 710/666/584 711/667/585
f 707/663/581 688/646/567 708/664/582
f 708/664/582 712/668/586 710/666/584
f 708/664/582 690/648/569 713/665/587
f 709/665/583 714/669/588 715/668/588
f 709/665/583 692/649/571 716/670/583
f 716/670/583 694/650/572 717/671/589
f 716/670/583 718/672/590 714/669/588
f 702/658/578 700/656/576 704/660/579
f 704/660/579 698/654/574 705/661/580
f 704/660/579 719/673/591 702/658/578
f 705/661/580 144/134/119 143/133/118
f 705/661/580 720/674/592 704/660/579
f 143/133/118 135/125/112 162/150/134
f 143/133/118 721/675/593 705/661/580
f 706/662/581 722/676/594 610/576/507
f 720/674/592 723/677/595 719/673/591
f 720/674/592 705/661/580 721/675/593
f 721/675/593 724/678/596 720/674/592
f 721/675/593 143/133/118 163/151/135
f 163/151/135 162/150/134 168/156/140
f 163/151/135 725/679/597 721/675/593
f 722/676/594 726/680/598 610/576/507
f 710/666/584 727/681/599 728/682/600
f 710/666/584 707/663/581 708/664/582
f 711/667/585 710/666/584 728/682/600
f 712/668/586 727/681/599 710/666/584
f 712/668/586 708/664/582 713/665/587
f 714/669/588 709/665/583 716/670/583
f 719/673/591 704/660/579 720/674/592
f 728/682/600 729/683/601 730/684/602
f 727/681/599 731/685/603 729/683/601
f 727/681/599 712/668/586 732/686/604
f 733/686/605 714/669/588 734/687/605
f 733/686/605 715/668/588 714/669/588
f 733/686/605 735/688/606 736/685/606
f 734/687/605 737/689/607 735/688/606
f 734/687/605 718/672/590 738/690/608
f 734/687/605 714/669/588 718/672/590
f 723/677/595 720/674/592 724/678/596
f 724/678/596 721/675/593 725/679/597
f 724/678/596 739/691/609 740/692/607
f 725/679/597 739/691/609 724/678/596
f 725/679/597 163/151/135 169/157/141
f 169/157/141 741/693/610 725/679/597
f 169/157/141 168/156/140 190/176/158
f 726/680/598 742/694/602 610/576/507
f 739/691/609 725/679/597 741/693/610
f 741/693/610 169/157/141 191/177/159
f 191/177/159 190/176/158 195/181/163
f 742/694/602 743/695/611 610/576/507
f 729/683/601 744/696/612 745/697/613
f 729/683/601 728/682/600 727/681/599
f 730/684/602 745/697/613 746/698/614
f 731/685/603 727/681/599 732/686/604
f 735/688/606 733/686/605 734/687/605
f 735/688/606 747/699/615 748/696/616
f 740/692/607 723/677/595 724/678/596
f 744/696/612 729/683/601 731/685/603
f 745/697/613 730/684/602 729/683/601
f 745/697/613 749/700/617 750/701/618
f 748/696/616 736/685/606 735/688/606
f 748/696/616 747/699/615 751/700/619
f 747/699/615 752/702/619 753/703/619
f 747/699/615 753/703/619 751/700/619
f 747/699/615 735/688/606 737/689/607
f 743/695/611 754/704/620 610/576/507
f 746/698/614 750/701/618 755/705/620
f 754/704/620 756/706/621 610/576/507
f 754/704/620 757/707/622 756/706/621
f 750/701/618 746/698/614 745/697/613
f 749/700/617 745/697/613 744/696/612
f 758/708/623 759/709/624 760/710/623
f 758/708/623 761/711/624 759/709/624
f 758/708/623 762/712/624 761/711/624
f 761/711/624 763/713/625 759/709/624
f 761/711/624 764/714/625 763/713/625
f 756/706/621 765/715/626 610/576/507
f 756/706/621 766/716/627 765/715/626
f 757/707/622 754/704/620 767/717/618
f 767/717/618 768/709/628 757/707/622
f 768/709/628 767/717/618 769/710/617
f 768/709/628 766/716/627 757/707/622
f 765/715/626 770/718/629 771/719/630
f 765/715/626 771/719/630 610/576/507
f 766/716/627 772/720/631 770/718/629
f 766/716/627 756/706/621 757/707/622
f 773/713/632 766/716/627 768/709/628
f 763/713/625 774/721/633 775/720/633
f 774/721/633 763/713/625 764/714/625
f 774/721/633 776/722/634 775/720/633
f 777/723/635 778/724/636 779/725/637
f 778/724/636 777/723/635 780/726/638
f 779/725/637 781/727/639 777/723/635
f 780/726/638 782/728/640 778/724/636
f 783/729/641 784/730/642 785/731/641
f 784/730/642 786/732/643 787/733/644
f 785/731/641 784/730/642 787/733/644
f 787/733/644 786/732/643 788/734/645
f 789/735/646 790/736/647 791/737/648
f 790/736/647 789/735/646 792/738/649
f 258/237/209 793/739/650 794/740/651
f 794/740/651 254/233/206 258/237/209
f 771/719/630 795/741/652 610/576/507
f 771/719/630 796/742/653 795/741/652
f 770/718/629 765/715/626 766/716/627
f 770/718/629 797/722/654 796/742/653
f 772/720/631 766/716/627 773/713/632
f 798/743/643 799/744/655 800/745/656
f 799/744/655 801/746/657 802/747/658
f 800/745/656 799/744/655 802/747/658
f 802/747/658 801/746/657 803/748/657
f 795/741/652 804/749/659 805/750/660
f 795/741/652 805/750/660 610/576/507
f 796/742/653 771/719/630 770/718/629
f 797/722/654 804/749/659 796/742/653
f 797/722/654 770/718/629 772/720/631
f 776/722/634 774/721/633 806/751/634
f 806/751/634 807/752/661 776/722/634
f 781/727/639 779/725/637 808/753/662
f 801/746/657 809/754/663 803/748/657
f 809/754/663 801/746/657 810/755/664
f 811/756/665 793/739/650 812/757/666
f 811/756/665 794/740/651 793/739/650
f 813/758/667 811/756/665 812/757/666
f 814/759/668 815/760/667 816/761/669
f 817/762/668 815/760/667 814/759/668
f 818/763/649 819/764/670 820/765/647
f 819/764/670 818/763/649 821/766/670
f 805/750/660 822/767/671 823/768/672
f 805/750/660 823/768/672 610/576/507
f 804/749/659 824/769/673 822/767/671
f 804/749/659 795/741/652 796/742/653
f 804/749/659 797/722/654 825/752/674
f 807/752/661 806/751/634 826/770/661
f 826/770/661 827/771/634 828/772/675
f 826/770/661 829/769/676 807/752/661
f 823/768/672 822/767/671 830/773/677
f 823/768/672 830/773/677 610/576/507
f 822/767/671 831/774/678 832/775/679
f 822/767/671 805/750/660 804/749/659
f 824/769/673 804/749/659 825/752/674
f 829/769/676 826/770/661 833/776/676
f 829/769/676 834/777/680 835/774/681
f 833/776/676 828/772/675 836/778/682
f 294/270/238 293/269/237 782/728/640
f 782/728/640 780/726/638 294/270/238
f 837/779/683 838/780/684 839/781/663
f 838/780/684 837/779/683 840/782/646
f 841/783/685 842/784/686 567/533/469
f 842/784/686 841/783/685 843/785/687
f 567/533/469 304/280/245 841/783/685
f 843/785/687 844/786/688 842/784/686
f 845/787/689 846/788/690 847/789/691
f 846/788/690 845/787/689 848/790/692
f 849/791/693 315/291/256 318/294/259
f 849/791/693 850/792/694 851/793/695
f 844/786/688 843/785/687 852/794/696
f 830/773/677 853/795/697 610/576/507
f 830/773/677 822/767/671 832/775/679
f 830/773/677 832/775/679 853/795/697
f 832/775/679 854/796/698 855/797/699
f 832/775/679 855/797/699 853/795/697
f 831/774/678 822/767/671 824/769/673
f 834/777/680 829/769/676 833/776/676
f 834/777/680 836/778/682 856/798/700
f 835/774/681 857/799/701 858/796/701
f 853/795/697 859/800/702 860/801/703
f 853/795/697 860/801/703 610/576/507
f 855/797/699 861/802/704 859/800/702
f 854/796/698 832/775/679 831/774/678
f 857/799/701 834/777/680 856/798/700
f 857/799/701 856/798/700 862/803/705
f 857/799/701 863/804/706 864/805/707
f 857/799/701 835/774/681 834/777/680
f 857/799/701 864/805/707 865/802/707
f 866/806/708 867/807/709 868/808/710
f 866/806/692 869/809/711 870/810/712
f 867/807/709 866/806/708 871/811/713
f 867/807/709 872/812/714 873/813/715
f 868/808/710 873/813/715 874/814/716
f 871/811/713 875/815/717 867/807/709
f 875/815/717 871/811/713 876/816/718
f 875/815/717 877/817/719 872/812/714
f 876/816/718 878/818/691 879/819/695
f 876/816/718 880/820/720 875/815/717
f 880/820/720 876/816/718 348/321/259
f 348/321/259 346/319/282 880/820/720
f 872/812/714 867/807/709 875/815/717
f 873/813/715 868/808/710 867/807/709
f 877/817/719 875/815/717 880/820/720
f 881/821/721 882/822/722 883/823/723
f 883/823/723 882/822/722 884/824/722
f 883/823/723 884/824/722 885/825/724
f 860/801/703 859/800/702 886/826/725
f 860/801/703 886/826/725 610/576/507
f 859/800/702 887/827/726 888/828/727
f 859/800/702 853/795/697 855/797/699
f 861/802/704 855/797/699 854/796/698
f 865/802/707 858/796/701 857/799/701
f 887/827/726 859/800/702 861/802/704
f 888/828/727 886/826/725 859/800/702
f 888/828/727 887/827/726 889/829/728
f 377/350/310 890/830/729 891/831/729
f 377/350/310 891/831/729 376/349/309
f 386/359/316 369/342/302 368/341/301
s 0
f 387/360/316 892/832/316 893/833/316
s 1
f 894/834/730 895/835/730 896/836/730
f 895/835/730 894/834/730 897/837/730
f 898/838/731 899/839/732 900/840/731
f 899/839/732 898/838/731 901/841/733
f 899/839/732 902/842/734 903/843/735
f 900/840/731 903/843/735 904/844/731
f 886/826/725 905/845/736 610/576/507
f 886/826/725 889/829/728 905/845/736
f 906/846/737 907/847/738 908/848/739
f 906/846/737 908/848/739 909/849/740
f 907/847/738 910/850/741 908/848/739
f 908/848/739 910/850/741 911/851/742
f 908/848/739 911/851/742 912/852/743
f 910/850/741 913/853/744 911/851/742
f 914/854/745 915/855/746 916/856/747
f 916/856/747 915/855/746 917/857/723
f 905/845/736 918/858/748 610/576/507
f 889/829/728 918/858/748 905/845/736
f 889/829/728 886/826/725 888/828/727
f 889/829/728 919/859/749 920/860/750
f 921/861/751 889/829/728 887/827/726
f 922/827/752 923/862/752 924/861/753
f 923/862/752 925/863/754 926/864/753
f 923/862/752 926/864/753 924/861/753
f 924/861/753 927/865/755 928/859/755
f 926/864/753 929/866/756 927/865/755
f 930/867/757 931/868/758 932/869/759
f 931/868/758 906/846/737 909/849/740
f 931/868/758 909/849/740 932/869/759
f 932/869/759 909/849/740 933/870/760
f 909/849/740 912/852/743 933/870/760
f 909/849/740 908/848/739 912/852/743
f 919/859/749 934/871/761 920/860/750
f 919/859/749 889/829/728 921/861/751
f 920/860/750 918/858/748 889/829/728
f 927/865/755 924/861/753 926/864/753
f 927/865/755 935/872/762 928/859/755
f 933/870/760 912/852/743 936/873/763
f 912/852/743 911/851/742 937/874/764
f 911/851/742 913/853/744 938/875/765
f 911/851/742 938/875/765 937/874/764
f 913/853/744 939/876/766 938/875/765
f 940/877/767 914/854/745 941/878/768
f 940/877/767 942/879/769 943/880/770
f 942/879/769 944/881/771 943/880/770
f 942/879/769 940/877/767 941/878/768
f 941/878/768 914/854/745 916/856/747
f 918/858/748 945/882/772 610/576/507
f 918/858/748 934/871/761 945/882/772
f 938/875/765 939/876/766 946/883/773
f 442/412/364 441/411/363 947/884/774
f 947/884/774 446/416/368 948/885/775
f 945/882/772 949/886/776 950/887/777
f 945/882/772 950/887/777 610/576/507
f 934/871/761 918/858/748 920/860/750
f 951/872/778 949/886/776 934/871/761
f 951/872/778 934/871/761 919/859/749
f 952/888/779 935/872/762 927/865/755
f 952/888/779 953/889/780 935/872/762
f 937/874/764 936/873/763 912/852/743
f 937/874/764 938/875/765 954/890/781
f 953/889/780 952/888/779 955/891/780
f 953/889/780 956/892/782 957/893/782
f 955/891/780 958/894/783 959/895/784
f 959/895/784 956/892/782 955/891/780
f 959/895/784 960/896/785 961/897/786
f 960/896/785 959/895/784 958/894/783
f 961/897/786 962/898/787 959/895/784
f 958/894/783 955/891/780 952/888/779
f 946/883/773 954/890/781 938/875/765
f 963/899/788 946/883/773 939/876/766
f 461/430/381 460/429/380 459/428/379
f 462/431/382 464/433/384 460/429/380
f 950/887/777 964/900/789 610/576/507
f 950/887/777 965/901/790 964/900/789
f 949/886/776 966/893/791 965/901/790
f 949/886/776 951/872/778 967/889/792
f 949/886/776 945/882/772 934/871/761
f 472/440/392 469/437/389 490/457/405
f 490/457/405 968/902/773 472/440/392
f 490/457/405 476/444/394 492/458/407
f 964/900/789 969/903/793 970/904/794
f 964/900/789 970/904/794 610/576/507
f 965/901/790 950/887/777 949/886/776
f 966/893/791 949/886/776 967/889/792
f 966/893/791 969/903/793 965/901/790
f 956/892/782 971/905/795 957/893/782
f 956/892/782 953/889/780 955/891/780
f 956/892/782 959/895/784 962/898/787
f 962/898/787 972/906/795 956/892/782
f 962/898/787 973/907/796 974/908/797
f 962/898/787 961/897/786 975/909/798
f 976/910/799 977/911/781 968/902/773
f 976/910/799 492/458/407 978/912/800
f 977/911/781 976/910/799 979/913/801
f 968/902/773 490/457/405 976/910/799
f 979/913/801 978/912/800 980/914/796
f 971/905/795 620/585/517 981/581/517
f 971/905/795 956/892/782 972/906/795
f 972/906/795 962/898/787 974/908/797
f 972/906/795 628/591/522 620/585/517
f 973/907/796 962/898/787 975/909/798
f 978/912/800 979/913/801 976/910/799
f 978/912/800 18/18/18 604/570/501
f 980/914/796 604/570/501 600/566/497
f 492/458/407 19/19/19 18/18/18
f 492/458/407 976/910/799 490/457/405
f 970/904/794 982/915/802 610/576/507
f 970/904/794 611/577/508 982/915/802
f 969/903/793 964/900/789 965/901/790
f 969/903/793 966/893/791 983/905/803
f 969/903/793 615/581/512 611/577/508
f 18/18/18 978/912/800 492/458/407
f 18/18/18 12/12/12 17/17/17
f 982/915/802 607/573/504 610/576/507
f 982/915/802 611/577/508 607/573/504
f 611/577/508 970/904/794 969/903/793
f 615/581/512 969/903/793 983/905/803
f 615/581/512 608/574/505 611/577/508
f 620/585/517 619/580/516 981/581/517
f 620/585/517 971/905/795 972/906/795
f 600/566/497 984/916/804 980/914/796
f 600/566/497 601/567/498 596/562/493
f 984/916/804 600/566/497 599/565/496
f 599/565/496 596/562/493 598/564/495
f 604/570/501 17/17/17 601/567/498
f 604/570/501 980/914/796 978/912/800
f 985/917/805 986/918/806 987/919/807
f 986/918/806 985/917/805 988/920/808
f 986/918/806 989/921/809 990/922/810
f 988/920/808 991/923/811 986/918/806
f 991/923/811 988/920/808 992/924/812
f 991/923/811 993/925/438 989/921/809
f 992/924/812 508/474/423 991/923/811
f 508/474/423 503/469/418 993/925/438
f 508/474/423 992/924/812 506/472/421
f 506/472/421 504/470/419 508/474/423
f 993/925/438 991/923/811 508/474/423
f 989/921/809 986/918/806 991/923/811
f 994/926/810 995/927/807 996/928/813
f 995/927/807 994/926/810 997/929/814
f 997/929/814 998/930/815 999/931/816
f 998/930/815 997/929/814 994/926/810
f 1000/932/817 528/494/440 1001/933/818
f 1000/932/817 1002/934/810 1003/935/809
f 1002/934/810 1000/932/817 1004/936/815
f 1003/935/809 529/495/441 1000/932/817
f 1004/936/815 1001/933/818 1005/937/819
f 529/495/441 1003/935/809 526/492/438
f 529/495/441 523/489/436 528/494/440
f 526/492/438 524/490/437 529/495/441
f 528/494/440 1000/932/817 529/495/441
f 528/494/440 1006/938/820 1001/933/818
f 1005/937/819 1007/939/821 1008/940/822
f 1005/937/819 1009/941/816 1004/936/815
f 1009/941/816 1005/937/819 1008/940/822
f 1001/933/818 1010/942/823 1005/937/819
f 1001/933/818 1004/936/815 1000/932/817
f 1007/939/821 1005/937/819 1010/942/823
f 1010/942/823 1001/933/818 1006/938/820
f 1010/942/823 1011/943/824 1007/939/821
f 1006/938/820 1012/944/825 1010/942/823
f 1006/938/820 528/494/440 527/493/439
f 527/493/439 523/489/436 535/501/447
f 527/493/439 1013/945/826 1006/938/820
f 536/502/448 535/501/447 538/504/450
f 536/502/448 1014/946/827 1013/945/826
f 1011/943/824 1010/942/823 1012/944/825
f 1012/944/825 1006/938/820 1013/945/826
f 1012/944/825 1015/947/828 1011/943/824
f 1013/945/826 527/493/439 536/502/448
f 1013/945/826 1016/948/829 1012/944/825
f 1015/947/828 1012/944/825 1016/948/829
f 1016/948/829 1013/945/826 1014/946/827
f 1014/946/827 1017/949/830 1016/948/829
f 1014/946/827 536/502/448 539/505/451
f 539/505/451 538/504/450 548/514/460
f 539/505/451 1018/950/831 1014/946/827
f 1019/951/828 1020/952/832 1021/953/833
f 1020/952/832 1019/951/828 1022/954/834
f 1017/949/830 1014/946/827 1018/950/831
f 1018/950/831 539/505/451 549/515/461
f 549/515/461 548/514/460 553/519/465
f 1023/955/835 1024/956/712 1025/957/836
f 1024/956/712 1023/955/835 1026/958/691
f 1027/959/696 1028/960/695 1029/961/691
f 1028/960/695 1027/959/696 1030/962/687
f 1030/962/687 1031/963/693 1028/960/695
f 1031/963/693 1030/962/687 565/531/467
f 565/531/467 563/529/256 1031/963/693
f 878/818/691 876/816/718 871/811/713
f 870/810/712 869/809/711 1032/964/837
f 869/809/711 844/786/688 1032/964/837
f 1032/964/837 844/786/688 852/794/696
f 850/792/694 849/791/693 318/294/259
f 574/540/475 572/538/473 1033/965/478
f 579/545/478 577/543/477 1034/966/838
f 1034/966/838 577/543/477 581/547/480
f 581/547/480 580/546/479 586/552/485
f 586/552/485 585/551/484 589/555/488
f 1035/967/488 592/558/487 594/560/491
f 944/881/771 942/879/769 1036/968/732
f 1037/969/839 1038/970/840 1039/971/841
f 1037/969/839 1039/971/841 1040/972/842
f 1038/970/840 1041/973/843 1042/974/844
f 1038/970/840 1037/969/839 1043/975/845
f 1039/971/841 1042/974/844 1044/976/846
f 1039/971/841 1044/976/846 1045/977/847
f 1039/971/841 1046/978/848 1040/972/842
f 1042/974/844 1039/971/841 1038/970/840
f 1045/977/847 1046/978/848 1039/971/841
f 1040/972/842 1047/979/849 1037/969/839
f 1048/980/850 1049/981/851 1050/982/851
f 1048/980/850 1051/983/852 1052/984/850
f 1049/981/851 1052/984/850 1053/985/851
f 1050/982/851 1054/986/850 1048/980/850
f 1054/986/850 1055/987/853 1048/980/850
f 1056/988/854 1043/975/845 1057/989/855
f 1056/988/854 1058/990/856 1043/975/845
f 1057/989/855 1043/975/845 1037/969/839
f 1059/989/857 1037/969/839 1047/979/849
f 1060/991/849 1061/992/858 1062/993/859
f 1060/991/849 1062/993/859 1063/994/860
f 1062/993/859 1064/995/861 1065/996/862
f 1066/997/863 1063/994/860 1062/993/859
f 1066/997/863 1065/996/862 1067/998/864
f 1068/999/865 1069/1000/866 1070/1001/867
f 1068/999/865 1071/1002/868 1072/1003/869
f 1072/1003/869 1071/1002/868 1073/1004/870
f 1073/1004/870 1074/1005/871 1072/1003/869
f 1075/1006/872 1076/1007/873 1077/1008/874
f 1076/1007/873 1075/1006/872 1078/1009/875
f 1077/1008/874 1079/1010/876 1080/1011/877
f 1081/1009/878 1075/1006/879 1082/1012/880
f 1083/1013/846 1084/1014/881 1085/1015/882
f 1084/1014/881 1083/1013/846 1086/1016/844
f 1084/1014/881 1087/1017/883 1088/1018/884
f 1089/1019/885 1090/1020/886 1091/1021/887
f 1090/1020/886 1092/1022/888 1091/1021/887
f 1090/1020/886 1093/1023/889 1094/1024/890
f 1091/1021/887 1095/1025/891 1089/1019/885
f 1092/1022/888 1090/1020/886 1096/1026/892
f 1096/1026/892 1090/1020/886 1094/1024/890
f 1096/1026/892 1094/1024/890 1097/1027/893
f 1051/983/852 1048/980/850 1055/987/853
f 1052/984/850 1049/981/851 1048/980/850
s 0
f 1055/987/894 1098/1028/894 1051/983/894
s 1
f 1055/987/853 1054/986/850 1099/1029/895
s 0
f 1098/1028/894 1055/987/894 1100/1030/894
s 1
f 1100/1030/894 1055/987/853 1099/1029/895
f 1099/1029/895 1101/1031/894 1100/1030/894
f 1065/996/862 1066/997/863 1062/993/859
f 1065/996/862 1102/1032/896 1103/1033/897
f 1065/996/862 1103/1033/897 1067/998/864
f 1104/1034/898 1067/998/864 1103/1033/897
f 1105/1035/899 1106/1036/900 1107/1037/901
f 1106/1036/900 1105/1035/899 1108/1038/902
f 1107/1037/901 1109/1039/903 1105/1035/899
f 1108/1038/902 1110/1040/904 1111/1041/905
f 1108/1038/902 1111/1041/905 1106/1036/900
f 1074/1005/871 1073/1004/870 1112/1042/906
f 1087/1017/883 1084/1014/881 1086/1016/844
f 1113/1043/907 1114/1044/908 1115/1045/909
f 1113/1043/907 1092/1022/888 1096/1026/892
f 1113/1043/907 1096/1026/892 1114/1044/908
f 1114/1044/908 1116/1046/910 1117/1047/911
f 1114/1044/908 1097/1027/893 1116/1046/910
f 1117/1047/911 1115/1045/909 1114/1044/908
f 1058/990/856 1056/988/854 1118/1048/912
f 1058/990/856 1119/1049/913 1043/975/845
f 1093/1023/889 1090/1020/886 1089/1019/885
f 1094/1024/890 1093/1023/889 1120/1050/914
f 1094/1024/890 1120/1050/914 1121/1051/904
f 1121/1051/904 1097/1027/893 1094/1024/890
f 1097/1027/893 1121/1051/904 1122/1052/902
f 1097/1027/893 1122/1052/902 1116/1046/910
f 1097/1027/893 1114/1044/908 1096/1026/892
f 1080/1011/877 1123/1053/915 1124/1054/916
f 1123/1053/915 1080/1011/877 1079/1010/876
f 1079/1010/876 1077/1008/874 1076/1007/873
f 1069/1000/866 1072/1003/869 1125/1055/917
f 1069/1000/866 1126/1056/918 1127/1057/919
f 1069/1000/866 1068/999/865 1072/1003/869
f 1070/1001/867 1069/1000/866 1127/1057/919
f 1128/1058/920 1070/1001/867 1127/1057/919
f 1116/1046/910 1122/1052/902 1129/1059/899
f 1116/1046/910 1129/1059/899 1130/1060/921
f 1116/1046/910 1131/1061/922 1117/1047/911
f 1129/1059/899 1132/1062/923 1130/1060/921
f 1130/1060/921 1131/1061/922 1116/1046/910
f 1061/992/858 1060/991/849 1133/1063/924
f 1061/992/858 1133/1063/924 1134/1064/925
f 1061/992/858 1135/1065/877 1064/995/861
f 1133/1063/924 1136/1066/872 1134/1064/925
f 1133/1063/924 1060/991/849 1137/1067/926
f 1136/1066/872 1133/1063/924 1138/1068/927
f 1137/1067/926 1139/1069/928 1133/1063/924
f 1138/1068/927 1133/1063/924 1139/1069/928
f 1102/1032/896 1065/996/862 1064/995/861
f 1102/1032/896 1064/995/861 1140/1070/929
f 1064/995/861 1062/993/859 1061/992/858
f 1135/1065/877 1061/992/858 1134/1064/925
f 1135/1065/877 1140/1070/929 1064/995/861
f 1110/1040/904 1141/1071/930 1111/1041/905
f 1141/1071/930 1110/1040/904 1142/1072/914
f 1126/1056/918 1069/1000/866 1125/1055/917
f 1125/1055/917 1072/1003/869 1074/1005/871
f 1143/1073/931 1115/1045/909 1117/1047/911
f 1143/1073/931 1117/1047/911 1144/1061/932
f 1144/1061/932 1130/1060/921 1143/1073/931
f 1132/1062/923 1143/1073/931 1130/1060/921
f 1041/973/843 1038/970/840 1119/1049/913
f 1119/1049/913 1038/970/840 1043/975/845
f 627/590/521 621/586/516 629/592/495
f 624/588/519 622/587/518 627/590/521
f 653/614/538 652/613/534 1145/1074/933
f 694/650/572 682/640/563 681/639/562
f 694/650/572 716/670/583 692/649/571
f 718/672/590 716/670/583 717/671/589
f 737/689/607 734/687/605 738/690/608
f 737/689/607 1146/1075/615 747/699/615
f 752/702/619 747/699/615 1146/1075/615
f 762/712/624 758/708/623 1147/1076/623
f 1148/1077/934 1149/1078/625 1150/1079/625
f 1148/1077/934 1150/1079/625 1151/1080/934
f 1149/1078/625 1152/1081/633 1150/1079/625
f 1152/1081/633 1149/1078/625 1153/1082/633
f 1153/1082/633 1154/1083/935 1152/1081/633
f 1154/1083/935 1153/1082/633 1155/1084/935
f 827/771/634 826/770/661 806/751/634
f 828/772/675 833/776/676 826/770/661
f 836/778/682 834/777/680 833/776/676
f 863/804/706 857/799/701 862/803/705
s 0
f 385/358/311 378/351/311 383/356/311
s 1
f 925/863/754 1156/1085/936 926/864/753
f 929/866/756 952/888/779 927/865/755
f 929/866/756 958/894/783 952/888/779
f 929/866/756 926/864/753 1156/1085/936
f 628/591/522 621/586/516 620/585/517
f 628/591/522 972/906/795 974/908/797
f 40/37/37 35/34/33 34/33/34
f 39/36/36 34/33/34 43/40/39
f 73/68/61 71/66/58 70/65/59
f 124/114/104 112/103/95 126/116/106
f 156/144/128 176/163/146 183/169/152
f 156/144/128 154/142/126 155/143/127
f 182/168/151 202/186/168 208/191/168
f 182/168/151 176/163/146 181/167/150
f 207/190/171 202/186/168 206/189/171
f 220/203/177 217/200/176 219/202/177
f 1157/1086/937 1158/1087/178 1159/1088/937
f 1160/1089/178 1158/1087/178 1161/1090/186
f 1160/1089/178 1159/1088/937 1158/1087/178
f 1162/1091/186 1160/1089/178 1161/1090/186
f 1162/1091/186 1161/1090/186 1163/1092/938
f 1164/1093/938 1162/1091/186 1163/1092/938
f 292/268/236 287/263/231 324/299/265
f 292/268/236 285/262/187 284/261/230
f 324/299/265 291/267/235 332/305/271
f 332/305/271 325/300/266 334/307/273
f 333/306/272 325/300/266 331/304/270
f 1165/1094/939 1166/817/940 1167/1095/941
f 1166/817/940 1165/1094/939 1168/812/942
f 420/391/344 417/388/339 419/390/343
f 418/389/342 417/388/339 416/387/341
f 41/38/38 487/454/402 36/35/35
f 41/38/38 35/34/33 42/39/3
f 1169/1096/880 1136/1066/872 1138/1068/927
f 1170/1097/768 1171/1098/747 1172/1099/943
f 1170/1097/768 902/842/734 1173/1100/769
f 1171/1098/747 883/823/723 1174/1101/944
f 1172/1099/943 1171/1098/747 1174/1101/944
f 1174/1101/944 883/823/723 885/825/724
f 902/842/734 1170/1097/768 1172/1099/943
f 902/842/734 899/839/732 1173/1100/769
f 903/843/735 900/840/731 899/839/732
f 464/433/384 1175/1102/945 463/432/383
f 464/433/384 462/431/382 1176/1103/946
f 446/416/368 445/415/367 1177/1104/947
f 446/416/368 947/884/774 441/411/363
f 885/825/724 884/824/722 1178/1105/722
f 353/326/288 1179/1106/335 1180/1107/948
f 1179/1106/335 392/365/320 391/364/319
f 1180/1107/948 354/327/289 353/326/288
f 354/327/289 356/329/290 352/325/287
f 391/364/319 388/361/317 394/367/322
f 391/364/319 1180/1107/948 1179/1106/335
f 394/367/322 390/363/318 1181/1108/318
f 356/329/290 1182/1109/285 355/328/285
s 0
f 1183/1110/949 1184/1111/949 1185/1112/949
s 1
f 1184/1111/949 1183/1110/949 1186/1113/949
f 1186/1113/949 1187/1114/950 1184/1111/949
f 1188/1115/950 1189/1116/951 1190/1117/952
f 1189/1116/951 1188/1115/950 1191/1118/953
f 1190/1117/952 1192/1119/954 1193/1120/955
f 1192/1119/954 1190/1117/952 1189/1116/951
f 1193/1120/955 1194/1121/956 1195/1122/956
f 1194/1121/956 1193/1120/955 1192/1119/954
s 0
f 1196/1123/957 1197/1124/957 1198/1125/957
s 1
f 1197/1124/957 1199/1126/958 1200/1127/957
f 1197/1124/957 1200/1127/957 1198/1125/957
f 1201/1128/958 1202/1129/959 1203/1130/960
f 1202/1129/959 1201/1128/958 1204/1131/961
f 1204/1131/961 1205/1132/962 1202/1129/959
f 1205/1132/962 1204/1131/961 1206/1133/963
f 1206/1133/963 1207/1134/964 1205/1132/962
f 1207/1134/964 1206/1133/963 1208/1135/964
f 1199/1126/958 1209/955/965 1200/1127/957
f 1187/1114/950 1186/1113/949 1210/1136/966
f 1211/1137/967 1212/1138/968 1213/1139/969
f 1212/1138/968 1211/1137/967 1214/1140/970
f 1213/1139/969 1215/1141/971 1216/1142/971
f 1214/1140/970 1217/1143/972 1218/1144/973
f 381/354/314 1219/1145/974 382/355/315
f 1220/364/975 1221/367/975 1222/1146/975
f 1220/364/975 1222/1146/975 1223/1147/975
f 374/347/307 372/345/305 371/344/304
f 366/339/300 364/337/298 363/336/297
f 1217/1143/972 1214/1140/970 1211/1137/967
f 1218/1144/973 1224/1148/976 1225/1149/977
f 1219/1145/974 381/354/314 1226/1150/978
f 1226/1150/978 1227/1151/979 1219/1145/974
s 0
f 892/832/316 387/360/316 386/359/316
s 1
f 1228/1152/980 1229/1153/981 1230/316/982
f 1230/316/982 1231/312/983 1228/1152/980
f 1232/842/984 1233/1154/984 1234/843/984
f 1233/1154/984 1232/842/984 1235/1155/984
f 1215/1141/971 1213/1139/969 1212/1138/968
f 1224/1148/976 1218/1144/973 1217/1143/972
f 1227/1151/979 1226/1150/978 1236/1156/979
f 1237/1157/985 1238/1158/985 1239/1159/986
f 1238/1158/985 1240/1160/985 1239/1159/986
f 1241/1161/987 1242/1162/988 1243/1163/989
f 1242/1162/988 1241/1161/987 1244/1164/990
f 1243/1163/989 1245/1165/991 1241/1161/987
f 1244/1164/990 1246/1166/992 1242/1162/988
f 1244/1164/990 1247/1167/993 1248/1168/994
f 1249/1169/995 1250/1170/996 1251/1171/997
f 1249/1169/995 1252/1172/998 1250/1170/996
f 1249/1169/995 1253/1173/999 1252/1172/998
f 1251/1171/997 1254/1174/1000 1255/1175/1001
f 1251/1171/997 1250/1170/996 1254/1174/1000
f 1256/1176/1002 1257/1177/1003 1258/1178/1004
f 1257/1177/1003 1256/1176/1002 1259/1179/1005
f 1258/1178/1004 1260/1180/1006 1256/1176/1002
f 1259/1179/1005 1261/1181/1007 1257/1177/1003
f 1262/1182/112 1263/1183/1008 1264/1184/995
f 1262/1182/112 1265/1185/997 1266/1186/1009
f 1262/1182/112 1264/1184/995 1265/1185/997
f 1266/1186/1009 1265/1185/997 1267/1187/1010
f 1266/1186/1009 1267/1187/1010 1268/1188/1011
f 1269/1189/1012 1270/1190/1013 1271/1191/1014
f 1269/1189/1012 1272/1192/1015 1273/1193/1016
f 1269/1189/1012 1273/1193/1016 1274/1194/1017
f 1269/1189/1012 1257/1177/1003 1261/1181/1007
f 1269/1189/1012 1274/1194/1017 1275/1195/1018
f 1269/1189/1012 1261/1181/1007 1276/1196/1019
f 1269/1189/1012 1276/1196/1019 1277/1197/1020
f 1269/1189/1012 1277/1197/1020 1270/1190/1013
f 1269/1189/1012 1278/1198/1021 1279/1199/1022
f 1269/1189/1012 1280/1200/1023 1272/1192/1015
f 1269/1189/1012 1281/1201/1024 1258/1178/1004
f 1269/1189/1012 1275/1195/1018 1282/1202/1025
f 1269/1189/1012 1282/1202/1025 1283/1203/1026
f 1269/1189/1012 1271/1191/1014 1280/1200/1023
f 1269/1189/1012 1283/1203/1026 1284/1204/1027
f 1269/1189/1012 1284/1204/1027 1278/1198/1021
f 1269/1189/1012 1285/1205/1028 1281/1201/1024
f 1269/1189/1012 1286/1206/1029 1285/1205/1028
f 1269/1189/1012 1279/1199/1022 1286/1206/1029
f 1269/1189/1012 1258/1178/1004 1257/1177/1003
f 1287/1207/112 1288/1208/1030 1289/1209/1031
f 1288/1208/1030 1290/1210/1032 1291/1211/1033
f 1288/1208/1030 1287/1207/112 1292/1212/1009
f 1289/1209/1031 1291/1211/1033 1293/1213/1034
f 1292/1212/1009 1294/1214/1035 1288/1208/1030
f 1291/1211/1033 1289/1209/1031 1288/1208/1030
f 1291/1211/1033 1295/1215/1036 1296/1216/1037
f 1293/1213/1034 1296/1216/1037 1297/1217/1038
f 1298/1218/1039 1299/1219/1040 1300/1220/1041
f 1299/1219/1040 1298/1218/1039 1301/1221/1042
f 1300/1220/1041 1302/1222/1043 1298/1218/1039
f 1301/1221/1042 1303/1223/1044 1299/1219/1040
f 1296/1216/1037 1304/1224/1045 1248/1168/994
f 1296/1216/1037 1293/1213/1034 1291/1211/1033
f 1297/1217/1038 1248/1168/994 1247/1167/993
f 1305/1225/1046 1298/1218/1039 1302/1222/1043
f 1305/1225/1046 1306/1226/1047 1298/1218/1039
f 1306/1226/1047 1301/1221/1042 1298/1218/1039
f 1306/1226/1047 1307/1227/1048 1301/1221/1042
f 1248/1168/994 1308/1228/1049 1244/1164/990
f 1248/1168/994 1297/1217/1038 1296/1216/1037
f 1247/1167/993 1244/1164/990 1241/1161/987
f 1309/1229/1050 1310/1230/1051 1311/1231/1052
f 1309/1229/1050 1311/1231/1052 1312/1232/1053
f 1310/1230/1051 1313/1233/1054 1311/1231/1052
f 1314/1234/1055 1315/1235/1056 1310/1230/1051
f 1314/1234/1055 1310/1230/1051 1309/1229/1050
f 1314/1234/1055 1309/1229/1050 1316/1236/1057
f 1316/1236/1057 1309/1229/1050 1317/1237/1058
f 1308/1228/1049 1248/1168/994 1304/1224/1045
f 1304/1224/1045 1296/1216/1037 1295/1215/1036
f 1304/1224/1045 1318/1238/1059 1308/1228/1049
f 1319/1239/1000 1316/1236/1057 1317/1237/1058
f 1317/1237/1058 1309/1229/1050 1312/1232/1053
f 1246/1166/992 1244/1164/990 1308/1228/1049
f 1261/1181/1007 1259/1179/1005 1320/1240/992
f 1320/1240/992 1276/1196/1019 1261/1181/1007
f 1294/1214/1035 1292/1212/1009 1321/1241/1060
f 1294/1214/1035 1322/1242/1061 1290/1210/1032
f 1321/1241/1060 1323/1243/1062 1294/1214/1035
f 1290/1210/1032 1288/1208/1030 1294/1214/1035
f 1290/1210/1032 1324/1244/1063 1295/1215/1036
f 1302/1222/1043 1300/1220/1041 1325/1245/1064
f 1325/1245/1064 1326/1246/1065 1302/1222/1043
f 1295/1215/1036 1291/1211/1033 1290/1210/1032
f 1295/1215/1036 1327/1247/1066 1304/1224/1045
f 1328/1248/1067 1305/1225/1046 1302/1222/1043
f 1322/1242/1061 1294/1214/1035 1323/1243/1062
f 1323/1243/1062 1321/1241/1060 1329/1249/1068
f 1326/1246/1065 1325/1245/1064 1330/1250/1069
f 1330/1250/1069 1331/1251/1070 1326/1246/1065
f 1324/1244/1063 1290/1210/1032 1322/1242/1061
f 1332/1252/1071 1333/1253/1072 1334/1254/1073
f 1333/1253/1072 1335/1255/1074 1336/1256/1075
f 1333/1253/1072 1332/1252/1071 1337/1257/1076
f 1334/1254/1073 1336/1256/1075 1338/1258/1058
f 1337/1257/1076 1339/1259/1077 1333/1253/1072
f 1327/1247/1066 1295/1215/1036 1324/1244/1063
f 1336/1256/1075 1334/1254/1073 1333/1253/1072
f 1318/1238/1059 1304/1224/1045 1327/1247/1066
f 1340/1260/1078 1336/1256/1075 1341/1261/1079
f 1340/1260/1078 1338/1258/1058 1336/1256/1075
f 1341/1261/1079 1336/1256/1075 1335/1255/1074
f 1342/1262/1049 1343/1263/1080 1320/1240/992
f 1343/1263/1080 1342/1262/1049 1344/1264/1059
f 1343/1263/1080 1277/1197/1020 1276/1196/1019
f 1344/1264/1059 1345/1265/1081 1343/1263/1080
f 1346/1266/1082 1347/1267/1083 1348/1268/1084
f 1346/1266/1082 1349/1269/1085 1347/1267/1083
f 1349/1269/1085 1350/1270/1078 1347/1267/1083
f 1276/1196/1019 1320/1240/992 1343/1263/1080
f 1351/1271/1060 1352/1272/1010 1353/1273/1082
f 1351/1271/1060 1353/1273/1082 1354/1274/1068
f 1354/1274/1068 1353/1273/1082 1355/1275/1086
f 1356/1276/1084 1341/1261/1079 1335/1255/1074
f 1335/1255/1074 1333/1253/1072 1339/1259/1077
f 1335/1255/1074 1357/1277/1087 1356/1276/1084
f 1345/1265/1081 1344/1264/1059 1358/1278/1088
f 1345/1265/1081 1270/1190/1013 1277/1197/1020
f 1358/1278/1088 1359/1279/1089 1360/1280/1090
f 1358/1278/1088 1361/1281/1091 1345/1265/1081
f 1362/1282/1092 1348/1268/1084 1363/1283/1087
f 1362/1282/1092 1346/1266/1082 1348/1268/1084
f 1277/1197/1020 1343/1263/1080 1345/1265/1081
f 1364/1284/1093 1354/1274/1068 1355/1275/1086
f 1364/1284/1093 1355/1275/1086 1365/1285/1094
f 1366/1286/1095 1367/1287/1096 1368/1288/1093
f 1366/1286/1095 1368/1288/1093 1369/1289/1097
f 1367/1287/1096 1370/1290/1098 1368/1288/1093
f 1371/1291/1099 1366/1286/1095 1372/1292/1100
f 1371/1291/1099 1373/1293/1061 1366/1286/1095
f 1373/1293/1061 1367/1287/1096 1366/1286/1095
f 1331/1251/1070 1330/1250/1069 1374/1294/1101
f 1375/1295/1102 1376/1296/1103 1371/1291/1099
f 1375/1295/1102 1371/1291/1099 1377/1297/1104
f 1376/1296/1103 1373/1293/1061 1371/1291/1099
f 1339/1259/1077 1337/1257/1076 1378/1298/1105
f 1339/1259/1077 1379/1299/1106 1335/1255/1074
f 1378/1298/1105 1380/1300/1107 1339/1259/1077
f 1381/1301/1108 1382/1302/1066 1375/1295/1102
f 1381/1301/1108 1375/1295/1102 1383/1303/1109
f 1382/1302/1066 1376/1296/1103 1375/1295/1102
f 1359/1279/1089 1358/1278/1088 1344/1264/1059
f 1360/1280/1090 1384/1304/1110 1358/1278/1088
f 1377/1297/1104 1371/1291/1099 1372/1292/1100
f 1377/1297/1104 1385/1305/1111 1383/1303/1109
f 1372/1292/1100 1366/1286/1095 1369/1289/1097
f 1372/1292/1100 1386/1306/1112 1377/1297/1104
f 1387/1307/1113 1388/1308/1114 1389/1309/1115
f 1387/1307/1113 1389/1309/1115 1390/1310/1116
f 1388/1308/1114 1387/1307/1113 1378/1298/1105
f 1383/1303/1109 1375/1295/1102 1377/1297/1104
f 1380/1300/1107 1378/1298/1105 1387/1307/1113
f 1380/1300/1107 1387/1307/1113 1391/1311/1117
f 1392/1312/1118 1381/1301/1108 1383/1303/1109
f 1379/1299/1106 1380/1300/1107 1393/1313/1119
f 1379/1299/1106 1339/1259/1077 1380/1300/1107
f 1384/1304/1110 1360/1280/1090 1394/1314/1118
f 1384/1304/1110 1394/1314/1118 1395/1315/1120
f 1357/1277/1087 1379/1299/1106 1396/1316/1121
f 1357/1277/1087 1335/1255/1074 1379/1299/1106
f 1361/1281/1091 1358/1278/1088 1384/1304/1110
f 1397/1317/1094 1362/1282/1092 1363/1283/1087
f 1363/1283/1087 1398/1318/1122 1397/1317/1094
f 1270/1190/1013 1345/1265/1081 1361/1281/1091
f 1399/1319/1097 1364/1284/1093 1365/1285/1094
f 1365/1285/1094 1400/1320/1123 1399/1319/1097
f 1369/1289/1097 1401/1321/1124 1372/1292/1100
f 1402/1322/1125 1403/1323/1126 1361/1281/1091
f 1402/1322/1125 1361/1281/1091 1384/1304/1110
f 1402/1322/1125 1395/1315/1120 1404/1324/1127
f 1403/1323/1126 1402/1322/1125 1405/1325/1128
f 1403/1323/1126 1271/1191/1014 1270/1190/1013
f 1403/1323/1126 1270/1190/1013 1361/1281/1091
f 1398/1318/1122 1363/1283/1087 1406/1326/1129
f 1406/1326/1129 1407/1327/1130 1398/1318/1122
f 1271/1191/1014 1403/1323/1126 1408/1328/1131
f 1400/1320/1123 1365/1285/1094 1409/1329/1132
f 1409/1329/1132 1410/1330/1133 1400/1320/1123
f 1401/1321/1124 1411/1331/1134 1386/1306/1112
f 1401/1321/1124 1369/1289/1097 1412/1332/1123
f 1412/1332/1123 1413/1333/1135 1401/1321/1124
f 1386/1306/1112 1414/1334/1136 1385/1305/1111
f 1386/1306/1112 1372/1292/1100 1401/1321/1124
f 1391/1311/1117 1390/1310/1116 1415/1335/1137
f 1391/1311/1117 1387/1307/1113 1390/1310/1116
f 1385/1305/1111 1377/1297/1104 1386/1306/1112
f 1393/1313/1119 1391/1311/1117 1416/1336/1138
f 1393/1313/1119 1380/1300/1107 1391/1311/1117
f 1417/1337/1109 1395/1315/1120 1394/1314/1118
f 1395/1315/1120 1417/1337/1109 1418/1338/1139
f 1395/1315/1120 1402/1322/1125 1384/1304/1110
f 1418/1338/1139 1404/1324/1127 1395/1315/1120
f 1396/1316/1121 1379/1299/1106 1393/1313/1119
f 1396/1316/1121 1393/1313/1119 1419/1339/1140
f 1396/1316/1121 1420/1340/1141 1421/1341/1129
f 1421/1341/1129 1357/1277/1087 1396/1316/1121
f 1415/1335/1137 1416/1336/1138 1391/1311/1117
f 1416/1336/1138 1415/1335/1137 1422/1342/1142
f 1416/1336/1138 1419/1339/1140 1393/1313/1119
f 1414/1334/1136 1386/1306/1112 1411/1331/1134
f 1411/1331/1134 1401/1321/1124 1413/1333/1135
f 1419/1339/1140 1423/1343/1143 1396/1316/1121
f 1419/1339/1140 1416/1336/1138 1424/1344/1144
f 1404/1324/1127 1418/1338/1139 1425/1345/1145
f 1404/1324/1127 1425/1345/1145 1426/1346/1146
f 1423/1343/1143 1419/1339/1140 1427/1347/1147
f 1423/1343/1143 1428/1348/1148 1420/1340/1141
f 1405/1325/1128 1404/1324/1127 1429/1349/1149
f 1405/1325/1128 1429/1349/1149 1430/1350/1150
f 1405/1325/1128 1402/1322/1125 1404/1324/1127
f 1420/1340/1141 1396/1316/1121 1423/1343/1143
f 1408/1328/1131 1403/1323/1126 1405/1325/1128
f 1408/1328/1131 1280/1200/1023 1271/1191/1014
f 1408/1328/1131 1405/1325/1128 1430/1350/1150
f 1408/1328/1131 1430/1350/1150 1431/1351/1151
f 1407/1327/1130 1406/1326/1129 1432/1352/1152
f 1432/1352/1152 1433/1353/1153 1407/1327/1130
f 1280/1200/1023 1408/1328/1131 1431/1351/1151
f 1280/1200/1023 1431/1351/1151 1272/1192/1015
f 1410/1330/1133 1409/1329/1132 1434/1354/1154
f 1413/1333/1135 1412/1332/1123 1435/1355/1133
f 1433/1353/1153 1432/1352/1152 1436/1356/1148
f 1431/1351/1151 1437/1357/1155 1438/1358/1156
f 1272/1192/1015 1431/1351/1151 1438/1358/1156
f 1272/1192/1015 1438/1358/1156 1273/1193/1016
f 1439/1359/1157 1440/1360/1130 1441/1361/1158
f 1440/1360/1130 1439/1359/1157 1442/1362/1159
f 1441/1361/1158 1443/1363/1160 1439/1359/1157
f 1444/1364/1157 1445/1365/1161 1446/1366/1162
f 1445/1365/1161 1447/1367/1163 1448/1368/1134
f 1445/1365/1161 1444/1364/1157 1449/1369/1160
f 1446/1366/1162 1450/1370/1159 1444/1364/1157
f 1447/1367/1163 1451/1371/1146 1452/1372/1164
f 1447/1367/1163 1445/1365/1161 1453/1373/1165
f 1448/1368/1134 1446/1366/1162 1445/1365/1161
f 1422/1342/1142 1424/1344/1144 1416/1336/1138
f 1424/1344/1144 1427/1347/1147 1419/1339/1140
f 1451/1371/1146 1447/1367/1163 1454/1374/1166
f 1452/1372/1164 1448/1368/1134 1447/1367/1163
f 1427/1347/1147 1455/1375/1167 1423/1343/1143
f 1426/1346/1146 1429/1349/1149 1404/1324/1127
f 1429/1349/1149 1456/1376/1168 1430/1350/1150
f 1430/1350/1150 1456/1376/1168 1437/1357/1155
f 1430/1350/1150 1437/1357/1155 1431/1351/1151
f 1428/1348/1148 1423/1343/1143 1455/1375/1167
f 1454/1374/1166 1457/1377/1169 1451/1371/1146
f 1454/1374/1166 1453/1373/1165 1458/1378/1170
f 1457/1377/1169 1459/1379/1171 1460/1380/1172
f 1457/1377/1169 1454/1374/1166 1461/1381/1173
f 1462/1382/1174 1463/1383/1144 1464/1384/1175
f 1462/1382/1174 1465/1385/1176 1466/1386/1177
f 1463/1383/1144 1462/1382/1174 1467/1387/1178
f 1464/1384/1175 1468/1388/1179 1462/1382/1174
f 1467/1387/1178 1466/1386/1177 1469/1389/1167
f 1459/1379/1171 1457/1377/1169 1470/1390/1180
f 1460/1380/1172 1451/1371/1146 1457/1377/1169
f 1466/1386/1177 1471/1391/1181 1472/1392/1182
f 1466/1386/1177 1467/1387/1178 1462/1382/1174
f 1469/1389/1167 1472/1392/1182 1473/1393/1183
f 1437/1357/1155 1456/1376/1168 1474/1394/1184
f 1472/1392/1182 1469/1389/1167 1466/1386/1177
f 1438/1358/1156 1475/1395/1185 1476/1396/1186
f 1477/1397/1187 1478/1398/1183 1479/1399/1188
f 1478/1398/1183 1477/1397/1187 1480/1400/1189
f 1479/1399/1188 1481/1401/1190 1477/1397/1187
f 1273/1193/1016 1476/1396/1186 1274/1194/1017
f 1443/1363/1160 1441/1361/1158 1482/1402/1187
f 1482/1402/1187 1483/1403/477 1443/1363/1160
f 1449/1369/1160 1453/1373/1165 1445/1365/1161
f 1453/1373/1165 1449/1369/1160 1484/1404/477
f 1453/1373/1165 1454/1374/1166 1447/1367/1163
f 1485/1405/1191 1486/1406/1192 1487/1407/1193
f 1485/1405/1191 1487/1407/1193 1488/1408/1142
f 1486/1406/1192 1489/1409/1194 1490/1410/1195
f 1476/1396/1186 1491/1411/1196 1492/1412/1197
f 1476/1396/1186 1273/1193/1016 1438/1358/1156
f 1274/1194/1017 1492/1412/1197 1275/1195/1018
f 1483/1403/477 1493/1413/1190 1494/1414/1198
f 1483/1403/477 1482/1402/1187 1493/1413/1190
f 1484/1404/477 1495/1415/1199 1458/1378/1170
f 1484/1404/477 1458/1378/1170 1453/1373/1165
f 1458/1378/1170 1496/1416/1200 1461/1381/1173
f 1458/1378/1170 1461/1381/1173 1454/1374/1166
f 1461/1381/1173 1497/1417/1201 1470/1390/1180
f 1461/1381/1173 1470/1390/1180 1457/1377/1169
f 1489/1409/1194 1486/1406/1192 1485/1405/1191
f 1490/1410/1195 1498/1418/1202 1499/1419/1203
f 1470/1390/1180 1500/1420/1204 1459/1379/1171
f 1470/1390/1180 1501/1421/1205 1500/1420/1204
f 1468/1388/1179 1502/1422/1195 1503/1423/1203
f 1468/1388/1179 1464/1384/1175 1502/1422/1195
f 1500/1420/1204 1504/1424/1206 1505/1425/1207
f 1465/1385/1176 1468/1388/1179 1506/1426/1208
f 1465/1385/1176 1462/1382/1174 1468/1388/1179
f 1474/1394/1184 1475/1395/1185 1437/1357/1155
f 1475/1395/1185 1438/1358/1156 1437/1357/1155
f 1471/1391/1181 1466/1386/1177 1465/1385/1176
f 1471/1391/1181 1465/1385/1176 1507/1427/1209
f 1481/1401/1190 1479/1399/1188 1508/1428/1210
f 1481/1401/1190 1508/1428/1210 1509/1429/1211
f 1501/1421/1205 1470/1390/1180 1497/1417/1201
f 1501/1421/1205 1510/1430/1212 1504/1424/1206
f 1497/1417/1201 1461/1381/1173 1496/1416/1200
f 1497/1417/1201 1511/1431/1213 1501/1421/1205
f 1506/1426/1208 1507/1427/1209 1465/1385/1176
f 1506/1426/1208 1468/1388/1179 1503/1423/1203
f 1506/1426/1208 1512/1432/1214 1513/1433/1215
f 1507/1427/1209 1514/1434/1211 1471/1391/1181
f 1507/1427/1209 1506/1426/1208 1513/1433/1215
f 1504/1424/1206 1500/1420/1204 1501/1421/1205
f 1514/1434/1211 1507/1427/1209 1515/1435/1216
f 1491/1411/1196 1476/1396/1186 1475/1395/1185
f 1492/1412/1197 1274/1194/1017 1476/1396/1186
f 1509/1429/1211 1516/1436/1198 1481/1401/1190
f 1516/1436/1198 1509/1429/1211 1517/1437/1217
f 1494/1414/1198 1518/1438/1218 1483/1403/477
f 1518/1438/1218 1494/1414/1198 1519/1439/1219
f 1495/1415/1199 1520/1440/1220 1496/1416/1200
f 1495/1415/1199 1484/1404/477 1521/1441/1218
f 1521/1441/1218 1522/1442/1221 1495/1415/1199
f 1496/1416/1200 1523/1443/1222 1497/1417/1201
f 1496/1416/1200 1458/1378/1170 1495/1415/1199
f 1498/1418/1202 1490/1410/1195 1489/1409/1194
f 1499/1419/1203 1524/1444/1223 1525/1445/1214
f 1503/1423/1203 1512/1432/1214 1506/1426/1208
f 1282/1202/1025 1526/1446/1224 1527/1447/1225
f 1522/1442/1221 1521/1441/1218 1528/1448/1226
f 1520/1440/1220 1495/1415/1199 1522/1442/1221
f 1524/1444/1223 1499/1419/1203 1498/1418/1202
f 1525/1445/1214 1524/1444/1223 1529/1449/1227
f 1523/1443/1222 1496/1416/1200 1520/1440/1220
f 1513/1433/1215 1515/1435/1216 1507/1427/1209
f 1511/1431/1213 1497/1417/1201 1523/1443/1222
f 1515/1435/1216 1513/1433/1215 1530/1450/1228
f 1515/1435/1216 1531/1451/1229 1514/1434/1211
f 1510/1430/1212 1501/1421/1205 1511/1431/1213
f 1531/1451/1229 1515/1435/1216 1532/1452/1230
f 1533/1453/1231 1526/1446/1224 1492/1412/1197
f 1533/1453/1231 1492/1412/1197 1491/1411/1196
f 1526/1446/1224 1533/1453/1231 1534/1454/1232
f 1526/1446/1224 1275/1195/1018 1492/1412/1197
f 1526/1446/1224 1282/1202/1025 1275/1195/1018
f 1517/1437/1217 1535/1455/1219 1516/1436/1198
f 1535/1455/1219 1517/1437/1217 1536/1456/1233
f 1519/1439/1219 1537/1457/1234 1518/1438/1218
f 1537/1457/1234 1519/1439/1219 1538/1458/1235
f 1530/1450/1228 1532/1452/1230 1515/1435/1216
f 1532/1452/1230 1539/1459/1233 1531/1451/1229
f 1540/1460/1236 1541/1461/1232 1542/1462/1212
f 1540/1460/1236 1543/1463/1237 1544/1464/1238
f 1541/1461/1232 1540/1460/1236 1545/1465/1239
f 1542/1462/1212 1546/1466/1240 1540/1460/1236
f 1546/1466/1240 1547/1467/1222 1543/1463/1237
f 1534/1454/1232 1527/1447/1225 1526/1446/1224
f 1527/1447/1225 1283/1203/1026 1282/1202/1025
f 1536/1456/1233 1548/1468/1241 1535/1455/1219
f 1283/1203/1026 1527/1447/1225 1549/1469/1242
f 1538/1458/1235 1550/1470/1243 1537/1457/1234
f 1551/1471/1244 1552/1472/1245 1553/1473/1246
f 1551/1471/1244 1554/1474/1234 1555/1475/1243
f 1554/1474/1234 1551/1471/1244 1556/1476/1221
f 1555/1475/1243 1557/1477/1247 1551/1471/1244
f 1556/1476/1221 1553/1473/1246 1558/1478/1248
f 1553/1473/1246 1544/1464/1238 1543/1463/1237
f 1553/1473/1246 1556/1476/1221 1551/1471/1244
f 1558/1478/1248 1543/1463/1237 1547/1467/1222
f 1559/1479/1249 1525/1445/1214 1529/1449/1227
f 1559/1479/1249 1529/1449/1227 1560/1480/1250
f 1543/1463/1237 1540/1460/1236 1546/1466/1240
f 1543/1463/1237 1558/1478/1248 1553/1473/1246
f 1561/1481/1251 1559/1479/1249 1562/1482/1252
f 1561/1481/1251 1563/1483/1253 1559/1479/1249
f 1563/1483/1253 1525/1445/1214 1559/1479/1249
f 1557/1477/1247 1564/1484/1254 1552/1472/1245
f 1557/1477/1247 1555/1475/1243 1565/1485/1255
f 1565/1485/1255 1566/1486/1256 1557/1477/1247
f 1552/1472/1245 1551/1471/1244 1557/1477/1247
f 1562/1482/1252 1559/1479/1249 1560/1480/1250
f 1544/1464/1238 1552/1472/1245 1564/1484/1254
f 1544/1464/1238 1553/1473/1246 1552/1472/1245
f 1544/1464/1238 1545/1465/1239 1540/1460/1236
f 1567/1487/1257 1561/1481/1251 1562/1482/1252
f 1545/1465/1239 1544/1464/1238 1568/1488/1258
f 1545/1465/1239 1569/1489/1259 1541/1461/1232
f 1570/1490/1228 1571/1491/1260 1572/1492/1230
f 1571/1491/1260 1573/1493/1261 1574/1494/1262
f 1571/1491/1260 1570/1490/1228 1575/1495/1263
f 1572/1492/1230 1574/1494/1262 1576/1496/1264
f 1575/1495/1263 1577/1497/1265 1571/1491/1260
f 1569/1489/1259 1578/1498/1266 1579/1499/1267
f 1569/1489/1259 1545/1465/1239 1580/1500/1268
f 1574/1494/1262 1572/1492/1230 1571/1491/1260
f 1578/1498/1266 1569/1489/1259 1581/1501/1269
f 1579/1499/1267 1541/1461/1232 1569/1489/1259
f 1582/1502/1270 1583/1503/1271 1584/1504/1262
f 1583/1503/1271 1582/1502/1270 1585/1505/1272
f 1584/1504/1262 1586/1506/1273 1582/1502/1270
f 1549/1469/1242 1284/1204/1027 1283/1203/1026
f 1284/1204/1027 1587/1507/1274 1278/1198/1021
f 1284/1204/1027 1549/1469/1242 1587/1507/1274
f 1588/1508/1255 1589/1509/1272 1590/1510/1275
f 1589/1509/1272 1588/1508/1255 1591/1511/1276
f 1590/1510/1275 1592/1512/1277 1588/1508/1255
f 1581/1501/1269 1593/1513/1278 1594/1514/1279
f 1581/1501/1269 1569/1489/1259 1580/1500/1268
f 1580/1500/1268 1545/1465/1239 1568/1488/1258
f 1580/1500/1268 1595/1515/1280 1581/1501/1269
f 1573/1493/1261 1571/1491/1260 1577/1497/1265
f 1573/1493/1261 1577/1497/1265 1596/1516/1281
f 1577/1497/1265 1575/1495/1263 1597/1517/1282
f 1577/1497/1265 1597/1517/1282 1598/1518/1283
f 1594/1514/1279 1578/1498/1266 1581/1501/1269
f 1586/1506/1273 1584/1504/1262 1599/1519/1261
f 1586/1506/1273 1599/1519/1261 1600/1520/1284
f 1587/1507/1274 1279/1199/1022 1278/1198/1021
f 1592/1512/1277 1590/1510/1275 1601/1521/1285
f 1592/1512/1277 1601/1521/1285 1602/1522/1286
f 1566/1486/1256 1565/1485/1255 1603/1523/1277
f 1566/1486/1256 1603/1523/1277 1604/1524/1287
f 1564/1484/1254 1605/1525/1288 1568/1488/1258
f 1564/1484/1254 1566/1486/1256 1606/1526/1289
f 1564/1484/1254 1557/1477/1247 1566/1486/1256
f 1607/1527/1290 1608/1528/1291 1609/1529/1292
f 1607/1527/1290 1562/1482/1252 1560/1480/1250
f 1607/1527/1290 1609/1529/1292 1562/1482/1252
f 1609/1529/1292 1610/1530/1282 1567/1487/1257
f 1609/1529/1292 1567/1487/1257 1562/1482/1252
f 1609/1529/1292 1611/1531/1293 1610/1530/1282
f 1568/1488/1258 1544/1464/1238 1564/1484/1254
f 1568/1488/1258 1612/1532/1294 1580/1500/1268
f 1613/1533/1295 1606/1526/1289 1614/1534/1296
f 1613/1533/1295 1564/1484/1254 1606/1526/1289
f 1606/1526/1289 1566/1486/1256 1604/1524/1287
f 1606/1526/1289 1604/1524/1287 1615/1535/1297
f 1608/1528/1291 1616/1536/1298 1611/1531/1293
f 1608/1528/1291 1607/1527/1290 1617/1537/1299
f 1617/1537/1299 1618/1538/1300 1608/1528/1291
f 1605/1525/1288 1564/1484/1254 1613/1533/1295
f 1605/1525/1288 1619/1539/1301 1612/1532/1294
f 1605/1525/1288 1613/1533/1295 1620/1540/1302
f 1605/1525/1288 1620/1540/1302 1621/1541/1303
f 1611/1531/1293 1609/1529/1292 1608/1528/1291
f 1612/1532/1294 1622/1542/1304 1595/1515/1280
f 1612/1532/1294 1568/1488/1258 1605/1525/1288
f 1596/1516/1281 1577/1497/1265 1598/1518/1283
f 1595/1515/1280 1580/1500/1268 1612/1532/1294
f 1595/1515/1280 1623/1543/1305 1593/1513/1278
f 1624/1544/1284 1573/1493/1261 1596/1516/1281
f 1624/1544/1284 1596/1516/1281 1625/1545/1306
f 1593/1513/1278 1581/1501/1269 1595/1515/1280
f 1626/1546/1307 1600/1520/1284 1627/1547/1308
f 1626/1546/1307 1586/1506/1273 1600/1520/1284
f 1279/1199/1022 1587/1507/1274 1628/1548/1309
f 1628/1548/1309 1286/1206/1029 1279/1199/1022
f 1629/1549/1287 1602/1522/1286 1630/1550/1310
f 1629/1549/1287 1592/1512/1277 1602/1522/1286
f 1631/1551/1311 1624/1544/1284 1625/1545/1306
f 1623/1543/1305 1595/1515/1280 1622/1542/1304
f 1622/1542/1304 1612/1532/1294 1619/1539/1301
f 1632/1552/1310 1626/1546/1307 1627/1547/1308
f 1627/1547/1308 1633/1553/1312 1632/1552/1310
f 1286/1206/1029 1628/1548/1309 1634/1554/1313
f 1634/1554/1313 1285/1205/1028 1286/1206/1029
f 1635/1555/1297 1629/1549/1287 1630/1550/1310
f 1630/1550/1310 1636/1556/1314 1635/1555/1297
f 1614/1534/1296 1615/1535/1297 1637/1557/1314
f 1614/1534/1296 1637/1557/1314 1638/1558/1315
f 1614/1534/1296 1606/1526/1289 1615/1535/1297
f 1620/1540/1302 1638/1558/1315 1639/1559/1316
f 1620/1540/1302 1614/1534/1296 1638/1558/1315
f 1620/1540/1302 1613/1533/1295 1614/1534/1296
f 1618/1538/1300 1617/1537/1299 1640/1560/1317
f 1618/1538/1300 1641/1561/1318 1616/1536/1298
f 1640/1560/1317 1642/1562/1319 1618/1538/1300
f 1621/1541/1303 1643/1563/1320 1619/1539/1301
f 1621/1541/1303 1639/1559/1316 1644/1564/1321
f 1621/1541/1303 1620/1540/1302 1639/1559/1316
f 1616/1536/1298 1608/1528/1291 1618/1538/1300
f 1616/1536/1298 1645/1565/1322 1646/1566/1323
f 1619/1539/1301 1605/1525/1288 1621/1541/1303
f 1646/1566/1323 1647/1567/1324 1648/1568/1308
f 1646/1566/1323 1649/1569/1325 1616/1536/1298
f 1649/1569/1325 1611/1531/1293 1616/1536/1298
f 1642/1562/1319 1650/1570/1326 1641/1561/1318
f 1642/1562/1319 1640/1560/1317 1651/1571/1327
f 1651/1571/1327 1307/1227/1048 1642/1562/1319
f 1641/1561/1318 1652/1572/1056 1645/1565/1322
f 1641/1561/1318 1618/1538/1300 1642/1562/1319
f 1643/1563/1320 1621/1541/1303 1644/1564/1321
f 1645/1565/1322 1616/1536/1298 1641/1561/1318
f 1653/1573/1301 1654/1574/1328 1655/1575/1304
f 1654/1574/1328 1656/1576/1006 1657/1577/1329
f 1654/1574/1328 1658/1578/1330 1659/1579/1331
f 1654/1574/1328 1653/1573/1301 1658/1578/1330
f 1655/1575/1304 1657/1577/1329 1660/1580/1305
f 1658/1578/1330 1661/1581/1321 1662/1582/1332
f 1647/1567/1324 1646/1566/1323 1645/1565/1322
f 1657/1577/1329 1655/1575/1304 1654/1574/1328
f 1633/1553/1312 1627/1547/1308 1663/1583/1324
f 1285/1205/1028 1634/1554/1313 1664/1584/1329
f 1664/1584/1329 1281/1201/1024 1285/1205/1028
f 1636/1556/1314 1630/1550/1310 1665/1585/1333
f 1656/1576/1006 1654/1574/1328 1245/1165/991
f 1245/1165/991 1243/1163/989 1656/1576/1006
f 1245/1165/991 1247/1167/993 1241/1161/987
f 1245/1165/991 1654/1574/1328 1659/1579/1331
f 1666/1586/1334 1667/1587/1008 1668/1588/1333
f 1667/1587/1008 1666/1586/1334 1253/1173/999
f 1253/1173/999 1249/1169/995 1667/1587/1008
f 1281/1201/1024 1664/1584/1329 1260/1180/1006
f 1260/1180/1006 1258/1178/1004 1281/1201/1024
f 1669/1589/1333 1670/1590/1335 1671/1591/1336
f 1670/1590/1335 1669/1589/1333 1263/1183/1008
f 1263/1183/1008 1262/1182/112 1670/1590/1335
f 1672/1592/1315 1673/1593/1337 1674/1594/1335
f 1672/1592/1315 1674/1594/1335 1675/1595/1338
f 1675/1595/1338 1287/1207/112 1289/1209/1031
f 1675/1595/1338 1674/1594/1335 1287/1207/112
f 1676/1596/1339 1672/1592/1315 1675/1595/1338
f 1676/1596/1339 1675/1595/1338 1677/1597/1340
f 1677/1597/1340 1675/1595/1338 1289/1209/1031
f 1677/1597/1340 1289/1209/1031 1293/1213/1034
f 1307/1227/1048 1651/1571/1327 1303/1223/1044
f 1307/1227/1048 1306/1226/1047 1650/1570/1326
f 1303/1223/1044 1301/1221/1042 1307/1227/1048
f 1661/1581/1321 1677/1597/1340 1662/1582/1332
f 1661/1581/1321 1676/1596/1339 1677/1597/1340
f 1662/1582/1332 1293/1213/1034 1297/1217/1038
f 1662/1582/1332 1677/1597/1340 1293/1213/1034
f 1650/1570/1326 1642/1562/1319 1307/1227/1048
f 1650/1570/1326 1678/1598/1341 1652/1572/1056
f 1659/1579/1331 1247/1167/993 1245/1165/991
f 1659/1579/1331 1297/1217/1038 1247/1167/993
f 1659/1579/1331 1662/1582/1332 1297/1217/1038
f 1659/1579/1331 1658/1578/1330 1662/1582/1332
f 1652/1572/1056 1641/1561/1318 1650/1570/1326
f 1679/1599/1322 1680/1600/999 1681/1601/1342
f 1680/1600/999 1679/1599/1322 1315/1235/1056
f 1315/1235/1056 1314/1234/1055 1680/1600/999
f 1678/1598/1341 1650/1570/1326 1306/1226/1047
f 1682/1602/1343 1683/1603/1344 1684/1604/1345
f 1683/1603/1344 1682/1602/1343 1685/1605/1346
f 1683/1603/1344 1686/1606/1347 1687/1607/1348
f 1684/1604/1345 1683/1603/1344 1688/1608/1349
f 1685/1605/1346 1686/1606/1347 1683/1603/1344
f 1689/1609/1350 1690/1610/1351 1691/1611/1352
f 1689/1609/1350 1691/1611/1352 1692/1612/1353
f 1689/1609/1350 1693/1613/1354 1694/1614/1355
f 1690/1610/1351 1695/1615/1356 1696/1616/1357
f 1691/1611/1352 1690/1610/1351 1696/1616/1357
f 1697/1617/1345 1698/1618/1358 1699/1619/1343
f 1698/1618/1358 1697/1617/1345 1700/1620/1359
f 1699/1619/1343 1701/1621/1360 1702/1622/1361
f 1700/1620/1359 1703/1623/1362 1704/1624/1363
f 1705/1625/1364 1706/1626/1351 1707/1627/1350
f 1705/1625/1364 1708/1628/1365 1709/1629/1366
f 1705/1625/1364 1710/1630/1367 1706/1626/1351
f 1710/1630/1367 1711/1631/1368 1712/1632/1369
f 1706/1626/1351 1710/1630/1367 1712/1632/1369
f 1713/1633/1060 1714/1634/1060 1715/1635/1068
f 1714/1634/1060 1713/1633/1060 1716/1636/1009
f 1717/1637/1068 1715/1635/1068 1714/1634/1060
f 1718/1638/1370 1719/1639/1371 1720/1640/1372
f 1718/1638/1370 1721/1641/1373 1722/1642/1374
f 1718/1638/1370 1701/1621/1360 1698/1618/1358
f 1718/1638/1370 1723/1643/1375 1701/1621/1360
f 1718/1638/1370 1724/1644/1376 1723/1643/1375
f 1718/1638/1370 1725/1645/1377 1724/1644/1376
f 1718/1638/1370 1726/1646/1378 1725/1645/1377
f 1718/1638/1370 1727/1647/1379 1726/1646/1378
f 1718/1638/1370 1728/1648/1380 1727/1647/1379
f 1718/1638/1370 1729/1649/1381 1728/1648/1380
f 1718/1638/1370 1722/1642/1374 1729/1649/1381
f 1718/1638/1370 1730/1650/1382 1721/1641/1373
f 1718/1638/1370 1731/1651/1383 1730/1650/1382
f 1718/1638/1370 1732/1652/1384 1731/1651/1383
f 1718/1638/1370 1720/1640/1372 1732/1652/1384
f 1718/1638/1370 1700/1620/1359 1704/1624/1363
f 1718/1638/1370 1733/1653/1385 1719/1639/1371
f 1718/1638/1370 1734/1654/1386 1733/1653/1385
f 1718/1638/1370 1704/1624/1363 1734/1654/1386
f 1718/1638/1370 1698/1618/1358 1700/1620/1359
f 1735/1655/1387 1736/1656/1366 1737/1657/1388
f 1735/1655/1387 1738/1658/1389 1739/1659/1367
f 1735/1655/1387 1739/1659/1367 1740/1660/1390
f 1738/1658/1389 1741/1661/1391 1742/1662/1368
f 1738/1658/1389 1743/1663/1392 1741/1661/1391
f 1739/1659/1367 1738/1658/1389 1742/1662/1368
f 1744/1664/1393 1738/1658/1389 1735/1655/1387
f 1744/1664/1393 1737/1657/1388 1745/1665/1394
f 1744/1664/1393 1746/1666/1395 1743/1663/1392
f 1744/1664/1393 1743/1663/1392 1738/1658/1389
f 1743/1663/1392 1746/1666/1395 1747/1667/1396
f 1743/1663/1392 1747/1667/1396 1741/1661/1391
f 1748/1668/1397 1749/1669/1398 1750/1670/1399
f 1749/1669/1398 1751/1671/1400 1752/1672/1401
f 1749/1669/1398 1748/1668/1397 1753/1673/1402
f 1750/1670/1399 1752/1672/1401 1754/1674/1403
f 1753/1673/1402 1755/1675/1404 1749/1669/1398
f 1753/1673/1402 1756/1676/1405 1757/1677/1406
f 1746/1666/1395 1758/1678/1407 1747/1667/1396
f 1746/1666/1395 1759/1679/1408 1758/1678/1407
f 1746/1666/1395 1744/1664/1393 1760/1680/1409
f 1760/1680/1409 1744/1664/1393 1761/1681/1410
f 1760/1680/1409 1762/1682/1411 1746/1666/1395
f 1755/1675/1404 1753/1673/1402 1763/1683/1412
f 1763/1683/1412 1757/1677/1406 1764/1684/1413
f 1762/1682/1411 1760/1680/1409 1686/1606/1347
f 1762/1682/1411 1765/1685/1414 1759/1679/1408
f 1686/1606/1347 1760/1680/1409 1766/1686/1415
f 1686/1606/1347 1685/1605/1346 1762/1682/1411
f 1767/1687/1416 1768/1688/1417 1769/1689/1418
f 1767/1687/1416 1770/1690/1419 1771/1691/1404
f 1767/1687/1416 1771/1691/1404 1772/1692/1420
f 1770/1690/1419 1773/1693/1421 1774/1694/1422
f 1771/1691/1404 1770/1690/1419 1775/1695/1423
f 1776/1696/1353 1773/1693/1421 1770/1690/1419
f 1776/1696/1353 1770/1690/1419 1767/1687/1416
f 1776/1696/1353 1769/1689/1418 1777/1697/1354
f 1765/1685/1414 1762/1682/1411 1685/1605/1346
f 1759/1679/1408 1746/1666/1395 1762/1682/1411
f 1778/1698/1424 1774/1694/1422 1773/1693/1421
f 1774/1694/1422 1775/1695/1423 1770/1690/1419
f 1779/1699/1425 1702/1622/1361 1780/1700/1426
f 1702/1622/1361 1779/1699/1425 1699/1619/1343
f 1702/1622/1361 1723/1643/1375 1781/1701/1427
f 1780/1700/1426 1781/1701/1427 1782/1702/1428
f 1701/1621/1360 1699/1619/1343 1698/1618/1358
f 1712/1632/1369 1711/1631/1368 1783/1703/1429
f 1784/1704/1430 1785/1705/1431 1786/1706/1432
f 1785/1705/1431 1784/1704/1430 1787/1707/1430
f 1787/1707/1430 1788/1708/1433 1789/1709/1433
f 1742/1662/1368 1741/1661/1391 1790/1710/1434
f 1741/1661/1391 1747/1667/1396 1791/1711/1435
f 1741/1661/1391 1791/1711/1435 1790/1710/1434
f 1747/1667/1396 1758/1678/1407 1792/1712/1436
f 1747/1667/1396 1792/1712/1436 1791/1711/1435
f 1752/1672/1401 1750/1670/1399 1749/1669/1398
f 1754/1674/1403 1793/1713/1437 1794/1714/1438
f 1758/1678/1407 1795/1715/1439 1796/1716/1440
f 1758/1678/1407 1796/1716/1440 1792/1712/1436
f 1751/1671/1400 1749/1669/1398 1755/1675/1404
f 1797/1717/1297 1798/1718/1287 1799/1719/1287
f 1798/1718/1287 1797/1717/1297 1800/1720/1297
f 1799/1719/1287 1801/1721/1277 1802/1722/1277
f 1800/1720/1297 1797/1717/1297 1803/1723/1314
f 1793/1713/1437 1754/1674/1403 1752/1672/1401
f 1804/1724/1401 1805/1725/1441 1806/1726/1437
f 1805/1725/1441 1807/1727/1442 1808/1728/1443
f 1805/1725/1441 1804/1724/1401 1809/1729/1423
f 1806/1726/1437 1808/1728/1443 1810/1730/1444
f 1809/1729/1423 1811/1731/1445 1805/1725/1441
f 1795/1715/1439 1758/1678/1407 1759/1679/1408
f 1811/1731/1445 1812/1732/1446 1807/1727/1442
f 1811/1731/1445 1809/1729/1423 1813/1733/1447
f 1813/1733/1447 1814/1734/1424 1811/1731/1445
f 1815/1735/1448 1782/1702/1428 1816/1736/1449
f 1782/1702/1428 1817/1737/1450 1818/1738/1451
f 1782/1702/1428 1815/1735/1448 1780/1700/1426
f 1816/1736/1449 1818/1738/1451 1819/1739/1452
f 1812/1732/1446 1811/1731/1445 1814/1734/1424
f 1781/1701/1427 1780/1700/1426 1702/1622/1361
f 1781/1701/1427 1724/1644/1376 1817/1737/1450
f 1820/1740/1429 1821/1741/1453 1822/1742/1369
f 1820/1740/1429 1823/1743/1454 1824/1744/1455
f 1821/1741/1453 1820/1740/1429 1824/1744/1455
f 1825/1745/1424 1822/1742/1369 1821/1741/1453
f 1723/1643/1375 1702/1622/1361 1701/1621/1360
f 1826/1746/1434 1783/1703/1429 1711/1631/1368
f 1827/1747/1455 1807/1727/1442 1812/1732/1446
f 1827/1747/1455 1828/1748/1456 1807/1727/1442
f 1807/1727/1442 1805/1725/1441 1811/1731/1445
f 1817/1737/1450 1782/1702/1428 1781/1701/1427
f 1817/1737/1450 1725/1645/1377 1829/1749/1457
f 1818/1738/1451 1816/1736/1449 1782/1702/1428
f 1818/1738/1451 1829/1749/1457 1830/1750/1458
f 1823/1743/1454 1831/1751/1459 1824/1744/1455
f 1724/1644/1376 1781/1701/1427 1723/1643/1375
f 1832/1752/1460 1833/1753/1461 1834/1754/1462
f 1833/1753/1461 1835/1755/1463 1834/1754/1462
f 1835/1755/1463 1836/1756/1464 1837/1757/1465
f 1835/1755/1463 1837/1757/1465 1834/1754/1462
f 1838/1758/1255 1801/1721/1277 1839/1759/1255
f 1838/1758/1255 1839/1759/1255 1840/1760/1243
f 1840/1760/1243 1839/1759/1255 1841/1761/1243
f 1842/1762/1466 1843/1763/1467 1844/1764/1463
f 1843/1763/1467 1845/1765/1468 1846/1766/1469
f 1843/1763/1467 1846/1766/1469 1844/1764/1463
f 1846/1766/1469 1847/1767/1470 1848/1768/1433
f 1846/1766/1469 1848/1768/1433 1844/1764/1463
f 1849/1769/1471 1850/1770/1471 1851/1771/1472
f 1851/1771/1472 1852/1772/1472 1853/1773/1473
f 1852/1772/1472 1851/1771/1472 1850/1770/1471
f 1854/1774/1474 1855/1775/1475 1847/1767/1470
f 1854/1774/1474 1847/1767/1470 1846/1766/1469
f 1854/1774/1474 1846/1766/1469 1845/1765/1468
f 1845/1765/1468 1856/1776/1476 1854/1774/1474
f 1857/1777/1477 1810/1730/1444 1858/1778/1478
f 1810/1730/1444 1857/1777/1477 1806/1726/1437
f 1810/1730/1444 1859/1779/1479 1860/1780/1480
f 1858/1778/1478 1860/1780/1480 1861/1781/1481
f 1862/1782/1482 1854/1774/1474 1856/1776/1476
f 1862/1782/1482 1855/1775/1475 1854/1774/1474
f 1808/1728/1443 1806/1726/1437 1805/1725/1441
f 1808/1728/1443 1828/1748/1456 1859/1779/1479
f 1819/1739/1452 1863/1783/1483 1816/1736/1449
f 1819/1739/1452 1864/1784/1484 1865/1785/1485
f 1819/1739/1452 1865/1785/1485 1863/1783/1483
f 1819/1739/1452 1830/1750/1458 1864/1784/1484
f 1866/1786/1440 1816/1736/1449 1863/1783/1483
f 1855/1775/1475 1867/1787/1486 1868/1788/1487
f 1847/1767/1470 1868/1788/1487 1869/1789/1488
f 1860/1780/1480 1858/1778/1478 1810/1730/1444
f 1860/1780/1480 1870/1790/1489 1861/1781/1481
f 1871/1791/1490 1855/1775/1475 1862/1782/1482
f 1859/1779/1479 1810/1730/1444 1808/1728/1443
f 1859/1779/1479 1872/1792/1491 1860/1780/1480
f 1864/1784/1484 1873/1793/1492 1874/1794/1493
f 1865/1785/1485 1874/1794/1493 1875/1795/1494
f 1828/1748/1456 1808/1728/1443 1807/1727/1442
f 1828/1748/1456 1876/1796/1495 1877/1797/1496
f 1828/1748/1456 1878/1798/1497 1859/1779/1479
f 1830/1750/1458 1819/1739/1452 1818/1738/1451
f 1830/1750/1458 1879/1799/1498 1873/1793/1492
f 1880/1800/1499 1828/1748/1456 1827/1747/1455
f 1829/1749/1457 1726/1646/1378 1879/1799/1498
f 1829/1749/1457 1818/1738/1451 1817/1737/1450
f 1881/1801/1465 1831/1751/1459 1823/1743/1454
f 1831/1751/1459 1882/1802/1500 1883/1803/1495
f 1725/1645/1377 1817/1737/1450 1724/1644/1376
f 1837/1757/1465 1884/1804/1430 1885/1805/1500
f 1848/1768/1433 1869/1789/1488 1886/1806/1430
f 1879/1799/1498 1726/1646/1378 1887/1807/1501
f 1879/1799/1498 1830/1750/1458 1829/1749/1457
f 1873/1793/1492 1887/1807/1501 1888/1808/1502
f 1873/1793/1492 1864/1784/1484 1830/1750/1458
f 1882/1802/1500 1831/1751/1459 1881/1801/1465
f 1883/1803/1495 1889/1809/1503 1890/1810/1504
f 1726/1646/1378 1829/1749/1457 1725/1645/1377
f 1884/1804/1430 1837/1757/1465 1836/1756/1464
f 1885/1805/1500 1891/1811/1431 1892/1812/1505
f 1869/1789/1488 1893/1813/1506 1894/1814/1507
f 1869/1789/1488 1848/1768/1433 1847/1767/1470
f 1886/1806/1430 1894/1814/1507 1895/1815/1431
f 1868/1788/1487 1847/1767/1470 1855/1775/1475
f 1868/1788/1487 1896/1816/1508 1893/1813/1506
f 1872/1792/1491 1897/1817/1509 1870/1790/1489
f 1872/1792/1491 1870/1790/1489 1860/1780/1480
f 1867/1787/1486 1855/1775/1475 1871/1791/1490
f 1878/1798/1497 1898/1818/1510 1872/1792/1491
f 1878/1798/1497 1872/1792/1491 1859/1779/1479
f 1874/1794/1493 1865/1785/1485 1864/1784/1484
f 1874/1794/1493 1888/1808/1502 1899/1819/1511
f 1875/1795/1494 1899/1819/1511 1900/1820/1512
f 1877/1797/1496 1901/1821/1504 1902/1822/1513
f 1877/1797/1496 1903/1823/1514 1878/1798/1497
f 1877/1797/1496 1878/1798/1497 1828/1748/1456
f 1876/1796/1495 1828/1748/1456 1880/1800/1499
f 1898/1818/1510 1897/1817/1509 1872/1792/1491
f 1896/1816/1508 1868/1788/1487 1867/1787/1486
f 1893/1813/1506 1869/1789/1488 1868/1788/1487
f 1903/1823/1514 1898/1818/1510 1878/1798/1497
f 1903/1823/1514 1904/1824/1515 1898/1818/1510
f 1899/1819/1511 1875/1795/1494 1874/1794/1493
f 1902/1822/1513 1905/1825/1516 1906/1826/1517
f 1902/1822/1513 1903/1823/1514 1877/1797/1496
f 1902/1822/1513 1907/1827/1518 1903/1823/1514
f 1888/1808/1502 1874/1794/1493 1873/1793/1492
f 1901/1821/1504 1877/1797/1496 1876/1796/1495
f 1887/1807/1501 1728/1648/1380 1908/1828/1519
f 1887/1807/1501 1726/1646/1378 1727/1647/1379
f 1887/1807/1501 1873/1793/1492 1879/1799/1498
f 1889/1809/1503 1883/1803/1495 1882/1802/1500
f 1890/1810/1504 1909/1829/1520 1910/1830/1516
f 1891/1811/1431 1885/1805/1500 1884/1804/1430
f 1911/1831/1432 1912/1832/1521 1913/1833/1521
f 1912/1832/1521 1911/1831/1432 1914/1834/1432
f 1913/1833/1521 1912/1832/1521 1915/1835/1522
f 1894/1814/1507 1886/1806/1430 1869/1789/1488
f 1916/1836/1160 1917/1837/477 1918/1838/1160
f 1916/1836/1160 1918/1838/1160 1919/1839/1157
f 1919/1839/1157 1920/1840/1159 1921/1841/1159
f 1919/1839/1157 1918/1838/1160 1922/1842/1157
f 1909/1829/1520 1890/1810/1504 1889/1809/1503
f 1728/1648/1380 1887/1807/1501 1727/1647/1379
f 1908/1828/1519 1729/1649/1381 1923/1843/1523
f 1908/1828/1519 1924/1844/1524 1925/1845/1525
f 1926/1846/1521 1927/1847/1503 1928/1848/1432
f 1926/1846/1521 1929/1849/1526 1930/1850/1520
f 1927/1847/1503 1926/1846/1521 1930/1850/1520
f 1931/1851/1527 1932/1852/1432 1933/1853/1528
f 1931/1851/1527 1934/1854/1522 1935/1855/1529
f 1932/1852/1432 1931/1851/1527 1935/1855/1529
f 1933/1853/1528 1936/1856/1530 1931/1851/1527
f 1802/1722/1277 1801/1721/1277 1838/1758/1255
f 1801/1721/1277 1799/1719/1287 1798/1718/1287
f 1936/1856/1530 1937/1857/1531 1938/1858/1532
f 1936/1856/1530 1939/1859/1506 1937/1857/1531
f 1936/1856/1530 1940/1860/1533 1931/1851/1527
f 1936/1856/1530 1933/1853/1528 1939/1859/1506
f 1941/1861/1534 1942/1862/1535 1943/1863/1510
f 1942/1862/1535 1944/1864/1536 1945/1865/1537
f 1943/1863/1510 1942/1862/1535 1946/1866/1509
f 1938/1858/1532 1937/1857/1531 1947/1867/1538
f 1938/1858/1532 1947/1867/1538 1948/1868/1539
f 1938/1858/1532 1949/1869/1540 1936/1856/1530
f 1907/1827/1518 1904/1824/1515 1903/1823/1514
f 1907/1827/1518 1902/1822/1513 1906/1826/1517
f 1948/1868/1539 1950/1870/1541 1938/1858/1532
f 1951/1871/1542 1899/1819/1511 1888/1808/1502
f 1951/1871/1542 1888/1808/1502 1925/1845/1525
f 1925/1845/1525 1888/1808/1502 1887/1807/1501
f 1925/1845/1525 1887/1807/1501 1908/1828/1519
f 1905/1825/1516 1902/1822/1513 1901/1821/1504
f 1949/1869/1540 1938/1858/1532 1950/1870/1541
f 1949/1869/1540 1952/1872/1543 1940/1860/1533
f 1950/1870/1541 1948/1868/1539 1953/1873/1544
f 1950/1870/1541 1954/1874/1545 1949/1869/1540
f 1955/1875/1546 1956/1876/1547 1957/1877/1518
f 1955/1875/1546 1958/1878/1548 1959/1879/1549
f 1956/1876/1547 1955/1875/1546 1960/1880/1536
f 1957/1877/1518 1961/1881/1550 1955/1875/1546
f 1960/1880/1536 1959/1879/1549 1962/1882/1551
f 1953/1873/1544 1963/1883/1552 1950/1870/1541
f 1953/1873/1544 1964/1884/1553 1965/1885/1554
f 1961/1881/1550 1957/1877/1518 1966/1886/1555
f 1961/1881/1550 1967/1887/1556 1968/1888/1557
f 1961/1881/1550 1969/1889/1558 1958/1878/1548
f 1964/1884/1553 1953/1873/1544 1948/1868/1539
f 1965/1885/1554 1970/1890/1559 1953/1873/1544
f 1967/1887/1556 1961/1881/1550 1966/1886/1555
f 1924/1844/1524 1908/1828/1519 1923/1843/1523
f 1923/1843/1523 1971/1891/1560 1924/1844/1524
f 1972/1892/1557 1973/1893/1561 1974/1894/1526
f 1973/1893/1561 1972/1892/1557 1975/1895/1562
f 1974/1894/1526 1976/1896/1558 1972/1892/1557
f 1729/1649/1381 1908/1828/1519 1728/1648/1380
f 1729/1649/1381 1977/1897/1563 1923/1843/1523
f 1929/1849/1526 1926/1846/1521 1978/1898/1522
f 1978/1898/1522 1979/1899/1564 1929/1849/1526
f 1980/1900/1463 1981/1901/1463 1788/1708/1433
f 1980/1900/1463 1982/1902/1461 1981/1901/1463
f 1788/1708/1433 1981/1901/1463 1789/1709/1433
f 1788/1708/1433 1787/1707/1430 1784/1704/1430
f 1934/1854/1522 1931/1851/1527 1940/1860/1533
f 1940/1860/1533 1936/1856/1530 1949/1869/1540
f 1940/1860/1533 1983/1903/1565 1934/1854/1522
f 1944/1864/1536 1942/1862/1535 1941/1861/1534
f 1945/1865/1537 1984/1904/1551 1985/1905/1566
f 1977/1897/1563 1986/1906/1567 1971/1891/1560
f 1977/1897/1563 1729/1649/1381 1722/1642/1374
f 1722/1642/1374 1987/1907/1568 1977/1897/1563
f 1979/1899/1564 1988/1908/1569 1989/1909/1570
f 1979/1899/1564 1978/1898/1522 1990/1910/1571
f 1991/1911/112 1716/1636/1009 1992/1912/1009
f 1716/1636/1009 1991/1911/112 1993/1913/112
f 1992/1912/1009 1716/1636/1009 1713/1633/1060
f 1993/1913/112 1991/1911/112 1994/1914/1335
f 1983/1903/1565 1940/1860/1533 1952/1872/1543
f 1983/1903/1565 1995/1915/1572 1996/1916/1569
f 1952/1872/1543 1997/1917/1573 1995/1915/1572
f 1952/1872/1543 1949/1869/1540 1954/1874/1545
f 1998/1918/1093 1999/1919/1068 2000/1920/1068
f 1999/1919/1068 1998/1918/1093 2001/1921/1093
f 2001/1921/1093 2002/1922/1097 2003/1923/1097
f 1954/1874/1545 2004/1924/1574 1997/1917/1573
f 1954/1874/1545 1950/1870/1541 1963/1883/1552
f 1984/1904/1551 2005/1925/1575 1985/1905/1566
f 1984/1904/1551 1945/1865/1537 1944/1864/1536
f 1963/1883/1552 1953/1873/1544 1970/1890/1559
f 1963/1883/1552 2006/1926/1576 2004/1924/1574
f 1959/1879/1549 1960/1880/1536 1955/1875/1546
f 1970/1890/1559 1965/1885/1554 2007/1927/1560
f 1958/1878/1548 1955/1875/1546 1961/1881/1550
f 1958/1878/1548 2008/1928/1577 1959/1879/1549
f 2007/1927/1560 2006/1926/1576 1970/1890/1559
f 1969/1889/1558 1961/1881/1550 1968/1888/1557
f 1969/1889/1558 2009/1929/1578 1958/1878/1548
f 1971/1891/1560 1923/1843/1523 1977/1897/1563
f 1976/1896/1558 1974/1894/1526 2010/1930/1579
f 1976/1896/1558 2011/1931/1580 2012/1932/1581
f 2006/1926/1576 2013/1933/1582 2014/1934/1583
f 2006/1926/1576 1963/1883/1552 1970/1890/1559
f 2004/1924/1574 2014/1934/1583 2015/1935/1584
f 2004/1924/1574 1954/1874/1545 1963/1883/1552
f 2008/1928/1577 1958/1878/1548 2009/1929/1578
f 2009/1929/1578 1969/1889/1558 2016/1936/1581
f 2009/1929/1578 2017/1937/1585 2008/1928/1577
f 2009/1929/1578 2018/1938/1586 2019/1939/1587
f 2013/1933/1582 2020/1940/1588 2014/1934/1583
f 2013/1933/1582 2006/1926/1576 2007/1927/1560
f 1987/1907/1568 1721/1641/1373 2021/1941/1589
f 1987/1907/1568 1986/1906/1567 1977/1897/1563
f 1986/1906/1567 1987/1907/1568 2022/1942/1588
f 2011/1931/1580 1976/1896/1558 2010/1930/1579
f 2012/1932/1581 2023/1943/1590 2024/1944/1591
f 1721/1641/1373 1987/1907/1568 1722/1642/1374
f 1988/1908/1569 1979/1899/1564 1990/1910/1571
f 1989/1909/1570 2025/1945/1592 2026/1946/1590
f 1995/1915/1572 2027/1947/1593 2028/1948/1594
f 1995/1915/1572 1983/1903/1565 1952/1872/1543
f 1996/1916/1569 2028/1948/1594 2029/1949/1595
f 2030/1950/477 2031/1951/1218 1917/1837/477
f 2030/1950/477 1917/1837/477 1916/1836/1160
f 1997/1917/1573 2015/1935/1584 2027/1947/1593
f 1997/1917/1573 1952/1872/1543 1954/1874/1545
f 2005/1925/1575 1984/1904/1551 2032/1952/1596
f 2032/1952/1596 2033/1953/1597 2005/1925/1575
f 2032/1952/1596 2034/1954/1598 2035/1955/1599
f 2034/1954/1598 2032/1952/1596 1984/1904/1551
f 2035/1955/1599 2036/1956/1600 2032/1952/1596
f 1730/1650/1382 1731/1651/1383 2037/1957/1601
f 1730/1650/1382 2021/1941/1589 1721/1641/1373
f 2028/1948/1594 1996/1916/1569 1995/1915/1572
f 2038/1958/1218 2031/1951/1218 2030/1950/477
f 2031/1951/1218 2039/1959/1234 2040/1960/1234
f 2027/1947/1593 1995/1915/1572 1997/1917/1573
f 2033/1953/1597 2032/1952/1596 2036/1956/1600
f 2036/1956/1600 2041/1961/1602 2033/1953/1597
f 2036/1956/1600 2035/1955/1599 2042/1962/1603
f 2015/1935/1584 1997/1917/1573 2004/1924/1574
f 2042/1962/1603 2043/1963/1604 2036/1956/1600
f 2014/1934/1583 2004/1924/1574 2006/1926/1576
f 2017/1937/1585 2009/1929/1578 2019/1939/1587
f 2019/1939/1587 2044/1964/1605 2045/1965/1606
f 2018/1938/1586 2009/1929/1578 2016/1936/1581
f 2021/1941/1589 1730/1650/1382 2037/1957/1601
f 2021/1941/1589 2022/1942/1588 1987/1907/1568
f 2023/1943/1590 2012/1932/1581 2011/1931/1580
f 2024/1944/1591 2046/1966/1607 2047/1967/1605
f 2025/1945/1592 1989/1909/1570 1988/1908/1569
f 2048/1968/1608 2049/1969/1609 2050/1970/1610
f 2048/1968/1608 2050/1970/1610 2051/1971/1611
f 2048/1968/1608 2052/1972/1612 2053/1973/1613
f 2052/1972/1612 2048/1968/1608 2042/1962/1603
f 2054/1974/1614 2055/1975/1615 2056/1976/1616
f 2054/1974/1614 2057/1977/1588 2058/1978/1617
f 2057/1977/1588 2054/1974/1614 2059/1979/1583
f 2057/1977/1588 2060/1980/1589 2058/1978/1617
f 2058/1978/1617 2061/1981/1618 2054/1974/1614
f 2059/1979/1583 2056/1976/1616 2062/1982/1619
f 2044/1964/1605 2019/1939/1587 2018/1938/1586
f 2060/1980/1589 2063/1983/1620 2058/1978/1617
f 2063/1983/1620 2064/1984/1621 2058/1978/1617
f 2046/1966/1607 2024/1944/1591 2023/1943/1590
f 2037/1957/1601 1731/1651/1383 2065/1985/1622
f 2066/1986/1623 2067/1987/1624 2068/1746/1625
f 2067/1987/1624 2066/1986/1623 2069/1988/1626
f 2069/1988/1626 2070/1989/1627 2071/1990/1628
f 2072/1991/1629 2073/1992/1630 2074/1993/1631
f 2072/1991/1629 2075/1710/1625 2076/1994/1632
f 2075/1710/1625 2072/1991/1629 2077/1995/1623
f 2076/1994/1632 2078/1996/1633 2072/1991/1629
f 2077/1995/1623 2074/1993/1631 2079/1997/1627
f 2039/1959/1234 2031/1951/1218 2038/1958/1218
f 2040/1960/1234 2080/1998/1243 2081/1999/1243
f 2078/1996/1633 2055/1975/1615 2073/1992/1630
f 2078/1996/1633 2076/1994/1632 2082/2000/1634
f 2082/2000/1634 2056/1976/1616 2078/1996/1633
f 2041/1961/1602 2043/1963/1604 2083/2001/1635
f 2041/1961/1602 2036/1956/1600 2043/1963/1604
f 2043/1963/1604 2042/1962/1603 2048/1968/1608
f 2043/1963/1604 2051/1971/1611 2083/2001/1635
f 2056/1976/1616 2082/2000/1634 2062/1982/1619
f 2056/1976/1616 2059/1979/1583 2054/1974/1614
f 2074/1993/1631 2084/2002/1636 2085/2003/1637
f 2074/1993/1631 2077/1995/1623 2072/1991/1629
f 2079/1997/1627 2085/2003/1637 2086/2004/1638
f 2073/1992/1630 2072/1991/1629 2078/1996/1633
f 2073/1992/1630 2087/2005/1639 2084/2002/1636
f 2083/2001/1635 2051/1971/1611 2088/2006/1640
f 2051/1971/1611 2043/1963/1604 2048/1968/1608
f 2051/1971/1611 2050/1970/1610 2089/2007/1641
f 2051/1971/1611 2089/2007/1641 2088/2006/1640
f 2055/1975/1615 2078/1996/1633 2056/1976/1616
f 2055/1975/1615 2054/1974/1614 2061/1981/1618
f 2050/1970/1610 2090/2008/1642 2089/2007/1641
f 2061/1981/1618 2087/2005/1639 2055/1975/1615
f 2061/1981/1618 2058/1978/1617 2064/1984/1621
f 2049/1969/1609 2048/1968/1608 2053/1973/1613
f 2064/1984/1621 2063/1983/1620 2091/2009/1622
f 2064/1984/1621 2092/2010/1643 2061/1981/1618
f 2093/2011/1644 2094/2012/1645 2095/2013/1646
f 2094/2012/1645 2093/2011/1644 2096/2014/1609
f 2096/2014/1609 2097/2015/1647 2098/2016/1648
f 2091/2009/1622 2099/2017/1649 2064/1984/1621
f 2100/2018/1650 2101/2019/1651 2102/2020/1652
f 2101/2019/1651 2100/2018/1650 2103/2021/1644
f 2103/2021/1644 2104/2022/1653 2105/2023/1654
f 2065/1985/1622 1731/1651/1383 1732/1652/1384
f 2070/1989/1627 2069/1988/1626 2066/1986/1623
f 2071/1990/1628 2106/2024/1655 2107/2025/1653
f 1853/1773/1473 2108/2026/1473 2109/2027/1655
f 2108/2026/1473 1853/1773/1473 1852/1772/1472
f 2109/2027/1655 2110/2028/1627 2111/2029/1627
f 2112/2030/1655 2109/2027/1655 2108/2026/1473
f 2092/2010/1643 2113/2031/1656 2114/2032/1657
f 2092/2010/1643 2064/1984/1621 2099/2017/1649
f 2099/2017/1649 2091/2009/1622 2115/2033/1658
f 2099/2017/1649 2116/2034/1659 2113/2031/1656
f 2097/2015/1647 2117/2035/1660 2098/2016/1648
f 2097/2015/1647 2096/2014/1609 2093/2011/1644
f 2098/2016/1648 2118/2036/1661 2119/2037/1662
f 2098/2016/1648 2120/2038/1663 2096/2014/1609
f 2104/2022/1653 2103/2021/1644 2100/2018/1650
f 2104/2022/1653 2121/2039/1664 2105/2023/1654
f 2122/2040/1658 1732/1652/1384 1720/1640/1372
f 2122/2040/1658 2065/1985/1622 1732/1652/1384
f 1720/1640/1372 2123/2041/1659 2122/2040/1658
f 2106/2024/1655 2124/2042/1665 2107/2025/1653
f 2106/2024/1655 2071/1990/1628 2070/1989/1627
f 2085/2003/1637 2125/2043/1473 2086/2004/1638
f 2085/2003/1637 2079/1997/1627 2074/1993/1631
f 2084/2002/1636 2126/2044/1666 2085/2003/1637
f 2084/2002/1636 2074/1993/1631 2073/1992/1630
f 2088/2006/1640 2089/2007/1641 2127/2045/1667
f 2089/2007/1641 2090/2008/1642 2128/2046/1668
f 2087/2005/1639 2073/1992/1630 2055/1975/1615
f 2087/2005/1639 2114/2032/1657 2129/2047/1669
f 2087/2005/1639 2130/2048/1670 2084/2002/1636
f 2087/2005/1639 2061/1981/1618 2092/2010/1643
f 2090/2008/1642 2131/2049/1671 2128/2046/1668
f 2120/2038/1663 2098/2016/1648 2119/2037/1662
f 2126/2044/1666 2132/2050/1472 2125/2043/1473
f 2126/2044/1666 2084/2002/1636 2130/2048/1670
f 2130/2048/1670 2087/2005/1639 2129/2047/1669
f 2130/2048/1670 2133/2051/1672 2126/2044/1666
f 2128/2046/1668 2134/2052/1673 2127/2045/1667
f 2128/2046/1668 2127/2045/1667 2089/2007/1641
f 2129/2047/1669 2135/2053/1674 2130/2048/1670
f 2129/2047/1669 2136/2054/1675 2137/2055/1676
f 2131/2049/1671 2138/2056/1677 2128/2046/1668
f 2114/2032/1657 2087/2005/1639 2092/2010/1643
f 2114/2032/1657 2139/2057/1678 2136/2054/1675
f 2118/2036/1661 2098/2016/1648 2117/2035/1660
f 2117/2035/1660 2097/2015/1647 2140/2058/1664
f 2113/2031/1656 2141/2059/1679 2139/2057/1678
f 2113/2031/1656 2092/2010/1643 2099/2017/1649
f 2140/2058/1664 2142/2060/1680 2117/2035/1660
f 2116/2034/1659 2099/2017/1649 2115/2033/1658
f 2121/2039/1664 2104/2022/1653 2143/2061/1681
f 2143/2061/1681 2144/2062/1682 2121/2039/1664
f 2123/2041/1659 1720/1640/1372 1719/1639/1371
f 1719/1639/1371 2145/2063/1679 2123/2041/1659
f 2124/2042/1665 2106/2024/1655 2146/2064/1473
f 2146/2064/1473 2147/2065/1683 2124/2042/1665
f 2148/2066/1314 2149/2067/1314 2150/2068/1335
f 2150/2068/1335 1994/1914/1335 1991/1911/112
f 1994/1914/1335 2150/2068/1335 2149/2067/1314
f 2125/2043/1473 2085/2003/1637 2126/2044/1666
f 2142/2060/1680 2140/2058/1664 2151/2069/1682
f 2142/2060/1680 2152/2070/1684 2153/2071/1685
f 2141/2059/1679 2113/2031/1656 2116/2034/1659
f 2139/2057/1678 2154/2072/1686 2155/2073/1687
f 2139/2057/1678 2114/2032/1657 2113/2031/1656
f 2144/2062/1682 2143/2061/1681 2156/2074/1688
f 2156/2074/1688 2157/2075/1684 2144/2062/1682
f 2145/2063/1679 1719/1639/1371 1733/1653/1385
f 2145/2063/1679 1734/1654/1386 2158/2076/1689
f 2147/2065/1683 2146/2064/1473 2159/2077/1472
f 2159/2077/1472 2160/2078/1690 2147/2065/1683
f 2161/2079/1159 2162/2080/1159 2163/2081/1123
f 2163/2081/1123 2164/2082/1123 2002/1922/1097
f 2163/2081/1123 2162/2080/1159 2164/2082/1123
f 2132/2050/1472 2126/2044/1666 2133/2051/1672
f 2133/2051/1672 2165/2083/1691 2132/2050/1472
f 2133/2051/1672 2130/2048/1670 2135/2053/1674
f 2166/2084/1368 2167/2085/1367 2168/2086/1368
f 2166/2084/1368 2168/2086/1368 2169/1831/1434
f 2169/1831/1434 2168/2086/1368 2170/2087/1434
f 2135/2053/1674 2129/2047/1669 2137/2055/1676
f 2135/2053/1674 2171/2088/1692 2133/2051/1672
f 2138/2056/1677 2134/2052/1673 2128/2046/1668
f 2138/2056/1677 2172/2089/1693 2173/2090/1694
f 2134/2052/1673 2173/2090/1694 2174/2091/1695
f 2137/2055/1676 2175/2092/1696 2135/2053/1674
f 2137/2055/1676 2176/2093/1697 2177/2094/1698
f 2178/2095/1699 2138/2056/1677 2131/2049/1671
f 2178/2095/1699 2179/2096/1685 2172/2089/1693
f 2136/2054/1675 2129/2047/1669 2114/2032/1657
f 2136/2054/1675 2155/2073/1687 2176/2093/1697
f 2180/2097/1700 2178/2095/1699 2181/2098/1660
f 2181/2098/1660 2178/2095/1699 2131/2049/1671
f 2175/2092/1696 2171/2088/1692 2135/2053/1674
f 2171/2088/1692 2165/2083/1691 2133/2051/1672
f 2173/2090/1694 1764/1684/1413 1757/1677/1406
f 2173/2090/1694 2134/2052/1673 2138/2056/1677
f 2174/2091/1695 1757/1677/1406 1756/1676/1405
f 2177/2094/1698 2175/2092/1696 2137/2055/1676
f 2172/2089/1693 2138/2056/1677 2178/2095/1699
f 2176/2093/1697 2137/2055/1676 2136/2054/1675
f 2179/2096/1685 2178/2095/1699 2180/2097/1700
f 2155/2073/1687 2136/2054/1675 2139/2057/1678
f 2152/2070/1684 2142/2060/1680 2151/2069/1682
f 2154/2072/1686 2139/2057/1678 2141/2059/1679
f 2182/2099/1690 2157/2075/1684 2156/2074/1688
f 1734/1654/1386 2145/2063/1679 1733/1653/1385
f 2158/2076/1689 1704/1624/1363 1703/1623/1362
f 2183/2100/1691 2160/2078/1690 2159/2077/1472
f 1688/1608/1349 1683/1603/1344 1687/1607/1348
f 1688/1608/1349 1687/1607/1348 2184/2101/1701
f 1687/1607/1348 1686/1606/1347 1766/1686/1415
f 1687/1607/1348 1766/1686/1415 2185/2102/1702
f 2184/2101/1701 1687/1607/1348 2185/2102/1702
f 2185/2102/1702 1766/1686/1415 2186/2103/1703
f 1694/1614/1355 2187/2104/1704 2188/2105/1690
f 2187/2104/1704 1694/1614/1355 1693/1613/1354
f 1693/1613/1354 1689/1609/1350 1692/1612/1353
f 1704/1624/1363 2158/2076/1689 1734/1654/1386
f 1703/1623/1362 1700/1620/1359 1697/1617/1345
f 1709/1629/1366 2189/2106/1690 2190/2107/1705
f 2189/2106/1690 1709/1629/1366 1708/1628/1365
f 1708/1628/1365 1705/1625/1364 1707/1627/1350
f 1737/1657/1388 1744/1664/1393 1735/1655/1387
f 1737/1657/1388 2191/2108/1705 2192/2109/1692
f 2191/2108/1705 1737/1657/1388 1736/1656/1366
f 2192/2109/1692 1745/1665/1394 1737/1657/1388
f 1736/1656/1366 1735/1655/1387 1740/1660/1390
f 1745/1665/1394 2192/2109/1692 2193/2110/1706
f 2193/2110/1706 1761/1681/1410 1745/1665/1394
f 1757/1677/1406 1763/1683/1412 1753/1673/1402
f 1757/1677/1406 2174/2091/1695 2173/2090/1694
f 1756/1676/1405 1753/1673/1402 1748/1668/1397
f 1761/1681/1410 1744/1664/1393 1745/1665/1394
f 1761/1681/1410 2193/2110/1706 2194/2111/1707
f 1764/1684/1413 2173/2090/1694 2172/2089/1693
f 1766/1686/1415 1760/1680/1409 1761/1681/1410
f 1766/1686/1415 1761/1681/1410 2186/2103/1703
f 2186/2103/1703 1761/1681/1410 2194/2111/1707
f 1769/1689/1418 1776/1696/1353 1767/1687/1416
f 1769/1689/1418 2195/2112/1708 2196/2113/1709
f 2195/2112/1708 1769/1689/1418 1768/1688/1417
f 2196/2113/1709 1777/1697/1354 1769/1689/1418
f 1768/1688/1417 1767/1687/1416 1772/1692/1420
f 1777/1697/1354 2196/2113/1709 2197/2114/1704
f 2111/2029/1627 2198/2115/1623 2199/2116/1623
f 2198/2115/1623 2111/2029/1627 2110/2028/1627
f 2199/2116/1623 2200/2117/1625 2201/2118/1625
f 2110/2028/1627 2109/2027/1655 2112/2030/1655
f 1920/1840/1159 1919/1839/1157 1922/1842/1157
f 2080/1998/1243 2040/1960/1234 2039/1959/1234
f 2002/1922/1097 2001/1921/1093 1998/1918/1093
f 2002/1922/1097 2164/2082/1123 2003/1923/1097
f 2202/2119/1364 2203/2120/1364 2204/2121/1367
f 2203/2120/1364 2205/2122/1366 2206/2123/1366
f 2204/2121/1367 2167/2085/1367 2166/2084/1368
f 2204/2121/1367 2203/2120/1364 2167/2085/1367
f 2207/2124/1461 1982/1902/1461 1980/1900/1463
f 2208/2125/1569 2209/2126/1565 2210/2127/1565
f 2209/2126/1565 2208/2125/1569 2211/2128/1569
f 2210/2127/1565 2209/2126/1565 2212/2129/1522
f 2211/2128/1569 2213/2130/1710 2214/2131/1710
f 2213/2130/1710 2211/2128/1569 2208/2125/1569
f 2215/2132/1471 2206/2123/1366 2205/2122/1366
f 2206/2123/1366 2215/2132/1471 2216/2133/1471
f 2205/2122/1366 2203/2120/1364 2202/2119/1364
f 2217/2134/1314 1803/1723/1314 1797/1717/1297
f 2212/2129/1522 1915/1835/1522 1912/1832/1521
f 1915/1835/1522 2212/2129/1522 2209/2126/1565
f 2200/2117/1625 2199/2116/1623 2198/2115/1623
f 2218/2135/1711 2219/2136/1712 2220/2137/1713
f 2218/2135/1711 2221/2138/1714 2222/2139/1715
f 2220/2137/1713 2219/2136/1712 2223/2140/1716
f 2220/2137/1713 2224/2141/1717 2221/2138/1714
f 2221/2138/1714 2218/2135/1711 2220/2137/1713
f 2222/2139/1715 2225/2142/1718 2218/2135/1711
f 2223/2140/1716 2226/2143/1719 2224/2141/1717
f 2223/2140/1716 2219/2136/1712 2227/2144/1720
f 2224/2141/1717 2220/2137/1713 2223/2140/1716
f 2226/2143/1719 2223/2140/1716 2227/2144/1720
f 2227/2144/1720 2219/2136/1712 2228/2145/1721
f 2227/2144/1720 2229/2146/1722 2226/2143/1719
f 2228/2145/1721 2219/2136/1712 2230/2147/1723
f 2228/2145/1721 2231/2148/1724 2229/2146/1722
f 2229/2146/1722 2227/2144/1720 2228/2145/1721
f 2230/2147/1723 2219/2136/1712 2232/2149/1725
f 2231/2148/1724 2228/2145/1721 2230/2147/1723
f 2231/2148/1724 2232/2149/1725 2233/2150/1726
f 2232/2149/1725 2219/2136/1712 2234/2151/1727
f 2232/2149/1725 2231/2148/1724 2230/2147/1723
f 2233/2150/1726 2232/2149/1725 2234/2151/1727
f 2234/2151/1727 2235/2152/1728 2233/2150/1726
f 2234/2151/1727 2219/2136/1712 2236/2153/1729
f 2235/2152/1728 2234/2151/1727 2236/2153/1729
f 2236/2153/1729 2237/2154/1730 2235/2152/1728
f 2236/2153/1729 2219/2136/1712 2238/2155/1731
f 2238/2155/1731 2239/2156/1732 2237/2154/1730
f 2238/2155/1731 2237/2154/1730 2236/2153/1729
f 2238/2155/1731 2219/2136/1712 2240/2157/1733
f 2239/2156/1732 2240/2157/1733 2241/2158/1734
f 2240/2157/1733 2239/2156/1732 2238/2155/1731
f 2240/2157/1733 2219/2136/1712 2242/2159/1735
f 2241/2158/1734 2242/2159/1735 2243/2160/1736
f 2242/2159/1735 2219/2136/1712 2244/2161/1737
f 2242/2159/1735 2241/2158/1734 2240/2157/1733
f 2243/2160/1736 2244/2161/1737 2245/2162/1738
f 2244/2161/1737 2243/2160/1736 2242/2159/1735
f 2244/2161/1737 2219/2136/1712 2246/2163/1739
f 2245/2162/1738 2244/2161/1737 2246/2163/1739
f 2246/2163/1739 2219/2136/1712 2247/2164/1740
f 2248/2165/1741 2245/2162/1738 2246/2163/1739
f 2248/2165/1741 2246/2163/1739 2247/2164/1740
f 2247/2164/1740 2249/2166/1742 2248/2165/1741
f 2247/2164/1740 2219/2136/1712 2250/2167/1743
f 2250/2167/1743 2251/2168/1744 2249/2166/1742
f 2250/2167/1743 2219/2136/1712 2252/2169/1745
f 2250/2167/1743 2253/2170/1746 2251/2168/1744
f 2250/2167/1743 2249/2166/1742 2247/2164/1740
f 2253/2170/1746 2250/2167/1743 2252/2169/1745
f 2252/2169/1745 2219/2136/1712 2254/2171/1747
f 2252/2169/1745 2255/2172/1748 2253/2170/1746
f 2254/2171/1747 2219/2136/1712 2256/2173/1749
f 2254/2171/1747 2257/2174/1750 2255/2172/1748
f 2255/2172/1748 2252/2169/1745 2254/2171/1747
f 2256/2173/1749 2219/2136/1712 2225/2142/1718
f 2256/2173/1749 2258/2175/1751 2257/2174/1750
f 2257/2174/1750 2254/2171/1747 2256/2173/1749
f 2225/2142/1718 2219/2136/1712 2218/2135/1711
f 2225/2142/1718 2222/2139/1715 2258/2175/1751
f 2258/2175/1751 2256/2173/1749 2225/2142/1718
f 2259/2176/1752 2260/2177/1753 2261/2178/1754
f 2259/2176/1752 2262/2179/1755 2260/2177/1753
f 2260/2177/1753 2263/2180/1756 2261/2178/1754
f 2260/2177/1753 2264/2181/1757 2263/2180/1756
f 2262/2179/1755 2259/2176/1752 2265/2182/1758
f 2265/2182/1758 2266/2183/1759 2267/2184/1760
f 2263/2180/1756 2268/2185/1761 2261/2178/1754
f 2263/2180/1756 2269/2186/1762 2268/2185/1761
f 2264/2181/1757 2260/2177/1753 2262/2179/1755
f 2269/2186/1762 2263/2180/1756 2264/2181/1757
f 2268/2185/1761 2270/2187/1763 2261/2178/1754
f 2268/2185/1761 2271/2188/1764 2270/2187/1763
f 2270/2187/1763 2272/2189/1765 2261/2178/1754
f 2270/2187/1763 2273/2190/1766 2272/2189/1765
f 2271/2188/1764 2268/2185/1761 2269/2186/1762
f 2272/2189/1765 2274/2191/1767 2261/2178/1754
f 2272/2189/1765 2275/2192/1768 2274/2191/1767
f 2273/2190/1766 2270/2187/1763 2271/2188/1764
f 2274/2191/1767 2276/2193/1769 2261/2178/1754
f 2274/2191/1767 2277/2194/1770 2276/2193/1769
f 2275/2192/1768 2272/2189/1765 2273/2190/1766
f 2276/2193/1769 2278/2195/1771 2261/2178/1754
f 2276/2193/1769 2277/2194/1770 2278/2195/1771
f 2277/2194/1770 2274/2191/1767 2275/2192/1768
f 2277/2194/1770 2279/2196/1772 2278/2195/1771
f 2278/2195/1771 2280/2197/1773 2261/2178/1754
f 2278/2195/1771 2279/2196/1772 2280/2197/1773
f 2280/2197/1773 2281/2198/1774 2261/2178/1754
f 2282/2199/1775 2281/2198/1774 2280/2197/1773
f 2282/2199/1775 2280/2197/1773 2279/2196/1772
f 2281/2198/1774 2283/2200/1776 2261/2178/1754
f 2284/2201/1777 2281/2198/1774 2282/2199/1775
f 2284/2201/1777 2283/2200/1776 2281/2198/1774
f 2283/2200/1776 2285/2202/1778 2261/2178/1754
f 2283/2200/1776 2284/2201/1777 2286/2203/1779
f 2286/2203/1779 2285/2202/1778 2283/2200/1776
f 2285/2202/1778 2287/2204/1780 2261/2178/1754
f 2285/2202/1778 2286/2203/1779 2288/2205/1781
f 2288/2205/1781 2287/2204/1780 2285/2202/1778
f 2287/2204/1780 2288/2205/1781 2289/2206/1782
f 2287/2204/1780 2289/2206/1782 2290/2207/1783
f 2287/2204/1780 2290/2207/1783 2261/2178/1754
f 2289/2206/1782 2291/2208/1784 2290/2207/1783
f 2290/2207/1783 2292/2209/1785 2261/2178/1754
f 2290/2207/1783 2291/2208/1784 2292/2209/1785
f 2291/2208/1784 2293/2210/1786 2292/2209/1785
f 2292/2209/1785 2293/2210/1786 2294/2211/1787
f 2292/2209/1785 2294/2211/1787 2261/2178/1754
f 2295/2212/1788 2294/2211/1787 2293/2210/1786
f 2294/2211/1787 2296/2213/1789 2261/2178/1754
f 2294/2211/1787 2297/2214/1790 2296/2213/1789
f 2296/2213/1789 2298/2215/1791 2261/2178/1754
f 2297/2214/1790 2294/2211/1787 2295/2212/1788
f 2297/2214/1790 2298/2215/1791 2296/2213/1789
f 2298/2215/1791 2297/2214/1790 2299/2216/1792
f 2298/2215/1791 2266/2183/1759 2261/2178/1754
f 2299/2216/1792 2266/2183/1759 2298/2215/1791
f 2266/2183/1759 2259/2176/1752 2261/2178/1754
f 2266/2183/1759 2265/2182/1758 2259/2176/1752
f 2266/2183/1759 2299/2216/1792 2267/2184/1760
f 2300/2217/1793 2301/2218/1794 2302/2219/1795
f 2301/2218/1794 2300/2217/1793 2303/2220/1796
f 2302/2219/1795 2304/2221/1797 2305/2222/1798
f 2303/2220/1796 2306/2223/1799 2307/2224/1800
f 2303/2220/1796 2308/2225/1801 2301/2218/1794
f 2309/2226/1802 2310/2227/1803 2311/2228/1804
f 2309/2226/1802 2312/2229/1805 2310/2227/1803
f 2311/2228/1804 2310/2227/1803 2313/2230/1806
f 2311/2228/1804 2314/2231/1807 2315/2232/1808
f 2316/2233/1809 2317/2234/1810 2318/2235/1811
f 2317/2234/1810 2316/2233/1809 2319/2236/1812
f 2318/2235/1811 2320/2237/1798 2321/2238/1813
f 2319/2236/1812 2322/2239/1814 2323/2240/1799
f 2324/2241/1815 2325/2242/1802 2326/2243/112
f 2324/2241/1815 2327/2244/1816 2325/2242/1802
f 2326/2243/112 2328/2245/1808 2329/2246/1817
f 2326/2243/112 2325/2242/1802 2330/2247/1804
f 2331/2248/1818 2332/2249/1819 2333/2250/1820
f 2331/2248/1818 2322/2239/1814 2316/2233/1809
f 2331/2248/1818 2334/2251/1821 2335/2252/1822
f 2331/2248/1818 2336/2253/1823 2322/2239/1814
f 2331/2248/1818 2337/2254/1824 2336/2253/1823
f 2331/2248/1818 2338/2255/1825 2337/2254/1824
f 2331/2248/1818 2339/2256/1826 2338/2255/1825
f 2331/2248/1818 2340/2257/1827 2339/2256/1826
f 2331/2248/1818 2333/2250/1820 2340/2257/1827
f 2331/2248/1818 2335/2252/1822 2341/2258/1828
f 2331/2248/1818 2342/2259/1829 2334/2251/1821
f 2331/2248/1818 2343/2260/1830 2332/2249/1819
f 2331/2248/1818 2344/2261/1831 2343/2260/1830
f 2331/2248/1818 2345/2262/1832 2344/2261/1831
f 2331/2248/1818 2346/2263/1833 2345/2262/1832
f 2331/2248/1818 2347/2264/1834 2346/2263/1833
f 2331/2248/1818 2341/2258/1828 2347/2264/1834
f 2331/2248/1818 2318/2235/1811 2321/2238/1813
f 2331/2248/1818 2321/2238/1813 2342/2259/1829
f 2331/2248/1818 2316/2233/1809 2318/2235/1811
f 2348/2265/1835 2349/2266/1836 2350/2267/1837
f 2348/2265/1835 2351/2268/112 2352/2269/1838
f 2351/2268/112 2348/2265/1835 2353/2270/1815
f 2352/2269/1838 2354/2271/1839 2348/2265/1835
f 2352/2269/1838 2351/2268/112 2355/2272/1840
f 2353/2270/1815 2350/2267/1837 2356/2273/1841
f 2354/2271/1839 2357/2274/1842 2349/2266/1836
f 2354/2271/1839 2352/2269/1838 2358/2275/1843
f 2358/2275/1843 2359/2276/1844 2354/2271/1839
f 2358/2275/1843 2352/2269/1838 2360/2277/1845
f 2361/2278/1846 2362/2279/1847 2363/2280/1848
f 2362/2279/1847 2361/2278/1846 2364/2281/1849
f 2363/2280/1848 2365/2282/1850 2366/2283/1851
f 2364/2281/1849 2367/2284/1852 2368/2285/1853
f 2359/2276/1844 2369/2286/1854 2357/2274/1842
f 2359/2276/1844 2358/2275/1843 2370/2287/1855
f 2370/2287/1855 2371/2288/1856 2359/2276/1844
f 2370/2287/1855 2358/2275/1843 2372/2289/1857
f 2373/2290/1858 2367/2284/1852 2361/2278/1846
f 2373/2290/1858 2361/2278/1846 2374/2291/1859
f 2374/2291/1859 2366/2283/1851 2375/2292/1860
f 2374/2291/1859 2361/2278/1846 2363/2280/1848
f 2371/2288/1856 2307/2224/1800 2369/2286/1854
f 2371/2288/1856 2370/2287/1855 2308/2225/1801
f 2308/2225/1801 2370/2287/1855 2376/2293/1861
f 2308/2225/1801 2303/2220/1796 2371/2288/1856
f 2377/2294/1862 2378/2295/1863 2379/2296/1864
f 2377/2294/1862 2379/2296/1864 2380/2297/1865
f 2380/2297/1865 2379/2296/1864 2381/2298/1859
f 2382/2299/1866 2377/2294/1862 2383/2300/1867
f 2382/2299/1866 2384/2301/1868 2377/2294/1862
f 2383/2300/1867 2377/2294/1862 2380/2297/1865
f 2383/2300/1867 2385/2302/1869 2386/2303/1807
f 2307/2224/1800 2371/2288/1856 2303/2220/1796
f 2369/2286/1854 2387/2304/1870 2388/2305/1871
f 2369/2286/1854 2359/2276/1844 2371/2288/1856
f 2389/2306/1805 2384/2301/1868 2382/2299/1866
f 2384/2301/1868 2378/2295/1863 2377/2294/1862
f 2306/2223/1799 2303/2220/1796 2300/2217/1793
f 2390/2307/1872 2312/2229/1805 2309/2226/1802
f 2322/2239/1814 2319/2236/1812 2316/2233/1809
f 2323/2240/1799 2336/2253/1823 2391/2308/1873
f 2392/2309/1874 2327/2244/1816 2324/2241/1815
f 2350/2267/1837 2353/2270/1815 2348/2265/1835
f 2350/2267/1837 2393/2310/1875 2394/2311/1876
f 2356/2273/1841 2394/2311/1876 2395/2312/1877
f 2349/2266/1836 2396/2313/1878 2393/2310/1875
f 2349/2266/1836 2348/2265/1835 2354/2271/1839
f 2367/2284/1852 2364/2281/1849 2361/2278/1846
f 2368/2285/1853 2397/2314/1879 2398/2315/1880
f 2357/2274/1842 2388/2305/1871 2396/2313/1878
f 2357/2274/1842 2354/2271/1839 2359/2276/1844
f 2399/2316/1863 2367/2284/1852 2373/2290/1858
f 2393/2310/1875 2350/2267/1837 2349/2266/1836
f 2394/2311/1876 2356/2273/1841 2350/2267/1837
f 2397/2314/1879 2368/2285/1853 2367/2284/1852
f 2398/2315/1880 2400/2317/1881 2401/2318/1882
f 2396/2313/1878 2349/2266/1836 2357/2274/1842
f 2402/2319/1883 2403/2320/1884 2404/2321/1885
f 2402/2319/1883 2405/2322/1886 2406/2323/1887
f 2403/2320/1884 2402/2319/1883 2407/2324/1888
f 2404/2321/1885 2408/2325/1889 2402/2319/1883
f 2407/2324/1888 2406/2323/1887 2409/2326/1890
f 2388/2305/1871 2410/2327/1891 2411/2328/1892
f 2388/2305/1871 2357/2274/1842 2369/2286/1854
f 2408/2325/1889 2404/2321/1885 2412/2329/1868
f 2387/2304/1870 2369/2286/1854 2307/2224/1800
f 2413/2330/1893 2408/2325/1889 2414/2331/1894
f 2413/2330/1893 2405/2322/1886 2408/2325/1889
f 2414/2331/1894 2408/2325/1889 2412/2329/1868
f 2415/2332/1800 2391/2308/1873 2416/2333/1870
f 2391/2308/1873 2337/2254/1824 2417/2334/1895
f 2391/2308/1873 2415/2332/1800 2323/2240/1799
f 2416/2333/1870 2417/2334/1895 2418/2335/1896
f 2419/2336/1897 2420/2337/1898 2421/2338/1899
f 2419/2336/1897 2421/2338/1899 2422/2339/1900
f 2422/2339/1900 2421/2338/1899 2423/2340/1894
f 2336/2253/1823 2323/2240/1799 2322/2239/1814
f 2424/2341/1877 2425/2342/1897 2426/2343/1841
f 2424/2341/1877 2427/2344/1901 2425/2342/1897
f 2426/2343/1841 2425/2342/1897 2428/2345/1816
f 2429/2346/1898 2405/2322/1886 2413/2330/1893
f 2405/2322/1886 2402/2319/1883 2408/2325/1889
f 2405/2322/1886 2430/2347/1902 2431/2348/1903
f 2417/2334/1895 2416/2333/1870 2391/2308/1873
f 2417/2334/1895 2338/2255/1825 2432/2349/1904
f 2418/2335/1896 2432/2349/1904 2433/2350/1905
f 2434/2351/1906 2435/2352/1902 2420/2337/1898
f 2434/2351/1906 2420/2337/1898 2419/2336/1897
f 2337/2254/1824 2391/2308/1873 2336/2253/1823
f 2436/2353/1907 2437/2354/1908 2427/2344/1901
f 2436/2353/1907 2427/2344/1901 2424/2341/1877
f 2438/2355/1909 2439/2356/1910 2440/2357/1907
f 2438/2355/1909 2440/2357/1907 2441/2358/1911
f 2441/2358/1911 2440/2357/1907 2442/2359/1912
f 2443/2360/1913 2444/2361/1914 2438/2355/1909
f 2443/2360/1913 2438/2355/1909 2445/2362/1875
f 2445/2362/1875 2438/2355/1909 2441/2358/1911
f 2400/2317/1881 2398/2315/1880 2397/2314/1879
f 2446/2363/1915 2447/2364/1916 2443/2360/1913
f 2446/2363/1915 2443/2360/1913 2448/2365/1878
f 2448/2365/1878 2443/2360/1913 2445/2362/1875
f 2406/2323/1887 2407/2324/1888 2402/2319/1883
f 2406/2323/1887 2431/2348/1903 2449/2366/1917
f 2409/2326/1890 2449/2366/1917 2450/2367/1918
f 2451/2368/1892 2452/2369/1919 2446/2363/1915
f 2451/2368/1892 2446/2363/1915 2453/2370/1871
f 2453/2370/1871 2446/2363/1915 2448/2365/1878
f 2410/2327/1891 2388/2305/1871 2387/2304/1870
f 2447/2364/1916 2444/2361/1914 2443/2360/1913
f 2447/2364/1916 2454/2371/1920 2455/2372/1921
f 2444/2361/1914 2455/2372/1921 2456/2373/1922
f 2444/2361/1914 2439/2356/1910 2438/2355/1909
f 2450/2367/1918 2457/2374/1923 2458/2375/1924
f 2450/2367/1918 2459/2376/1882 2409/2326/1890
f 2459/2376/1882 2450/2367/1918 2458/2375/1924
f 2452/2369/1919 2447/2364/1916 2446/2363/1915
f 2452/2369/1919 2460/2377/1925 2454/2371/1920
f 2449/2366/1917 2461/2378/1926 2450/2367/1918
f 2449/2366/1917 2409/2326/1890 2406/2323/1887
f 2462/2379/1927 2452/2369/1919 2451/2368/1892
f 2431/2348/1903 2463/2380/1928 2449/2366/1917
f 2431/2348/1903 2406/2323/1887 2405/2322/1886
f 2433/2350/1905 2464/2381/1892 2418/2335/1896
f 2433/2350/1905 2465/2382/1929 2466/2383/1927
f 2464/2381/1892 2433/2350/1905 2466/2383/1927
f 2430/2347/1902 2467/2384/1930 2431/2348/1903
f 2430/2347/1902 2405/2322/1886 2429/2346/1898
f 2432/2349/1904 2468/2385/1931 2433/2350/1905
f 2432/2349/1904 2418/2335/1896 2417/2334/1895
f 2469/2386/1908 2435/2352/1902 2434/2351/1906
f 2435/2352/1902 2470/2387/1932 2471/2388/1933
f 2338/2255/1825 2472/2389/1934 2432/2349/1904
f 2338/2255/1825 2417/2334/1895 2337/2254/1824
f 2473/2390/1910 2437/2354/1908 2436/2353/1907
f 2437/2354/1908 2474/2391/1935 2475/2392/1936
f 2439/2356/1910 2456/2373/1922 2476/2393/1935
f 2468/2385/1931 2432/2349/1904 2472/2389/1934
f 2468/2385/1931 2477/2394/1937 2465/2382/1929
f 2472/2389/1934 2478/2395/1938 2468/2385/1931
f 2472/2389/1934 2338/2255/1825 2339/2256/1826
f 2470/2387/1932 2435/2352/1902 2469/2386/1908
f 2471/2388/1933 2479/2396/1939 2480/2397/1940
f 2339/2256/1826 2481/2398/1941 2472/2389/1934
f 2474/2391/1935 2437/2354/1908 2473/2390/1910
f 2475/2392/1936 2482/2399/1942 2483/2400/1943
f 2456/2373/1922 2439/2356/1910 2444/2361/1914
f 2456/2373/1922 2484/2401/1944 2485/2402/1945
f 2476/2393/1935 2485/2402/1945 2486/2403/1942
f 2455/2372/1921 2487/2404/1946 2484/2401/1944
f 2455/2372/1921 2444/2361/1914 2447/2364/1916
f 2457/2374/1923 2450/2367/1918 2461/2378/1926
f 2461/2378/1926 2449/2366/1917 2463/2380/1928
f 2461/2378/1926 2488/2405/1947 2457/2374/1923
f 2454/2371/1920 2447/2364/1916 2452/2369/1919
f 2454/2371/1920 2489/2406/1948 2487/2404/1946
f 2463/2380/1928 2490/2407/1949 2461/2378/1926
f 2463/2380/1928 2431/2348/1903 2467/2384/1930
f 2460/2377/1925 2452/2369/1919 2462/2379/1927
f 2467/2384/1930 2491/2408/1950 2492/2409/1951
f 2467/2384/1930 2493/2410/1952 2463/2380/1928
f 2467/2384/1930 2430/2347/1902 2494/2411/1933
f 2465/2382/1929 2433/2350/1905 2468/2385/1931
f 2488/2405/1947 2461/2378/1926 2490/2407/1949
f 2490/2407/1949 2495/2412/1953 2488/2405/1947
f 2490/2407/1949 2463/2380/1928 2493/2410/1952
f 2487/2404/1946 2455/2372/1921 2454/2371/1920
f 2484/2401/1944 2456/2373/1922 2455/2372/1921
f 2493/2410/1952 2467/2384/1930 2492/2409/1951
f 2493/2410/1952 2496/2413/1954 2490/2407/1949
f 2489/2406/1948 2454/2371/1920 2460/2377/1925
f 2492/2409/1951 2497/2414/1955 2498/2415/1956
f 2492/2409/1951 2499/2416/1957 2493/2410/1952
f 2477/2394/1937 2468/2385/1931 2478/2395/1938
f 2478/2395/1938 2472/2389/1934 2481/2398/1941
f 2478/2395/1938 2500/2417/1958 2477/2394/1937
f 2491/2408/1950 2467/2384/1930 2494/2411/1933
f 2481/2398/1941 2339/2256/1826 2340/2257/1827
f 2481/2398/1941 2501/2418/1959 2478/2395/1938
f 2479/2396/1939 2471/2388/1933 2470/2387/1932
f 2480/2397/1940 2502/2419/1960 2503/2420/1955
f 2340/2257/1827 2504/2421/1961 2481/2398/1941
f 2482/2399/1942 2475/2392/1936 2474/2391/1935
f 2485/2402/1945 2476/2393/1935 2456/2373/1922
f 2502/2419/1960 2480/2397/1940 2479/2396/1939
f 2333/2250/1820 2504/2421/1961 2340/2257/1827
f 2504/2421/1961 2333/2250/1820 2505/2422/1962
f 2504/2421/1961 2505/2422/1962 2506/2423/1963
f 2504/2421/1961 2501/2418/1959 2481/2398/1941
f 2507/2424/1964 2508/2425/1939 2509/2426/1965
f 2508/2425/1939 2507/2424/1964 2510/2427/1966
f 2510/2427/1966 2511/2428/1967 2512/2429/1968
f 2513/2430/1964 2514/2431/1969 2515/2432/1970
f 2514/2431/1969 2513/2430/1964 2516/2433/1965
f 2515/2432/1970 2517/2434/1967 2513/2430/1964
f 2515/2432/1970 2518/2435/1944 2519/2436/1971
f 2518/2435/1944 2515/2432/1970 2514/2431/1969
f 2519/2436/1971 2520/2437/1972 2515/2432/1970
f 2519/2436/1971 2521/2438/1946 2522/2439/1973
f 2495/2412/1953 2490/2407/1949 2496/2413/1954
f 2496/2413/1954 2493/2410/1952 2499/2416/1957
f 2521/2438/1946 2519/2436/1971 2518/2435/1944
f 2522/2439/1973 2523/2440/1974 2519/2436/1971
f 2522/2439/1973 2524/2441/1948 2525/2442/1975
f 2499/2416/1957 2492/2409/1951 2498/2415/1956
f 2524/2441/1948 2522/2439/1973 2521/2438/1946
f 2525/2442/1975 2526/2443/1976 2522/2439/1973
f 2501/2418/1959 2506/2423/1963 2527/2444/1977
f 2501/2418/1959 2500/2417/1958 2478/2395/1938
f 2501/2418/1959 2504/2421/1961 2506/2423/1963
f 2500/2417/1958 2501/2418/1959 2527/2444/1977
f 2497/2414/1955 2492/2409/1951 2491/2408/1950
f 2523/2440/1974 2528/2445/1978 2520/2437/1972
f 2523/2440/1974 2522/2439/1973 2526/2443/1976
f 2526/2443/1976 2525/2442/1975 2529/2446/1979
f 2526/2443/1976 2530/2447/1980 2523/2440/1974
f 2531/2448/1981 2532/2449/1982 2533/2450/1983
f 2531/2448/1981 2534/2451/1984 2535/2452/1985
f 2532/2449/1982 2531/2448/1981 2536/2453/1986
f 2533/2450/1983 2537/2454/1987 2531/2448/1981
f 2536/2453/1986 2535/2452/1985 2538/2455/1988
f 2529/2446/1979 2539/2456/1989 2526/2443/1976
f 2537/2454/1987 2533/2450/1983 2540/2457/1956
f 2537/2454/1987 2541/2458/1990 2534/2451/1984
f 2540/2457/1956 2542/2459/1991 2537/2454/1987
f 2506/2423/1963 2543/2460/1992 2527/2444/1977
f 2506/2423/1963 2505/2422/1962 2544/2461/1993
f 2542/2459/1991 2540/2457/1956 2545/2462/1994
f 2505/2422/1962 2332/2249/1819 2546/2463/1995
f 2505/2422/1962 2546/2463/1995 2544/2461/1993
f 2547/2464/1968 2548/2465/1994 2549/2466/1996
f 2548/2465/1994 2547/2464/1968 2550/2467/1997
f 2550/2467/1997 2551/2468/1998 2552/2469/1999
f 2332/2249/1819 2505/2422/1962 2333/2250/1820
f 2511/2428/1967 2510/2427/1966 2507/2424/1964
f 2512/2429/1968 2553/2470/477 2554/2471/1998
f 2517/2434/1967 2515/2432/1970 2520/2437/1972
f 2520/2437/1972 2555/2472/477 2517/2434/1967
f 2520/2437/1972 2519/2436/1971 2523/2440/1974
f 2556/2473/2000 2557/2474/1954 2558/2475/2001
f 2557/2474/1954 2556/2473/2000 2559/2476/1953
f 2558/2475/2001 2560/2477/2002 2561/2478/2003
f 2546/2463/1995 2343/2260/1830 2562/2479/2004
f 2546/2463/1995 2332/2249/1819 2343/2260/1830
f 2553/2470/477 2512/2429/1968 2511/2428/1967
f 2553/2470/477 2563/2480/2005 2554/2471/1998
f 2555/2472/477 2520/2437/1972 2528/2445/1978
f 2555/2472/477 2564/2481/2006 2565/2482/2007
f 2528/2445/1978 2523/2440/1974 2530/2447/1980
f 2528/2445/1978 2566/2483/2008 2564/2481/2006
f 2530/2447/1980 2526/2443/1976 2539/2456/1989
f 2530/2447/1980 2567/2484/2009 2566/2483/2008
f 2561/2478/2003 2556/2473/2000 2558/2475/2001
f 2561/2478/2003 2560/2477/2002 2568/2485/2010
f 2560/2477/2002 2569/2486/2011 2568/2485/2010
f 2539/2456/1989 2570/2487/2012 2567/2484/2009
f 2539/2456/1989 2529/2446/1979 2571/2488/2013
f 2535/2452/1985 2572/2489/2014 2538/2455/1988
f 2535/2452/1985 2536/2453/1986 2531/2448/1981
f 2534/2451/1984 2531/2448/1981 2537/2454/1987
f 2534/2451/1984 2573/2490/2015 2535/2452/1985
f 2543/2460/1992 2506/2423/1963 2544/2461/1993
f 2543/2460/1992 2574/2491/2016 2575/2492/2017
f 2541/2458/1990 2537/2454/1987 2542/2459/1991
f 2541/2458/1990 2576/2493/2018 2534/2451/1984
f 2551/2468/1998 2550/2467/1997 2547/2464/1968
f 2551/2468/1998 2577/2494/2019 2552/2469/1999
f 2570/2487/2012 2539/2456/1989 2571/2488/2013
f 2567/2484/2009 2530/2447/1980 2539/2456/1989
f 2567/2484/2009 2578/2495/2020 2579/2496/2021
f 2573/2490/2015 2534/2451/1984 2576/2493/2018
f 2573/2490/2015 2580/2497/2022 2581/2498/2023
f 2576/2493/2018 2580/2497/2022 2573/2490/2015
f 2576/2493/2018 2541/2458/1990 2582/2499/2019
f 2574/2491/2016 2546/2463/1995 2562/2479/2004
f 2574/2491/2016 2544/2461/1993 2546/2463/1995
f 2574/2491/2016 2543/2460/1992 2544/2461/1993
f 2575/2492/2017 2583/2500/2024 2584/2501/2025
f 2582/2499/2019 2585/2502/2026 2576/2493/2018
f 2562/2479/2004 2343/2260/1830 2344/2261/1831
f 2577/2494/2019 2551/2468/1998 2586/2503/2005
f 2586/2503/2005 2587/2504/2027 2577/2494/2019
f 2344/2261/1831 2588/2505/2028 2562/2479/2004
f 2563/2480/2005 2553/2470/477 2589/2506/2007
f 2589/2506/2007 2590/2507/2029 2563/2480/2005
f 2564/2481/2006 2591/2508/2030 2592/2509/2031
f 2564/2481/2006 2555/2472/477 2528/2445/1978
f 2565/2482/2007 2592/2509/2031 2593/2510/2032
f 2566/2483/2008 2579/2496/2021 2591/2508/2030
f 2566/2483/2008 2528/2445/1978 2530/2447/1980
f 2568/2485/2010 2569/2486/2011 2594/2511/2033
f 2569/2486/2011 2595/2512/2023 2594/2511/2033
f 2572/2489/2014 2573/2490/2015 2581/2498/2023
f 2572/2489/2014 2535/2452/1985 2573/2490/2015
f 2345/2262/1832 2596/2513/2034 2588/2505/2028
f 2592/2509/2031 2565/2482/2007 2564/2481/2006
f 2591/2508/2030 2564/2481/2006 2566/2483/2008
f 2595/2512/2023 2597/2514/2035 2594/2511/2033
f 2579/2496/2021 2566/2483/2008 2567/2484/2009
f 2580/2497/2022 2576/2493/2018 2585/2502/2026
f 2578/2495/2020 2567/2484/2009 2570/2487/2012
f 2585/2502/2026 2582/2499/2019 2598/2515/2036
f 2585/2502/2026 2599/2516/2037 2580/2497/2022
f 2583/2500/2024 2562/2479/2004 2588/2505/2028
f 2583/2500/2024 2574/2491/2016 2562/2479/2004
f 2583/2500/2024 2575/2492/2017 2574/2491/2016
f 2598/2515/2036 2600/2517/2038 2585/2502/2026
f 2588/2505/2028 2601/2518/2039 2583/2500/2024
f 2588/2505/2028 2344/2261/1831 2345/2262/1832
f 2587/2504/2027 2586/2503/2005 2602/2519/2029
f 2602/2519/2029 2603/2520/2040 2587/2504/2027
f 2590/2507/2029 2589/2506/2007 2604/2521/2041
f 2604/2521/2041 2605/2522/2042 2590/2507/2029
f 2599/2516/2037 2585/2502/2026 2600/2517/2038
f 2600/2517/2038 2598/2515/2036 2606/2523/2040
f 2607/2524/2043 2608/2525/2044 2609/2526/2045
f 2607/2524/2043 2610/2527/2046 2611/2528/2047
f 2608/2525/2044 2607/2524/2043 2612/2529/2048
f 2609/2526/2045 2613/2530/2049 2607/2524/2043
f 2612/2529/2048 2611/2528/2047 2614/2531/2021
f 2601/2518/2039 2588/2505/2028 2596/2513/2034
f 2596/2513/2034 2615/2532/2050 2601/2518/2039
f 2596/2513/2034 2345/2262/1832 2346/2263/1833
f 2603/2520/2040 2602/2519/2029 2616/2533/2042
f 2346/2263/1833 2617/2534/2051 2596/2513/2034
f 2605/2522/2042 2604/2521/2041 2618/2535/2052
f 2619/2536/2053 2620/2537/2054 2621/2538/2055
f 2619/2536/2053 2622/2539/2041 2623/2540/2031
f 2622/2539/2041 2619/2536/2053 2624/2541/2052
f 2623/2540/2031 2625/2542/2056 2619/2536/2053
f 2624/2541/2052 2621/2538/2055 2626/2543/2057
f 2625/2542/2056 2610/2527/2046 2620/2537/2054
f 2625/2542/2056 2623/2540/2031 2627/2544/2058
f 2627/2544/2058 2611/2528/2047 2625/2542/2056
f 2628/2545/2059 2629/2546/2060 2597/2514/2035
f 2628/2545/2059 2597/2514/2035 2595/2512/2023
f 2611/2528/2047 2627/2544/2058 2614/2531/2021
f 2611/2528/2047 2612/2529/2048 2607/2524/2043
f 2630/2547/2061 2631/2548/2062 2628/2545/2059
f 2630/2547/2061 2628/2545/2059 2632/2549/2063
f 2632/2549/2063 2628/2545/2059 2595/2512/2023
f 2621/2538/2055 2624/2541/2052 2619/2536/2053
f 2621/2538/2055 2633/2550/2064 2634/2551/2065
f 2626/2543/2057 2634/2551/2065 2635/2552/2066
f 2620/2537/2054 2619/2536/2053 2625/2542/2056
f 2629/2546/2060 2628/2545/2059 2631/2548/2062
f 2631/2548/2062 2630/2547/2061 2636/2553/2067
f 2631/2548/2062 2637/2554/2068 2629/2546/2060
f 2610/2527/2046 2625/2542/2056 2611/2528/2047
f 2610/2527/2046 2607/2524/2043 2613/2530/2049
f 2610/2527/2046 2633/2550/2064 2620/2537/2054
f 2636/2553/2067 2638/2555/2069 2631/2548/2062
f 2613/2530/2049 2609/2526/2045 2639/2556/2070
f 2613/2530/2049 2640/2557/2071 2610/2527/2046
f 2641/2558/2072 2642/2559/2073 2643/2560/2074
f 2641/2558/2072 2644/2561/2037 2645/2562/2038
f 2644/2561/2037 2641/2558/2072 2646/2563/2075
f 2645/2562/2038 2647/2564/2076 2641/2558/2072
f 2646/2563/2075 2643/2560/2074 2648/1913/2077
f 2639/2556/2070 2649/2565/2078 2613/2530/2049
f 2647/2564/2076 2645/2562/2038 2650/2566/2040
f 2615/2532/2050 2596/2513/2034 2617/2534/2051
f 2617/2534/2051 2347/2264/1834 2651/2567/2079
f 2652/2568/2080 2653/2569/2081 2654/2570/2082
f 2653/2569/2081 2652/2568/2080 2655/2571/2076
f 2655/2571/2076 2656/2572/2083 2657/2573/2073
f 2347/2264/1834 2617/2534/2051 2346/2263/1833
f 2658/2574/2057 2659/2575/2082 2660/2576/2084
f 2659/2575/2082 2658/2574/2057 2661/2577/2085
f 2661/2577/2085 2662/2578/2066 2663/2579/2086
f 2664/2580/2087 2665/2581/2088 2666/2582/2089
f 2664/2580/2087 2649/2565/2078 2639/2556/2070
f 2649/2565/2078 2666/2582/2089 2667/2583/2090
f 2642/2559/2073 2641/2558/2072 2647/2564/2076
f 2642/2559/2073 2668/2584/2091 2643/2560/2074
f 2643/2560/2074 2646/2563/2075 2641/2558/2072
f 2643/2560/2074 2669/2585/2092 2648/1913/2077
f 2670/2586/2093 2664/2580/2087 2671/2587/2051
f 2671/2587/2051 2664/2580/2087 2639/2556/2070
f 2656/2572/2083 2672/2588/2094 2657/2573/2073
f 2656/2572/2083 2655/2571/2076 2652/2568/2080
f 2341/2258/1828 2651/2567/2079 2347/2264/1834
f 2651/2567/2079 2335/2252/1822 2673/2589/2095
f 2662/2578/2066 2661/2577/2085 2658/2574/2057
f 2662/2578/2066 2674/2590/2096 2663/2579/2086
f 2634/2551/2065 2675/2591/2097 2635/2552/2066
f 2634/2551/2065 2626/2543/2057 2621/2538/2055
f 2633/2550/2064 2676/2592/2098 2677/2593/2099
f 2633/2550/2064 2678/2594/2100 2634/2551/2065
f 2633/2550/2064 2621/2538/2055 2620/2537/2054
f 2633/2550/2064 2610/2527/2046 2640/2557/2071
f 2637/2554/2068 2679/2595/2101 2680/2596/2102
f 2637/2554/2068 2631/2548/2062 2638/2555/2069
f 2638/2555/2069 2636/2553/2067 2681/2597/2077
f 2638/2555/2069 2682/2598/2103 2679/2595/2101
f 2640/2557/2071 2667/2583/2090 2676/2592/2098
f 2640/2557/2071 2613/2530/2049 2649/2565/2078
f 2677/2593/2099 2683/2599/2104 2678/2594/2100
f 2677/2593/2099 2678/2594/2100 2633/2550/2064
f 2678/2594/2100 2675/2591/2097 2634/2551/2065
f 2678/2594/2100 2684/2600/2105 2675/2591/2097
f 2679/2595/2101 2685/2601/2106 2686/2602/2107
f 2679/2595/2101 2637/2554/2068 2638/2555/2069
f 2680/2596/2102 2686/2602/2107 2687/2603/2108
f 2676/2592/2098 2688/2604/2109 2689/2605/2110
f 2676/2592/2098 2690/2606/2111 2677/2593/2099
f 2676/2592/2098 2633/2550/2064 2640/2557/2071
f 2682/2598/2103 2638/2555/2069 2681/2597/2077
f 2667/2583/2090 2640/2557/2071 2649/2565/2078
f 2667/2583/2090 2691/2607/2112 2688/2604/2109
f 2668/2584/2091 2669/2585/2092 2643/2560/2074
f 2666/2582/2089 2692/2608/2113 2691/2607/2112
f 2666/2582/2089 2649/2565/2078 2664/2580/2087
f 2693/2609/2094 2694/2610/2114 2668/2584/2091
f 2693/2609/2094 2668/2584/2091 2642/2559/2073
f 2665/2581/2088 2664/2580/2087 2670/2586/2093
f 2695/2611/2115 2672/2588/2094 2656/2572/2083
f 2695/2611/2115 2696/2612/2116 2672/2588/2094
f 2335/2252/1822 2651/2567/2079 2341/2258/1828
f 2673/2589/2095 2334/2251/1821 2697/2613/2117
f 2698/2614/2097 2674/2590/2096 2662/2578/2066
f 2698/2614/2097 2699/2615/2118 2674/2590/2096
f 2700/2616/2116 2694/2610/2114 2693/2609/2094
f 2694/2610/2114 2701/2617/2119 2702/2618/2120
f 2692/2608/2113 2666/2582/2089 2665/2581/2088
f 2691/2607/2112 2667/2583/2090 2666/2582/2089
f 2703/2619/2118 2696/2612/2116 2695/2611/2115
f 2696/2612/2116 2704/2620/2121 2705/2621/2119
f 2334/2251/1821 2673/2589/2095 2335/2252/1822
f 2697/2613/2117 2342/2259/1829 2706/2622/2122
f 2707/2623/2105 2699/2615/2118 2698/2614/2097
f 2699/2615/2118 2708/2624/2123 2709/2625/2124
f 2683/2599/2104 2684/2600/2105 2678/2594/2100
f 2683/2599/2104 2710/2626/2123 2684/2600/2105
f 2690/2606/2111 2683/2599/2104 2677/2593/2099
f 2690/2606/2111 2711/2627/2125 2683/2599/2104
f 2686/2602/2107 2712/2628/2126 2713/2629/2127
f 2686/2602/2107 2680/2596/2102 2679/2595/2101
f 2687/2603/2108 2713/2629/2127 2714/2630/2128
f 2689/2605/2110 2690/2606/2111 2676/2592/2098
f 2689/2605/2110 2715/2631/2129 2716/2632/2130
f 2689/2605/2110 2717/2633/2131 2690/2606/2111
f 2685/2601/2106 2679/2595/2101 2682/2598/2103
f 2685/2601/2106 2718/2634/2120 2712/2628/2126
f 2688/2604/2109 2676/2592/2098 2667/2583/2090
f 2719/2635/2132 2685/2601/2106 2720/2636/2133
f 2720/2636/2133 2685/2601/2106 2682/2598/2103
f 2717/2633/2131 2711/2627/2125 2690/2606/2111
f 2711/2627/2125 2710/2626/2123 2683/2599/2104
f 2713/2629/2127 2375/2292/1860 2366/2283/1851
f 2713/2629/2127 2687/2603/2108 2686/2602/2107
f 2714/2630/2128 2366/2283/1851 2365/2282/1850
f 2716/2632/2130 2717/2633/2131 2689/2605/2110
f 2712/2628/2126 2686/2602/2107 2685/2601/2106
f 2712/2628/2126 2721/2637/2134 2375/2292/1860
f 2715/2631/2129 2689/2605/2110 2688/2604/2109
f 2718/2634/2120 2685/2601/2106 2719/2635/2132
f 2722/2638/2135 2305/2222/1798 2304/2221/1797
f 2722/2638/2135 2723/2639/2136 2724/2640/2112
f 2722/2638/2135 2376/2293/1861 2725/2641/2137
f 2723/2639/2136 2722/2638/2135 2725/2641/2137
f 2725/2641/2137 2372/2289/1857 2726/2642/2130
f 2701/2617/2119 2694/2610/2114 2700/2616/2116
f 2727/2643/2112 2706/2622/2122 2728/2644/2135
f 2706/2622/2122 2321/2238/1813 2320/2237/1798
f 2706/2622/2122 2727/2643/2112 2697/2613/2117
f 2704/2620/2121 2696/2612/2116 2703/2619/2118
f 2342/2259/1829 2697/2613/2117 2334/2251/1821
f 2708/2624/2123 2699/2615/2118 2707/2623/2105
f 2305/2222/1798 2722/2638/2135 2729/2645/2122
f 2304/2221/1797 2302/2219/1795 2301/2218/1794
f 2304/2221/1797 2376/2293/1861 2722/2638/2135
f 2304/2221/1797 2308/2225/1801 2376/2293/1861
f 2304/2221/1797 2301/2218/1794 2308/2225/1801
f 2315/2232/1808 2730/2646/2138 2731/2647/2124
f 2730/2646/2138 2315/2232/1808 2314/2231/1807
f 2314/2231/1807 2311/2228/1804 2313/2230/1806
f 2321/2238/1813 2706/2622/2122 2342/2259/1829
f 2320/2237/1798 2318/2235/1811 2317/2234/1810
f 2329/2246/1817 2732/2648/2124 2733/2649/2139
f 2732/2648/2124 2329/2246/1817 2328/2245/1808
f 2328/2245/1808 2326/2243/112 2330/2247/1804
f 2355/2272/1840 2734/2650/1817 2735/2651/2125
f 2355/2272/1840 2351/2268/112 2734/2650/1817
f 2735/2651/2125 2734/2650/1817 2736/2652/2139
f 2360/2277/1845 2355/2272/1840 2737/2653/2140
f 2360/2277/1845 2352/2269/1838 2355/2272/1840
f 2737/2653/2140 2355/2272/1840 2735/2651/2125
f 2366/2283/1851 2374/2291/1859 2363/2280/1848
f 2366/2283/1851 2714/2630/2128 2713/2629/2127
f 2365/2282/1850 2363/2280/1848 2362/2279/1847
f 2372/2289/1857 2360/2277/1845 2726/2642/2130
f 2372/2289/1857 2358/2275/1843 2360/2277/1845
f 2726/2642/2130 2360/2277/1845 2737/2653/2140
f 2375/2292/1860 2738/2654/2141 2374/2291/1859
f 2375/2292/1860 2713/2629/2127 2712/2628/2126
f 2376/2293/1861 2370/2287/1855 2372/2289/1857
f 2376/2293/1861 2372/2289/1857 2725/2641/2137
f 2721/2637/2134 2712/2628/2126 2718/2634/2120
f 2386/2303/1807 2739/2655/2120 2740/2656/2138
f 2739/2655/2120 2386/2303/1807 2385/2302/1869
f 2385/2302/1869 2383/2300/1867 2380/2297/1865
f 2738/2654/2141 2375/2292/1860 2721/2637/2134
f 2741/2657/2142 2742/2658/2143 2743/2659/2144
f 2742/2658/2143 2744/2660/2145 2745/2661/2146
f 2742/2658/2143 2741/2657/2142 2746/2662/2147
f 2743/2659/2144 2745/2661/2146 2747/2663/2148
f 2746/2662/2147 2748/2664/2149 2742/2658/2143
f 2749/2665/2150 2750/2666/2151 2751/2667/2152
f 2750/2666/2151 2752/2668/2153 2753/2669/2154
f 2751/2667/2152 2750/2666/2151 2753/2669/2154
f 2751/2667/2152 2754/2670/2155 2749/2665/2150
f 2753/2669/2154 2752/2668/2153 2755/2671/2156
f 2745/2661/2146 2743/2659/2144 2742/2658/2143
f 2747/2663/2148 2756/2672/2157 2743/2659/2144
f 2757/2673/2152 2758/2674/2154 2759/2675/1364
f 2758/2674/2154 2760/2676/2158 2761/2677/2159
f 2759/2675/1364 2758/2674/2154 2761/2677/2159
f 2759/2675/1364 2762/2678/2160 2757/2673/2152
f 2761/2677/2159 2760/2676/2158 2763/2679/2161
f 2764/2680/1841 2765/2681/1877 2766/2682/1877
f 2765/2681/1877 2764/2680/1841 2767/2683/1841
f 2767/2683/1841 2768/2684/1815 2769/2685/1815
f 2770/2686/2162 2771/2687/2163 2772/2688/2164
f 2770/2686/2162 2745/2661/2146 2744/2660/2145
f 2770/2686/2162 2744/2660/2145 2773/2689/2165
f 2770/2686/2162 2773/2689/2165 2774/2690/2166
f 2770/2686/2162 2774/2690/2166 2775/2691/2167
f 2770/2686/2162 2775/2691/2167 2776/2692/2168
f 2770/2686/2162 2776/2692/2168 2777/2693/2169
f 2770/2686/2162 2777/2693/2169 2778/2694/2170
f 2770/2686/2162 2778/2694/2170 2771/2687/2163
f 2770/2686/2162 2779/2695/2171 2780/2696/2172
f 2770/2686/2162 2772/2688/2164 2781/2697/2173
f 2770/2686/2162 2781/2697/2173 2779/2695/2171
f 2770/2686/2162 2782/2698/2174 2747/2663/2148
f 2770/2686/2162 2783/2699/2175 2782/2698/2174
f 2770/2686/2162 2784/2700/2176 2783/2699/2175
f 2770/2686/2162 2785/2701/2177 2784/2700/2176
f 2770/2686/2162 2786/2702/2178 2785/2701/2177
f 2770/2686/2162 2787/2703/2179 2786/2702/2178
f 2770/2686/2162 2780/2696/2172 2787/2703/2179
f 2770/2686/2162 2747/2663/2148 2745/2661/2146
f 2788/2704/1390 2789/2705/2159 2790/2706/2180
f 2789/2705/2159 2791/2707/2161 2792/2708/2181
f 2790/2706/2180 2789/2705/2159 2792/2708/2181
f 2790/2706/2180 2793/2709/2182 2788/2704/1390
f 2790/2706/2180 2792/2708/2181 2794/2710/2183
f 2792/2708/2181 2791/2707/2161 2795/2711/2184
f 2792/2708/2181 2795/2711/2184 2796/2712/2185
f 2794/2710/2183 2797/2713/2186 2798/2714/2187
f 2794/2710/2183 2792/2708/2181 2796/2712/2185
f 2794/2710/2183 2799/2715/2188 2790/2706/2180
f 2796/2712/2185 2795/2711/2184 2800/2716/2189
f 2796/2712/2185 2800/2716/2189 2797/2713/2186
f 2801/2717/2190 2802/2718/2191 2803/2719/2192
f 2801/2717/2190 2804/2720/2193 2805/2721/2194
f 2802/2718/2191 2801/2717/2190 2806/2722/2195
f 2803/2719/2192 2807/2723/2196 2801/2717/2190
f 2806/2722/2195 2808/2724/2197 2802/2718/2191
f 2806/2722/2195 2805/2721/2194 2809/2725/2198
f 2797/2713/2186 2810/2726/2199 2811/2727/2200
f 2797/2713/2186 2794/2710/2183 2796/2712/2185
f 2797/2713/2186 2800/2716/2189 2812/2728/2201
f 2798/2714/2187 2811/2727/2200 2813/2729/2202
f 2805/2721/2194 2806/2722/2195 2801/2717/2190
f 2809/2725/2198 2814/2730/2203 2806/2722/2195
f 2811/2727/2200 2798/2714/2187 2797/2713/2186
f 2811/2727/2200 2815/2731/2204 2816/2732/2205
f 2813/2729/2202 2816/2732/2205 2817/2733/2206
f 2818/2734/2207 2819/2735/2194 2820/2736/2208
f 2820/2736/2208 2821/2737/2209 2822/2738/2150
f 2820/2736/2208 2823/2739/2210 2818/2734/2207
f 2820/2736/2208 2819/2735/2194 2821/2737/2209
f 2821/2737/2209 2819/2735/2194 2824/2740/2211
f 2816/2732/2205 2813/2729/2202 2811/2727/2200
f 2822/2738/2150 2825/2741/2212 2820/2736/2208
f 2822/2738/2150 2821/2737/2209 2826/2742/2213
f 2826/2742/2213 2827/2743/2214 2828/2744/2215
f 2826/2742/2213 2821/2737/2209 2827/2743/2214
f 2815/2731/2204 2811/2727/2200 2810/2726/2199
f 2810/2726/2199 2829/2745/2216 2815/2731/2204
f 2810/2726/2199 2797/2713/2186 2812/2728/2201
f 2827/2743/2214 2821/2737/2209 2824/2740/2211
f 2748/2664/2149 2746/2662/2147 2830/2746/2204
f 2748/2664/2149 2773/2689/2165 2744/2660/2145
f 2830/2746/2204 2831/2747/2217 2748/2664/2149
f 2744/2660/2145 2742/2658/2143 2748/2664/2149
f 2763/2679/2161 2832/2748/2218 2833/2749/2219
f 2763/2679/2161 2760/2676/2158 2832/2748/2218
f 2834/2750/2220 2835/2751/2221 2836/2752/2222
f 2835/2751/2221 2834/2750/2220 2837/2753/2221
f 2837/2753/2221 2838/2754/2223 2835/2751/2221
f 2791/2707/2161 2839/2755/2219 2795/2711/2184
f 2795/2711/2184 2840/2756/2224 2800/2716/2189
f 2795/2711/2184 2839/2755/2219 2840/2756/2224
f 2800/2716/2189 2840/2756/2224 2841/2757/2225
f 2800/2716/2189 2841/2757/2225 2812/2728/2201
f 2807/2723/2196 2803/2719/2192 2842/2758/2226
f 2842/2758/2226 2843/2759/2227 2807/2723/2196
f 2812/2728/2201 2841/2757/2225 2844/2760/2228
f 2812/2728/2201 2845/2761/2229 2810/2726/2199
f 2804/2720/2193 2801/2717/2190 2807/2723/2196
f 2846/2762/2105 2847/2763/2097 2848/2764/2105
f 2846/2762/2105 2849/2765/2123 2850/2766/2123
f 2847/2763/2097 2846/2762/2105 2851/2767/2097
f 2851/2767/2097 2852/2768/2066 2847/2763/2097
f 2843/2759/2227 2842/2758/2226 2853/2769/2230
f 2854/2770/2196 2855/2771/2231 2856/2772/2211
f 2855/2771/2231 2857/2773/2232 2858/2774/2233
f 2855/2771/2231 2854/2770/2196 2859/2775/2227
f 2856/2772/2211 2858/2774/2233 2860/2776/2234
f 2859/2775/2227 2861/2777/2235 2855/2771/2231
f 2845/2761/2229 2812/2728/2201 2844/2760/2228
f 2858/2774/2233 2856/2772/2211 2855/2771/2231
f 2829/2745/2216 2810/2726/2199 2845/2761/2229
f 2862/2778/2215 2858/2774/2233 2863/2779/2236
f 2862/2778/2215 2860/2776/2234 2858/2774/2233
f 2863/2779/2236 2857/2773/2232 2864/2780/2237
f 2863/2779/2236 2858/2774/2233 2857/2773/2232
f 2831/2747/2217 2774/2690/2166 2773/2689/2165
f 2831/2747/2217 2830/2746/2204 2865/2781/2238
f 2865/2781/2238 2866/2782/2239 2831/2747/2217
f 2867/2783/2158 2868/2784/2240 2869/2785/2241
f 2867/2783/2158 2869/2785/2241 2870/2786/2218
f 2869/2785/2241 2871/2787/2237 2870/2786/2218
f 2870/2786/2218 2871/2787/2237 2872/2788/2242
f 2773/2689/2165 2748/2664/2149 2831/2747/2217
f 2857/2773/2232 2855/2771/2231 2861/2777/2235
f 2864/2780/2237 2873/2789/2243 2874/2790/2244
f 2864/2780/2237 2857/2773/2232 2873/2789/2243
f 2866/2782/2239 2775/2691/2167 2774/2690/2166
f 2866/2782/2239 2865/2781/2238 2875/2791/2245
f 2875/2791/2245 2876/2792/2246 2877/2793/2247
f 2875/2791/2245 2878/2794/2248 2866/2782/2239
f 2872/2788/2242 2871/2787/2237 2879/2795/2249
f 2872/2788/2242 2879/2795/2249 2880/2796/2250
f 2774/2690/2166 2831/2747/2217 2866/2782/2239
f 2881/2797/2218 2882/2798/2251 2883/2799/2252
f 2882/2798/2251 2884/2800/2250 2885/2801/2253
f 2883/2799/2252 2882/2798/2251 2885/2801/2253
f 2885/2801/2253 2884/2800/2250 2886/2802/2254
f 2887/2803/2052 2888/2804/2057 2889/2805/2057
f 2888/2804/2057 2887/2803/2052 2890/2806/2052
f 2889/2805/2057 2852/2768/2066 2891/2807/2066
f 2892/2808/2255 2893/2809/2253 2894/2810/2224
f 2893/2809/2253 2895/2811/2223 2896/2812/2256
f 2894/2810/2224 2893/2809/2253 2896/2812/2256
f 2896/2812/2256 2895/2811/2223 2897/2813/2257
f 2896/2812/2256 2897/2813/2257 2898/2814/2258
f 2899/2815/2259 2900/2816/2260 2901/2817/2260
f 2900/2816/2260 2899/2815/2259 2902/2818/2259
f 2901/2817/2260 2903/2819/2261 2904/2820/2261
f 2905/2821/2262 2894/2810/2224 2896/2812/2256
f 2905/2821/2262 2896/2812/2256 2898/2814/2258
f 2898/2814/2258 2897/2813/2257 2906/2822/2263
f 2907/2823/2264 2908/2824/2265 2859/2775/2227
f 2908/2824/2265 2907/2823/2264 2909/2825/2266
f 2908/2824/2265 2910/2826/2267 2861/2777/2235
f 2909/2825/2266 2911/2827/2268 2908/2824/2265
f 2912/2828/2228 2905/2821/2262 2898/2814/2258
f 2912/2828/2228 2898/2814/2258 2913/2829/2269
f 2913/2829/2269 2898/2814/2258 2906/2822/2263
f 2913/2829/2269 2914/2830/2270 2915/2831/2271
f 2913/2829/2269 2906/2822/2263 2914/2830/2270
f 2861/2777/2235 2873/2789/2243 2857/2773/2232
f 2861/2777/2235 2859/2775/2227 2908/2824/2265
f 2915/2831/2271 2916/2832/2229 2913/2829/2269
f 2915/2831/2271 2914/2830/2270 2917/2833/2272
f 2916/2832/2229 2912/2828/2228 2913/2829/2269
f 2876/2792/2246 2875/2791/2245 2865/2781/2238
f 2877/2793/2247 2918/2834/2273 2875/2791/2245
f 2897/2813/2257 2919/2835/2274 2906/2822/2263
f 2906/2822/2263 2920/2836/2275 2914/2830/2270
f 2911/2827/2268 2921/2837/2276 2922/2838/2277
f 2911/2827/2268 2909/2825/2266 2921/2837/2276
f 2914/2830/2270 2923/2839/2278 2917/2833/2272
f 2910/2826/2267 2911/2827/2268 2924/2840/2279
f 2910/2826/2267 2908/2824/2265 2911/2827/2268
f 2873/2789/2243 2910/2826/2267 2925/2841/2280
f 2873/2789/2243 2926/2842/2281 2874/2790/2244
f 2873/2789/2243 2861/2777/2235 2910/2826/2267
f 2918/2834/2273 2877/2793/2247 2927/2843/2282
f 2918/2834/2273 2928/2844/2283 2878/2794/2248
f 2927/2843/2282 2929/2845/2284 2918/2834/2273
f 2878/2794/2248 2875/2791/2245 2918/2834/2273
f 2878/2794/2248 2776/2692/2168 2775/2691/2167
f 2879/2795/2249 2930/2846/2285 2880/2796/2250
f 2775/2691/2167 2866/2782/2239 2878/2794/2248
f 2884/2800/2250 2931/2847/2221 2886/2802/2254
f 2895/2811/2223 2932/2848/2286 2897/2813/2257
f 2928/2844/2283 2918/2834/2273 2929/2845/2284
f 2929/2845/2284 2933/2849/2287 2928/2844/2283
f 2929/2845/2284 2927/2843/2282 2934/2850/2288
f 2930/2846/2285 2879/2795/2249 2935/2851/2281
f 2935/2851/2281 2936/2852/2289 2930/2846/2285
f 2776/2692/2168 2933/2849/2287 2777/2693/2169
f 2776/2692/2168 2878/2794/2248 2928/2844/2283
f 2931/2847/2221 2884/2800/2250 2937/2853/2285
f 2937/2853/2285 2938/2854/2220 2931/2847/2221
f 2932/2848/2286 2939/2855/2290 2919/2835/2274
f 2932/2848/2286 2895/2811/2223 2940/2856/2221
f 2940/2856/2221 2941/2857/2291 2932/2848/2286
f 2919/2835/2274 2942/2858/2292 2920/2836/2275
f 2919/2835/2274 2897/2813/2257 2932/2848/2286
f 2924/2840/2279 2922/2838/2277 2943/2859/2293
f 2924/2840/2279 2911/2827/2268 2922/2838/2277
f 2920/2836/2275 2944/2860/2294 2923/2839/2278
f 2920/2836/2275 2906/2822/2263 2919/2835/2274
f 2925/2841/2280 2924/2840/2279 2945/2861/2295
f 2925/2841/2280 2910/2826/2267 2924/2840/2279
f 2923/2839/2278 2914/2830/2270 2920/2836/2275
f 2946/2862/2296 2947/2863/2297 2926/2842/2281
f 2946/2862/2296 2925/2841/2280 2948/2864/2298
f 2946/2862/2296 2873/2789/2243 2925/2841/2280
f 2934/2850/2288 2949/2865/2299 2929/2845/2284
f 2926/2842/2281 2873/2789/2243 2946/2862/2296
f 2945/2861/2295 2924/2840/2279 2943/2859/2293
f 2942/2858/2292 2919/2835/2274 2939/2855/2290
f 2939/2855/2290 2932/2848/2286 2941/2857/2291
f 2948/2864/2298 2925/2841/2280 2945/2861/2295
f 2948/2864/2298 2945/2861/2295 2950/2866/2300
f 2944/2860/2294 2920/2836/2275 2942/2858/2292
f 2951/2867/2301 2952/2868/2302 2947/2863/2297
f 2951/2867/2301 2946/2862/2296 2948/2864/2298
f 2951/2867/2301 2948/2864/2298 2953/2869/2303
f 2949/2865/2299 2954/2870/2304 2955/2871/2305
f 2949/2865/2299 2934/2850/2288 2956/2872/2306
f 2947/2863/2297 2946/2862/2296 2951/2867/2301
f 2933/2849/2287 2929/2845/2284 2949/2865/2299
f 2933/2849/2287 2955/2871/2305 2957/2873/2307
f 2933/2849/2287 2778/2694/2170 2777/2693/2169
f 2933/2849/2287 2776/2692/2168 2928/2844/2283
f 2936/2852/2289 2935/2851/2281 2958/2874/2297
f 2958/2874/2297 2959/2875/2308 2936/2852/2289
f 2938/2854/2220 2937/2853/2285 2960/2876/2309
f 2961/2877/2310 2962/2878/2222 2963/2879/2310
f 2961/2877/2310 2964/2880/2311 2965/2881/2311
f 2962/2878/2222 2961/2877/2310 2966/2882/2222
f 2941/2857/2291 2940/2856/2221 2967/2883/2220
f 2968/2884/1967 2969/2885/1964 2970/2886/1964
f 2969/2885/1964 2971/2887/1965 2970/2886/1964
f 2969/2885/1964 2968/2884/1967 2972/2888/1967
f 2972/2888/1967 2973/2889/477 2974/2890/477
f 2959/2875/2308 2958/2874/2297 2975/2891/2312
f 2778/2694/2170 2933/2849/2287 2957/2873/2307
f 2957/2873/2307 2771/2687/2163 2778/2694/2170
f 2976/2892/2313 2977/2893/2310 2978/2894/2222
f 2977/2893/2310 2979/2895/2308 2980/2896/2314
f 2977/2893/2310 2976/2892/2313 2979/2895/2308
f 2981/2897/2222 2982/2898/2315 2983/2899/2316
f 2982/2898/2315 2984/2900/2317 2985/2901/2311
f 2982/2898/2315 2981/2897/2222 2984/2900/2317
f 2983/2899/2316 2986/2902/2318 2987/2903/2290
f 2852/2768/2066 2851/2767/2097 2891/2807/2066
f 2852/2768/2066 2889/2805/2057 2888/2804/2057
f 2986/2902/2318 2983/2899/2316 2982/2898/2315
f 2986/2902/2318 2988/2904/2319 2987/2903/2290
f 2986/2902/2318 2982/2898/2315 2989/2905/2320
f 2990/2906/2321 2991/2907/2322 2992/2908/2295
f 2990/2906/2321 2993/2909/2323 2991/2907/2322
f 2992/2908/2295 2994/2910/2293 2990/2906/2321
f 2988/2904/2319 2986/2902/2318 2995/2911/2324
f 2995/2911/2324 2996/2912/2325 2988/2904/2319
f 2995/2911/2324 2986/2902/2318 2997/2913/2326
f 2950/2866/2300 2953/2869/2303 2948/2864/2298
f 2996/2912/2325 2995/2911/2324 2998/2914/2327
f 2999/2915/2328 2951/2867/2301 2953/2869/2303
f 2954/2870/2304 2949/2865/2299 2956/2872/2306
f 2955/2871/2305 2933/2849/2287 2949/2865/2299
f 2952/2868/2302 2951/2867/2301 2999/2915/2328
f 2997/2913/2326 3000/2916/2329 2995/2911/2324
f 2997/2913/2326 2989/2905/2320 3001/2917/2330
f 3000/2916/2329 3002/2918/2331 2998/2914/2327
f 3000/2916/2329 2997/2913/2326 3003/2919/2332
f 3000/2916/2329 2998/2914/2327 2995/2911/2324
f 3004/2920/2333 3005/2921/2334 3006/2922/2323
f 3004/2920/2333 3007/2923/2335 3008/2924/2336
f 3005/2921/2334 3004/2920/2333 3009/2925/2337
f 3006/2922/2323 3010/2926/2338 3004/2920/2333
f 3009/2925/2337 3008/2924/2336 3011/2927/2339
f 3002/2918/2331 3012/2928/2340 3013/2929/2341
f 3002/2918/2331 3013/2929/2341 2998/2914/2327
f 3002/2918/2331 3000/2916/2329 3014/2930/2342
f 3008/2924/2336 3015/2931/2343 3016/2932/2344
f 3008/2924/2336 3009/2925/2337 3004/2920/2333
f 3008/2924/2336 3016/2932/2344 3017/2933/2302
f 3012/2928/2340 3002/2918/2331 3018/2934/2345
f 3017/2933/2302 3011/2927/2339 3008/2924/2336
f 3019/2935/2346 3020/2936/2347 2957/2873/2307
f 3019/2935/2346 2957/2873/2307 2955/2871/2305
f 3020/2936/2347 3019/2935/2346 3021/2937/2348
f 3022/2938/2344 3023/2939/2314 3024/2940/2349
f 3023/2939/2314 3022/2938/2344 3025/2941/2343
f 3024/2940/2349 3026/2942/2350 3022/2938/2344
f 2771/2687/2163 2957/2873/2307 3020/2936/2347
f 2771/2687/2163 3020/2936/2347 3027/2943/2351
f 2980/2896/2314 3028/2944/2311 2977/2893/2310
f 3028/2944/2311 2980/2896/2314 3029/2945/2352
f 2838/2754/2223 3030/2946/2253 3031/2947/2253
f 2838/2754/2223 3032/2948/2223 3030/2946/2253
f 2838/2754/2223 2837/2753/2221 3032/2948/2223
f 3031/2947/2253 3033/2949/2252 3034/2950/2252
f 3031/2947/2253 3030/2946/2253 3033/2949/2252
f 2985/2901/2311 2989/2905/2320 2982/2898/2315
f 2989/2905/2320 2997/2913/2326 2986/2902/2318
f 2989/2905/2320 2985/2901/2311 3035/2951/1565
f 2993/2909/2323 2990/2906/2321 3036/2952/2353
f 3036/2952/2353 3037/2953/2354 2993/2909/2323
f 3027/2943/2351 3021/2937/2348 3038/2954/2355
f 3027/2943/2351 2772/2688/2164 2771/2687/2163
f 2772/2688/2164 3027/2943/2351 3039/2955/2356
f 3029/2945/2352 3040/2956/2357 3041/2957/1565
f 3029/2945/2352 3041/2957/1565 3028/2944/2311
f 2768/2684/1815 2767/2683/1841 2764/2680/1841
f 2768/2684/1815 3042/2958/112 2769/2685/1815
f 3042/2958/112 3043/2959/1817 3044/2960/1817
f 3042/2958/112 2768/2684/1815 3045/2961/112
f 3035/2951/1565 3046/2962/2358 3001/2917/2330
f 3035/2951/1565 3001/2917/2330 2989/2905/2320
f 3001/2917/2330 3047/2963/2359 3003/2919/2332
f 3001/2917/2330 3003/2919/2332 2997/2913/2326
f 3048/2964/1907 3049/2965/1877 3050/2966/1907
f 3049/2965/1877 3048/2964/1907 3051/2967/1877
f 3050/2966/1907 3052/2968/1910 3048/2964/1907
f 3003/2919/2332 3053/2969/2360 3014/2930/2342
f 3003/2919/2332 3014/2930/2342 3000/2916/2329
f 3037/2953/2354 3054/2970/2361 3055/2971/2362
f 3037/2953/2354 3036/2952/2353 3054/2970/2361
f 3014/2930/2342 3018/2934/2345 3002/2918/2331
f 3014/2930/2342 3056/2972/2363 3018/2934/2345
f 3010/2926/2338 3006/2922/2323 3057/1882/2354
f 3018/2934/2345 3058/2973/2348 3012/2928/2340
f 3007/2923/2335 3010/2926/2338 3059/2974/2364
f 3007/2923/2335 3004/2920/2333 3010/2926/2338
f 3058/2973/2348 3018/2934/2345 3056/2972/2363
f 3015/2931/2343 3007/2923/2335 3060/2975/2365
f 3015/2931/2343 3008/2924/2336 3007/2923/2335
f 3021/2937/2348 3027/2943/2351 3020/2936/2347
f 3025/2941/2343 3061/2976/2366 3062/2977/2367
f 3025/2941/2343 3062/2977/2367 3023/2939/2314
f 3056/2972/2363 3014/2930/2342 3053/2969/2360
f 3056/2972/2363 3063/2978/2368 3064/2979/2369
f 3053/2969/2360 3003/2919/2332 3047/2963/2359
f 3053/2969/2360 3063/2978/2368 3056/2972/2363
f 3059/2974/2364 3060/2975/2365 3007/2923/2335
f 3060/2975/2365 3065/2980/2370 3066/2981/2371
f 3060/2975/2365 3066/2981/2371 3015/2931/2343
f 3064/2979/2369 3058/2973/2348 3056/2972/2363
f 3064/2979/2369 3063/2978/2368 3067/2982/2372
f 3039/2955/2356 3068/2983/2372 3069/2984/2373
f 3039/2955/2356 3038/2954/2355 3068/2983/2372
f 3039/2955/2356 3027/2943/2351 3038/2954/2355
f 3039/2955/2356 2781/2697/2173 2772/2688/2164
f 3061/2976/2366 3025/2941/2343 3070/2985/2371
f 3070/2985/2371 3071/2986/2374 3061/2976/2366
f 2781/2697/2173 3069/2984/2373 2779/2695/2171
f 2781/2697/2173 3039/2955/2356 3069/2984/2373
f 3040/2956/2357 3029/2945/2352 3072/2987/2375
f 3072/2987/2375 3073/2988/2376 3040/2956/2357
f 3046/2962/2358 3035/2951/1565 3074/2989/2357
f 3046/2962/2358 3075/2990/2377 3047/2963/2359
f 3074/2989/2357 3076/2991/2378 3046/2962/2358
f 2973/2889/477 2972/2888/1967 2968/2884/1967
f 2974/2890/477 3077/2992/2007 3078/2993/2007
f 3047/2963/2359 3001/2917/2330 3046/2962/2358
f 3047/2963/2359 3079/2994/2379 3053/2969/2360
f 3055/2971/2362 3080/2995/2380 3037/2953/2354
f 3080/2995/2380 3081/2996/2381 3082/2997/2382
f 3082/2997/2382 3037/2953/2354 3080/2995/2380
f 2779/2695/2171 3083/2998/2383 2780/2696/2172
f 3076/2991/2378 3074/2989/2357 3084/2999/2384
f 3077/2992/2007 2974/2890/477 2973/2889/477
f 3077/2992/2007 3085/3000/2041 3078/2993/2007
f 3075/2990/2377 3046/2962/2358 3076/2991/2378
f 3086/3001/2385 3087/3002/2386 3080/2995/2380
f 3086/3001/2385 3080/2995/2380 3055/2971/2362
f 3087/3002/2386 3081/2996/2381 3080/2995/2380
f 3087/3002/2386 3088/3003/2387 3081/2996/2381
f 3087/3002/2386 3089/3004/2388 3090/3005/2389
f 3079/2994/2379 3047/2963/2359 3075/2990/2377
f 3063/2978/2368 3053/2969/2360 3079/2994/2379
f 3091/3006/2390 3092/3007/2391 3060/2975/2365
f 3091/3006/2390 3060/2975/2365 3059/2974/2364
f 3092/3007/2391 3093/3008/2392 3065/2980/2370
f 3065/2980/2370 3060/2975/2365 3092/3007/2391
f 3068/2983/2372 3094/3009/2393 3069/2984/2373
f 3069/2984/2373 3094/3009/2393 3083/2998/2383
f 3069/2984/2373 3083/2998/2383 2779/2695/2171
f 3071/2986/2374 3070/2985/2371 3095/3010/2394
f 3095/3010/2394 3096/3011/2395 3071/2986/2374
f 3073/2988/2376 3072/2987/2375 3097/3012/2374
f 3098/3013/2396 3099/3014/2397 3100/3015/2398
f 3098/3013/2396 3101/3016/2399 3102/3017/2400
f 3098/3013/2396 3103/3018/2401 3088/3003/2387
f 3098/3013/2396 3102/3017/2400 3103/3018/2401
f 3104/3019/2402 3105/3020/2372 3106/3021/2368
f 3104/3019/2402 3107/3022/2403 3105/3020/2372
f 3093/3008/2392 3092/3007/2391 3108/3023/2400
f 3096/3011/2395 3095/3010/2394 3109/3024/2404
f 2780/2696/2172 3110/3025/2405 2787/2703/2179
f 3111/3026/2406 3112/3027/2374 3113/3028/2407
f 3112/3027/2374 3111/3026/2406 3114/3029/2408
f 3113/3028/2407 3115/3030/2409 3111/3026/2406
f 3116/3031/2410 3117/3032/2408 3118/3033/2406
f 3116/3031/2410 3119/3034/2411 3120/3035/2412
f 3117/3032/2408 3116/3031/2410 3121/3036/2378
f 3118/3033/2406 3122/3037/2413 3116/3031/2410
f 3121/3036/2378 3120/3035/2412 3123/3038/2377
f 3085/3000/2041 3077/2992/2007 3124/3039/2041
f 3124/3039/2041 3125/3040/2052 3085/3000/2041
f 3120/3035/2412 3126/3041/2414 3127/3042/2415
f 3120/3035/2412 3121/3036/2378 3116/3031/2410
f 3123/3038/2377 3127/3042/2415 3128/3043/2416
f 3089/3004/2388 3087/3002/2386 3086/3001/2385
f 3090/3005/2389 3098/3013/2396 3088/3003/2387
f 3090/3005/2389 3088/3003/2387 3087/3002/2386
f 3090/3005/2389 3129/3044/2417 3099/3014/2397
f 3127/3042/2415 3123/3038/2377 3120/3035/2412
f 3127/3042/2415 3104/3019/2402 3106/3021/2368
f 3127/3042/2415 3106/3021/2368 3128/3043/2416
f 3122/3037/2413 3118/3033/2406 3130/3045/2409
f 3122/3037/2413 3131/3046/2418 3119/3034/2411
f 3130/3045/2409 3132/3047/2419 3122/3037/2413
f 3119/3034/2411 3116/3031/2410 3122/3037/2413
f 3119/3034/2411 3133/3048/2420 3126/3041/2414
f 3129/3044/2417 3090/3005/2389 3089/3004/2388
f 3099/3014/2397 3134/3049/2421 3135/3050/2422
f 3099/3014/2397 3098/3013/2396 3090/3005/2389
f 3126/3041/2414 3104/3019/2402 3127/3042/2415
f 3126/3041/2414 3136/3051/2423 3104/3019/2402
f 3126/3041/2414 3120/3035/2412 3119/3034/2411
f 3100/3015/2398 3135/3050/2422 3137/3052/2424
f 3136/3051/2423 3138/3053/2425 3107/3022/2403
f 3136/3051/2423 3107/3022/2403 3104/3019/2402
f 3136/3051/2423 3126/3041/2414 3133/3048/2420
f 3101/3016/2399 3098/3013/2396 3100/3015/2398
f 3138/3053/2425 3136/3051/2423 3139/3054/2426
f 3140/3055/2427 3141/3056/2428 3142/3057/2399
f 3141/3056/2428 3140/3055/2427 3143/3058/2429
f 3142/3057/2399 3144/3059/2430 3140/3055/2427
f 3145/3060/2425 3110/3025/2405 3083/2998/2383
f 3145/3060/2425 3083/2998/2383 3094/3009/2393
f 3110/3025/2405 2780/2696/2172 3083/2998/2383
f 3146/3061/2431 3147/3062/2432 3148/3063/2427
f 3147/3062/2432 3146/3061/2431 3149/3064/2433
f 3148/3063/2427 3150/3065/2434 3146/3061/2431
f 3115/3030/2409 3113/3028/2407 3151/3066/2435
f 3151/3066/2435 3152/3067/2436 3115/3030/2409
f 2904/2820/2261 3153/3068/2436 3154/3069/2436
f 3153/3068/2436 3155/3070/2409 3154/3069/2436
f 3153/3068/2436 2904/2820/2261 2903/2819/2261
f 2903/2819/2261 2901/2817/2260 2900/2816/2260
f 3139/3054/2426 3156/3071/2437 3157/3072/2438
f 3139/3054/2426 3157/3072/2438 3138/3053/2425
f 3157/3072/2438 3158/3073/2439 3159/3074/2440
f 3157/3072/2438 3159/3074/2440 3160/3075/2405
f 3144/3059/2430 3161/3076/2441 3162/3077/2442
f 3144/3059/2430 3142/3057/2399 3161/3076/2441
f 3161/3076/2441 3163/228/2443 3164/3078/2444
f 3161/3076/2441 3165/3079/2445 3163/228/2443
f 3160/3075/2405 3138/3053/2425 3157/3072/2438
f 3150/3065/2434 3148/3063/2427 3166/3080/2446
f 3150/3065/2434 3166/3080/2446 3167/3081/2447
f 3168/3082/2440 2787/2703/2179 3110/3025/2405
f 3168/3082/2440 2786/2702/2178 2787/2703/2179
f 3152/3067/2436 3151/3066/2435 3169/3083/2434
f 3152/3067/2436 3169/3083/2434 3170/3084/2448
f 3132/3047/2419 3130/3045/2409 3171/3085/2449
f 3132/3047/2419 3171/3085/2449 3172/3086/2261
f 3131/3046/2418 3132/3047/2419 3173/3087/2450
f 3131/3046/2418 3122/3037/2413 3132/3047/2419
f 3134/3049/2421 3099/3014/2397 3129/3044/2417
f 3135/3050/2422 3174/3088/2451 3175/3089/2452
f 3135/3050/2422 3134/3049/2421 3174/3088/2451
f 3135/3050/2422 3175/3089/2452 3137/3052/2424
f 3135/3050/2422 3100/3015/2398 3099/3014/2397
f 3133/3048/2420 3131/3046/2418 3176/3090/2453
f 3133/3048/2420 3139/3054/2426 3136/3051/2423
f 3133/3048/2420 3119/3034/2411 3131/3046/2418
f 3133/3048/2420 3177/3091/2454 3139/3054/2426
f 3137/3052/2424 3175/3089/2452 3178/3092/2455
f 3165/3079/2445 3161/3076/2441 3142/3057/2399
f 3173/3087/2450 3176/3090/2453 3131/3046/2418
f 3173/3087/2450 3172/3086/2261 3179/3093/2260
f 3173/3087/2450 3132/3047/2419 3172/3086/2261
f 3176/3090/2453 3173/3087/2450 3180/3094/2456
f 3176/3090/2453 3181/3095/2457 3133/3048/2420
f 3175/3089/2452 3174/3088/2451 3182/3096/2458
f 3181/3095/2457 3176/3090/2453 3183/3097/2459
f 3181/3095/2457 3184/3098/2460 3177/3091/2454
f 3178/3092/2455 3175/3089/2452 3185/3099/2461
f 3177/3091/2454 3133/3048/2420 3181/3095/2457
f 3177/3091/2454 3186/3100/2462 3156/3071/2437
f 3162/3077/2442 3187/3101/2447 3144/3059/2430
f 3162/3077/2442 3161/3076/2441 3164/3078/2444
f 3156/3071/2437 3188/3102/2463 3158/3073/2439
f 3156/3071/2437 3139/3054/2426 3177/3091/2454
f 3187/3101/2447 3162/3077/2442 3189/3103/2464
f 3158/3073/2439 3157/3072/2438 3156/3071/2437
f 3190/3104/2465 3167/3081/2447 3191/3105/2466
f 3190/3104/2465 3150/3065/2434 3167/3081/2447
f 3192/3106/2439 2785/2701/2177 2786/2702/2178
f 3192/3106/2439 2786/2702/2178 3168/3082/2440
f 2785/2701/2177 3192/3106/2439 3193/3107/2467
f 3194/3108/2261 3170/3084/2448 3195/3109/2468
f 3194/3108/2261 3152/3067/2436 3170/3084/2448
f 3196/3110/2123 3044/2960/1817 3043/2959/1817
f 3044/2960/1817 3196/3110/2123 3197/3111/2123
f 3043/2959/1817 3042/2958/112 3045/2961/112
f 3189/3103/2464 3198/3112/2469 3199/3113/2466
f 3189/3103/2464 3199/3113/2466 3187/3101/2447
f 3188/3102/2463 3156/3071/2437 3186/3100/2462
f 3186/3100/2462 3177/3091/2454 3184/3098/2460
f 3191/3105/2466 3200/3114/2470 3190/3104/2465
f 3200/3114/2470 3191/3105/2466 3201/3115/2469
f 3193/3107/2467 2783/2699/2175 2784/2700/2176
f 3193/3107/2467 2784/2700/2176 2785/2701/2177
f 3202/3116/2260 3194/3108/2261 3195/3109/2468
f 3202/3116/2260 3195/3109/2468 3203/3117/2471
f 3204/3118/1935 3205/2080/1965 3206/2079/1965
f 3205/2080/1965 3204/3118/1935 3207/3119/1935
f 3207/3119/1935 3052/2968/1910 3208/3120/1910
f 3180/3094/2456 3179/3093/2260 3209/3121/2472
f 3180/3094/2456 3173/3087/2450 3179/3093/2260
f 3210/3122/2219 3211/3123/2161 3212/3124/2161
f 3210/3122/2219 3213/3125/2219 3211/3123/2161
f 3212/3124/2161 3214/3126/2159 3215/3127/2159
f 3212/3124/2161 3211/3123/2161 3214/3126/2159
f 3183/3097/2459 3180/3094/2456 3216/3128/2473
f 3183/3097/2459 3217/3129/2474 3181/3095/2457
f 3183/3097/2459 3176/3090/2453 3180/3094/2456
f 3185/3099/2461 3218/3130/2475 3219/3131/2476
f 3185/3099/2461 3175/3089/2452 3182/3096/2458
f 3182/3096/2458 3220/3132/2477 3185/3099/2461
f 3217/3129/2474 3183/3097/2459 3221/3133/2478
f 3217/3129/2474 3222/3134/2479 3184/3098/2460
f 3219/3131/2476 3223/3135/2480 3224/3136/2481
f 3219/3131/2476 3178/3092/2455 3185/3099/2461
f 3184/3098/2460 3181/3095/2457 3217/3129/2474
f 3184/3098/2460 3225/3137/2482 3186/3100/2462
f 3224/3136/2481 3226/3138/2442 3219/3131/2476
f 3226/3138/2442 3178/3092/2455 3219/3131/2476
f 3216/3128/2473 3221/3133/2478 3183/3097/2459
f 3221/3133/2478 3227/3139/2483 3217/3129/2474
f 3220/3132/2477 3228/3140/2484 3218/3130/2475
f 3220/3132/2477 3182/3096/2458 3229/3141/2485
f 3229/3141/2485 2814/2730/2203 3220/3132/2477
f 3218/3130/2475 3185/3099/2461 3220/3132/2477
f 3222/3134/2479 3217/3129/2474 3227/3139/2483
f 3223/3135/2480 3219/3131/2476 3218/3130/2475
f 3225/3137/2482 3184/3098/2460 3222/3134/2479
f 3198/3112/2469 3189/3103/2464 3230/3142/2486
f 3231/3143/2462 3232/3144/2487 3193/3107/2467
f 3232/3144/2487 2782/2698/2174 2783/2699/2175
f 3232/3144/2487 3233/3145/2488 3234/3146/2489
f 3232/3144/2487 3231/3143/2462 3233/3145/2488
f 3201/3115/2469 3235/3147/2471 3200/3114/2470
f 2783/2699/2175 3193/3107/2467 3232/3144/2487
f 3203/3117/2471 3236/3148/2472 3202/3116/2260
f 3209/3121/2472 3216/3128/2473 3180/3094/2456
f 3234/3146/2489 2756/2672/2157 3232/3144/2487
f 2756/2672/2157 2747/2663/2148 2782/2698/2174
f 3237/3149/2490 3238/3150/2491 3239/3151/2471
f 3238/3150/2491 3237/3149/2490 2754/2670/2155
f 2754/2670/2155 2751/2667/2152 3238/3150/2491
f 2782/2698/2174 3232/3144/2487 2756/2672/2157
f 3240/3152/2471 3241/3153/2182 3242/3154/2492
f 3241/3153/2182 3240/3152/2471 2762/2678/2160
f 2762/2678/2160 2759/2675/1364 3241/3153/2182
f 3243/3155/2492 2799/2715/2188 3244/3156/2473
f 2799/2715/2188 2794/2710/2183 3245/3157/2493
f 2799/2715/2188 3243/3155/2492 2793/2709/2182
f 3244/3156/2473 3245/3157/2493 3246/3158/2494
f 2793/2709/2182 2790/2706/2180 2799/2715/2188
f 3245/3157/2493 3244/3156/2473 2799/2715/2188
f 3246/3158/2494 3247/3159/2495 3248/3160/2496
f 2814/2730/2203 2809/2725/2198 3228/3140/2484
f 2814/2730/2203 3229/3141/2485 2808/2724/2197
f 2808/2724/2197 2806/2722/2195 2814/2730/2203
f 3247/3159/2495 3246/3158/2494 3245/3157/2493
f 3247/3159/2495 3245/3157/2493 2794/2710/2183
f 3247/3159/2495 2794/2710/2183 2798/2714/2187
f 3228/3140/2484 3220/3132/2477 2814/2730/2203
f 3249/3161/2479 3248/3160/2496 3247/3159/2495
f 3249/3161/2479 3247/3159/2495 3250/3162/2497
f 3250/3162/2497 2798/2714/2187 2813/2729/2202
f 3250/3162/2497 3247/3159/2495 2798/2714/2187
f 2825/2741/2212 3251/3163/2498 2823/2739/2210
f 2825/2741/2212 2822/2738/2150 3252/3164/2155
f 3251/3163/2498 2825/2741/2212 3253/3165/2499
f 2823/2739/2210 2820/2736/2208 2825/2741/2212
f 3253/3165/2499 3252/3164/2155 3254/3166/2490
f 3255/3167/2489 3256/3168/2500 3250/3162/2497
f 3255/3167/2489 3250/3162/2497 2813/2729/2202
f 3255/3167/2489 2813/2729/2202 2817/2733/2206
f 3256/3168/2500 3249/3161/2479 3250/3162/2497
f 3252/3164/2155 3253/3165/2499 2825/2741/2212
f 3257/3169/2157 3255/3167/2489 2817/2733/2206
f 3257/3169/2157 2817/2733/2206 3258/3170/2144
f 3259/3171/2406 3260/3172/2409 3261/3173/2406
f 3260/3172/2409 3259/3171/2406 3155/3070/2409
f 3261/3173/2406 3262/3174/2408 3259/3171/2406
f 3155/3070/2409 3153/3068/2436 3260/3172/2409
f 2971/2887/1965 2969/2885/1964 3263/3175/1965
f 3125/3040/2052 3124/3039/2041 3264/3176/2052
f 3052/2968/1910 3050/2966/1907 3208/3120/1910
f 3052/2968/1910 3207/3119/1935 3204/3118/1935
f 3215/3127/2159 3214/3126/2159 3265/3177/1364
f 3215/3127/2159 3265/3177/1364 3266/3178/1364
f 3265/3177/1364 3267/3179/2182 3266/3178/1364
f 3268/3180/1565 2965/2881/2311 2964/2880/2311
f 3268/3180/1565 3269/3181/2357 3270/3182/1565
f 3269/3181/2357 3268/3180/1565 3271/3183/2357
f 3271/3183/2357 3272/3184/2501 3269/3181/2357
f 3272/3184/2501 3271/3183/2357 3273/3185/2501
f 3274/3186/2182 3275/3187/2259 3267/3179/2182
f 3275/3187/2259 3274/3186/2182 3276/3188/2259
f 3267/3179/2182 3265/3177/1364 3274/3186/2182
f 2849/2765/2123 2846/2762/2105 2848/2764/2105
f 2964/2880/2311 2961/2877/2310 2963/2879/2310
f 2965/2881/2311 3268/3180/1565 3270/3182/1565
f 3262/3174/2408 3261/3173/2406 3277/3189/2408
f 3278/3190/2502 3279/3191/2503 3280/3192/2504
f 3278/3190/2502 3280/3192/2504 3281/3193/2505
f 3280/3192/2504 3282/3194/2506 3281/3193/2505
f 3280/3192/2504 3283/3195/2507 3282/3194/2506
f 3279/3191/2503 3278/3190/2502 3284/3196/2508
f 3284/3196/2508 3285/3197/2509 3286/3198/2510
f 3282/3194/2506 3287/3199/2511 3281/3193/2505
f 3282/3194/2506 3288/3200/2512 3287/3199/2511
f 3283/3195/2507 3280/3192/2504 3279/3191/2503
f 3288/3200/2512 3282/3194/2506 3283/3195/2507
f 3287/3199/2511 3289/3201/2513 3290/3202/2514
f 3287/3199/2511 3290/3202/2514 3281/3193/2505
f 3290/3202/2514 3291/3203/2515 3281/3193/2505
f 3290/3202/2514 3292/3204/2516 3291/3203/2515
f 3289/3201/2513 3287/3199/2511 3288/3200/2512
f 3291/3203/2515 3293/3205/2517 3281/3193/2505
f 3291/3203/2515 3292/3204/2516 3293/3205/2517
f 3292/3204/2516 3290/3202/2514 3289/3201/2513
f 3293/3205/2517 3294/3206/2518 3281/3193/2505
f 3295/3207/2519 3293/3205/2517 3292/3204/2516
f 3295/3207/2519 3294/3206/2518 3293/3205/2517
f 3294/3206/2518 3296/3208/2520 3281/3193/2505
f 3297/2172/2521 3294/3206/2518 3295/3207/2519
f 3297/2172/2521 3296/3208/2520 3294/3206/2518
f 3296/3208/2520 3297/2172/2521 3298/2174/2522
f 3296/3208/2520 3299/3209/2523 3281/3193/2505
f 3298/2174/2522 3299/3209/2523 3296/3208/2520
f 3299/3209/2523 3298/2174/2522 3300/3210/2524
f 3299/3209/2523 3301/3211/2525 3281/3193/2505
f 3299/3209/2523 3300/3210/2524 3301/3211/2525
f 3301/3211/2525 3300/3210/2524 3302/3212/2526
f 3301/3211/2525 3303/3213/2527 3281/3193/2505
f 3301/3211/2525 3302/3212/2526 3303/3213/2527
f 3302/3212/2526 3304/3214/2528 3303/3213/2527
f 3303/3213/2527 3305/3215/2529 3281/3193/2505
f 3303/3213/2527 3304/3214/2528 3305/3215/2529
f 3305/3215/2529 3306/3216/2530 3281/3193/2505
f 3307/3217/2531 3305/3215/2529 3304/3214/2528
f 3307/3217/2531 3306/3216/2530 3305/3215/2529
f 3306/3216/2530 3308/3218/2532 3281/3193/2505
f 3309/3219/2533 3308/3218/2532 3306/3216/2530
f 3309/3219/2533 3306/3216/2530 3307/3217/2531
f 3308/3218/2532 3309/3219/2533 3310/3220/2534
f 3308/3218/2532 3311/3221/2535 3281/3193/2505
f 3310/3220/2534 3311/3221/2535 3308/3218/2532
f 3311/3221/2535 3312/3222/2536 3281/3193/2505
f 3311/3221/2535 3313/3223/2537 3312/3222/2536
f 3311/3221/2535 3310/3220/2534 3314/3224/2538
f 3313/3223/2537 3311/3221/2535 3314/3224/2538
f 3312/3222/2536 3315/3225/2539 3281/3193/2505
f 3312/3222/2536 3316/3226/2540 3315/3225/2539
f 3315/3225/2539 3317/3227/2541 3281/3193/2505
f 3315/3225/2539 3318/3228/2542 3317/3227/2541
f 3316/3226/2540 3312/3222/2536 3313/3223/2537
f 3317/3227/2541 3285/3197/2509 3281/3193/2505
f 3317/3227/2541 3286/3198/2510 3285/3197/2509
f 3318/3228/2542 3315/3225/2539 3316/3226/2540
f 3285/3197/2509 3278/3190/2502 3281/3193/2505
f 3285/3197/2509 3284/3196/2508 3278/3190/2502
f 3286/3198/2510 3317/3227/2541 3318/3228/2542
f 3319/3229/2543 3320/3230/2544 3321/3231/2545
f 3319/3229/2543 3322/3232/2546 3323/3233/2547
f 3321/3231/2545 3320/3230/2544 3324/3234/2548
f 3321/3231/2545 3325/3235/2549 3322/3232/2546
f 3322/3232/2546 3319/3229/2543 3321/3231/2545
f 3323/3233/2547 3326/3236/2550 3319/3229/2543
f 3324/3234/2548 3327/3237/2551 3325/3235/2549
f 3324/3234/2548 3320/3230/2544 3328/3238/2552
f 3325/3235/2549 3321/3231/2545 3324/3234/2548
f 3327/3237/2551 3324/3234/2548 3328/3238/2552
f 3328/3238/2552 3320/3230/2544 3329/3239/2553
f 3328/3238/2552 3330/3240/2554 3327/3237/2551
f 3329/3239/2553 3320/3230/2544 3331/3241/2555
f 3329/3239/2553 3332/3242/2556 3330/3240/2554
f 3330/3240/2554 3328/3238/2552 3329/3239/2553
f 3331/3241/2555 3333/3243/2557 3332/3242/2556
f 3331/3241/2555 3320/3230/2544 3334/3244/2558
f 3332/3242/2556 3329/3239/2553 3331/3241/2555
f 3334/3244/2558 3320/3230/2544 3335/3245/2559
f 3334/3244/2558 3336/3246/2560 3333/3243/2557
f 3333/3243/2557 3331/3241/2555 3334/3244/2558
f 3335/3245/2559 3320/3230/2544 3337/3247/2561
f 3336/3246/2560 3334/3244/2558 3335/3245/2559
f 3336/3246/2560 3337/3247/2561 3338/3248/2562
f 3337/3247/2561 3336/3246/2560 3335/3245/2559
f 3337/3247/2561 3320/3230/2544 3339/3249/2563
f 3338/3248/2562 3339/3249/2563 3340/3250/2564
f 3339/3249/2563 3338/3248/2562 3337/3247/2561
f 3339/3249/2563 3320/3230/2544 3341/3251/2565
f 3340/3250/2564 3339/3249/2563 3341/3251/2565
f 3341/3251/2565 3320/3230/2544 3342/3252/2566
f 3343/3253/2567 3340/3250/2564 3341/3251/2565
f 3343/3253/2567 3341/3251/2565 3342/3252/2566
f 3342/3252/2566 3344/3254/2568 3343/3253/2567
f 3342/3252/2566 3320/3230/2544 3345/3255/2569
f 3345/3255/2569 3346/3256/2570 3344/3254/2568
f 3345/3255/2569 3344/3254/2568 3342/3252/2566
f 3345/3255/2569 3320/3230/2544 3347/3257/2571
f 3346/3256/2570 3347/3257/2571 3348/3258/2572
f 3347/3257/2571 3346/3256/2570 3345/3255/2569
f 3347/3257/2571 3320/3230/2544 3349/3259/2573
f 3348/3258/2572 3349/3259/2573 3350/3260/2574
f 3349/3259/2573 3348/3258/2572 3347/3257/2571
f 3349/3259/2573 3320/3230/2544 3351/3261/2575
f 3350/3260/2574 3351/3261/2575 3352/3262/2576
f 3351/3261/2575 3320/3230/2544 3353/3263/2577
f 3351/3261/2575 3350/3260/2574 3349/3259/2573
f 3352/3262/2576 3353/3263/2577 3354/3264/2578
f 3352/3262/2576 3351/3261/2575 3353/3263/2577
f 3353/3263/2577 3320/3230/2544 3355/3265/2579
f 3353/3263/2577 3356/3266/2580 3354/3264/2578
f 3355/3265/2579 3320/3230/2544 3357/3267/2581
f 3356/3266/2580 3353/3263/2577 3355/3265/2579
f 3356/3266/2580 3355/3265/2579 3357/3267/2581
f 3357/3267/2581 3358/3268/2582 3356/3266/2580
f 3357/3267/2581 3320/3230/2544 3326/3236/2550
f 3326/3236/2550 3323/3233/2547 3359/3269/2583
f 3326/3236/2550 3358/3268/2582 3357/3267/2581
f 3326/3236/2550 3320/3230/2544 3319/3229/2543
f 3326/3236/2550 3359/3269/2583 3358/3268/2582
f 3360/3270/2584 3361/3271/2585 3362/3272/2586
f 3360/3270/2584 3363/3273/23 3364/3274/2587
f 3364/3274/2587 3365/3275/2588 3360/3270/2584
f 3364/3274/2587 3363/3273/23 3366/3276/2589
f 3365/3275/2588 3364/3274/2587 3367/3277/2590
f 3365/3275/2588 3368/3278/2591 3361/3271/2585
f 3367/3277/2590 3369/3279/2592 3370/3280/2593
f 3367/3277/2590 3366/3276/2589 3371/3281/2594
f 3367/3277/2590 3372/3282/2595 3365/3275/2588
f 3372/3282/2595 3367/3277/2590 3370/3280/2593
f 3369/3279/2592 3367/3277/2590 3371/3281/2594
f 3371/3281/2594 3373/3283/2596 3369/3279/2592
f 3366/3276/2589 3367/3277/2590 3364/3274/2587
f 3366/3276/2589 3363/3273/23 3374/3284/2597
f 3366/3276/2589 3375/3285/2598 3371/3281/2594
f 3374/3284/2597 3363/3273/23 3376/3286/2599
f 3374/3284/2597 3377/3287/2600 3375/3285/2598
f 3375/3285/2598 3366/3276/2589 3374/3284/2597
f 3373/3283/2596 3371/3281/2594 3375/3285/2598
f 3373/3283/2596 3375/3285/2598 3377/3287/2600
f 3373/3283/2596 3377/3287/2600 3378/3288/2601
f 3376/3286/2599 3363/3273/23 3379/3289/2602
f 3377/3287/2600 3380/3290/2603 3378/3288/2601
f 3377/3287/2600 3376/3286/2599 3379/3289/2602
f 3377/3287/2600 3374/3284/2597 3376/3286/2599
f 3379/3289/2602 3363/3273/23 3381/3291/2604
f 3379/3289/2602 3382/3292/2605 3383/3293/2606
f 3379/3289/2602 3383/3293/2606 3377/3287/2600
f 3380/3290/2603 3377/3287/2600 3383/3293/2606
f 3380/3290/2603 3383/3293/2606 3382/3292/2605
f 3381/3291/2604 3363/3273/23 3384/3294/2607
f 3382/3292/2605 3379/3289/2602 3381/3291/2604
f 3382/3292/2605 3385/3295/2608 3380/3290/2603
f 3382/3292/2605 3381/3291/2604 3384/3294/2607
f 3385/3295/2608 3382/3292/2605 3386/3296/2609
f 3384/3294/2607 3386/3296/2609 3382/3292/2605
f 3384/3294/2607 3387/3297/2610 3386/3296/2609
f 3384/3294/2607 3363/3273/23 3388/3298/2611
f 3386/3296/2609 3389/3299/2612 3385/3295/2608
f 3388/3298/2611 3363/3273/23 3390/3300/2613
f 3387/3297/2610 3389/3299/2612 3386/3296/2609
f 3387/3297/2610 3391/3301/2614 3389/3299/2612
f 3387/3297/2610 3384/3294/2607 3388/3298/2611
f 3390/3300/2613 3363/3273/23 3392/3302/2615
f 3390/3300/2613 3393/3303/2616 3394/3304/2617
f 3390/3300/2613 3387/3297/2610 3388/3298/2611
f 3390/3300/2613 3394/3304/2617 3387/3297/2610
f 3394/3304/2617 3395/3305/2618 3391/3301/2614
f 3394/3304/2617 3396/3306/2619 3395/3305/2618
f 3394/3304/2617 3391/3301/2614 3387/3297/2610
f 3392/3302/2615 3363/3273/23 3397/3307/2620
f 3393/3303/2616 3390/3300/2613 3392/3302/2615
f 3393/3303/2616 3397/3307/2620 3398/3308/2621
f 3396/3306/2619 3398/3308/2621 3399/3309/2622
f 3396/3306/2619 3394/3304/2617 3393/3303/2616
f 3397/3307/2620 3393/3303/2616 3392/3302/2615
f 3397/3307/2620 3363/3273/23 3400/3310/2623
f 3397/3307/2620 3401/3311/2624 3398/3308/2621
f 3398/3308/2621 3396/3306/2619 3393/3303/2616
f 3398/3308/2621 3402/3312/2625 3399/3309/2622
f 3400/3310/2623 3363/3273/23 3403/3313/2626
f 3400/3310/2623 3404/3314/2627 3401/3311/2624
f 3401/3311/2624 3397/3307/2620 3400/3310/2623
f 3401/3311/2624 3405/3315/2628 3402/3312/2625
f 3402/3312/2625 3398/3308/2621 3401/3311/2624
f 3405/3315/2628 3401/3311/2624 3404/3314/2627
f 3405/3315/2628 3406/3316/2629 3407/3317/2630
f 3404/3314/2627 3400/3310/2623 3403/3313/2626
f 3403/3313/2626 3406/3316/2629 3404/3314/2627
f 3403/3313/2626 3363/3273/23 3408/3318/2631
f 3408/3318/2631 3409/3319/2632 3406/3316/2629
f 3408/3318/2631 3363/3273/23 3410/3320/2633
f 3406/3316/2629 3411/3321/2634 3407/3317/2630
f 3406/3316/2629 3403/3313/2626 3408/3318/2631
f 3406/3316/2629 3405/3315/2628 3404/3314/2627
f 3410/3320/2633 3363/3273/23 3412/3322/2635
f 3410/3320/2633 3413/3323/2636 3409/3319/2632
f 3409/3319/2632 3408/3318/2631 3410/3320/2633
f 3411/3321/2634 3406/3316/2629 3409/3319/2632
f 3412/3322/2635 3363/3273/23 3414/3324/2637
f 3412/3322/2635 3415/3325/2638 3413/3323/2636
f 3413/3323/2636 3410/3320/2633 3412/3322/2635
f 3416/3326/2639 3417/3327/2634 3418/3328/2640
f 3417/3327/2634 3419/3329/2641 3418/3328/2640
f 3418/3328/2640 3420/3330/2642 3416/3326/2639
f 3414/3324/2637 3363/3273/23 3421/3331/2643
f 3414/3324/2637 3422/3332/2644 3415/3325/2638
f 3415/3325/2638 3412/3322/2635 3414/3324/2637
f 3420/3330/2642 3423/3333/2645 3424/3334/2646
f 3420/3330/2642 3418/3328/2640 3423/3333/2645
f 3421/3331/2643 3363/3273/23 3425/3335/2647
f 3421/3331/2643 3426/3336/2648 3422/3332/2644
f 3422/3332/2644 3414/3324/2637 3421/3331/2643
f 3424/3334/2646 3427/3337/2649 3420/3330/2642
f 3424/3334/2646 3428/3338/2650 3427/3337/2649
f 3425/3335/2647 3363/3273/23 3429/3339/2651
f 3425/3335/2647 3430/3340/2652 3426/3336/2648
f 3426/3336/2648 3431/3341/2653 3432/3342/2650
f 3426/3336/2648 3421/3331/2643 3425/3335/2647
f 3428/3338/2650 3424/3334/2646 3433/3343/2648
f 3429/3339/2651 3363/3273/23 3434/3344/2654
f 3430/3340/2652 3434/3344/2654 3435/3345/2655
f 3430/3340/2652 3436/3346/2656 3431/3341/2653
f 3430/3340/2652 3425/3335/2647 3429/3339/2651
f 3431/3341/2653 3426/3336/2648 3430/3340/2652
f 3434/3344/2654 3430/3340/2652 3429/3339/2651
f 3434/3344/2654 3437/3347/2657 3435/3345/2655
f 3434/3344/2654 3363/3273/23 3438/3348/2658
f 3435/3345/2655 3439/3349/2659 3436/3346/2656
f 3436/3346/2656 3430/3340/2652 3435/3345/2655
f 3437/3347/2657 3434/3344/2654 3438/3348/2658
f 3437/3347/2657 3440/3350/2660 3439/3349/2659
f 3438/3348/2658 3363/3273/23 3441/3351/2661
f 3438/3348/2658 3442/3352/2662 3437/3347/2657
f 3439/3349/2659 3435/3345/2655 3437/3347/2657
f 3441/3351/2661 3363/3273/23 3443/3353/2663
f 3442/3352/2662 3438/3348/2658 3441/3351/2661
f 3442/3352/2662 3444/3354/2664 3440/3350/2660
f 3442/3352/2662 3443/3353/2663 3445/3355/2665
f 3440/3350/2660 3437/3347/2657 3442/3352/2662
f 3444/3354/2664 3442/3352/2662 3445/3355/2665
f 3444/3354/2664 3446/3356/2666 3447/3357/2667
f 3443/3353/2663 3446/3356/2666 3445/3355/2665
f 3443/3353/2663 3442/3352/2662 3441/3351/2661
f 3443/3353/2663 3363/3273/23 3448/3358/2668
f 3448/3358/2668 3363/3273/23 3449/3359/2669
f 3446/3356/2666 3443/3353/2663 3448/3358/2668
f 3446/3356/2666 3450/3360/2670 3447/3357/2667
f 3446/3356/2666 3448/3358/2668 3449/3359/2669
f 3446/3356/2666 3449/3359/2669 3451/3361/2671
f 3446/3356/2666 3444/3354/2664 3445/3355/2665
f 3450/3360/2670 3451/3361/2671 3452/3362/2672
f 3450/3360/2670 3446/3356/2666 3451/3361/2671
f 3449/3359/2669 3452/3362/2672 3451/3361/2671
f 3449/3359/2669 3363/3273/23 3453/3363/2673
f 3453/3363/2673 3363/3273/23 3454/3364/2674
f 3452/3362/2672 3449/3359/2669 3453/3363/2673
f 3452/3362/2672 3453/3363/2673 3454/3364/2674
f 3455/3365/2675 3450/3360/2670 3452/3362/2672
f 3455/3365/2675 3452/3362/2672 3456/3366/2676
f 3454/3364/2674 3456/3366/2676 3452/3362/2672
f 3454/3364/2674 3363/3273/23 3457/3367/2677
f 3456/3366/2676 3458/3368/2678 3455/3365/2675
f 3456/3366/2676 3459/3369/2679 3458/3368/2678
f 3457/3367/2677 3460/3370/2680 3456/3366/2676
f 3457/3367/2677 3461/3371/2681 3460/3370/2680
f 3457/3367/2677 3363/3273/23 3462/3372/2682
f 3457/3367/2677 3456/3366/2676 3454/3364/2674
f 3460/3370/2680 3463/3373/2683 3459/3369/2679
f 3459/3369/2679 3456/3366/2676 3460/3370/2680
f 3462/3372/2682 3363/3273/23 3362/3272/2586
f 3461/3371/2681 3362/3272/2586 3361/3271/2585
f 3461/3371/2681 3457/3367/2677 3462/3372/2682
f 3461/3371/2681 3368/3278/2591 3463/3373/2683
f 3463/3373/2683 3460/3370/2680 3461/3371/2681
f 3362/3272/2586 3363/3273/23 3360/3270/2584
f 3362/3272/2586 3461/3371/2681 3462/3372/2682
f 3361/3271/2585 3360/3270/2584 3365/3275/2588
f 3368/3278/2591 3365/3275/2588 3372/3282/2595
f 3368/3278/2591 3461/3371/2681 3361/3271/2585
f 3464/3374/2684 3465/3375/2685 3466/3376/2686
f 3464/3374/2684 3467/3377/2687 3468/3378/2688
f 3465/3375/2685 3464/3374/2684 3468/3378/2688
f 3466/3376/2686 3469/3379/2689 3470/3380/2690
f 3471/3381/2691 3472/3382/2691 3473/3383/2692
f 3473/3383/2692 3474/3384/2693 3475/3385/2694
f 3476/3386/2692 3473/3383/2692 3472/3382/2691
f 3477/3387/2695 3478/3388/2696 3479/3389/2697
f 3477/3387/2695 3480/3390/2698 3481/3391/2699
f 3477/3387/2695 3482/3392/2700 3480/3390/2698
f 3478/3388/2696 3477/3387/2695 3481/3391/2699
f 3478/3388/2696 3483/3393/2701 3479/3389/2697
f 3484/3394/2702 3485/3395/2703 3486/3396/2704
f 3485/3395/2703 3484/3394/2702 3487/3397/2705
f 3486/3396/2704 3488/3398/2706 3484/3394/2702
f 3487/3397/2705 3489/3399/2707 3485/3395/2703
f 3490/3400/2708 3491/3401/2709 3492/3402/2710
f 3491/3401/2709 3493/3403/2711 3494/3404/2712
f 3491/3401/2709 3490/3400/2708 3495/3405/2713
f 3496/3406/2714 3497/3407/2715 3498/3408/2716
f 3496/3406/2714 3498/3408/2716 3499/3409/2717
f 3496/3406/2714 3500/3410/2718 3501/3411/2719
f 3500/3410/2718 3496/3406/2714 3499/3409/2717
f 3502/3412/2720 3488/3398/2706 3503/3413/2721
f 3502/3412/2720 3504/3414/2722 3505/3415/2723
f 3488/3398/2706 3502/3412/2720 3505/3415/2723
f 3488/3398/2706 3486/3396/2704 3503/3413/2721
f 3469/3379/2689 3466/3376/2686 3465/3375/2685
f 3469/3379/2689 3506/3416/2724 3507/3417/2725
f 3469/3379/2689 3507/3417/2725 3470/3380/2690
f 3507/3417/2725 3508/3418/2726 3509/3419/2727
f 3510/3420/2728 3511/3421/2729 3512/3422/2730
f 3511/3421/2729 3509/3419/2727 3508/3418/2726
f 3511/3421/2729 3510/3420/2728 3513/3423/2731
f 3514/3424/2732 3494/3404/2712 3493/3403/2711
f 3514/3424/2732 3493/3403/2711 3515/3425/2733
f 3514/3424/2732 3516/3426/2734 3517/3427/2735
f 3516/3426/2734 3514/3424/2732 3515/3425/2733
f 3518/3428/2736 3519/3429/2737 3520/3430/2738
f 3518/3428/2736 3521/3431/2739 3519/3429/2737
f 3518/3428/2736 3520/3430/2738 3522/3432/2740
f 3522/3432/2740 3520/3430/2738 3523/3433/2741
f 3523/3433/2741 3524/3434/2742 3522/3432/2740
f 3494/3404/2712 3492/3402/2710 3491/3401/2709
f 3483/3393/2701 3525/3435/2743 3526/3436/2744
f 3483/3393/2701 3478/3388/2696 3527/3437/2745
f 3525/3435/2743 3483/3393/2701 3527/3437/2745
f 3525/3435/2743 3528/3438/2746 3526/3436/2744
f 3529/3439/2747 3500/3410/2718 3489/3399/2707
f 3529/3439/2747 3501/3411/2719 3500/3410/2718
f 3489/3399/2707 3487/3397/2705 3529/3439/2747
f 3530/3440/2748 3504/3414/2722 3502/3412/2720
f 3530/3440/2748 3495/3405/2713 3490/3400/2708
f 3530/3440/2748 3490/3400/2708 3504/3414/2722
f 3531/3441/2749 3498/3408/2716 3497/3407/2715
f 3498/3408/2716 3531/3441/2749 3532/3442/2750
f 3508/3418/2726 3512/3422/2730 3511/3421/2729
f 3508/3418/2726 3507/3417/2725 3506/3416/2724
f 3482/3392/2700 3510/3420/2728 3480/3390/2698
f 3482/3392/2700 3513/3423/2731 3510/3420/2728
f 3467/3377/2687 3464/3374/2684 3524/3434/2742
f 3524/3434/2742 3523/3433/2741 3467/3377/2687
f 3533/3443/2751 3516/3426/2734 3528/3438/2746
f 3533/3443/2751 3517/3427/2735 3516/3426/2734
f 3528/3438/2746 3525/3435/2743 3533/3443/2751
f 3521/3431/2739 3532/3442/2750 3531/3441/2749
f 3519/3429/2737 3521/3431/2739 3531/3441/2749
s 0
f 3534/3444/507 3535/3445/507 3536/3446/507
f 3535/3445/507 3537/3447/507 3536/3446/507
f 3536/3446/507 3538/3448/507 3539/3449/507
s 1
f 3540/3450/2752 3541/3451/2753 3542/3452/2752
f 3541/3451/2753 3540/3450/2752 3543/3453/2753
f 3542/3452/2752 3544/3454/2754 3540/3450/2752
f 3474/3384/2693 3473/3383/2692 3476/3386/2692
f 3475/3385/2694 3545/3455/2755 3546/3456/2755
f 3547/3457/2753 3548/3424/2756 3549/3427/2753
f 3548/3424/2756 3547/3457/2753 3550/3458/2756
f 3545/3455/2755 3475/3385/2694 3474/3384/2693
f 3546/3456/2755 3551/3459/2757 3552/3460/2757
f 3553/3461/2758 3554/3462/2759 3555/3463/2759
f 3553/3461/2758 3555/3463/2759 3556/3464/2758
f 3555/3463/2759 3557/3465/2760 3558/3466/2761
f 3551/3459/2757 3546/3456/2755 3545/3455/2755
f 3552/3460/2757 3559/3467/2762 3560/3468/2762
f 3561/3469/2763 3562/3470/2764 3563/3471/2763
f 3561/3469/2763 3564/3472/2765 3565/3473/2765
f 3562/3470/2764 3561/3469/2763 3566/3474/2764
f 3566/3474/2764 3567/3475/2766 3562/3470/2764
f 3557/3465/2760 3555/3463/2759 3554/3462/2759
f 3558/3466/2761 3568/3476/2767 3569/3477/2767
f 3559/3467/2762 3570/3478/2768 3560/3468/2762
f 3559/3467/2762 3552/3460/2757 3551/3459/2757
f 3571/3479/2766 3572/3480/2769 3567/3475/2766
f 3572/3480/2769 3571/3479/2766 3573/3481/2769
f 3567/3475/2766 3566/3474/2764 3571/3479/2766
f 3568/3476/2767 3558/3466/2761 3557/3465/2760
f 3569/3477/2767 3565/3473/2765 3564/3472/2765
f 3570/3478/2768 3559/3467/2762 3574/3482/2768
f 3574/3482/2768 3575/3483/2770 3570/3478/2768
f 3576/3484/2771 3577/3439/2772 3578/3397/2771
f 3576/3484/2771 3579/3485/2772 3577/3439/2772
f 3565/3473/2765 3569/3477/2767 3568/3476/2767
f 3564/3472/2765 3561/3469/2763 3563/3471/2763
f 3575/3483/2770 3574/3482/2768 3580/3486/2770
f 3580/3486/2770 3581/3487/2773 3575/3483/2770
f 3582/3488/2774 3583/3489/2772 3584/3490/2772
f 3583/3489/2772 3582/3488/2774 3585/3491/2775
f 3585/3491/2775 3586/3492/2776 3587/3493/2776
f 3581/3487/2773 3580/3486/2770 3588/3494/2773
f 3586/3492/2776 3585/3491/2775 3582/3488/2774
f 3587/3493/2776 3589/3495/2777 3590/3496/2777
f 3591/3497/2778 3592/3498/2779 3593/3499/2778
f 3591/3497/2778 3594/3500/2779 3592/3498/2779
f 3592/3498/2779 3595/3501/2780 3596/3502/2781
f 3589/3495/2777 3587/3493/2776 3586/3492/2776
f 3590/3496/2777 3597/3503/2782 3598/3504/2782
f 3595/3501/2780 3592/3498/2779 3594/3500/2779
f 3596/3502/2781 3599/3505/2783 3600/3506/2783
f 3597/3503/2782 3590/3496/2777 3589/3495/2777
f 3599/3505/2783 3596/3502/2781 3595/3501/2780
f 3600/3506/2783 3601/3507/2784 3602/3508/2784
f 3603/3509/2785 3604/3510/2785 3597/3503/2782
f 3604/3510/2785 3598/3504/2782 3597/3503/2782
f 3601/3507/2784 3600/3506/2783 3599/3505/2783
f 3602/3508/2784 3544/3454/2754 3605/3511/2754
f 3606/3512/2786 3607/3513/2786 3603/3509/2785
f 3607/3513/2786 3604/3510/2785 3603/3509/2785
f 3544/3454/2754 3602/3508/2784 3601/3507/2784
f 3544/3454/2754 3542/3452/2752 3605/3511/2754
f 3608/3514/2787 3609/3515/2787 3606/3512/2786
f 3609/3515/2787 3607/3513/2786 3606/3512/2786
f 3610/3516/2788 3611/3517/2789 3612/3518/2701
f 3610/3516/2788 3613/3519/2790 3614/3520/2791
f 3613/3519/2790 3610/3516/2788 3615/3521/2792
f 3615/3521/2792 3616/3522/2793 3613/3519/2790
f 3615/3521/2792 3617/3523/2794 3616/3522/2793
f 3618/3524/2727 3619/3525/2729 3620/3317/2795
f 3618/3524/2727 3621/3526/2796 3622/3527/2797
f 3621/3526/2796 3618/3524/2727 3623/3321/2798
f 3624/3528/2799 3625/3529/2800 3626/3530/2801
f 3624/3528/2799 3626/3530/2801 3627/3531/2740
f 3624/3528/2799 3628/3532/2742 3629/3533/2802
f 3628/3532/2742 3630/3534/2803 3629/3533/2802
f 3628/3532/2742 3624/3528/2799 3627/3531/2740
f 3631/3535/2707 3632/3536/2804 3633/3537/2703
f 3632/3536/2804 3631/3535/2707 3634/3538/2805
f 3633/3537/2703 3635/3539/2806 3636/3540/2807
f 3634/3538/2805 3637/3541/2718 3638/3542/2808
f 3639/3543/2809 3640/3544/2810 3641/3545/2811
f 3640/3544/2810 3642/3546/2812 3641/3545/2811
f 3641/3545/2811 3643/3547/2813 3644/3548/2716
f 3645/3549/2733 3616/3522/2793 3617/3523/2794
f 3645/3549/2733 3646/3550/2711 3647/3551/2814
f 3645/3549/2733 3647/3551/2814 3648/3552/2815
f 3647/3551/2814 3649/3553/2709 3650/3554/2816
f 3651/3555/2817 3611/3517/2789 3652/3556/2818
f 3611/3517/2789 3651/3555/2817 3612/3518/2701
f 3611/3517/2789 3610/3516/2788 3614/3520/2791
f 3652/3556/2818 3653/3557/2695 3651/3555/2817
f 3654/3558/2690 3655/3559/2819 3656/3560/2820
f 3655/3559/2819 3657/3561/2684 3656/3560/2820
f 3655/3559/2819 3654/3558/2690 3658/3562/2821
f 3659/3563/2822 3660/3564/2700 3661/3565/2823
f 3660/3564/2700 3659/3563/2822 3662/3566/2731
f 3662/3566/2731 3663/3567/2795 3664/3568/2824
f 3625/3529/2800 3639/3543/2809 3626/3530/2801
f 3625/3529/2800 3640/3544/2810 3639/3543/2809
f 3665/3569/2721 3635/3539/2806 3666/3570/2825
f 3635/3539/2806 3633/3537/2703 3632/3536/2804
f 3635/3539/2806 3665/3569/2721 3636/3540/2807
f 3667/3571/2826 3643/3547/2813 3668/3572/2827
f 3667/3571/2826 3638/3542/2808 3637/3541/2718
f 3667/3571/2826 3644/3548/2716 3643/3547/2813
f 3643/3547/2813 3641/3545/2811 3642/3546/2812
f 3616/3522/2793 3645/3549/2733 3648/3552/2815
f 3669/3280/2828 3670/3279/2829 3671/3573/2713
f 3669/3280/2828 3671/3573/2713 3672/3574/2830
f 3630/3534/2803 3628/3532/2742 3657/3561/2684
f 3657/3561/2684 3655/3559/2819 3630/3534/2803
f 3673/3575/2831 3661/3565/2823 3660/3564/2700
f 3673/3575/2831 3660/3564/2700 3653/3557/2695
f 3653/3557/2695 3652/3556/2818 3673/3575/2831
f 3620/3317/2795 3623/3321/2798 3618/3524/2727
f 3674/3282/2832 3672/3574/2830 3675/3576/2833
f 3674/3282/2832 3669/3280/2828 3672/3574/2830
f 3674/3282/2832 3676/3577/2721 3677/3278/2834
f 3637/3541/2718 3634/3538/2805 3631/3535/2707
f 3638/3542/2808 3667/3571/2826 3668/3572/2827
f 3649/3553/2709 3647/3551/2814 3646/3550/2711
f 3663/3567/2795 3662/3566/2731 3659/3563/2822
f 3678/3578/2690 3621/3526/2796 3679/3579/2835
f 3678/3578/2690 3622/3527/2797 3621/3526/2796
f 3676/3577/2721 3674/3282/2832 3675/3576/2833
f 3680/3580/2713 3681/3581/2836 3649/3553/2709
f 3681/3581/2836 3650/3554/2816 3649/3553/2709
f 3682/3582/2837 3683/3583/2838 3684/3584/2837
f 3682/3582/2837 3685/3585/2839 3686/3586/2839
f 3683/3583/2838 3682/3582/2837 3687/3587/2838
f 3687/3587/2838 3688/3588/2840 3683/3583/2838
s 0
f 3689/3589/507 3690/3590/507 3691/3591/507
f 3690/3590/507 3689/3589/507 3692/3592/507
f 3691/3591/507 3693/3593/507 3694/3594/507
f 3692/3592/507 3695/3595/507 3696/3596/507
f 3697/3597/507 3698/3598/507 3699/3599/507
f 3697/3597/507 3700/3600/507 3701/3601/507
f 3700/3600/507 3702/3602/507 3701/3601/507
f 3700/3600/507 3697/3597/507 3699/3599/507
f 3703/3603/507 3704/3604/507 3534/3444/507
f 3704/3604/507 3535/3445/507 3534/3444/507
f 3704/3604/507 3705/3605/507 3706/3606/507
f 3693/3593/507 3691/3591/507 3690/3590/507
f 3694/3594/507 3693/3593/507 3707/3607/507
f 3705/3605/507 3708/3608/507 3706/3606/507
f 3705/3605/507 3704/3604/507 3703/3603/507
f 3707/3607/507 3709/3609/507 3710/3610/507
f 3711/3611/507 3707/3607/507 3693/3593/507
f 3708/3608/507 3705/3605/507 3712/3612/507
f 3708/3608/507 3713/3613/507 3714/3614/507
f 3709/3609/507 3707/3607/507 3711/3611/507
f 3710/3610/507 3715/3615/507 3716/3616/507
f 3713/3613/507 3717/3617/507 3714/3614/507
f 3713/3613/507 3708/3608/507 3712/3612/507
f 3715/3615/507 3710/3610/507 3709/3609/507
f 3716/3616/507 3718/3618/507 3719/3619/507
f 3717/3617/507 3720/3620/507 3721/3621/507
f 3717/3617/507 3713/3613/507 3722/3622/507
f 3718/3618/507 3716/3616/507 3715/3615/507
f 3718/3618/507 3723/3623/507 3719/3619/507
f 3720/3620/507 3717/3617/507 3722/3622/507
f 3721/3621/507 3724/3624/507 3725/3625/507
f 3723/3623/507 3718/3618/507 3726/3626/507
f 3723/3623/507 3727/3627/507 3728/3628/507
f 3724/3624/507 3729/3629/507 3725/3625/507
f 3724/3624/507 3721/3621/507 3720/3620/507
f 3727/3627/507 3723/3623/507 3726/3626/507
f 3728/3628/507 3730/3630/507 3731/3631/507
f 3729/3629/507 3732/3632/507 3733/3633/507
f 3729/3629/507 3724/3624/507 3732/3632/507
f 3730/3630/507 3734/3634/507 3731/3631/507
f 3730/3630/507 3728/3628/507 3727/3627/507
f 3733/3633/507 3732/3632/507 3735/3635/507
f 3733/3633/507 3736/3636/507 3737/3637/507
f 3734/3634/507 3730/3630/507 3738/3638/507
f 3734/3634/507 3739/3639/507 3740/3640/507
f 3702/3602/507 3700/3600/507 3741/3641/507
f 3702/3602/507 3742/3642/507 3743/3643/507
f 3736/3636/507 3733/3633/507 3735/3635/507
f 3737/3637/507 3744/3644/507 3745/3645/507
f 3739/3639/507 3734/3634/507 3738/3638/507
f 3740/3640/507 3739/3639/507 3538/3448/507
f 3698/3598/507 3696/3596/507 3695/3595/507
f 3698/3598/507 3697/3597/507 3746/3646/507
f 3744/3644/507 3737/3637/507 3736/3636/507
f 3745/3645/507 3743/3643/507 3742/3642/507
f 3538/3448/507 3536/3446/507 3537/3447/507
f 3538/3448/507 3739/3639/507 3539/3449/507
f 3696/3596/507 3698/3598/507 3746/3646/507
f 3695/3595/507 3692/3592/507 3689/3589/507
f 3743/3643/507 3745/3645/507 3744/3644/507
f 3742/3642/507 3702/3602/507 3741/3641/507
f 3747/3647/507 3748/3648/507 3749/3649/507
f 3747/3647/507 3750/3650/507 3751/3651/507
f 3747/3647/507 3749/3649/507 3752/3652/507
f 3750/3650/507 3753/3653/507 3754/3654/507
f 3750/3650/507 3755/3655/507 3751/3651/507
f 3750/3650/507 3747/3647/507 3753/3653/507
f 3751/3651/507 3748/3648/507 3747/3647/507
f 3756/3656/507 3757/3657/507 3758/3658/507
f 3756/3656/507 3758/3658/507 3759/3659/507
f 3756/3656/507 3748/3648/507 3757/3657/507
f 3748/3648/507 3756/3656/507 3749/3649/507
f 3748/3648/507 3760/3660/507 3761/3661/507
f 3748/3648/507 3762/3662/507 3760/3660/507
f 3757/3657/507 3748/3648/507 3763/3663/507
f 3749/3649/507 3756/3656/507 3764/3664/507
f 3765/3665/507 3748/3648/507 3751/3651/507
f 3765/3665/507 3751/3651/507 3766/3666/507
f 3765/3665/507 3766/3666/507 3767/3667/507
f 3768/3668/507 3748/3648/507 3769/3669/507
f 3770/3670/507 3748/3648/507 3768/3668/507
f 3763/3663/507 3748/3648/507 3770/3670/507
f 3759/3659/507 3758/3658/507 3771/3671/507
f 3762/3662/507 3748/3648/507 3772/3672/507
f 3760/3660/507 3762/3662/507 3773/3673/507
f 3753/3653/507 3747/3647/507 3774/3674/507
f 3753/3653/507 3774/3674/507 3775/3675/507
f 3755/3655/507 3750/3650/507 3776/3676/507
f 3766/3666/507 3751/3651/507 3777/3677/507
f 3772/3672/507 3748/3648/507 3765/3665/507
f 3772/3672/507 3765/3665/507 3778/3678/507
s 1
f 3779/3679/2841 3780/3680/2842 3781/3681/2843
f 3781/3681/2843 3782/3682/2844 3783/3683/2844
f 3784/3684/2843 3781/3681/2843 3780/3680/2842
f 3688/3588/2840 3687/3587/2838 3785/3685/2840
f 3782/3682/2844 3781/3681/2843 3784/3684/2843
f 3783/3683/2844 3786/3686/2845 3787/3687/2845
f 3788/3688/2846 3789/3689/2847 3790/3690/2848
f 3789/3689/2847 3788/3688/2846 3791/3691/2847
f 3791/3691/2847 3792/3692/2849 3789/3689/2847
f 3786/3686/2845 3783/3683/2844 3782/3682/2844
f 3787/3687/2845 3793/3693/2850 3794/3694/2850
f 3792/3692/2849 3791/3691/2847 3795/3695/2849
f 3792/3692/2849 3796/3696/2851 3797/3697/2851
f 3793/3693/2850 3787/3687/2845 3786/3686/2845
f 3794/3694/2850 3798/3698/2852 3799/3699/2852
f 3800/3700/2853 3801/3701/2854 3802/3702/2854
f 3800/3700/2853 3803/3703/2855 3804/3704/2853
f 3803/3703/2855 3800/3700/2853 3805/3705/2855
f 3805/3705/2855 3806/3706/2856 3803/3703/2855
f 3796/3696/2851 3792/3692/2849 3795/3695/2849
f 3797/3697/2851 3807/3707/2857 3808/3708/2857
f 3798/3698/2852 3794/3694/2850 3793/3693/2850
f 3798/3698/2852 3809/3709/2858 3799/3699/2852
f 3810/3710/2856 3811/3711/2859 3806/3706/2856
f 3811/3711/2859 3810/3710/2856 3812/3712/2860
f 3806/3706/2856 3805/3705/2855 3810/3710/2856
f 3807/3707/2857 3797/3697/2851 3796/3696/2851
f 3808/3708/2857 3802/3702/2854 3801/3701/2854
f 3809/3709/2858 3798/3698/2852 3813/3713/2858
f 3813/3713/2858 3814/3714/2861 3809/3709/2858
f 3815/3715/2860 3816/3716/2862 3817/3717/2859
f 3816/3716/2862 3815/3715/2860 3818/3718/2862
f 3802/3702/2854 3808/3708/2857 3807/3707/2857
f 3801/3701/2854 3800/3700/2853 3804/3704/2853
f 3814/3714/2861 3813/3713/2858 3819/3719/2861
f 3819/3719/2861 3820/3720/2863 3814/3714/2861
f 3821/3721/2864 3822/3722/2862 3823/3723/2865
f 3822/3722/2862 3821/3721/2864 3824/3724/2864
f 3824/3724/2864 3825/3725/2866 3826/3726/2866
f 3820/3720/2863 3819/3719/2861 3827/3727/2863
f 3825/3725/2866 3824/3724/2864 3821/3721/2864
f 3826/3726/2866 3828/3728/2867 3829/3729/2867
f 3830/3730/2868 3831/3731/2869 3832/3732/2863
f 3831/3731/2869 3830/3730/2868 3833/3733/2869
f 3831/3731/2869 3834/3734/2870 3835/3735/2870
f 3828/3728/2867 3826/3726/2866 3825/3725/2866
f 3829/3729/2867 3836/3736/2871 3837/3737/2871
f 3834/3734/2870 3831/3731/2869 3833/3733/2869
f 3835/3735/2870 3838/3738/2872 3839/3739/2872
f 3836/3736/2871 3829/3729/2867 3828/3728/2867
f 3837/3737/2871 3836/3736/2871 3840/3740/2873
f 3838/3738/2872 3835/3735/2870 3834/3734/2870
f 3839/3739/2872 3686/3586/2839 3685/3585/2839
f 3840/3740/2873 3841/3741/2873 3842/3742/2874
f 3841/3741/2873 3840/3740/2873 3836/3736/2871
f 3686/3586/2839 3839/3739/2872 3838/3738/2872
f 3685/3585/2839 3682/3582/2837 3684/3584/2837
f 3842/3742/2874 3843/3743/2874 3844/3744/2841
f 3843/3743/2874 3842/3742/2874 3841/3741/2873
f 3845/3745/2841 3844/3744/2841 3843/3743/2874
f 3846/3746/2875 3847/3747/2876 3848/3748/2877
f 3846/3746/2875 3848/3748/2877 3849/3749/2878
f 3846/3746/2875 3849/3749/2878 3850/3750/507
f 3849/3749/2878 3851/3751/2879 3850/3750/507
f 3849/3749/2878 3852/3752/2880 3851/3751/2879
f 3848/3748/2877 3853/3753/2881 3852/3752/2880
f 3848/3748/2877 3854/3754/2882 3853/3753/2881
f 3848/3748/2877 3852/3752/2880 3849/3749/2878
f 3852/3752/2880 3855/3755/2883 3856/3756/2884
f 3853/3753/2881 3857/3757/2885 3852/3752/2880
f 3855/3755/2883 3852/3752/2880 3857/3757/2885
f 3856/3756/2884 3851/3751/2879 3852/3752/2880
f 3856/3756/2884 3858/3758/2886 3859/3759/2887
f 3851/3751/2879 3860/3760/2888 3850/3750/507
f 3851/3751/2879 3859/3759/2887 3860/3760/2888
f 3860/3760/2888 3861/3761/2889 3850/3750/507
f 3860/3760/2888 3862/3762/2890 3861/3761/2889
f 3859/3759/2887 3858/3758/2886 3862/3762/2890
f 3859/3759/2887 3851/3751/2879 3856/3756/2884
f 3858/3758/2886 3856/3756/2884 3855/3755/2883
f 3861/3761/2889 3863/3763/2891 3850/3750/507
f 3862/3762/2890 3860/3760/2888 3859/3759/2887
f 3862/3762/2890 3863/3763/2891 3861/3761/2889
f 3862/3762/2890 3864/3764/2892 3865/3765/2893
f 3866/3766/2894 3862/3762/2890 3858/3758/2886
f 3863/3763/2891 3867/3767/2895 3850/3750/507
f 3863/3763/2891 3868/3768/2896 3867/3767/2895
f 3865/3765/2893 3863/3763/2891 3862/3762/2890
f 3864/3764/2892 3868/3768/2896 3865/3765/2893
f 3864/3764/2892 3862/3762/2890 3866/3766/2894
f 3867/3767/2895 3869/3769/2897 3850/3750/507
f 3868/3768/2896 3864/3764/2892 3870/3770/2898
f 3868/3768/2896 3863/3763/2891 3865/3765/2893
f 3868/3768/2896 3869/3769/2897 3867/3767/2895
f 3870/3770/2898 3871/3771/2899 3868/3768/2896
f 3869/3769/2897 3872/3772/2900 3850/3750/507
f 3869/3769/2897 3873/3773/2901 3872/3772/2900
f 3869/3769/2897 3868/3768/2896 3871/3771/2899
f 3871/3771/2899 3870/3770/2898 3874/3774/2902
f 3874/3774/2902 3873/3773/2901 3871/3771/2899
f 3872/3772/2900 3875/3775/2903 3850/3750/507
f 3873/3773/2901 3869/3769/2897 3871/3771/2899
f 3873/3773/2901 3874/3774/2902 3876/3776/2904
f 3873/3773/2901 3875/3775/2903 3872/3772/2900
f 3876/3776/2904 3877/3777/2905 3873/3773/2901
f 3875/3775/2903 3878/3778/2906 3850/3750/507
f 3875/3775/2903 3879/3779/2907 3878/3778/2906
f 3875/3775/2903 3873/3773/2901 3877/3777/2905
f 3877/3777/2905 3880/3780/2908 3879/3779/2907
f 3877/3777/2905 3876/3776/2904 3881/3781/2909
f 3878/3778/2906 3879/3779/2907 3882/3782/2910
f 3878/3778/2906 3882/3782/2910 3850/3750/507
f 3879/3779/2907 3875/3775/2903 3877/3777/2905
f 3879/3779/2907 3883/3783/2911 3882/3782/2910
f 3880/3780/2908 3877/3777/2905 3881/3781/2909
f 3880/3780/2908 3883/3783/2911 3879/3779/2907
f 3882/3782/2910 3884/3784/2912 3885/3785/2913
f 3882/3782/2910 3885/3785/2913 3850/3750/507
f 3883/3783/2911 3886/3786/2914 3884/3784/2912
f 3883/3783/2911 3880/3780/2908 3887/3787/2915
f 3885/3785/2913 3888/3788/2916 3850/3750/507
f 3885/3785/2913 3889/3789/2917 3888/3788/2916
f 3884/3784/2912 3890/3790/2918 3889/3789/2917
f 3884/3784/2912 3882/3782/2910 3883/3783/2911
f 3886/3786/2914 3883/3783/2911 3887/3787/2915
f 3890/3790/2918 3884/3784/2912 3886/3786/2914
f 3889/3789/2917 3885/3785/2913 3884/3784/2912
f 3889/3789/2917 3890/3790/2918 3891/3791/2919
f 3888/3788/2916 3892/3792/2920 3850/3750/507
f 3888/3788/2916 3891/3791/2919 3892/3792/2920
f 3892/3792/2920 3893/3793/2921 3850/3750/507
f 3892/3792/2920 3894/3794/2922 3893/3793/2921
f 3891/3791/2919 3895/3795/2923 3894/3794/2922
f 3891/3791/2919 3888/3788/2916 3889/3789/2917
f 3896/3796/2924 3891/3791/2919 3890/3790/2918
f 3893/3793/2921 3897/3797/2925 3850/3750/507
f 3893/3793/2921 3898/3798/2926 3897/3797/2925
f 3894/3794/2922 3892/3792/2920 3891/3791/2919
f 3895/3795/2923 3891/3791/2919 3896/3796/2924
f 3895/3795/2923 3898/3798/2926 3894/3794/2922
f 3897/3797/2925 3899/3799/2927 3850/3750/507
f 3897/3797/2925 3900/3800/2928 3899/3799/2927
f 3898/3798/2926 3893/3793/2921 3894/3794/2922
f 3898/3798/2926 3901/3801/2929 3900/3800/2928
f 3902/3802/2930 3898/3798/2926 3895/3795/2923
f 3899/3799/2927 3903/3803/2931 3850/3750/507
f 3899/3799/2927 3904/3804/2932 3903/3803/2931
f 3900/3800/2928 3897/3797/2925 3898/3798/2926
f 3901/3801/2929 3904/3804/2932 3900/3800/2928
f 3901/3801/2929 3898/3798/2926 3902/3802/2930
f 3903/3803/2931 3905/3805/2933 3850/3750/507
f 3903/3803/2931 3906/3806/2934 3905/3805/2933
f 3904/3804/2932 3899/3799/2927 3900/3800/2928
f 3904/3804/2932 3901/3801/2929 3907/3807/2935
f 3904/3804/2932 3908/3808/2936 3906/3806/2934
f 3905/3805/2933 3909/3809/2937 3910/3810/2938
f 3905/3805/2933 3910/3810/2938 3850/3750/507
f 3906/3806/2934 3911/3811/2939 3909/3809/2937
f 3906/3806/2934 3903/3803/2931 3904/3804/2932
f 3908/3808/2936 3904/3804/2932 3907/3807/2935
f 3910/3810/2938 3912/3812/2940 3850/3750/507
f 3910/3810/2938 3909/3809/2937 3912/3812/2940
f 3909/3809/2937 3905/3805/2933 3906/3806/2934
f 3909/3809/2937 3913/3813/2941 3914/3814/2942
f 3911/3811/2939 3906/3806/2934 3908/3808/2936
f 3912/3812/2940 3909/3809/2937 3914/3814/2942
f 3912/3812/2940 3915/3815/2943 3916/3816/2944
f 3912/3812/2940 3916/3816/2944 3850/3750/507
f 3914/3814/2942 3917/3817/2945 3915/3815/2943
f 3913/3813/2941 3909/3809/2937 3911/3811/2939
f 3915/3815/2943 3918/3818/2946 3919/3819/2947
f 3915/3815/2943 3912/3812/2940 3914/3814/2942
f 3916/3816/2944 3920/3820/2948 3850/3750/507
f 3916/3816/2944 3919/3819/2947 3920/3820/2948
f 3917/3817/2945 3914/3814/2942 3913/3813/2941
f 3920/3820/2948 3921/3821/2949 3850/3750/507
f 3920/3820/2948 3919/3819/2947 3921/3821/2949
f 3919/3819/2947 3916/3816/2944 3915/3815/2943
f 3919/3819/2947 3922/3822/2950 3923/3823/2951
f 3918/3818/2946 3915/3815/2943 3917/3817/2945
f 3922/3822/2950 3919/3819/2947 3918/3818/2946
f 3923/3823/2951 3921/3821/2949 3919/3819/2947
f 3923/3823/2951 3922/3822/2950 3924/3824/2952
f 3921/3821/2949 3924/3824/2952 3925/3825/2953
f 3921/3821/2949 3925/3825/2953 3850/3750/507
f 3925/3825/2953 3926/3826/2954 3850/3750/507
f 3924/3824/2952 3921/3821/2949 3923/3823/2951
f 3924/3824/2952 3927/3827/2955 3928/3828/2956
f 3924/3824/2952 3926/3826/2954 3925/3825/2953
f 3929/3829/2957 3924/3824/2952 3922/3822/2950
f 3927/3827/2955 3924/3824/2952 3929/3829/2957
f 3927/3827/2955 3930/3830/2958 3928/3828/2956
f 3928/3828/2956 3926/3826/2954 3924/3824/2952
f 3926/3826/2954 3931/3831/2959 3850/3750/507
f 3926/3826/2954 3930/3830/2958 3931/3831/2959
f 3931/3831/2959 3932/3832/2960 3850/3750/507
f 3930/3830/2958 3926/3826/2954 3928/3828/2956
f 3930/3830/2958 3932/3832/2960 3931/3831/2959
f 3933/3833/2961 3930/3830/2958 3927/3827/2955
f 3933/3833/2961 3934/3834/2962 3930/3830/2958
f 3932/3832/2960 3930/3830/2958 3934/3834/2962
f 3932/3832/2960 3935/3835/2963 3850/3750/507
f 3934/3834/2962 3935/3835/2963 3932/3832/2960
f 3934/3834/2962 3936/3836/2964 3937/3837/2965
f 3934/3834/2962 3933/3833/2961 3938/3838/2966
f 3935/3835/2963 3939/3839/2967 3850/3750/507
f 3935/3835/2963 3934/3834/2962 3937/3837/2965
f 3935/3835/2963 3940/3840/2968 3939/3839/2967
f 3937/3837/2965 3941/3841/2969 3940/3840/2968
f 3936/3836/2964 3934/3834/2962 3938/3838/2966
f 3939/3839/2967 3942/3842/2970 3850/3750/507
f 3940/3840/2968 3854/3754/2882 3847/3747/2876
f 3940/3840/2968 3935/3835/2963 3937/3837/2965
f 3940/3840/2968 3942/3842/2970 3939/3839/2967
f 3941/3841/2969 3937/3837/2965 3936/3836/2964
f 3942/3842/2970 3940/3840/2968 3847/3747/2876
f 3942/3842/2970 3847/3747/2876 3846/3746/2875
f 3942/3842/2970 3846/3746/2875 3850/3750/507
f 3854/3754/2882 3848/3748/2877 3847/3747/2876
f 3854/3754/2882 3940/3840/2968 3941/3841/2969
f 3943/3843/2971 3944/3844/2972 3945/3845/2973
f 3943/3843/2971 3945/3845/2973 3946/3846/2974
f 3944/3844/2972 3943/3843/2971 3947/3847/2975
f 3947/3847/2975 3948/2083/2976 3944/3844/2972
f 3949/3848/2977 3950/3849/2977 3951/3850/2978
f 3949/3848/2977 3951/3850/2978 3952/3851/2979
f 3951/3850/2978 3953/3852/2980 3952/3851/2979
f 3952/3851/2979 3953/3852/2980 3954/3853/2980
f 3955/3854/2981 3956/3855/2982 3957/3856/2983
f 3955/3854/2981 3958/3857/2984 3959/3858/2985
f 3956/3855/2982 3955/3854/2981 3960/3859/2986
f 3957/3856/2983 3958/3857/2984 3955/3854/2981
f 3960/3859/2986 3961/3860/2987 3956/3855/2982
f 3962/3861/2988 3963/3862/2989 3964/3863/2990
f 3962/3861/2988 3965/3864/2991 3963/3862/2989
f 3965/3864/2991 3962/3861/2988 3966/3865/2992
f 3964/3863/2990 3967/3866/2993 3968/3867/2994
f 3969/3868/2995 3970/3869/2996 3971/3870/2997
f 3970/3869/2996 3972/3871/2998 3973/3872/2999
f 3970/3869/2996 3969/3868/2995 3974/3873/3000
f 3975/3874/3001 3976/3875/3002 3977/3876/3003
f 3975/3874/3001 3978/3877/3004 3979/3878/3005
f 3978/3877/3004 3975/3874/3001 3980/3879/3006
f 3978/3877/3004 3968/3867/2994 3967/3866/2993
f 3981/3880/3007 3966/3865/2992 3982/3881/3008
f 3981/3880/3007 3982/3881/3008 3983/3882/3009
f 3981/3880/3007 3983/3882/3009 3984/3883/3010
f 3966/3865/2992 3981/3880/3007 3985/3884/3011
f 3985/3884/3011 3965/3864/2991 3966/3865/2992
f 3948/2083/2976 3986/3885/3012 3987/3886/3013
f 3948/2083/2976 3947/3847/2975 3988/3887/3014
f 3986/3885/3012 3948/2083/2976 3988/3887/3014
f 3986/3885/3012 3989/3888/3015 3987/3886/3013
f 3990/3889/3016 3991/3890/3017 3992/3891/3018
f 3991/3890/3017 3989/3888/3015 3993/3892/3019
f 3991/3890/3017 3990/3889/3016 3994/3893/3020
f 3995/3894/3021 3996/3895/3022 3997/3896/3023
f 3995/3894/3021 3973/3872/2999 3972/3871/2998
f 3996/3895/3022 3995/3894/3021 3998/3897/3024
f 3996/3895/3022 3999/3898/3025 4000/3899/3026
f 4001/3900/3027 4002/3901/3028 4003/3902/3029
f 4001/3900/3027 4004/3903/3030 4005/3904/3031
f 4002/3901/3028 4006/3905/3032 4003/3902/3029
f 4002/3901/3028 4007/3906/3033 4006/3905/3032
f 4003/3902/3029 4004/3903/3030 4001/3900/3027
f 3972/3871/2998 3970/3869/2996 3974/3873/3000
f 3973/3872/2999 3995/3894/3021 3997/3896/3023
f 3961/3860/2987 4008/3907/3034 4009/3908/3035
f 3961/3860/2987 4009/3908/3035 3956/3855/2982
f 4008/3907/3034 4010/3909/3036 4000/3899/3026
f 4008/3907/3034 4000/3899/3026 3999/3898/3025
f 4008/3907/3034 3961/3860/2987 4010/3909/3036
f 3968/3867/2994 3978/3877/3004 3980/3879/3006
f 3967/3866/2993 3964/3863/2990 3963/3862/2989
f 3983/3882/3009 3969/3868/2995 3984/3883/3010
f 3984/3883/3010 3969/3868/2995 3971/3870/2997
f 4011/3910/3037 3976/3875/3002 4012/3911/3038
f 3976/3875/3002 3975/3874/3001 3979/3878/3005
f 3976/3875/3002 4011/3910/3037 3977/3876/3003
f 3989/3888/3015 3991/3890/3017 3994/3893/3020
f 3989/3888/3015 3986/3885/3012 3993/3892/3019
f 3958/3857/2984 3990/3889/3016 3959/3858/2985
f 3959/3858/2985 3990/3889/3016 3992/3891/3018
f 4007/3906/3033 3946/3846/2974 4006/3905/3032
f 4007/3906/3033 3943/3843/2971 3946/3846/2974
f 3999/3898/3025 3996/3895/3022 3998/3897/3024
f 4004/3903/3030 4011/3910/3037 4005/3904/3031
f 4005/3904/3031 4011/3910/3037 4012/3911/3038
s 0
f 4013/3912/23 4014/3913/23 4015/3914/23
f 4013/3912/23 4016/3915/23 4017/3916/23
f 4014/3913/23 4013/3912/23 4017/3916/23
f 4015/3914/23 4018/3917/23 4019/3918/23
s 1
f 4020/3919/3039 4021/3920/3039 4022/3921/3040
f 4020/3919/3039 4022/3921/3040 4023/3922/3040
f 4024/3923/2977 4025/3924/3041 4026/3925/2977
f 4025/3924/3041 4024/3923/2977 4027/3926/3042
f 4027/3926/3042 4028/3927/3043 4025/3924/3041
f 4029/3928/3040 4030/3929/3044 4031/3930/3045
f 4029/3928/3040 4032/3931/3040 4030/3929/3044
f 4031/3930/3045 4033/3932/3046 4034/3933/3046
f 4031/3930/3045 4030/3929/3044 4033/3932/3046
f 4028/3927/3043 4027/3926/3042 4035/3934/3043
f 4035/3934/3043 4036/3935/3047 4028/3927/3043
f 4033/3932/3046 4037/3936/3048 4034/3933/3046
f 4036/3935/3047 4035/3934/3043 4038/3937/3047
f 4038/3937/3047 4039/3938/3049 4036/3935/3047
f 4040/3939/3050 4041/3940/3051 4042/3941/3050
f 4040/3939/3050 4043/3942/3052 4044/3943/3052
f 4040/3939/3050 4042/3941/3050 4043/3942/3052
f 4044/3943/3052 4045/3944/3053 4046/3945/3053
f 4044/3943/3052 4043/3942/3052 4045/3944/3053
f 4037/3936/3048 4033/3932/3046 4047/3946/3054
f 4047/3946/3054 4048/3947/3055 4037/3936/3048
f 4039/3938/3049 4049/3948/3056 4050/3949/3056
f 4039/3938/3049 4051/3950/3049 4049/3948/3056
f 4039/3938/3049 4038/3937/3047 4051/3950/3049
f 4046/3945/3053 4052/3951/3057 4053/3952/3057
f 4046/3945/3053 4045/3944/3053 4052/3951/3057
f 4048/3947/3055 4047/3946/3054 4054/3953/3055
f 4054/3953/3055 4055/3954/3051 4048/3947/3055
f 4050/3949/3056 4049/3948/3056 4056/3955/3058
f 4050/3949/3056 4056/3955/3058 4057/3956/3058
f 4058/3957/3059 4059/3867/3060 4060/3958/3060
f 4058/3957/3059 4061/3863/3059 4059/3867/3060
f 4055/3954/3051 4054/3953/3055 4041/3940/3051
f 4041/3940/3051 4040/3939/3050 4055/3954/3051
f 4062/3959/3061 4063/3960/3060 4064/3961/3062
f 4063/3960/3060 4062/3959/3061 4065/3962/3060
f 4064/3961/3062 4066/3963/3063 4062/3959/3061
f 4067/3490/3058 4068/3964/3064 4069/3965/3065
f 4067/3490/3058 4070/3966/3058 4068/3964/3064
f 4069/3965/3065 4071/3967/3066 4072/3968/3066
f 4069/3965/3065 4068/3964/3064 4071/3967/3066
f 4066/3963/3063 4064/3961/3062 4073/3969/3063
f 4073/3969/3063 4074/3970/3067 4066/3963/3063
f 4071/3967/3066 4075/3971/3068 4072/3968/3066
f 4074/3970/3067 4073/3969/3063 4076/3972/3067
f 4076/3972/3067 4077/3973/3069 4074/3970/3067
f 4075/3971/3068 4071/3967/3066 4078/3974/3070
f 4078/3974/3070 4079/3975/3071 4075/3971/3068
f 4077/3973/3069 4076/3972/3067 4080/3976/3069
f 4079/3975/3071 4078/3974/3070 4081/3977/3071
f 4081/3977/3071 4082/3978/3072 4079/3975/3071
f 4083/3979/3073 4077/3973/3069 4084/3980/3073
f 4084/3980/3073 4077/3973/3069 4080/3976/3069
f 4082/3978/3072 4081/3977/3071 4085/3981/3072
f 4085/3981/3072 4086/3982/3074 4082/3978/3072
f 3953/3852/2980 4083/3979/3073 3954/3853/2980
f 3954/3853/2980 4083/3979/3073 4084/3980/3073
f 4086/3982/3074 4085/3981/3072 4087/3983/3074
f 4086/3982/3074 4021/3920/3039 4020/3919/3039
f 4086/3982/3074 4087/3983/3074 4021/3920/3039
f 4088/3984/3075 4089/3985/3076 4090/3986/3077
f 4088/3984/3075 4090/3986/3077 4091/3987/3078
f 4088/3984/3075 4092/3988/3079 4089/3985/3076
f 4091/3987/3078 4093/3989/3080 4094/3990/3081
f 4095/3991/3019 4096/3802/3082 4097/3795/3083
f 4095/3991/3019 4098/3796/3084 4099/3992/3017
f 4096/3802/3082 4095/3991/3019 4100/3993/3085
f 4096/3802/3082 4101/3994/3014 4102/3801/3086
f 4103/3995/3087 4104/3996/3033 4105/3997/3028
f 4104/3996/3033 4103/3995/3087 4106/3998/3088
f 4105/3997/3028 4107/3999/3089 4103/3995/3087
f 4106/3998/3088 4108/4000/3090 4104/3996/3033
f 4109/4001/3091 4110/4002/2993 4111/4003/2989
f 4110/4002/2993 4109/4001/3091 4112/4004/3092
f 4111/4003/2989 4113/4005/3093 4109/4001/3091
f 4112/4004/3092 4114/4006/3004 4110/4002/2993
f 4115/4007/3094 4116/4008/3095 4117/4009/3096
f 4116/4008/3095 4118/4010/3097 4119/4011/3098
f 4117/4009/3096 4116/4008/3095 4119/4011/3098
f 4120/4012/3023 4093/3989/3080 4121/4013/3099
f 4120/4012/3023 4122/4014/3100 4123/4015/2999
f 4122/4014/3100 4120/4012/3023 4121/4013/3099
f 4122/4014/3100 4124/4016/2996 4123/4015/2999
f 4125/4017/3101 4126/4018/2986 4127/4019/2981
f 4125/4017/3101 4092/3988/3079 4126/4018/2986
f 4092/3988/3079 4088/3984/3075 4128/4020/2987
f 4092/3988/3079 4128/4020/2987 4126/4018/2986
f 4129/4021/3102 4130/4022/3014 4131/4023/3103
f 4130/4022/3014 4129/4021/3102 4132/4024/3104
f 4133/4025/2985 4134/4026/3105 4135/4027/3106
f 4134/4026/3105 4133/4025/2985 4136/4028/3018
f 4136/4028/3018 4137/4029/3084 4134/4026/3105
f 4107/3999/3089 4115/4007/3094 4138/4030/3107
f 4138/4030/3107 4103/3995/3087 4107/3999/3089
f 4138/4030/3107 4115/4007/3094 4117/4009/3096
f 4139/4031/3108 4113/4005/3093 4140/4032/3011
f 4113/4005/3093 4111/4003/2989 4141/4033/3109
f 4113/4005/3093 4141/4033/3109 4140/4032/3011
f 4142/4034/3005 4143/4035/3110 4144/4036/3111
f 4142/4034/3005 4118/4010/3097 4145/4037/3002
f 4118/4010/3097 4116/4008/3095 4145/4037/3002
f 4118/4010/3097 4142/4034/3005 4144/4036/3111
f 4093/3989/3080 4091/3987/3078 4090/3986/3077
f 4093/3989/3080 4120/4012/3023 4094/3990/3081
f 4146/4038/3112 4147/4039/2997 4148/3757/3113
f 4148/3757/3113 4147/4039/2997 4149/3755/3114
f 4108/4000/3090 4150/4040/3115 4104/3996/3033
f 4150/4040/3115 4129/4021/3102 4131/4023/3103
f 4150/4040/3115 4108/4000/3090 4129/4021/3102
f 4127/4019/2981 4133/4025/2985 4151/4041/3116
f 4151/4041/3116 4125/4017/3101 4127/4019/2981
f 4151/4041/3116 4133/4025/2985 4135/4027/3106
f 4098/3796/3084 4095/3991/3019 4097/3795/3083
f 4152/4042/3117 4146/4038/3112 4153/3753/3118
f 4153/3753/3118 4146/4038/3112 4148/3757/3113
f 4153/3753/3118 4154/4043/3011 4152/4042/3117
f 4114/4006/3004 4112/4004/3092 4143/4035/3110
f 4143/4035/3110 4142/4034/3005 4114/4006/3004
f 4124/4016/2996 4122/4014/3100 4155/4044/3119
f 4137/4029/3084 4136/4028/3018 4156/4045/3017
f 4101/3994/3014 4096/3802/3082 4100/3993/3085
f 4154/4043/3011 4153/3753/3118 4157/3754/3120
f 4158/4046/2997 4124/4016/2996 4159/4047/3121
f 4159/4047/3121 4124/4016/2996 4155/4044/3119
f 4160/4048/3122 4161/4049/3122 4162/4050/3123
f 4160/4048/3122 4162/4050/3123 4163/4051/3123
f 4160/4048/3122 4164/4052/3124 4161/4049/3122
f 4163/4051/3123 4162/4050/3123 4165/4053/3125
f 4163/4051/3123 4165/4053/3125 4166/4054/3126
s 0
f 4167/4055/23 4168/4056/23 4169/4057/23
f 4168/4056/23 4167/4055/23 4170/4058/23
f 4169/4057/23 4171/4059/23 4167/4055/23
f 4170/4058/23 4172/4060/23 4168/4056/23
f 4173/4061/23 4174/4062/23 4175/4063/23
f 4173/4061/23 4176/4064/23 4177/4065/23
f 4174/4062/23 4173/4061/23 4178/4066/23
f 4174/4062/23 4179/4067/23 4180/4068/23
f 4174/4062/23 4178/4066/23 4179/4067/23
f 4018/3917/23 4015/3914/23 4014/3913/23
f 4018/3917/23 4181/4069/23 4019/3918/23
f 4172/4060/23 4170/4058/23 4182/4070/23
f 4172/4060/23 4183/4071/23 4184/4072/23
f 4181/4069/23 4018/3917/23 4185/4073/23
f 4181/4069/23 4186/4074/23 4187/4075/23
f 4183/4071/23 4172/4060/23 4182/4070/23
f 4183/4071/23 4188/4076/23 4184/4072/23
f 4186/4074/23 4181/4069/23 4185/4073/23
f 4186/4074/23 4189/4077/23 4187/4075/23
f 4188/4076/23 4183/4071/23 4190/4078/23
f 4190/4078/23 4191/4079/23 4188/4076/23
f 4189/4077/23 4186/4074/23 4192/4080/23
f 4189/4077/23 4192/4080/23 4193/4081/23
f 4189/4077/23 4193/4081/23 4194/4082/23
f 4191/4079/23 4190/4078/23 4195/4083/23
f 4195/4083/23 4196/4084/23 4191/4079/23
f 4193/4081/23 4197/4085/23 4194/4082/23
f 4196/4084/23 4198/4086/23 4199/4087/23
f 4196/4084/23 4195/4083/23 4200/4088/23
f 4197/4085/23 4193/4081/23 4201/4089/23
f 4201/4089/23 4202/4090/23 4197/4085/23
f 4198/4086/23 4196/4084/23 4200/4088/23
f 4198/4086/23 4203/4091/23 4199/4087/23
f 4202/4090/23 4201/4089/23 4204/4092/23
f 4204/4092/23 4205/4093/23 4202/4090/23
f 4203/4091/23 4198/4086/23 4206/4094/23
f 4206/4094/23 4207/4095/23 4203/4091/23
f 4205/4093/23 4208/4096/23 4209/4097/23
f 4205/4093/23 4209/4097/23 4202/4090/23
f 4207/4095/23 4206/4094/23 4210/4098/23
f 4207/4095/23 4210/4098/23 4211/4099/23
f 4208/4096/23 4212/4100/23 4209/4097/23
f 4208/4096/23 4213/4101/23 4212/4100/23
f 4211/4099/23 4214/4102/23 4215/4103/23
f 4211/4099/23 4215/4103/23 4207/4095/23
f 4176/4064/23 4173/4061/23 4175/4063/23
f 4176/4064/23 4216/4104/23 4177/4065/23
f 4213/4101/23 4208/4096/23 4217/4105/23
f 4217/4105/23 4218/4106/23 4213/4101/23
f 4214/4102/23 4211/4099/23 4219/4107/23
f 4219/4107/23 4016/3915/23 4214/4102/23
f 4179/4067/23 4220/4108/23 4180/4068/23
f 4218/4106/23 4217/4105/23 4221/4109/23
f 4221/4109/23 4222/4110/23 4218/4106/23
f 4016/3915/23 4223/4111/23 4214/4102/23
f 4016/3915/23 4013/3912/23 4223/4111/23
f 4220/4108/23 4179/4067/23 4171/4059/23
f 4171/4059/23 4169/4057/23 4220/4108/23
f 4222/4110/23 4221/4109/23 4216/4104/23
f 4216/4104/23 4176/4064/23 4222/4110/23
f 4224/4112/23 4225/4113/23 4226/4114/23
f 4224/4112/23 4227/4115/23 4228/4116/23
f 4224/4112/23 4226/4114/23 4229/4117/23
f 4224/4112/23 4229/4117/23 4227/4115/23
f 4226/4114/23 4230/4118/23 4231/4119/23
f 4226/4114/23 4232/4120/23 4233/4121/23
f 4226/4114/23 4234/4122/23 4235/4123/23
f 4229/4117/23 4226/4114/23 4236/4124/23
f 4229/4117/23 4236/4124/23 4237/4125/23
f 4225/4113/23 4238/4126/23 4226/4114/23
f 4225/4113/23 4224/4112/23 4239/4127/23
f 4234/4122/23 4226/4114/23 4240/4128/23
f 4239/4127/23 4224/4112/23 4241/4129/23
f 4239/4127/23 4241/4129/23 4242/4130/23
f 4239/4127/23 4243/4131/23 4225/4113/23
f 4244/4132/23 4238/4126/23 4245/4133/23
f 4244/4132/23 4226/4114/23 4238/4126/23
f 4244/4132/23 4240/4128/23 4226/4114/23
f 4240/4128/23 4244/4132/23 4246/4134/23
f 4230/4118/23 4226/4114/23 4235/4123/23
f 4232/4120/23 4226/4114/23 4247/4135/23
f 4233/4121/23 4232/4120/23 4248/4136/23
f 4236/4124/23 4226/4114/23 4233/4121/23
f 4227/4115/23 4229/4117/23 4249/4137/23
f 4243/4131/23 4250/4138/23 4225/4113/23
f 4243/4131/23 4239/4127/23 4251/4139/23
f 4250/4138/23 4243/4131/23 4252/4140/23
f 4238/4126/23 4225/4113/23 4253/4141/23
f 4254/4142/23 4246/4134/23 4244/4132/23
f 4246/4134/23 4254/4142/23 4255/4143/23
s 1
f 4256/4144/3127 4257/4145/3128 4258/4146/3129
f 4256/4144/3127 4258/4146/3129 4259/4147/3129
f 4259/4147/3129 4258/4146/3129 4260/4148/3130
f 4259/4147/3129 4260/4148/3130 4261/4149/3130
f 4262/4150/3127 4263/4151/3131 4264/4152/3127
f 4263/4151/3131 4262/4150/3127 4265/4153/3131
f 4265/4153/3131 4266/4154/3132 4263/4151/3131
f 4267/4155/3133 4268/4156/3133 4269/4157/3134
f 4267/4155/3133 4269/4157/3134 4270/4158/3134
f 4270/4158/3134 4269/4157/3134 4271/4159/3135
f 4270/4158/3134 4271/4159/3135 4272/4160/3135
f 4266/4154/3132 4265/4153/3131 4273/4161/3132
f 4273/4161/3132 4274/4162/3136 4266/4154/3132
f 4271/4159/3135 4275/4163/3137 4272/4160/3135
f 4274/4162/3136 4273/4161/3132 4276/4164/3136
f 4276/4164/3136 4277/4165/3138 4274/4162/3136
f 4278/4166/3139 4279/4167/3140 4280/4168/3139
f 4278/4166/3139 4281/4169/3141 4282/4170/3141
f 4278/4166/3139 4280/4168/3139 4281/4169/3141
f 4282/4170/3141 4283/4171/3142 4284/4172/3142
f 4282/4170/3141 4281/4169/3141 4283/4171/3142
f 4275/4163/3137 4271/4159/3135 4285/4173/3137
f 4285/4173/3137 4286/4174/3143 4275/4163/3137
f 4277/4165/3138 4287/4175/3138 4288/4176/3144
f 4277/4165/3138 4276/4164/3136 4287/4175/3138
f 4277/4165/3138 4288/4176/3144 4289/4177/3144
f 4284/4172/3142 4290/4178/3145 4291/4179/3146
f 4284/4172/3142 4283/4171/3142 4290/4178/3145
f 4286/4174/3143 4285/4173/3137 4292/4180/3143
f 4292/4180/3143 4293/4181/3140 4286/4174/3143
f 4289/4177/3144 4294/4182/3147 4295/4183/3148
f 4289/4177/3144 4288/4176/3144 4294/4182/3147
f 4296/4184/3145 4297/4185/3145 4298/4186/3149
f 4296/4184/3145 4298/4186/3149 4299/4187/3150
f 4293/4181/3140 4292/4180/3143 4279/4167/3140
f 4279/4167/3140 4278/4166/3139 4293/4181/3140
f 4300/4188/3151 4301/4189/3149 4302/4190/3151
f 4301/4189/3149 4300/4188/3151 4303/4191/3149
f 4302/4190/3151 4304/4192/3152 4300/4188/3151
f 4305/4193/3153 4306/4194/3153 4307/4195/3154
f 4305/4193/3153 4307/4195/3154 4308/4196/3154
f 4308/4196/3154 4309/4197/3155 4310/4198/3155
f 4308/4196/3154 4307/4195/3154 4309/4197/3155
f 4304/4192/3152 4302/4190/3151 4311/4199/3152
f 4311/4199/3152 4312/4200/3156 4304/4192/3152
f 4309/4197/3155 4313/4201/3157 4310/4198/3155
f 4312/4200/3156 4311/4199/3152 4314/4202/3156
f 4314/4202/3156 4315/4203/3158 4312/4200/3156
f 4313/4201/3157 4309/4197/3155 4316/4204/3157
f 4316/4204/3157 4317/4205/3159 4313/4201/3157
f 4315/4203/3158 4314/4202/3156 4318/4206/3158
f 4317/4205/3159 4316/4204/3157 4319/4207/3159
f 4319/4207/3159 4320/4208/3124 4317/4205/3159
f 4321/4209/3160 4315/4203/3158 4318/4206/3158
f 4321/4209/3160 4322/4210/3160 4315/4203/3158
f 4320/4208/3124 4319/4207/3159 4164/4052/3124
f 4164/4052/3124 4160/4048/3122 4320/4208/3124
f 4261/4149/3130 4260/4148/3130 4322/4210/3160
f 4261/4149/3130 4322/4210/3160 4321/4209/3160
f 4323/4211/3161 4324/4212/3162 4325/4213/3163
f 4323/4211/3161 4325/4213/3163 4326/4214/3164
f 4324/4212/3162 4327/4215/3165 4325/4213/3163
f 4324/4212/3162 4323/4211/3161 4328/4216/3166
f 4326/4214/3167 4329/4217/3168 4330/4218/3169
f 4327/4215/3165 4324/4212/3162 4331/4219/3170
f 4332/4220/3171 4333/4221/3163 4334/4222/3165
f 4333/4221/3163 4332/4220/3171 4335/4223/3172
f 4335/4223/3172 4336/4224/3173 4333/4221/3163
f 4337/4225/3174 4333/4221/3163 4336/4224/3173
f 4338/4226/3175 4339/4227/3176 4340/4228/3177
f 4338/4226/3175 4340/4228/3177 4341/4229/3178
f 4338/4226/3175 4342/4230/3179 4343/4211/3180
f 4339/4227/3176 4338/4226/3175 4330/4218/3169
f 4340/4228/3177 4344/4231/3181 4345/4232/3182
f 4330/4218/3169 4343/4211/3180 4326/4214/3167
f 4343/4211/3180 4330/4218/3169 4338/4226/3175
f 4329/4217/3168 4326/4214/3167 4346/4233/3183
f 4347/4234/3184 4348/4235/3185 4349/4236/3186
f 4348/4235/3185 4350/4237/3187 4351/4238/3181
f 4349/4236/3186 4352/4239/3188 4347/4234/3184
f 4353/4240/3189 4354/4241/3190 4355/4242/3191
f 4354/4241/3190 4353/4240/3189 4356/4243/3192
f 4356/4243/3192 4353/4240/3189 4357/4244/3193
f 4356/4243/3192 4358/4245/3194 4354/4241/3190
f 4359/4246/3195 4360/4247/3196 4361/4248/3197
f 4359/4246/3195 4362/4249/3198 4363/4250/3199
f 4362/4249/3198 4359/4246/3195 4361/4248/3197
f 4364/4220/3200 4365/4251/3201 4366/4252/3201
f 4365/4251/3201 4364/4220/3200 4367/4222/3201
f 4368/4240/3202 4369/4253/3203 4370/4254/3204
f 4369/4253/3203 4368/4240/3202 4371/4242/3203
f 4372/4255/3205 4373/4256/3206 4374/4257/3207
f 4374/4257/3207 4375/4258/3208 4372/4255/3205
f 4376/4259/3209 4377/4260/3206 4378/4261/3210
f 4377/4260/3206 4376/4259/3209 4379/4262/3207
f 4378/4261/3210 4380/4263/3211 4381/4229/3212
f 4382/4259/3213 4345/4232/3182 4383/4262/3182
f 4382/4259/3213 4341/4229/3178 4340/4228/3177
f 4345/4232/3182 4384/4264/3214 4385/4265/3214
f 4345/4232/3182 4382/4259/3213 4340/4228/3177
f 4345/4232/3182 4385/4265/3214 4383/4262/3182
f 4386/4266/3214 4383/4262/3182 4385/4265/3214
f 4387/4267/3215 4388/4268/3216 4389/4269/3217
f 4387/4267/3215 4390/4270/3218 4391/4244/3219
f 4387/4267/3215 4392/4271/3220 4390/4270/3218
f 4393/4272/3221 4391/4244/3219 4390/4270/3218
f 4393/4272/3221 4394/4273/3222 4395/4274/3223
f 4357/4244/3193 4396/4272/3224 4356/4243/3192
f 4396/4272/3224 4397/4275/3225 4356/4243/3192
f 4398/4268/3226 4399/4244/3226 4370/4254/3204
f 4399/4244/3226 4368/4240/3202 4370/4254/3204
f 4388/4268/3216 4387/4267/3215 4391/4244/3219
f 4388/4268/3216 4400/4276/3227 4389/4269/3217
f 4389/4269/3217 4400/4276/3227 4401/4277/3228
f 4380/4263/3211 4402/4230/3229 4381/4229/3212
f 4381/4229/3212 4376/4259/3209 4378/4261/3210
f 4402/4230/3229 4403/4278/3230 4404/4216/3231
f 4402/4230/3229 4380/4263/3211 4405/4279/3232
f 4342/4230/3179 4338/4226/3175 4341/4229/3178
f 4406/4280/3233 4407/4281/3234 4408/4282/3235
f 4407/4281/3234 4406/4280/3233 4409/4283/3236
f 4408/4282/3235 4410/4284/3237 4406/4280/3233
f 4408/4282/3235 4407/4281/3234 4411/4285/3238
f 4411/4285/3238 4394/4273/3222 4408/4282/3235
f 4394/4273/3222 4393/4272/3221 4390/4270/3218
f 4394/4273/3222 4392/4271/3220 4408/4282/3235
f 4394/4273/3222 4411/4285/3238 4395/4274/3223
f 4392/4271/3220 4412/4286/3239 4410/4284/3237
f 4392/4271/3220 4387/4267/3215 4413/4287/3240
f 4392/4271/3220 4394/4273/3222 4390/4270/3218
f 4410/4284/3237 4408/4282/3235 4392/4271/3220
f 4414/4288/3241 4415/4289/3242 4416/4290/3243
f 4414/4288/3241 4417/4291/3244 4418/4292/3245
f 4415/4289/3242 4419/4293/3246 4416/4290/3243
f 4415/4289/3242 4414/4288/3241 4420/4294/3196
f 4416/4290/3243 4421/4295/3247 4414/4288/3241
f 4360/4247/3196 4422/4296/3248 4361/4248/3197
f 4358/4245/3194 4356/4243/3192 4397/4275/3225
f 4397/4275/3225 4423/4297/3249 4358/4245/3194
f 4397/4275/3225 4396/4272/3224 4424/4274/3250
f 4423/4297/3249 4397/4275/3225 4425/4298/3251
f 4425/4298/3251 4426/4299/3252 4423/4297/3249
f 4425/4298/3251 4397/4275/3225 4424/4274/3250
f 4412/4286/3239 4413/4287/3240 4427/4300/3253
f 4412/4286/3239 4392/4271/3220 4413/4287/3240
f 4413/4287/3240 4389/4269/3217 4428/4277/3254
f 4413/4287/3240 4387/4267/3215 4389/4269/3217
f 4427/4300/3253 4413/4287/3240 4428/4277/3254
f 4429/4252/3255 4418/4292/3245 4430/4301/3256
f 4430/4301/3256 4431/4302/3257 4432/4224/3258
f 4430/4301/3256 4433/4220/3259 4429/4252/3255
f 4430/4301/3256 4418/4292/3245 4417/4291/3244
f 4417/4291/3244 4414/4288/3241 4421/4295/3247
f 4417/4291/3244 4431/4302/3257 4430/4301/3256
f 4417/4291/3244 4421/4295/3247 4434/4303/3260
f 4431/4302/3257 4417/4291/3244 4434/4303/3260
f 4432/4224/3258 4435/4223/3261 4430/4301/3256
f 4433/4220/3259 4430/4301/3256 4435/4223/3261
f 4436/4304/3262 4437/4305/3263 4421/4295/3247
f 4437/4305/3263 4436/4304/3262 4438/4306/3264
f 4421/4295/3247 4416/4290/3243 4436/4304/3262
f 4421/4295/3247 4437/4305/3263 4434/4303/3260
f 4439/4307/3265 4395/4274/3223 4411/4285/3238
f 4439/4307/3265 4440/4308/3266 4441/4309/3267
f 4424/4274/3250 4442/4307/3268 4425/4298/3251
f 4442/4307/3268 4443/4310/3269 4425/4298/3251
f 4403/4278/3230 4402/4230/3229 4405/4279/3232
f 4328/4216/3166 4444/4311/3270 4331/4219/3170
f 4328/4216/3166 4331/4219/3170 4324/4212/3162
f 4445/4230/3271 4328/4216/3166 4323/4211/3161
f 4446/4312/3272 4447/4313/3273 4448/4314/3274
f 4446/4312/3272 4449/4315/3275 4447/4313/3273
f 4448/4314/3274 4450/4316/3276 4451/4317/3277
f 4449/4315/3275 4452/4318/3278 4447/4313/3273
f 4449/4315/3275 4453/4319/3279 4454/4320/3280
f 4452/4318/3278 4455/4321/3281 4447/4313/3273
f 4452/4318/3278 4449/4315/3275 4456/4322/3282
f 4450/4316/3276 4447/4313/3273 4455/4321/3281
f 4450/4316/3276 4448/4314/3274 4447/4313/3273
f 4457/4323/3283 4458/4324/3284 4459/4325/3285
f 4458/4324/3284 4457/4323/3283 4460/4326/3286
f 4460/4326/3286 4461/4327/3287 4462/4328/3288
f 4463/4329/3289 4464/4330/3289 4465/4331/3290
f 4463/4329/3289 4466/4332/3291 4467/4333/3291
f 4466/4332/3291 4463/4329/3289 4468/4334/3289
f 4467/4333/3291 4464/4330/3289 4463/4329/3289
f 4468/4334/3289 4469/4335/3291 4466/4332/3291
f 4468/4334/3289 4470/4336/3290 4471/4337/3290
f 4469/4335/3291 4468/4334/3289 4472/4338/3289
f 4472/4338/3289 4468/4334/3289 4471/4337/3290
f 4462/4328/3288 4458/4324/3284 4460/4326/3286
f 4473/4339/3292 4474/4340/3293 4475/4341/3294
f 4473/4339/3292 4476/4342/3295 4474/4340/3293
f 4473/4339/3292 4477/4343/3296 4478/4344/3297
f 4477/4343/3296 4473/4339/3292 4475/4341/3294
f 4478/4344/3297 4479/4345/3298 4480/4346/3299
f 4475/4341/3294 4481/4347/3300 4482/4348/3301
f 4475/4341/3294 4474/4340/3293 4483/4349/3284
f 4483/4349/3284 4481/4347/3300 4475/4341/3294
f 4481/4347/3300 4483/4349/3284 4484/4350/3288
f 4482/4348/3301 4477/4343/3296 4475/4341/3294
f 4470/4336/3290 4468/4334/3289 4463/4329/3289
f 4471/4337/3290 4485/4351/3290 4472/4338/3289
f 4486/4336/3302 4487/4331/3303 4488/4352/3304
f 4486/4336/3302 4489/4353/3305 4490/4337/3306
f 4489/4353/3305 4491/4354/3307 4490/4337/3306
f 4489/4353/3305 4486/4336/3302 4488/4352/3304
f 4492/4351/3308 4490/4337/3306 4491/4354/3307
f 4493/4355/3309 4494/4356/3310 4495/4357/3310
f 4493/4355/3309 4496/4358/3311 4497/4359/3312
f 4498/4360/3313 4499/4361/3314 4500/4362/3315
f 4498/4360/3313 4497/4359/3312 4496/4358/3311
f 4501/4363/3316 4502/4364/3317 4503/4365/3317
f 4502/4364/3317 4504/4366/3318 4505/4367/3317
f 4502/4364/3317 4506/4368/3319 4503/4365/3317
f 4503/4365/3317 4507/4369/3316 4501/4363/3316
f 4506/4368/3319 4502/4364/3317 4508/4370/3319
f 4508/4370/3319 4505/4367/3317 4509/4371/3319
f 4494/4356/3310 4493/4355/3309 4497/4359/3312
f 4504/4366/3318 4502/4364/3317 4501/4363/3316
f 4505/4367/3317 4508/4370/3319 4502/4364/3317
f 4510/4372/3320 4511/4373/3321 4512/4367/3322
f 4511/4373/3321 4513/4371/3323 4512/4367/3322
f 4512/4367/3322 4514/4366/3324 4510/4372/3320
f 4514/4366/3324 4515/4374/3325 4510/4372/3320
f 4513/4371/3323 4511/4373/3321 4516/4375/3326
f 4517/4376/3327 4518/4377/3328 4519/4378/3328
f 4518/4377/3328 4517/4376/3327 4520/4379/3329
f 4519/4378/3328 4521/4380/3330 4517/4376/3327
f 4520/4379/3329 4522/4381/3331 4523/4382/3331
f 4524/4383/3332 4525/4384/3333 4526/4385/3334
f 4524/4383/3332 4527/4386/3335 4528/4387/3336
f 4524/4383/3332 4529/4388/3337 4530/4389/3338
f 4529/4388/3337 4524/4383/3332 4526/4385/3334
f 4530/4389/3338 4531/4390/3339 4527/4386/3335
f 4530/4389/3338 4532/4391/3340 4533/4392/3341
f 4525/4384/3333 4524/4383/3332 4528/4387/3336
f 4528/4387/3336 4534/4393/3342 4479/4345/3298
f 4535/4394/3343 4536/4395/3344 4537/4396/3343
f 4536/4395/3344 4535/4394/3343 4538/4397/3344
f 4538/4397/3344 4539/4398/3343 4540/4399/3344
f 4541/4400/3345 4542/4401/3346 4543/4402/3347
f 4542/4401/3346 4544/4403/3348 4545/4404/3349
f 4542/4401/3346 4541/4400/3345 4546/4405/3350
f 4543/4402/3347 4547/4406/3351 4548/4407/3352
f 4543/4402/3347 4549/4408/3353 4550/4409/3354
f 4521/4380/3330 4519/4378/3328 4551/4410/3328
f 4521/4380/3330 4552/4411/3331 4517/4376/3327
f 4539/4398/3343 4538/4397/3344 4535/4394/3343
f 4544/4403/3348 4500/4362/3315 4545/4404/3349
f 4544/4403/3348 4542/4401/3346 4546/4405/3350
f 4545/4404/3349 4553/4412/3355 4547/4406/3351
f 4554/4413/3356 4555/4414/3357 4556/4415/3358
f 4555/4414/3357 4557/4416/3291 4558/4417/3359
f 4555/4414/3357 4554/4413/3356 4559/4418/3360
f 4556/4415/3358 4558/4417/3359 4560/4419/3361
f 4556/4415/3358 4443/4310/3269 4561/4309/3362
f 4559/4418/3360 4562/4420/3290 4563/4421/3289
f 4564/4413/3363 4565/4422/3364 4566/4418/3365
f 4564/4413/3363 4441/4309/3267 4567/4423/3366
f 4565/4422/3364 4564/4413/3363 4567/4423/3366
f 4566/4418/3365 4568/4424/3367 4569/4420/3368
f 4566/4418/3365 4565/4422/3364 4568/4424/3367
f 4569/4420/3368 4570/4425/3279 4487/4331/3303
f 4563/4421/3289 4555/4414/3357 4559/4418/3360
f 4563/4421/3289 4571/4426/3291 4557/4416/3291
f 4562/4420/3290 4464/4330/3289 4563/4421/3289
f 4531/4390/3339 4572/4427/3369 4527/4386/3335
f 4531/4390/3339 4533/4392/3341 4573/4428/3370
f 4527/4386/3335 4524/4383/3332 4530/4389/3338
f 4572/4427/3369 4531/4390/3339 4574/4429/3371
f 4572/4427/3369 4534/4393/3342 4527/4386/3335
f 4574/4429/3371 4573/4428/3370 4575/4430/3372
f 4534/4393/3342 4576/4431/3373 4480/4346/3299
f 4534/4393/3342 4572/4427/3369 4576/4431/3373
f 4534/4393/3342 4528/4387/3336 4527/4386/3335
f 4577/4432/3374 4578/4433/3372 4419/4293/3246
f 4577/4432/3374 4579/4434/3375 4580/4435/3371
f 4579/4434/3375 4581/4436/3369 4580/4435/3371
f 4581/4436/3369 4579/4434/3375 4582/4437/3373
f 4558/4417/3359 4556/4415/3358 4555/4414/3357
f 4560/4419/3361 4443/4310/3269 4556/4415/3358
f 4557/4416/3291 4555/4414/3357 4563/4421/3289
f 4583/4438/3376 4582/4437/3373 4579/4434/3375
f 4583/4438/3376 4584/4439/3295 4582/4437/3373
f 4548/4407/3352 4585/4440/3377 4586/4441/3366
f 4548/4407/3352 4549/4408/3353 4543/4402/3347
f 4585/4440/3377 4548/4407/3352 4547/4406/3351
f 4586/4441/3366 4587/4442/3378 4588/4443/3379
f 4547/4406/3351 4542/4401/3346 4545/4404/3349
f 4547/4406/3351 4543/4402/3347 4542/4401/3346
f 4589/4444/3355 4590/4445/3377 4591/4446/3380
f 4589/4444/3355 4592/4447/3381 4454/4320/3280
f 4590/4445/3377 4589/4444/3355 4593/4448/3367
f 4593/4448/3367 4454/4320/3280 4453/4319/3279
f 4593/4448/3367 4589/4444/3355 4454/4320/3280
f 4594/4449/3382 4595/4450/3383 4596/4451/3382
f 4594/4449/3382 4597/4360/3384 4598/4362/3382
f 4595/4450/3383 4594/4449/3382 4599/4452/3343
f 4596/4451/3382 4600/4453/3384 4594/4449/3382
f 4599/4452/3343 4594/4449/3382 4598/4362/3382
f 4601/4454/3385 4515/4374/3325 4602/4455/3386
f 4515/4374/3325 4514/4366/3324 4602/4455/3386
f 4602/4455/3386 4603/4456/3387 4601/4454/3385
f 4600/4453/3384 4596/4451/3382 4604/4457/3384
f 4499/4361/3314 4545/4404/3349 4500/4362/3315
f 4499/4361/3314 4498/4360/3313 4496/4358/3311
f 4598/4362/3382 4605/4403/3343 4599/4452/3343
f 4597/4360/3384 4594/4449/3382 4600/4453/3384
f 4464/4330/3289 4562/4420/3290 4465/4331/3290
f 4464/4330/3289 4467/4333/3291 4571/4426/3291
f 4465/4331/3290 4470/4336/3290 4463/4329/3289
f 4570/4425/3279 4488/4352/3304 4487/4331/3303
f 4570/4425/3279 4569/4420/3368 4568/4424/3367
f 4480/4346/3299 4473/4339/3292 4478/4344/3297
f 4480/4346/3299 4576/4431/3373 4476/4342/3295
f 4480/4346/3299 4479/4345/3298 4534/4393/3342
f 4476/4342/3295 4473/4339/3292 4480/4346/3299
f 4584/4439/3295 4583/4438/3376 4606/4458/3388
f 4584/4439/3295 4606/4458/3388 4459/4325/3285
f 4606/4458/3388 4457/4323/3283 4459/4325/3285
f 4571/4426/3291 4563/4421/3289 4464/4330/3289
f 4454/4320/3280 4456/4322/3282 4449/4315/3275
f 4453/4319/3279 4449/4315/3275 4446/4312/3272
f 4592/4447/3381 4589/4444/3355 4607/4459/3389
f 4592/4447/3381 4456/4322/3282 4454/4320/3280
f 4443/4310/3269 4442/4307/3268 4561/4309/3362
f 4443/4310/3269 4560/4419/3361 4426/4299/3252
f 4561/4309/3362 4554/4413/3356 4556/4415/3358
f 4440/4308/3266 4439/4307/3265 4411/4285/3238
f 4440/4308/3266 4567/4423/3366 4441/4309/3267
f 4533/4392/3341 4531/4390/3339 4530/4389/3338
f 4533/4392/3341 4608/4460/3264 4573/4428/3370
f 4533/4392/3341 4609/4461/3390 4608/4460/3264
f 4609/4461/3390 4533/4392/3341 4532/4391/3340
f 4532/4391/3340 4530/4389/3338 4529/4388/3337
f 4522/4381/3331 4517/4376/3327 4552/4411/3331
f 4522/4381/3331 4520/4379/3329 4517/4376/3327
f 4522/4381/3331 4610/4462/3214 4611/4463/3214
f 4523/4382/3331 4611/4463/3214 4612/4464/3214
f 4611/4463/3214 4523/4382/3331 4522/4381/3331
f 4344/4231/3181 4340/4228/3177 4339/4227/3176
f 4350/4237/3187 4348/4235/3185 4347/4234/3184
f 4350/4237/3187 4613/4465/3390 4351/4238/3181
f 4613/4465/3390 4350/4237/3187 4614/4466/3391
f 4384/4264/3214 4345/4232/3182 4344/4231/3181
f 4573/4428/3370 4574/4429/3371 4531/4390/3339
f 4615/4467/3262 4573/4428/3370 4608/4460/3264
f 4615/4467/3262 4575/4430/3372 4573/4428/3370
f 4575/4430/3372 4615/4467/3262 4616/4468/3392
f 4578/4433/3372 4577/4432/3374 4580/4435/3371
f 4578/4433/3372 4416/4290/3243 4419/4293/3246
f 4426/4299/3252 4425/4298/3251 4443/4310/3269
f 4588/4443/3379 4548/4407/3352 4586/4441/3366
f 4588/4443/3379 4617/4469/3236 4549/4408/3353
f 4618/4470/3234 4619/4471/3393 4620/4472/3238
f 4619/4471/3393 4618/4470/3234 4621/4473/3379
f 4617/4469/3236 4588/4443/3379 4622/4474/3234
f 4549/4408/3353 4623/4475/3208 4550/4409/3354
f 4549/4408/3353 4548/4407/3352 4588/4443/3379
f 4623/4475/3208 4549/4408/3353 4617/4469/3236
f 4550/4409/3354 4541/4400/3345 4543/4402/3347
f 4610/4462/3214 4522/4381/3331 4552/4411/3331
f 4624/4476/3394 4625/4477/3395 4626/4478/3396
f 4625/4477/3395 4624/4476/3394 4627/4479/3397
f 4625/4477/3395 4627/4479/3397 4628/4480/3398
f 4625/4477/3395 4628/4480/3398 4629/4481/3399
f 4627/4479/3397 4630/4482/3400 4628/4480/3398
f 4631/4483/3401 4632/4484/3395 4633/4485/3402
f 4631/4483/3401 4634/4486/3403 4632/4484/3395
f 4632/4484/3395 4635/4487/3404 4633/4485/3402
f 4632/4484/3395 4634/4486/3403 4636/4488/3396
f 4636/4488/3396 4637/4489/3405 4638/4490/3406
f 4639/4491/3407 4640/4492/3408 4641/4493/3409
f 4639/4491/3407 4642/4494/3410 4630/4482/3400
f 4642/4494/3410 4639/4491/3407 4643/4495/3411
f 4642/4494/3410 4644/4496/3412 4630/4482/3400
f 4630/4482/3400 4644/4496/3412 4645/4497/3413
f 4643/4495/3411 4641/4493/3409 4646/4498/3414
f 4643/4495/3411 4647/4499/3415 4642/4494/3410
f 4643/4495/3411 4648/4500/3416 4647/4499/3415
f 4645/4497/3413 4628/4480/3398 4630/4482/3400
f 4649/4476/3417 4639/4491/3407 4630/4482/3400
f 4649/4476/3417 4630/4482/3400 4627/4479/3397
f 4650/4501/3418 4651/4502/3419 4652/4503/3420
f 4650/4501/3418 4653/4504/3421 4651/4502/3419
f 4653/4504/3421 4650/4501/3418 4654/4505/3422
f 4651/4502/3419 4655/4506/3423 4656/4507/3424
f 4657/4508/3425 4658/4486/3426 4659/4509/3427
f 4658/4486/3426 4657/4508/3425 4660/4510/3428
f 4659/4509/3427 4658/4486/3426 4661/4483/3429
f 4662/4509/3430 4663/4485/3430 4664/4511/3430
f 4663/4485/3430 4662/4509/3430 4665/4483/3430
f 4666/4512/3431 4667/4504/3432 4668/4505/3431
f 4667/4504/3432 4666/4512/3431 4669/4513/3433
f 4669/4513/3433 4670/4506/3434 4667/4504/3432
f 4671/4514/3435 4672/4515/3436 4673/4516/3437
f 4673/4516/3437 4672/4515/3436 4674/4517/3438
f 4674/4517/3438 4675/4518/3439 4676/4519/3440
f 4674/4517/3438 4677/4519/3441 4678/4520/3442
f 4674/4517/3438 4679/4521/3443 4673/4516/3437
f 4680/4522/3444 4681/4523/3416 4682/4524/3444
f 4681/4523/3416 4680/4522/3444 4648/4500/3416
f 4648/4500/3416 4646/4498/3414 4681/4523/3416
f 4648/4500/3416 4683/4525/3444 4647/4499/3415
f 4646/4498/3414 4648/4500/3416 4643/4495/3411
f 4675/4518/3439 4674/4517/3438 4672/4515/3436
f 4684/4526/3445 4685/4527/3446 4686/4528/3447
f 4684/4526/3445 4686/4528/3447 4687/4529/3448
f 4685/4527/3446 4688/4530/3449 4686/4528/3447
f 4687/4529/3448 4689/4531/3450 4690/4532/3451
f 4687/4529/3448 4691/4533/3452 4689/4531/3450
f 4692/4534/3448 4693/4489/3453 4694/4510/3454
f 4693/4489/3453 4692/4534/3448 4695/4535/3455
f 4660/4510/3428 4696/4489/3428 4658/4486/3426
f 4697/4536/3456 4656/4507/3424 4698/4537/3457
f 4697/4536/3456 4652/4503/3420 4651/4502/3419
f 4699/4538/3458 4676/4519/3440 4700/4539/3459
f 4700/4539/3459 4676/4519/3440 4675/4518/3439
f 4641/4493/3409 4643/4495/3411 4639/4491/3407
f 4640/4492/3408 4639/4491/3407 4649/4476/3417
f 4701/4540/3460 4702/4492/3461 4703/4541/3462
f 4702/4492/3461 4701/4540/3460 4704/4493/3463
f 4679/4521/3443 4674/4517/3438 4678/4520/3442
f 4678/4520/3442 4705/4542/3464 4679/4521/3443
f 4691/4533/3452 4706/4538/3465 4689/4531/3450
f 4691/4533/3452 4688/4530/3449 4678/4520/3442
f 4691/4533/3452 4687/4529/3448 4686/4528/3447
f 4691/4533/3452 4678/4520/3442 4677/4519/3441
f 4688/4530/3449 4685/4527/3446 4707/4543/3466
f 4688/4530/3449 4691/4533/3452 4686/4528/3447
f 4705/4542/3464 4678/4520/3442 4688/4530/3449
f 4708/4544/3467 4709/4545/3468 4670/4506/3434
f 4709/4545/3468 4708/4544/3467 4710/4546/3469
f 4670/4506/3434 4669/4513/3433 4708/4544/3467
f 4656/4507/3424 4697/4536/3456 4651/4502/3419
f 4656/4507/3424 4711/4547/3470 4698/4537/3457
f 4656/4507/3424 4712/4545/3471 4711/4547/3470
f 4712/4545/3471 4656/4507/3424 4655/4506/3423
f 4712/4545/3471 4713/4548/3472 4711/4547/3470
f 4711/4547/3470 4713/4548/3472 4714/4549/3473
f 4655/4506/3423 4651/4502/3419 4653/4504/3421
f 4706/4538/3465 4691/4533/3452 4677/4519/3441
f 4689/4531/3450 4706/4538/3465 4715/4550/3474
f 4689/4531/3450 4716/4551/3475 4690/4532/3451
f 4715/4550/3474 4716/4551/3475 4689/4531/3450
f 4717/4552/3476 4718/4553/3477 4719/4554/3478
f 4719/4554/3478 4720/4555/3479 4721/4556/3480
f 4719/4554/3478 4722/4557/3481 4717/4552/3476
f 4722/4557/3481 4723/4558/3482 4724/4559/3483
f 4722/4557/3481 4725/4560/3484 4717/4552/3476
f 4720/4555/3479 4719/4554/3478 4718/4553/3477
f 4721/4556/3480 4726/4561/3485 4719/4554/3478
f 4723/4558/3482 4722/4557/3481 4719/4554/3478
f 4723/4558/3482 4719/4554/3478 4726/4561/3485
f 4727/4562/3486 4728/4563/3487 4729/4564/3488
f 4728/4563/3487 4727/4562/3486 4730/4565/3489
f 4730/4565/3489 4724/4559/3483 4728/4563/3487
f 4730/4565/3489 4722/4557/3481 4724/4559/3483
f 4730/4565/3489 4727/4562/3486 4731/4566/3490
f 4731/4566/3469 4732/4567/3491 4733/4568/3468
f 4731/4566/3490 4725/4560/3484 4730/4565/3489
f 4725/4560/3484 4722/4557/3481 4730/4565/3489
f 4707/4543/3466 4705/4542/3464 4688/4530/3449
f 4707/4543/3466 4734/4569/3492 4705/4542/3464
f 4734/4569/3492 4735/4570/3493 4705/4542/3464
f 4736/4571/3494 4698/4537/3457 4711/4547/3470
f 4736/4571/3494 4714/4549/3473 4737/4572/3495
f 4738/4573/3461 4739/4490/3496 4740/4574/3497
f 4739/4490/3496 4693/4489/3453 4695/4535/3455
f 4739/4490/3496 4695/4535/3455 4741/4575/3498
f 4740/4574/3497 4739/4490/3496 4741/4575/3498
f 4742/4576/3499 4624/4476/3394 4626/4478/3396
f 4742/4576/3499 4743/4492/3500 4624/4476/3394
f 4637/4489/3405 4636/4488/3396 4634/4486/3403
f 4744/4577/3501 4745/4578/3502 4746/4579/3503
f 4744/4577/3501 4746/4579/3503 4747/4580/3504
f 4746/4579/3503 4748/4581/3505 4749/4582/3506
f 4747/4580/3504 4750/4583/3507 4744/4577/3501
f 4747/4580/3504 4751/4584/3508 4752/4585/3509
f 4745/4578/3502 4748/4581/3505 4746/4579/3503
f 4748/4581/3505 4745/4578/3502 4753/4586/3510
f 4751/4584/3508 4746/4579/3503 4749/4582/3506
f 4751/4584/3508 4747/4580/3504 4746/4579/3503
f 4754/4587/3511 4755/4588/3512 4756/4589/3513
f 4754/4587/3511 4757/4590/3514 4758/4591/3515
f 4755/4588/3512 4759/4592/3516 4756/4589/3513
f 4755/4588/3512 4754/4587/3511 4758/4591/3515
f 4760/4593/3517 4756/4589/3513 4759/4592/3516
f 4761/4594/3518 4762/4595/3519 4763/4596/3518
f 4761/4594/3518 4763/4596/3518 4764/4597/3520
f 4761/4594/3518 4765/4598/3520 4766/4599/3521
f 4762/4595/3519 4761/4594/3518 4767/4600/3519
f 4766/4599/3521 4767/4600/3519 4761/4594/3518
f 4768/4601/3522 4769/4602/3521 4770/4603/3519
f 4768/4601/3522 4767/4600/3519 4766/4599/3521
f 4771/4604/3523 4772/4605/3524 4773/4606/3525
f 4771/4604/3523 4774/4607/3526 4775/4608/3527
f 4774/4607/3526 4776/4609/3528 4777/4610/3529
f 4774/4607/3526 4777/4610/3529 4775/4608/3527
f 4774/4607/3526 4771/4604/3523 4773/4606/3525
f 4778/4611/3530 4779/4612/3531 4773/4606/3525
f 4778/4611/3530 4773/4606/3525 4772/4605/3524
f 4779/4612/3531 4778/4611/3530 4780/4613/3532
f 4781/4614/3533 4774/4607/3526 4773/4606/3525
f 4781/4614/3533 4773/4606/3525 4779/4612/3531
f 4765/4598/3520 4782/4615/3520 4766/4599/3521
f 4765/4598/3520 4761/4594/3518 4764/4597/3520
f 4783/4616/3520 4764/4597/3520 4763/4596/3518
f 4784/4617/3510 4785/4618/3534 4786/1058/3535
f 4784/4617/3510 4787/4619/3536 4785/4618/3534
f 4788/4620/3536 4789/4621/3537 4790/4622/3538
f 4789/4621/3537 4788/4620/3536 4791/4623/3539
f 4792/4624/3540 4793/4585/3541 4794/4584/3542
f 4792/4624/3540 4795/4625/3543 4793/4585/3541
f 4795/4625/3543 4796/4626/3544 4793/4585/3541
f 4794/4584/3542 4797/4627/3545 4792/4624/3540
f 4797/4627/3545 4794/4584/3542 4798/4582/3545
f 4799/4628/3546 4800/4629/3547 4801/4630/3547
f 4800/4629/3547 4802/4631/3548 4801/4630/3547
f 4800/4629/3547 4803/4632/3548 4802/4631/3548
f 4800/4629/3547 4804/4633/3546 4805/4634/3547
f 4801/4630/3547 4806/4635/3549 4799/4628/3546
f 4802/4631/3548 4807/4636/3550 4808/4637/3550
f 4809/4638/3548 4808/4637/3550 4810/4639/3550
f 4809/4638/3548 4801/4630/3547 4802/4631/3548
f 4803/4632/3548 4800/4629/3547 4805/4634/3547
f 4804/4633/3546 4800/4629/3547 4799/4628/3546
f 4811/4640/3551 4812/4633/3552 4813/4641/3552
f 4812/4633/3552 4811/4640/3551 4814/4634/3553
f 4814/4634/3553 4811/4640/3551 4815/4642/3554
f 4816/4632/3555 4814/4634/3553 4815/4642/3554
f 4816/4632/3555 4817/4643/3556 4818/4636/3557
f 4819/4644/3558 4820/4645/3559 4821/4646/3560
f 4819/4644/3558 4822/4647/3559 4820/4645/3559
f 4819/4644/3558 4823/4648/3561 4824/4649/3562
f 4822/4647/3559 4824/4649/3562 4825/4650/3559
f 4821/4646/3560 4826/4651/3563 4819/4644/3558
f 4827/4652/3564 4828/4653/3565 4829/4654/3566
f 4828/4653/3565 4827/4652/3564 4830/4655/3564
f 4829/4654/3566 4831/4656/3564 4827/4652/3564
f 4830/4655/3564 4808/4637/3550 4807/4636/3550
f 4832/4657/3567 4833/4658/3568 4834/4659/3569
f 4832/4657/3567 4835/4660/3570 4836/4661/3571
f 4833/4658/3568 4837/4662/3572 4834/4659/3569
f 4833/4658/3568 4832/4657/3567 4836/4661/3571
f 4834/4659/3569 4838/4663/3573 4839/4664/3574
f 4835/4660/3570 4832/4657/3567 4840/4665/3575
f 4840/4665/3575 4841/4666/3576 4842/4667/3577
f 4840/4665/3575 4842/4667/3577 4835/4660/3570
f 4843/4668/3578 4844/4669/3579 4845/4670/3580
f 4843/4668/3578 4846/4671/3581 4847/4672/3582
f 4843/4668/3578 4848/4673/3583 4849/4674/3584
f 4844/4669/3579 4843/4668/3578 4847/4672/3582
f 4844/4669/3579 4850/4675/3585 4845/4670/3580
f 4845/4670/3580 4850/4675/3585 4851/4676/3586
f 4845/4670/3580 4852/4677/3587 4848/4673/3583
f 4846/4671/3581 4843/4668/3578 4849/4674/3584
f 4849/4674/3584 4853/4678/3588 4854/4626/3589
f 4831/4656/3564 4829/4654/3566 4855/4679/3566
f 4831/4656/3564 4810/4639/3550 4827/4652/3564
f 4824/4649/3562 4822/4647/3559 4819/4644/3558
f 4856/4680/3590 4737/4572/3495 4857/4681/3591
f 4856/4680/3590 4858/4682/3592 4859/4683/3593
f 4858/4682/3592 4860/4684/3518 4859/4683/3593
f 4858/4682/3592 4856/4680/3590 4857/4681/3591
f 4858/4682/3592 4861/4685/3519 4860/4684/3518
f 4857/4681/3591 4862/4686/3594 4858/4682/3592
f 4860/4684/3518 4770/4603/3519 4769/4602/3521
f 4863/4687/3520 4769/4602/3521 4782/4615/3520
f 4863/4687/3520 4859/4683/3593 4860/4684/3518
f 4864/4688/3595 4865/4689/3596 4866/4690/3597
f 4864/4688/3595 4867/4691/3507 4865/4689/3596
f 4866/4690/3597 4865/4689/3596 4868/4692/3598
f 4868/4692/3598 4869/4693/3599 4866/4690/3597
f 4869/4693/3599 4868/4692/3598 4870/4694/3600
f 4871/4695/3601 4841/4666/3576 4840/4665/3575
f 4871/4695/3601 4840/4665/3575 4839/4664/3574
f 4871/4695/3601 4872/4696/3602 4873/4697/3603
f 4839/4664/3574 4840/4665/3575 4832/4657/3567
f 4839/4664/3574 4832/4657/3567 4834/4659/3569
f 4838/4663/3573 4872/4696/3602 4839/4664/3574
f 4838/4663/3573 4874/4698/3604 4777/4610/3529
f 4872/4696/3602 4838/4663/3573 4875/4699/3605
f 4872/4696/3602 4871/4695/3601 4839/4664/3574
f 4875/4699/3605 4777/4610/3529 4776/4609/3528
f 4875/4699/3605 4838/4663/3573 4777/4610/3529
f 4873/4697/3603 4876/4700/3606 4871/4695/3601
f 4873/4697/3603 4877/4701/3607 4876/4700/3606
f 4878/4702/3603 4879/4703/3608 4880/4704/3609
f 4879/4703/3608 4878/4702/3603 4881/4705/3602
f 4879/4703/3608 4881/4705/3602 4882/4706/3605
f 4879/4703/3608 4882/4706/3605 4883/4707/3610
f 4880/4704/3609 4884/4708/3607 4878/4702/3603
f 4883/4707/3610 4885/4709/3528 4757/4590/3514
f 4861/4685/3519 4858/4682/3592 4862/4686/3594
f 4886/4710/3611 4714/4549/3473 4713/4548/3472
f 4886/4710/3611 4862/4686/3594 4857/4681/3591
f 4887/4711/3612 4852/4677/3587 4888/4712/3613
f 4887/4711/3612 4853/4678/3588 4848/4673/3583
f 4852/4677/3587 4887/4711/3612 4848/4673/3583
f 4852/4677/3587 4851/4676/3586 4889/4713/3614
f 4888/4712/3613 4889/4713/3614 4890/4714/3615
f 4848/4673/3583 4843/4668/3578 4845/4670/3580
f 4853/4678/3588 4891/4715/3616 4892/4716/3617
f 4853/4678/3588 4887/4711/3612 4891/4715/3616
f 4853/4678/3588 4849/4674/3584 4848/4673/3583
f 4808/4637/3550 4809/4638/3548 4802/4631/3548
f 4808/4637/3550 4830/4655/3564 4827/4652/3564
f 4808/4637/3550 4827/4652/3564 4810/4639/3550
f 4807/4636/3550 4802/4631/3548 4803/4632/3548
f 4817/4643/3556 4816/4632/3555 4815/4642/3554
f 4837/4662/3572 4893/4698/3556 4834/4659/3569
f 4894/4717/3618 4846/4671/3581 4849/4674/3584
f 4894/4717/3618 4849/4674/3584 4796/4626/3544
f 4796/4626/3544 4795/4625/3543 4894/4717/3618
f 4769/4602/3521 4863/4687/3520 4860/4684/3518
f 4769/4602/3521 4766/4599/3521 4782/4615/3520
f 4769/4602/3521 4768/4601/3522 4766/4599/3521
f 4895/4718/3619 4789/4621/3537 4791/4623/3539
f 4895/4718/3619 4791/4623/3539 4867/4691/3507
f 4867/4691/3507 4864/4688/3595 4895/4718/3619
f 4874/4698/3604 4838/4663/3573 4834/4659/3569
f 4874/4698/3604 4775/4608/3527 4777/4610/3529
f 4776/4609/3528 4774/4607/3526 4781/4614/3533
f 4885/4709/3528 4758/4591/3515 4757/4590/3514
f 4885/4709/3528 4883/4707/3610 4882/4706/3605
f 4770/4603/3519 4860/4684/3518 4861/4685/3519
f 4750/4583/3507 4892/4716/3617 4891/4715/3616
f 4750/4583/3507 4747/4580/3504 4892/4716/3617
f 4892/4716/3617 4747/4580/3504 4752/4585/3509
f 4892/4716/3617 4854/4626/3589 4853/4678/3588
f 4854/4626/3589 4892/4716/3617 4752/4585/3509
f 4714/4549/3473 4857/4681/3591 4737/4572/3495
f 4714/4549/3473 4886/4710/3611 4857/4681/3591
f 4714/4549/3473 4736/4571/3494 4711/4547/3470
f 4896/4719/3620 4870/4694/3600 4735/4570/3493
f 4896/4719/3620 4869/4693/3599 4870/4694/3600
f 4735/4570/3493 4734/4569/3492 4896/4719/3620
f 4841/4666/3576 4871/4695/3601 4876/4700/3606
f 4841/4666/3576 4897/4720/3621 4842/4667/3577
f 4897/4720/3621 4841/4666/3576 4898/4721/3622
f 4899/4722/3444 4826/4651/3563 4900/4723/3623
f 4899/4722/3444 4900/4723/3623 4901/4724/3444
f 4826/4651/3563 4821/4646/3560 4900/4723/3623
f 4826/4651/3563 4902/4725/3444 4823/4648/3561
f 4683/4525/3444 4648/4500/3416 4680/4522/3444
f 4903/4563/3624 4904/4726/3625 4905/4727/3626
f 4903/4563/3624 4906/4728/3621 4729/4564/3488
f 4906/4728/3621 4903/4563/3624 4905/4727/3626
f 4904/4726/3625 4903/4563/3624 4907/4559/3412
f 4876/4700/3606 4898/4721/3622 4841/4666/3576
f 4876/4700/3606 4908/4729/3486 4898/4721/3622
f 4908/4729/3486 4877/4701/3607 4909/4730/3490
f 4877/4701/3607 4908/4729/3486 4876/4700/3606
f 4732/4567/3491 4731/4566/3469 4884/4708/3607
f 4884/4708/3607 4880/4704/3609 4732/4567/3491
f 4889/4713/3614 4888/4712/3613 4852/4677/3587
f 4890/4714/3615 4910/4731/3443 4911/4732/3627
f 4851/4676/3586 4912/4733/3435 4913/4734/3437
f 4851/4676/3586 4913/4734/3437 4889/4713/3614
f 4851/4676/3586 4852/4677/3587 4845/4670/3580
f 4910/4731/3443 4890/4714/3615 4889/4713/3614
f 4910/4731/3443 4889/4713/3614 4913/4734/3437
f 4912/4733/3435 4851/4676/3586 4850/4675/3585
f 4823/4648/3561 4819/4644/3558 4826/4651/3563
f 4902/4725/3444 4826/4651/3563 4899/4722/3444
f 4914/4735/3628 4915/4736/3629 4916/4737/3630
f 4914/4735/3628 4917/4738/3631 4918/4739/3632
f 4915/4736/3629 4914/4735/3628 4919/4740/3633
f 4916/4737/3630 4920/4741/3634 4921/4742/3635
f 4916/4737/3630 4921/4742/3635 4917/4738/3631
f 4919/4740/3636 4922/4743/3637 4923/4744/3638
f 4920/4741/3634 4916/4737/3630 4915/4736/3629
f 4924/4745/3634 4925/4746/3629 4926/4747/3639
f 4925/4746/3629 4927/4748/3640 4928/4749/3641
f 4925/4746/3629 4928/4749/3641 4929/4750/3642
f 4925/4746/3629 4929/4750/3642 4926/4747/3639
f 4930/4751/3643 4931/4752/3644 4932/4753/3645
f 4930/4751/3643 4933/4739/3646 4934/4754/3647
f 4931/4752/3644 4930/4751/3643 4935/4755/3648
f 4932/4753/3645 4919/4740/3636 4936/4735/3649
f 4935/4755/3648 4937/4756/3650 4938/4757/3651
f 4935/4755/3648 4938/4757/3651 4931/4752/3644
f 4936/4735/3649 4930/4751/3643 4932/4753/3645
f 4922/4743/3637 4919/4740/3636 4932/4753/3645
f 4939/4758/3652 4940/4759/3653 4941/4760/3654
f 4940/4759/3653 4939/4758/3652 4942/4761/3655
f 4941/4760/3654 4943/4762/3656 4939/4758/3652
f 4944/4763/3657 4945/4764/3658 4946/4765/3659
f 4944/4763/3657 4947/4766/3660 4948/4767/3661
f 4945/4764/3658 4944/4763/3657 4948/4767/3661
f 4945/4764/3658 4948/4767/3661 4949/4768/3662
f 4950/4249/3663 4951/4769/3664 4952/4250/3665
f 4951/4769/3664 4950/4249/3663 4953/4770/3666
f 4953/4770/3666 4954/4771/3667 4951/4769/3664
f 4955/4747/3668 4956/4772/3669 4957/4773/3669
f 4957/4773/3669 4958/4745/3669 4955/4747/3668
f 4959/4774/3670 4960/4764/3671 4961/4775/3672
f 4960/4764/3671 4959/4774/3670 4962/4765/3673
f 4961/4775/3672 4963/4768/3674 4964/4776/3675
f 4965/4777/3676 4966/4778/3677 4967/4779/3678
f 4967/4779/3678 4966/4778/3677 4968/4780/3679
f 4969/4781/3676 4970/4782/3680 4971/4783/3681
f 4970/4782/3680 4969/4781/3676 4972/4784/3678
f 4937/4756/3650 4973/4785/3682 4938/4757/3651
f 4937/4756/3650 4974/4782/3683 4975/4784/3650
f 4974/4782/3683 4937/4756/3650 4935/4755/3648
f 4975/4784/3650 4976/4786/3682 4937/4756/3650
f 4975/4784/3650 4977/4787/3682 4976/4786/3682
f 4978/4768/3684 4979/4788/3685 4980/4789/3686
f 4978/4768/3684 4981/4790/3687 4979/4788/3685
f 4981/4790/3687 4982/4791/3688 4979/4788/3685
f 4980/4789/3686 4983/4776/3689 4978/4768/3684
f 4980/4789/3686 4984/4792/3690 4985/4793/3691
f 4949/4768/3662 4948/4767/3661 4986/4790/3692
f 4986/4790/3692 4987/4794/3693 4988/4795/3694
f 4963/4768/3674 4961/4775/3672 4960/4764/3671
f 4983/4776/3689 4980/4789/3686 4989/4796/3695
f 4989/4796/3695 4990/4797/3696 4991/4276/3697
f 4989/4796/3695 4985/4793/3691 4992/4797/3698
f 4993/4798/3699 4971/4783/3681 4994/4754/3700
f 4993/4798/3699 4995/4739/3701 4996/4799/3702
f 4994/4754/3700 4971/4783/3681 4970/4782/3680
f 4995/4739/3701 4993/4798/3699 4994/4754/3700
f 4995/4739/3701 4997/4800/3703 4996/4799/3702
f 4933/4739/3646 4930/4751/3643 4936/4735/3649
f 4934/4754/3647 4974/4782/3683 4935/4755/3648
f 4934/4754/3647 4935/4755/3648 4930/4751/3643
f 4998/4801/3704 4999/4802/3705 5000/4803/3706
f 4999/4802/3705 4998/4801/3704 5001/4804/3707
f 5000/4803/3706 4999/4802/3705 5002/4805/3708
f 5000/4803/3706 5003/4806/3709 4998/4801/3704
f 5003/4806/3709 5000/4803/3706 4982/4791/3688
f 5003/4806/3709 4982/4791/3688 5004/4795/3710
f 4982/4791/3688 4984/4792/3690 4979/4788/3685
f 4982/4791/3688 4981/4790/3687 5004/4795/3710
f 4984/4792/3690 4980/4789/3686 4979/4788/3685
f 4984/4792/3690 4982/4791/3688 5000/4803/3706
f 4984/4792/3690 5005/4807/3711 4985/4793/3691
f 4984/4792/3690 5000/4803/3706 5002/4805/3708
f 5006/4808/3712 5007/4809/3713 5008/4810/3667
f 5006/4808/3712 5009/4811/3714 5010/4812/3715
f 5007/4809/3713 5006/4808/3712 5011/4813/3716
f 5011/4813/3716 5006/4808/3712 5010/4812/3715
f 5011/4813/3716 5012/4814/3717 5007/4809/3713
f 4954/4771/3667 4953/4770/3666 5013/4815/3718
f 4947/4766/3660 4987/4794/3693 4948/4767/3661
f 4987/4794/3693 5014/4816/3719 5015/4817/3720
f 4987/4794/3693 4986/4790/3692 4948/4767/3661
f 4987/4794/3693 5015/4817/3720 4988/4795/3694
f 5014/4816/3719 5016/4818/3721 5015/4817/3720
f 5014/4816/3719 4987/4794/3693 4947/4766/3660
f 5005/4807/3711 4984/4792/3690 5002/4805/3708
f 4985/4793/3691 4989/4796/3695 4980/4789/3686
f 4985/4793/3691 5005/4807/3711 5017/4819/3722
f 5017/4819/3722 4992/4797/3698 4985/4793/3691
f 5018/4772/3723 5019/4820/3724 5020/4821/3725
f 5019/4820/3724 5021/4747/3726 5022/4750/3727
f 5019/4820/3724 5018/4772/3723 5021/4747/3726
f 5019/4820/3724 5023/4749/3728 5024/4822/3729
f 5019/4820/3724 5009/4811/3714 5020/4821/3725
f 5009/4811/3714 5006/4808/3712 5020/4821/3725
f 5009/4811/3714 5024/4822/3729 5025/4823/3730
f 5024/4822/3729 5009/4811/3714 5019/4820/3724
f 5025/4823/3730 5010/4812/3715 5009/4811/3714
f 5023/4749/3728 5019/4820/3724 5022/4750/3727
f 5026/4824/3731 5027/4825/3732 5010/4812/3715
f 5027/4825/3732 5026/4824/3731 5028/4826/3733
f 5010/4812/3715 5025/4823/3730 5026/4824/3731
f 5010/4812/3715 5027/4825/3732 5011/4813/3716
f 5004/4795/3710 5029/4827/3734 5003/4806/3709
f 5029/4827/3734 5030/4828/3735 5003/4806/3709
f 4988/4795/3694 5015/4817/3720 5031/4827/3736
f 5031/4827/3736 5032/4829/3737 5033/4830/3738
f 4997/4800/3703 4995/4739/3701 5034/4738/3739
f 4991/4276/3697 4983/4776/3689 4989/4796/3695
f 4917/4738/3631 4914/4735/3628 4916/4737/3630
f 5035/4831/3740 4917/4738/3631 4921/4742/3635
f 5036/4832/3741 5037/4833/3742 5038/4834/3743
f 5036/4832/3741 5039/4835/3744 5040/4836/3745
f 5036/4832/3741 5041/4837/3746 5039/4835/3744
f 5039/4835/3744 5042/4838/3747 5040/4836/3745
f 5040/4836/3745 5043/4839/3748 5044/4840/3749
f 5042/4838/3747 5043/4839/3748 5040/4836/3745
f 5037/4833/3742 5036/4832/3741 5040/4836/3745
f 5044/4840/3749 5037/4833/3742 5040/4836/3745
f 5043/4839/3748 5042/4838/3747 5045/4841/3750
f 5046/4842/3751 5047/4843/3752 5048/4844/3753
f 5047/4843/3752 5046/4842/3751 5049/4845/3754
f 5047/4843/3752 5050/4846/3755 5048/4844/3753
f 5048/4844/3753 5050/4846/3755 5051/4847/3756
f 5052/4848/3757 5053/4849/3757 5054/4850/3758
f 5052/4848/3757 5055/4851/3757 5056/4852/3759
f 5052/4848/3757 5057/4853/3759 5053/4849/3757
f 5052/4848/3757 5058/4854/3758 5055/4851/3757
f 5059/4855/3758 5060/4856/3757 5061/4857/3758
f 5059/4855/3758 5054/4850/3758 5053/4849/3757
f 5058/4854/3758 5052/4848/3757 5054/4850/3758
f 5062/4858/3760 5063/4859/3761 5064/4860/3762
f 5062/4858/3760 5065/4861/3763 5066/4862/3764
f 5063/4859/3761 5062/4858/3760 5066/4862/3764
f 5063/4859/3761 5067/4863/3765 5068/4864/3766
f 5066/4862/3764 5065/4861/3763 5069/4865/3767
f 5070/4866/3768 5063/4859/3761 5066/4862/3764
f 5070/4866/3768 5066/4862/3764 5071/4867/3752
f 5071/4867/3752 5069/4865/3767 5072/4868/3769
f 5069/4865/3767 5071/4867/3752 5066/4862/3764
f 5057/4853/3759 5052/4848/3757 5056/4852/3759
f 5056/4852/3759 5055/4851/3757 5073/4869/3759
f 5074/4853/3770 5075/4870/3771 5076/4871/3772
f 5075/4870/3771 5074/4853/3770 5077/4852/3773
f 5077/4852/3773 5078/4869/3774 5079/4872/3775
f 5079/4872/3775 5075/4870/3771 5077/4852/3773
f 5080/4873/3776 5081/4874/3777 5082/4875/3778
f 5081/4874/3777 5083/4876/3779 5082/4875/3778
f 5082/4875/3778 5084/4877/3780 5080/4873/3776
f 5084/4877/3780 5085/4878/3781 5080/4873/3776
f 5086/4879/3782 5087/4880/3783 5088/4881/3783
f 5087/4880/3783 5086/4879/3782 5089/4882/3784
f 5088/4881/3783 5090/4883/3785 5091/4884/3786
f 5088/4881/3783 5092/4885/3782 5086/4879/3782
f 5090/4883/3785 5088/4881/3783 5087/4880/3783
f 5083/4876/3779 5081/4874/3777 5093/4886/3779
f 5092/4885/3782 5088/4881/3783 5094/4887/3783
f 5094/4887/3783 5088/4881/3783 5091/4884/3786
f 5095/4888/3787 5096/4889/3788 5097/4890/3788
f 5095/4888/3787 5098/4891/3789 5099/4887/3790
f 5100/4885/3791 5099/4887/3790 5098/4891/3789
f 5100/4885/3791 5101/4892/3792 5102/4893/3793
f 5096/4889/3788 5095/4888/3787 5099/4887/3790
f 5103/4889/3786 5094/4887/3783 5091/4884/3786
f 5104/4894/3794 5105/4895/3795 5106/4896/3796
f 5104/4894/3794 5107/4897/3795 5105/4895/3795
f 5107/4897/3795 5108/4898/3797 5109/4899/3795
f 5106/4896/3796 5110/4900/3798 5104/4894/3794
f 5111/4901/3799 5112/4902/3800 5113/4903/3801
f 5112/4902/3800 5111/4901/3799 5114/4904/3802
f 5113/4903/3801 5115/4905/3803 5116/4906/3804
f 5113/4903/3801 5117/4907/3805 5118/4908/3806
f 5119/4909/3807 5120/4910/3808 5121/4911/3809
f 5119/4909/3807 5102/4893/3793 5122/4912/3810
f 5120/4910/3808 5119/4909/3807 5122/4912/3810
f 5123/4909/3811 5124/4911/3812 5125/4913/3811
f 5124/4911/3812 5126/4914/3812 5125/4913/3811
f 5126/4914/3812 5127/4915/3811 5125/4913/3811
f 5128/4916/3813 5129/4917/3814 5130/4918/3815
f 5128/4916/3813 5131/4919/3816 5132/4920/3817
f 5128/4916/3813 5133/4921/3818 5134/4922/3819
f 5131/4919/3816 5128/4916/3813 5130/4918/3815
f 5132/4920/3817 5135/4923/3820 5133/4921/3818
f 5108/4898/3797 5107/4897/3795 5104/4894/3794
f 5127/4915/3811 5126/4914/3812 5136/4924/3812
f 5129/4917/3814 5128/4916/3813 5134/4922/3819
f 5134/4922/3819 5085/4878/3781 5137/4925/3821
f 5138/4926/3822 5139/4927/3757 5140/4928/3823
f 5138/4926/3822 5141/4929/3824 5142/4930/3825
f 5138/4926/3822 5143/4931/3758 5139/4927/3757
f 5138/4926/3822 5142/4930/3825 5144/4932/3826
f 5141/4929/3824 5138/4926/3822 5140/4928/3823
f 5140/4928/3823 5139/4927/3757 5145/4933/3759
f 5146/4929/3827 5147/4934/3828 5148/4935/3829
f 5147/4934/3828 5149/4928/3830 5150/4936/3831
f 5147/4934/3828 5146/4929/3827 5149/4928/3830
f 5148/4935/3829 5030/4828/3735 5151/4830/3832
f 5152/4933/3833 5153/4937/3746 5150/4936/3831
f 5152/4933/3833 5150/4936/3831 5149/4928/3830
f 5145/4933/3759 5060/4856/3757 5154/4938/3759
f 5117/4907/3805 5112/4902/3800 5155/4939/3834
f 5117/4907/3805 5113/4903/3801 5112/4902/3800
f 5118/4908/3806 5115/4905/3803 5113/4903/3801
f 5118/4908/3806 5156/4940/3835 5157/4941/3836
f 5156/4940/3835 5158/4942/3837 5159/4943/3838
f 5156/4940/3835 5118/4908/3806 5117/4907/3805
f 5157/4941/3836 5160/4944/3839 5161/4945/3840
f 5158/4942/3837 5156/4940/3835 5117/4907/3805
f 5158/4942/3837 5162/4946/3841 5068/4864/3766
f 5159/4943/3838 5068/4864/3766 5067/4863/3765
f 5159/4943/3838 5158/4942/3837 5068/4864/3766
f 5155/4939/3834 5158/4942/3837 5117/4907/3805
f 5163/4947/3836 5164/4948/3842 5165/4949/3843
f 5164/4948/3842 5163/4947/3836 5166/4950/3835
f 5164/4948/3842 5167/4951/3838 5168/4952/3844
f 5164/4948/3842 5166/4950/3835 5167/4951/3838
f 5165/4949/3843 5169/4953/3839 5163/4947/3836
f 5170/4954/3845 5144/4932/3826 5142/4930/3825
f 5170/4954/3845 5032/4829/3737 5016/4818/3721
f 5143/4931/3758 5061/4857/3758 5139/4927/3757
f 5143/4931/3758 5138/4926/3822 5144/4932/3826
f 5168/4952/3844 5171/4955/3765 5172/4956/3846
f 5173/4957/3847 5135/4923/3820 5174/4958/3829
f 5135/4923/3820 5175/4959/3848 5176/4960/3849
f 5135/4923/3820 5173/4957/3847 5133/4921/3818
f 5133/4921/3818 5128/4916/3813 5132/4920/3817
f 5177/4961/3850 5134/4922/3819 5133/4921/3818
f 5178/4962/3847 5179/4963/3850 5180/4964/3851
f 5179/4963/3850 5181/4965/3831 5182/4966/3852
f 5179/4963/3850 5178/4962/3847 5181/4965/3831
f 5183/4967/3853 5184/4968/3854 5185/4969/3853
f 5183/4967/3853 5186/4970/3855 5187/4971/3811
f 5183/4967/3853 5187/4971/3811 5188/4925/3853
f 5183/4967/3853 5189/4877/3854 5184/4968/3854
f 5186/4970/3855 5183/4967/3853 5185/4969/3853
f 5101/4892/3792 5100/4885/3791 5098/4891/3789
f 5101/4892/3792 5122/4912/3810 5102/4893/3793
f 5190/4972/3854 5185/4969/3853 5184/4968/3854
f 5085/4878/3781 5084/4877/3780 5137/4925/3821
f 5137/4925/3821 5129/4917/3814 5134/4922/3819
f 5188/4925/3853 5187/4971/3811 5191/4917/3811
f 5189/4877/3854 5183/4967/3853 5188/4925/3853
f 5060/4856/3757 5145/4933/3759 5139/4927/3757
f 5060/4856/3757 5059/4855/3758 5053/4849/3757
f 5060/4856/3757 5053/4849/3757 5154/4938/3759
f 5154/4938/3759 5053/4849/3757 5057/4853/3759
f 5153/4937/3746 5192/4938/3856 5076/4871/3772
f 5153/4937/3746 5152/4933/3833 5192/4938/3856
f 5192/4938/3856 5074/4853/3770 5076/4871/3772
f 5162/4946/3841 5064/4860/3762 5068/4864/3766
f 5162/4946/3841 5158/4942/3837 5155/4939/3834
f 5068/4864/3766 5064/4860/3762 5063/4859/3761
f 5067/4863/3765 5063/4859/3761 5070/4866/3768
f 5171/4955/3765 5049/4845/3754 5172/4956/3846
f 5171/4955/3765 5168/4952/3844 5167/4951/3838
f 5172/4956/3846 5049/4845/3754 5046/4842/3751
f 5061/4857/3758 5060/4856/3757 5139/4927/3757
f 5182/4966/3852 5193/4973/3857 5179/4963/3850
f 5182/4966/3852 5181/4965/3831 5041/4837/3746
f 5182/4966/3852 5036/4832/3741 5038/4834/3743
f 5041/4837/3746 5036/4832/3741 5182/4966/3852
f 5194/4974/3858 5179/4963/3850 5193/4973/3857
f 5193/4973/3857 5182/4966/3852 5038/4834/3743
f 5032/4829/3737 5170/4954/3845 5142/4930/3825
f 5032/4829/3737 5015/4817/3720 5016/4818/3721
f 5032/4829/3737 5031/4827/3736 5015/4817/3720
f 5032/4829/3737 5142/4930/3825 5033/4830/3738
f 5033/4830/3738 5142/4930/3825 5141/4929/3824
f 5030/4828/3735 5029/4827/3734 5151/4830/3832
f 5151/4830/3832 5146/4929/3827 5148/4935/3829
f 5115/4905/3803 5195/4975/3859 5116/4906/3804
f 5115/4905/3803 5118/4908/3806 5161/4945/3840
f 5195/4975/3859 5115/4905/3803 5196/4976/3733
f 5116/4906/3804 5111/4901/3799 5113/4903/3801
f 5196/4976/3733 5161/4945/3840 5197/4977/3732
f 5110/4900/3798 5198/4978/3682 5199/4979/3798
f 5110/4900/3798 5106/4896/3796 5200/4980/3798
f 5201/4981/3682 5110/4900/3798 5200/4980/3798
f 5201/4981/3682 5200/4980/3798 5202/4982/3682
f 4943/4762/3656 4941/4760/3654 5203/4983/3651
f 5204/4824/3656 5205/4984/3859 5028/4826/3860
f 5205/4984/3859 5204/4824/3656 5206/4985/3651
f 4973/4785/3682 4937/4756/3650 4976/4786/3682
f 5161/4945/3840 5196/4976/3733 5115/4905/3803
f 5161/4945/3840 5118/4908/3806 5157/4941/3836
f 5197/4977/3732 5160/4944/3839 5207/4986/3861
f 5160/4944/3839 5197/4977/3732 5161/4945/3840
f 5012/4814/3717 5011/4813/3716 5169/4953/3839
f 5169/4953/3839 5165/4949/3843 5012/4814/3717
f 5208/4987/3829 5209/4988/3862 5210/4989/3863
f 5209/4988/3862 5208/4987/3829 5211/4990/3864
f 5210/4989/3863 5212/4991/3704 5213/4992/3709
f 5212/4991/3704 5210/4989/3863 5209/4988/3862
f 5175/4959/3848 5214/4993/3707 5176/4960/3849
f 5175/4959/3848 5135/4923/3820 5132/4920/3817
f 5175/4959/3848 5215/4994/3679 5214/4993/3707
f 5175/4959/3848 5132/4920/3817 5216/4995/3865
f 5217/4996/3704 5176/4960/3849 5214/4993/3707
f 5215/4994/3679 5175/4959/3848 5216/4995/3865
f 5216/4995/3865 5132/4920/3817 5131/4919/3816
f 5198/4978/3682 5110/4900/3798 5201/4981/3682
f 5199/4979/3798 5108/4898/3797 5104/4894/3794
f 5199/4979/3798 5104/4894/3794 5110/4900/3798
f 5218/4997/3866 5219/4998/3867 5220/4999/3868
f 5218/4997/3866 5220/4999/3868 5221/5000/3869
f 5219/4998/3867 5218/4997/3866 5222/5001/3870
f 5221/5000/3869 5220/4999/3868 5223/5002/3871
f 5224/5003/3872 5223/5002/3871 5220/4999/3868
f 5225/5004/3873 5226/5005/3868 5227/5006/3874
f 5226/5005/3868 5228/5007/3875 5229/5008/3876
f 5226/5005/3868 5225/5004/3873 5230/5009/3877
f 5227/5006/3874 5226/5005/3868 5229/5008/3876
f 5228/5007/3875 5231/5010/3878 5229/5008/3876
f 5232/5011/3879 5233/5012/3880 5234/5013/3881
f 5232/5011/3879 5234/5013/3881 5235/5014/3882
f 5232/5011/3879 5236/5015/3883 5237/4997/3884
f 5233/5012/3880 5238/5016/3885 5239/5017/3886
f 5233/5012/3880 5232/5011/3879 5238/5016/3885
f 5234/5013/3881 5240/5018/3887 5241/5019/3888
f 5238/5016/3885 5221/5000/3869 5223/5002/3871
f 5238/5016/3885 5237/4997/3884 5221/5000/3869
f 5238/5016/3885 5242/5020/3889 5239/5017/3886
f 5242/5020/3889 5238/5016/3885 5223/5002/3871
f 5237/4997/3884 5238/5016/3885 5232/5011/3879
f 5243/5021/3890 5244/5022/3891 5245/5023/3892
f 5244/5022/3891 5243/5021/3890 5246/5024/3893
f 5246/5024/3893 5247/5025/3894 5244/5022/3891
f 5246/5024/3893 5248/5026/3895 5247/5025/3894
f 5249/5027/3896 5250/5006/3897 5251/5008/3898
f 5249/5027/3896 5251/5008/3898 5252/5028/3899
f 5251/5008/3898 5253/5029/3900 5252/5028/3899
f 5254/5027/3901 5255/5004/3901 5256/5006/3901
f 5255/5004/3901 5254/5027/3901 5257/5030/3901
f 5258/5022/3902 5259/5025/3903 5260/5031/3904
f 5258/5022/3902 5261/5032/3905 5262/5023/3905
f 5261/5032/3905 5258/5022/3902 5260/5031/3904
f 5263/5033/3906 5264/5034/3907 5265/5035/3908
f 5264/5034/3907 5266/5036/3909 5265/5035/3908
f 5264/5034/3907 5267/5037/3910 5268/5038/3911
f 5265/5035/3908 5269/5039/3912 5263/5033/3906
f 5241/5019/3888 5270/5040/3913 5271/5041/3888
f 5241/5019/3888 5272/5042/3913 5270/5040/3913
f 5241/5019/3888 5273/5043/3914 5234/5013/3881
f 5274/5044/3913 5271/5041/3888 5270/5040/3913
f 5273/5043/3914 5241/5019/3888 5271/5041/3888
f 5273/5043/3914 5235/5014/3882 5234/5013/3881
f 5266/5036/3909 5264/5034/3907 5275/5045/3915
f 5275/5045/3915 5276/5046/3916 5277/5047/3917
f 5278/5048/3918 5279/5049/3919 5280/5050/3920
f 5278/5048/3918 5280/5050/3920 5281/5051/3921
f 5282/5052/3922 5281/5051/3921 5280/5050/3920
f 5282/5052/3922 5283/5053/3923 5284/5054/3924
f 5285/5010/3925 5286/5055/3918 5287/5029/3926
f 5285/5010/3925 5288/5056/3927 5289/5057/3928
f 5286/5055/3918 5285/5010/3925 5289/5057/3928
f 5253/5029/3900 5251/5008/3898 5290/5010/3900
f 5291/5058/3929 5246/5024/3893 5243/5021/3890
f 5291/5058/3929 5292/5059/3930 5246/5024/3893
f 5292/5059/3930 5248/5026/3895 5246/5024/3893
f 5277/5047/3917 5266/5036/3909 5275/5045/3915
f 5236/5015/3883 5232/5011/3879 5235/5014/3882
f 5293/5015/3931 5294/5060/3932 5295/5061/3933
f 5294/5060/3932 5293/5015/3931 5296/5014/3934
f 5267/5037/3910 5264/5034/3907 5263/5033/3906
f 5268/5038/3911 5279/5049/3919 5297/5045/3935
f 5268/5038/3911 5297/5045/3935 5264/5034/3907
f 5279/5049/3919 5298/5046/3936 5297/5045/3935
f 5279/5049/3919 5283/5053/3923 5280/5050/3920
f 5279/5049/3919 5278/5048/3918 5299/5062/3937
f 5283/5053/3923 5279/5049/3919 5268/5038/3911
f 5283/5053/3923 5282/5052/3922 5280/5050/3920
f 5283/5053/3923 5300/5063/3938 5284/5054/3924
f 5300/5063/3938 5283/5053/3923 5268/5038/3911
f 5300/5063/3938 5268/5038/3911 5267/5037/3910
f 5301/5064/3939 5302/5065/3940 5259/5025/3903
f 5302/5065/3940 5260/5031/3904 5259/5025/3903
f 5302/5065/3940 5301/5064/3939 5303/5066/3941
f 5248/5026/3895 5304/5064/3942 5247/5025/3894
f 5248/5026/3895 5292/5059/3930 5305/5067/3943
f 5304/5064/3942 5248/5026/3895 5306/5068/3944
f 5306/5068/3944 5307/5069/3945 5304/5064/3942
f 5306/5068/3944 5308/5070/3946 5307/5069/3945
f 5306/5068/3944 5248/5026/3895 5305/5067/3943
f 5298/5046/3936 5279/5049/3919 5299/5062/3937
f 5298/5046/3936 5299/5062/3937 5309/5071/3947
f 5299/5062/3937 5278/5048/3918 5310/5072/3948
f 5299/5062/3937 5310/5072/3948 5311/5073/3949
f 5311/5073/3949 5309/5071/3947 5299/5062/3937
f 5312/5074/3950 5313/5075/3951 5314/5076/3952
f 5313/5075/3951 5315/5077/3953 5316/5078/3954
f 5313/5075/3951 5312/5074/3950 5317/5079/3955
f 5313/5075/3951 5318/5080/3956 5314/5076/3952
f 5317/5079/3955 5319/5081/3957 5320/5082/3958
f 5317/5079/3955 5321/5083/3959 5319/5081/3957
f 5317/5079/3955 5315/5077/3953 5313/5075/3951
f 5318/5080/3956 5313/5075/3951 5322/5084/3960
f 5322/5084/3960 5313/5075/3951 5316/5078/3954
f 5315/5077/3953 5317/5079/3955 5320/5082/3958
f 5323/5085/3961 5324/5086/3962 5319/5081/3957
f 5324/5086/3962 5320/5082/3958 5319/5081/3957
f 5324/5086/3962 5323/5085/3961 5325/5087/3963
f 5319/5081/3957 5326/5088/3941 5323/5085/3961
f 5326/5088/3941 5319/5081/3957 5321/5083/3959
f 5321/5083/3959 5317/5079/3955 5312/5074/3950
f 5327/5089/3964 5284/5054/3924 5300/5063/3938
f 5327/5089/3964 5328/5090/3965 5329/5091/3966
f 5305/5067/3943 5330/5092/3967 5306/5068/3944
f 5330/5092/3967 5308/5070/3946 5306/5068/3944
f 5331/5093/3968 5288/5056/3927 5332/5094/3931
f 5288/5056/3927 5331/5093/3968 5333/5095/3969
f 5333/5095/3969 5289/5057/3928 5288/5056/3927
f 5334/5015/3970 5222/5001/3870 5218/4997/3866
f 5231/5010/3878 5228/5007/3875 5335/5056/3971
f 5336/5096/3972 5337/5097/3973 5338/5098/3974
f 5336/5096/3972 5339/5099/3975 5337/5097/3973
f 5338/5098/3974 5340/5100/3976 5341/5101/3977
f 5339/5099/3975 5342/5102/3978 5337/5097/3973
f 5339/5099/3975 5343/5103/3979 5344/5104/3980
f 5339/5099/3975 5345/5105/3981 5343/5103/3979
f 5340/5100/3976 5337/5097/3973 5346/5106/3982
f 5340/5100/3976 5338/5098/3974 5337/5097/3973
f 5342/5102/3978 5346/5106/3982 5337/5097/3973
f 5342/5102/3978 5339/5099/3975 5344/5104/3980
f 5347/5107/3983 5348/5108/3984 5349/5109/3985
f 5348/5108/3984 5347/5107/3983 5350/5110/3986
f 5350/5110/3986 5351/5111/3987 5352/5112/3988
f 5350/5110/3986 5352/5112/3988 5348/5108/3984
f 5353/5113/3989 5354/5114/3990 5355/5115/3991
f 5353/5113/3989 5356/5116/3992 5357/5117/3992
f 5354/5114/3990 5353/5113/3989 5358/5118/3989
f 5359/5119/3993 5355/5115/3991 5360/5120/3990
f 5359/5119/3993 5353/5113/3989 5355/5115/3991
f 5360/5120/3990 5361/5121/3989 5359/5119/3993
f 5362/5122/3994 5363/5123/3995 5364/5124/3996
f 5362/5122/3994 5365/5125/3997 5366/5126/3998
f 5365/5125/3997 5367/5127/3999 5368/5128/4000
f 5365/5125/3997 5362/5122/3994 5367/5127/3999
f 5367/5127/3999 5369/5129/4001 5368/5128/4000
f 5369/5129/4001 5370/5130/4002 5371/5131/4003
f 5370/5130/4002 5369/5129/4001 5367/5127/3999
f 5364/5124/3996 5370/5130/4002 5367/5127/3999
f 5364/5124/3996 5367/5127/3999 5362/5122/3994
f 5356/5116/3992 5353/5113/3989 5359/5119/3993
f 5357/5117/3992 5358/5118/3989 5353/5113/3989
f 5357/5117/3992 5372/5132/3992 5358/5118/3989
f 5373/5133/4004 5374/5134/4005 5375/5135/4006
f 5374/5134/4005 5373/5133/4004 5376/5136/4007
f 5377/5137/4006 5378/5138/4008 5379/5139/3972
f 5378/5138/4008 5377/5137/4006 5380/5140/4009
f 5378/5138/4008 5381/5141/4010 5379/5139/3972
f 5382/5102/4011 5383/5104/4012 5384/5142/4013
f 5382/5102/4011 5385/5143/4014 5386/5106/4014
f 5387/5144/4015 5384/5142/4013 5383/5104/4012
f 5387/5144/4015 5388/5145/4016 5389/5146/4017
f 5385/5143/4014 5382/5102/4011 5384/5142/4013
f 5390/5147/4018 5391/5148/4019 5392/5149/4018
f 5390/5147/4018 5393/5150/4020 5394/5151/4020
f 5390/5147/4018 5394/5151/4020 5395/5152/4018
f 5395/5152/4018 5394/5151/4020 5396/5153/4021
f 5395/5152/4018 5397/5154/4019 5390/5147/4018
f 5397/5154/4019 5395/5152/4018 5398/5155/4019
f 5397/5154/4019 5399/5156/4022 5400/5157/4022
f 5398/5155/4019 5399/5156/4022 5397/5154/4019
f 5391/5148/4019 5390/5147/4018 5397/5154/4019
f 5393/5150/4020 5390/5147/4018 5392/5149/4018
f 5401/5158/4023 5402/5150/4024 5403/5149/4025
f 5402/5150/4024 5401/5158/4023 5404/5159/4024
f 5403/5149/4025 5405/5148/4026 5406/5160/4027
f 5406/5160/4027 5401/5158/4023 5403/5149/4025
f 5405/5148/4026 5407/5161/4028 5406/5160/4027
f 5408/5162/4029 5409/5163/4030 5410/5164/4030
f 5409/5163/4030 5408/5162/4029 5411/5165/4031
f 5410/5164/4030 5412/5166/4032 5408/5162/4029
f 5411/5165/4031 5413/5167/4033 5414/5168/4034
f 5415/5169/4035 5416/5170/4036 5417/5171/4037
f 5415/5169/4035 5418/5172/4022 5419/5173/4035
f 5416/5170/4036 5419/5173/4035 5420/5174/4036
f 5417/5171/4037 5421/5175/4035 5415/5169/4035
f 5421/5175/4035 5399/5156/4022 5415/5169/4035
f 5422/5176/4038 5423/5177/4039 5424/5178/4040
f 5423/5177/4039 5422/5176/4038 5425/5179/4041
f 5423/5177/4039 5426/5180/4042 5424/5178/4040
f 5423/5177/4039 5427/5181/4043 5428/5182/4044
f 5424/5178/4040 5429/5183/4045 5430/5184/4046
f 5427/5181/4043 5431/5185/4047 5428/5182/4044
f 5427/5181/4043 5423/5177/4039 5425/5179/4041
f 5428/5182/4044 5432/5186/4048 5426/5180/4042
f 5428/5182/4044 5431/5185/4047 5433/5187/4049
f 5434/5188/4050 5435/5189/4051 5436/5190/4052
f 5435/5189/4051 5437/5191/4053 5438/5192/4054
f 5435/5189/4051 5434/5188/4050 5439/5193/4055
f 5436/5190/4052 5440/5194/4056 5441/5195/4057
f 5437/5191/4053 5389/5146/4017 5438/5192/4054
f 5437/5191/4053 5435/5189/4051 5439/5193/4055
f 5438/5192/4054 5442/5196/4058 5443/5197/4059
f 5419/5173/4035 5416/5170/4036 5415/5169/4035
f 5412/5166/4032 5410/5164/4030 5444/5198/4030
f 5412/5166/4032 5445/5199/4060 5408/5162/4029
f 5446/5200/4061 5447/5201/3991 5448/5202/4062
f 5446/5200/4061 5449/5203/4063 5450/5204/4064
f 5449/5203/4063 5446/5200/4061 5451/5205/4065
f 5450/5204/4064 5452/5206/3989 5446/5200/4061
f 5450/5204/4064 5453/5207/3992 5452/5206/3989
f 5451/5205/4065 5446/5200/4061 5448/5202/4062
f 5451/5205/4065 5308/5070/3946 5454/5208/4066
f 5451/5205/4065 5448/5202/4062 5455/5209/4067
f 5453/5207/3992 5361/5121/3989 5452/5206/3989
f 5452/5206/3989 5361/5121/3989 5456/5210/3991
f 5452/5206/3989 5456/5210/3991 5447/5201/3991
f 5457/5211/4068 5458/5212/4069 5459/5213/4070
f 5458/5212/4069 5460/5214/3981 5381/5141/4010
f 5459/5213/4070 5461/5215/4071 5457/5211/4068
f 5461/5215/4071 5462/5216/4072 5463/5217/4073
f 5462/5216/4072 5461/5215/4071 5459/5213/4070
f 5462/5216/4072 5329/5091/3966 5463/5217/4073
f 5432/5186/4048 5433/5187/4049 5464/5218/4074
f 5432/5186/4048 5465/5219/4075 5426/5180/4042
f 5426/5180/4042 5423/5177/4039 5428/5182/4044
f 5429/5183/4045 5424/5178/4040 5426/5180/4042
f 5429/5183/4045 5465/5219/4075 5466/5220/4076
f 5429/5183/4045 5466/5220/4076 5467/5221/4077
f 5465/5219/4075 5429/5183/4045 5426/5180/4042
f 5465/5219/4075 5432/5186/4048 5468/5222/4078
f 5468/5222/4078 5464/5218/4074 5469/5223/4079
f 5470/5224/4080 5471/5225/4081 5472/5226/4082
f 5470/5224/4080 5473/5227/4083 5474/5228/4078
f 5473/5227/4083 5475/5229/4076 5476/5230/4075
f 5473/5227/4083 5476/5230/4075 5474/5228/4078
f 5477/5231/4084 5475/5229/4076 5473/5227/4083
f 5477/5231/4084 5478/5232/3995 5475/5229/4076
f 5447/5201/3991 5446/5200/4061 5452/5206/3989
f 5455/5209/4067 5308/5070/3946 5451/5205/4065
f 5479/5233/4085 5442/5196/4058 5480/5234/4086
f 5479/5233/4085 5481/5235/4087 5443/5197/4059
f 5481/5235/4087 5440/5194/4056 5436/5190/4052
f 5481/5235/4087 5436/5190/4052 5443/5197/4059
f 5481/5235/4087 5479/5233/4085 5482/5236/4088
f 5443/5197/4059 5435/5189/4051 5438/5192/4054
f 5443/5197/4059 5436/5190/4052 5435/5189/4051
f 5482/5236/4088 5483/5237/4089 5481/5235/4087
f 5482/5236/4088 5484/5238/4090 5483/5237/4089
f 5442/5196/4058 5479/5233/4085 5443/5197/4059
f 5442/5196/4058 5485/5145/4091 5343/5103/3979
f 5480/5234/4086 5442/5196/4058 5343/5103/3979
f 5480/5234/4086 5343/5103/3979 5345/5105/3981
f 5399/5156/4022 5421/5175/4035 5400/5157/4022
f 5399/5156/4022 5398/5155/4019 5418/5172/4022
f 5400/5157/4022 5391/5148/4019 5397/5154/4019
f 5407/5161/4028 5405/5148/4026 5486/5157/4092
f 5486/5157/4092 5487/5175/4093 5488/5239/4094
f 5488/5239/4094 5407/5161/4028 5486/5157/4092
f 5388/5145/4016 5387/5144/4015 5383/5104/4012
f 5388/5145/4016 5438/5192/4054 5389/5146/4017
f 5418/5172/4022 5415/5169/4035 5399/5156/4022
f 5361/5121/3989 5360/5120/3990 5456/5210/3991
f 5361/5121/3989 5453/5207/3992 5489/5240/3992
f 5489/5240/3992 5356/5116/3992 5359/5119/3993
f 5489/5240/3992 5359/5119/3993 5361/5121/3989
f 5460/5214/3981 5379/5139/3972 5381/5141/4010
f 5460/5214/3981 5458/5212/4069 5457/5211/4068
f 5430/5184/4046 5467/5221/4077 5366/5126/3998
f 5467/5221/4077 5430/5184/4046 5429/5183/4045
f 5467/5221/4077 5362/5122/3994 5366/5126/3998
f 5363/5123/3995 5362/5122/3994 5467/5221/4077
f 5363/5123/3995 5467/5221/4077 5466/5220/4076
f 5478/5232/3995 5490/5241/4095 5349/5109/3985
f 5478/5232/3995 5477/5231/4084 5490/5241/4095
f 5490/5241/4095 5347/5107/3983 5349/5109/3985
f 5345/5105/3981 5339/5099/3975 5336/5096/3972
f 5485/5145/4091 5442/5196/4058 5438/5192/4054
f 5485/5145/4091 5344/5104/3980 5343/5103/3979
f 5308/5070/3946 5330/5092/3967 5454/5208/4066
f 5308/5070/3946 5455/5209/4067 5307/5069/3945
f 5454/5208/4066 5449/5203/4063 5451/5205/4065
f 5328/5090/3965 5463/5217/4073 5329/5091/3966
f 5328/5090/3965 5327/5089/3964 5300/5063/3938
f 5433/5187/4049 5432/5186/4048 5428/5182/4044
f 5433/5187/4049 5491/5242/4096 5492/5243/3963
f 5433/5187/4049 5492/5243/3963 5464/5218/4074
f 5491/5242/4096 5433/5187/4049 5431/5185/4047
f 5493/5244/3913 5414/5168/4034 5413/5167/4033
f 5414/5168/4034 5493/5244/3913 5494/5245/3913
f 5413/5167/4033 5495/5246/3913 5493/5244/3913
f 5413/5167/4033 5408/5162/4029 5445/5199/4060
f 5413/5167/4033 5411/5165/4031 5408/5162/4029
f 5240/5018/3887 5234/5013/3881 5233/5012/3880
f 5272/5042/3913 5241/5019/3888 5240/5018/3887
f 5496/5247/4097 5497/5086/4098 5325/5087/3963
f 5497/5086/4098 5498/5248/4099 5499/5082/3886
f 5497/5086/4098 5496/5247/4097 5500/5249/4100
f 5498/5248/4099 5497/5086/4098 5500/5249/4100
f 5464/5218/4074 5468/5222/4078 5432/5186/4048
f 5501/5250/3961 5464/5218/4074 5492/5243/3963
f 5501/5250/3961 5469/5223/4079 5464/5218/4074
f 5469/5223/4079 5501/5250/3961 5502/5251/4101
f 5471/5225/4081 5470/5224/4080 5474/5228/4078
f 5471/5225/4081 5326/5088/3941 5472/5226/4082
f 5503/5252/3939 5472/5226/4082 5326/5088/3941
f 5484/5238/4090 5504/5253/3910 5483/5237/4089
f 5483/5237/4089 5505/5254/3906 5440/5194/4056
f 5483/5237/4089 5504/5253/3910 5505/5254/3906
f 5440/5194/4056 5506/5255/3912 5441/5195/4057
f 5440/5194/4056 5481/5235/4087 5483/5237/4089
f 5504/5253/3910 5484/5238/4090 5507/5256/4102
f 5506/5255/3912 5440/5194/4056 5505/5254/3906
f 5441/5195/4057 5434/5188/4050 5436/5190/4052
f 5495/5246/3913 5413/5167/4033 5445/5199/4060
